Unknown,Source001,Source002,Source003,Source004,Source005
0.0322036702980104,0.289962225393196,0.610037774606804,0.0303569023440728,0.0250255359335893,0.0124138914243274
