Unknown,Source001,Source002,Source003,Source004,Source005
0.0231627050940059,0.677252864444876,0.222747135555124,0.048365050061195,0.0135818613346401,0.014890383510159
