Unknown,Source001,Source002,Source003,Source004,Source005
0.00217146015670076,0.632321572852415,0.267678427147585,0.0636398755845411,0.0117146925476176,0.0224739717111405
