Unknown,Source001,Source002,Source003,Source004,Source005
0.0129339240798428,0.450045362406211,0.449954637593789,0.0742940000022975,0.00882586485918861,0.00394621105867111
