Unknown,Source001,Source002,Source003,Source004,Source005
0.00244670191789613,0.197815014236617,0.702184985763383,0.0669240094830686,0.000344692040064831,0.0302845965589704
