Unknown,Source001,Source002,Source003,Source004,Source005
0.0457708907660858,0.780782606235014,0.119217393764986,0.0244080598289389,0.00358924742425572,0.0262318019807195
