Unknown,Source001,Source002,Source003,Source004,Source005
0.0570092498246147,0.496807065554072,0.403192934445928,0.00939753559373903,0.0312806827038068,0.00231253187783935
