Unknown,Source001,Source002,Source003,Source004,Source005
0.00898986795442035,0.797370727556918,0.102629272443082,0.0211503182683037,0.00474356463320604,0.0651162491440699
