Unknown,Source001,Source002,Source003,Source004,Source005
0.00305921546125617,0.378107168707382,0.521892831292618,0.0661554670496637,0.0157898911023415,0.0149954263867386
