Unknown,Source001,Source002,Source003,Source004,Source005
0.0614208363412875,0.503730794001952,0.396269205998048,0.0112050329798915,0.0118363736928663,0.0155377569859547
