Unknown,Source001,Source002,Source003,Source004,Source005
0.013157839671538,0.311233733582197,0.588766266417803,0.00815797780055556,0.0127592036756598,0.0659249788522467
