Unknown,Source001,Source002,Source003,Source004,Source005
0.0196273607649274,0.266499087156803,0.633500912843197,0.00455503523777432,0.0699568435975122,0.00586076039978606
