Unknown,Source001,Source002,Source003,Source004,Source005
0.0565123388887602,0.144598457931798,0.755401542068202,0.0210702914021101,0.0153599900194279,0.00705737968970187
