Unknown,Source001,Source002,Source003,Source004,Source005
0.0164761733958779,0.777582181869866,0.122417818130134,0.00231556461630674,0.0406732443944205,0.0405350175933949
