Unknown,Source001,Source002,Source003,Source004,Source005
0.0615812685170826,0.401097201262633,0.498902798737367,0.0115301951142961,0.0213357439845117,0.00555279238410955
