Unknown,Source001,Source002,Source003,Source004,Source005
0.0182638592964987,0.198176283365057,0.701823716634943,0.00749938195131739,0.0494293246046442,0.0248074341475397
