Unknown,Source001,Source002,Source003,Source004,Source005
0.0112723465738362,0.255770490806443,0.644229509193557,0.00462034237293776,0.0416537625785618,0.0424535484746642
