Unknown,Source001,Source002,Source003,Source004,Source005
0.019741979082446,0.443548415813329,0.456451584186671,0.0277715311107784,0.0467038562349794,0.00578263357179621
