Unknown,Source001,Source002,Source003,Source004,Source005
0.0550988654436165,0.470743927955502,0.429256072044498,0.00307280834067511,0.00450572684182836,0.03732259937388
