Unknown,Source001,Source002,Source003,Source004,Source005
0.0187012281490046,0.78139477415414,0.11860522584586,0.00267222763748697,0.0204057819298602,0.0582207622836482
