Unknown,Source001,Source002,Source003,Source004,Source005
0.0379654298440657,0.690294243109656,0.209705756890344,0.0496062461237437,0.00463881795934155,0.00778950607284898
