Unknown,Source001,Source002,Source003,Source004,Source005
0.0081570415501335,0.700013414178121,0.199986585821879,0.0578354836472487,0.0187666164153883,0.0152408583872295
