Unknown,Source001,Source002,Source003,Source004,Source005
0.0597889295788404,0.408577733773976,0.491422266226024,0.0265255074167606,0.00156990928630963,0.0121156537180894
