Unknown,Source001,Source002,Source003,Source004,Source005
0.0493884531992563,0.481845999612532,0.418154000387468,0.00144827228283871,0.0274705719370664,0.0216927025808386
