Unknown,Source001,Source002,Source003,Source004,Source005
0.0233752291028767,0.239863554311646,0.660136445688354,0.0445897316650079,0.0311304880593316,0.000904551172783799
