Unknown,Source001,Source002,Source003,Source004,Source005
0.00535465815442708,0.731441930090425,0.168558069909575,0.083199410258323,0.0104474341547042,0.000998497432545637
