Unknown,Source001,Source002,Source003,Source004,Source005
0.00159216395618729,0.336170691373749,0.563829308626251,0.0692272735863801,0.00710401031267538,0.0220765521447572
