Unknown,Source001,Source002,Source003,Source004,Source005
0.0049088352687163,0.616019457871358,0.283980542128642,0.0767926245659499,0.00240944034319548,0.0158890998221383
