Unknown,Source001,Source002,Source003,Source004,Source005
0.033786908571456,0.436515768972499,0.463484231027501,0.0273538594565503,0.0117842711896882,0.0270749607823055
