Unknown,Source001,Source002,Source003,Source004,Source005
0.0111388858678329,0.69358190806013,0.20641809193987,0.00442045639764726,0.00765655080633133,0.0767841069281885
