Unknown,Source001,Source002,Source003,Source004,Source005
0.00556105687826376,0.122395755063919,0.777604244936081,0.0547342507976396,0.0311769341803983,0.00852775814369834
