Unknown,Source001,Source002,Source003,Source004,Source005
0.00299427917187762,0.68083063177428,0.21916936822572,0.0534978461551072,0.0283916196620753,0.0151162550109399
