Unknown,Source001,Source002,Source003,Source004,Source005
0.040738368907186,0.291413132357243,0.608586867642756,0.0283930982446738,0.0283444919760459,0.00252404087209437
