Unknown,Source001,Source002,Source003,Source004,Source005
0.00166638112892759,0.300512318021591,0.599487681978409,0.0140474032784152,0.0500321787139969,0.0342540368786603
