Unknown,Source001,Source002,Source003,Source004,Source005
0.0615924650401603,0.795743559816554,0.104256440183446,0.0199846031532179,0.0109613511450065,0.00746158066161532
