Unknown,Source001,Source002,Source003,Source004,Source005
0.00711036943154719,0.587514215194144,0.312485784805856,0.030148256976925,0.031209808768024,0.0315315648235039
