Unknown,Source001,Source002,Source003,Source004,Source005
0.00637801071130076,0.116116384595234,0.783883615404767,0.0264305292780424,0.0180533391321934,0.0491381208784634
