Unknown,Source001,Source002,Source003,Source004,Source005
0.0284201985799678,0.129524601256079,0.770475398743921,0.0219767783822424,0.0428570230460619,0.00674599999172789
