Unknown,Source001,Source002,Source003,Source004,Source005
0.0428288117223032,0.749500285456334,0.150499714543666,0.00535630560340957,0.0464369943311098,0.00537788834317739
