Unknown,Source001,Source002,Source003,Source004,Source005
0.020473619622603,0.235833932813879,0.664166067186121,0.0192372390183264,0.0261216571052445,0.0341674842538261
