Unknown,Source001,Source002,Source003,Source004,Source005
0.0703949186612216,0.258506713445216,0.641493286554784,0.025258840745159,0.0030116749000913,0.00133456569352815
