Unknown,Source001,Source002,Source003,Source004,Source005
0.0316185938448096,0.637407210016665,0.262592789983335,0.0294883235736662,0.0142638342586288,0.0246292483228953
