Unknown,Source001,Source002,Source003,Source004,Source005
0.0243100678152621,0.699018590998667,0.200981409001333,0.0267928721357192,0.0298654107470598,0.019031649301959
