Unknown,Source001,Source002,Source003,Source004,Source005
0.00503045624289796,0.505572679185887,0.394427320814113,0.0158813366676824,0.0588546422018397,0.0202335648875799
