Unknown,Source001,Source002,Source003,Source004,Source005
0.00355628419406307,0.671516699035597,0.228483300964403,0.0248504700341558,0.0155638808660463,0.0560293649057348
