Unknown,Source001,Source002,Source003,Source004,Source005
0.0161443891947164,0.232648432380049,0.667351567619951,0.0403449874010835,0.00284261787188134,0.0406680055323187
