Unknown,Source001,Source002,Source003,Source004,Source005
0.0196637979567203,0.225246079471761,0.674753920528239,0.0061519746768682,0.0383354756928018,0.0358487516736097
