Unknown,Source001,Source002,Source003,Source004,Source005
0.0706620894756689,0.508302771432418,0.391697228567582,0.00603457596236169,0.00918099263273508,0.0141223419292344
