Unknown,Source001,Source002,Source003,Source004,Source005
0.00951900719699639,0.431380009685159,0.468619990314841,0.0453177284134002,0.0118724518215146,0.0332908125680888
