Unknown,Source001,Source002,Source003,Source004,Source005
0.00740419204807193,0.56777449369896,0.33222550630104,0.0417477009086881,0.0298618813390744,0.0209862257041655
