Unknown,Source001,Source002,Source003,Source004,Source005
0.0239977349959664,0.11550275517612,0.784497244823881,0.0240207221265559,0.00500724405985683,0.0469742988176209
