Unknown,Source001,Source002,Source003,Source004,Source005
0.0147063738275191,0.153987057990763,0.746012942009237,0.0185800428974444,0.0139485501499592,0.0527650331250773
