Unknown,Source001,Source002,Source003,Source004,Source005
0.0300070669093692,0.383027148490938,0.516972851509062,0.0280925941368031,0.0275398469210275,0.0143604920328002
