Unknown,Source001,Source002,Source003,Source004,Source005
0.0237686567697596,0.554855885678633,0.345144114321367,0.0210329029316479,0.0453770051277523,0.00982143517084021
