Unknown,Source001,Source002,Source003,Source004,Source005
0.0171694279705825,0.703549976157716,0.196450023842284,0.0145056555599915,0.0121377094898225,0.0561872069796035
