Unknown,Source001,Source002,Source003,Source004,Source005
0.0431955672210924,0.699046483028917,0.200953516971083,0.0401354521545953,0.0114381884483285,0.00523079217598368
