Unknown,Source001,Source002,Source003,Source004,Source005
0.0125793572935959,0.626744024703055,0.273255975296945,0.00939389403038934,0.0601133872589865,0.0179133614170283
