Unknown,Source001,Source002,Source003,Source004,Source005
0.0239932656671108,0.497927637491207,0.402072362508793,0.0418932090527393,0.00627968946543724,0.0278338358147127
