Unknown,Source001,Source002,Source003,Source004,Source005
0.00289952878717324,0.628702639895472,0.271297360104528,0.0346787768768212,0.0609355903222003,0.0014861040138053
