Unknown,Source001,Source002,Source003,Source004,Source005
0.0611627212570835,0.182081964285428,0.717918035714572,0.021696328013986,0.00825070173883909,0.00889024899009144
