Unknown,Source001,Source002,Source003,Source004,Source005
0.0318216254488075,0.483831846829862,0.416168153170138,0.0139710921779108,0.010770515042952,0.0434367673303297
