Unknown,Source001,Source002,Source003,Source004,Source005
0.0162158986708847,0.43910011671344,0.46089988328656,0.0733886263207802,0.00557420145372503,0.00482127355461006
