Unknown,Source001,Source002,Source003,Source004,Source005
0.017669267558263,0.282984555076472,0.617015444923528,0.0648273478359152,0.00127209629553872,0.016231288310283
