Unknown,Source001,Source002,Source003,Source004,Source005
0.00499275749268244,0.579934584056944,0.320065415943056,0.0425455444375831,0.00485583798687698,0.0476058600828575
