Unknown,Source001,Source002,Source003,Source004,Source005
0.0138031681830219,0.646466708629555,0.253533291370445,0.0222976252789869,0.0398398033644934,0.0240594031734977
