Unknown,Source001,Source002,Source003,Source004,Source005
0.0109375328685458,0.665225698678193,0.234774301321807,0.066254176262296,0.00399495905600127,0.0188133318131569
