Unknown,Source001,Source002,Source003,Source004,Source005
0.0766187706083277,0.285134470208652,0.614865529791348,0.0190585512521226,0.0037656704830416,0.000557007656508149
