Unknown,Source001,Source002,Source003,Source004,Source005
0.0203153198720165,0.48316928528851,0.41683071471149,0.0341860964958565,0.0095595929813355,0.0359389906507915
