Unknown,Source001,Source002,Source003,Source004,Source005
0.0299903159990191,0.35584549546246,0.54415450453754,0.0381205963415569,0.00695457774701218,0.0249345099124119
