Unknown,Source001,Source002,Source003,Source004,Source005
0.0170021713006787,0.273655236492415,0.626344763507585,0.0320689734294391,0.0215758707300065,0.0293529845398757
