Unknown,Source001,Source002,Source003,Source004,Source005
0.0366580816323043,0.252750071751998,0.647249928248002,0.00198734182682324,0.0223419809758434,0.0390125955650291
