Unknown,Source001,Source002,Source003,Source004,Source005
0.0240641143364818,0.457144826736857,0.442855173263144,0.0172824188839019,0.0494777452880326,0.00917572149158375
