Unknown,Source001,Source002,Source003,Source004,Source005
0.00482191977572593,0.713069314813915,0.186930685186085,0.062027463835297,0.0266061001753193,0.0065445162136577
