Unknown,Source001,Source002,Source003,Source004,Source005
0.021956950299206,0.774770335049123,0.125229664950877,0.0517831919335264,0.00340045747524837,0.0228594002920192
