Unknown,Source001,Source002,Source003,Source004,Source005
0.0150776001762281,0.206988574852995,0.693011425147005,0.0216640372918627,0.0487621679151845,0.0144961946167246
