Unknown,Source001,Source002,Source003,Source004,Source005
0.031656924745347,0.313761067246611,0.58623893275339,0.0490247429938441,0.018630880390239,0.000687451870569872
