Unknown,Source001,Source002,Source003,Source004,Source005
0.00690786341003276,0.736838442949072,0.163161557050928,0.0496974938650275,0.000405399746280831,0.0429892429786589
