Unknown,Source001,Source002,Source003,Source004,Source005
0.00967454154023209,0.712682216849567,0.187317783150433,0.0389571056174579,0.0348595686140859,0.016508784228224
