Unknown,Source001,Source002,Source003,Source004,Source005
0.0247330382871068,0.340472249065167,0.559527750934833,0.0554956918922908,0.00587206774793787,0.0138992020726645
