Unknown,Source001,Source002,Source003,Source004,Source005
0.0540310896613686,0.281553249506789,0.618446750493211,0.00897889284632092,0.0020142460721852,0.0349757714201252
