Unknown,Source001,Source002,Source003,Source004,Source005
0.0802158709628161,0.580795116127419,0.319204883872581,0.00168797329461452,0.00224038328008479,0.0158557724624845
