Unknown,Source001,Source002,Source003,Source004,Source005
0.0294620334497759,0.257180210141491,0.642819789858509,0.0166064591391978,0.0458657612999127,0.00806574611111356
