Unknown,Source001,Source002,Source003,Source004,Source005
0.044889736514084,0.659163047351925,0.240836952648075,0.0428961838241408,0.00129480676381422,0.0109192728979609
