Unknown,Source001,Source002,Source003,Source004,Source005
0.00353415503326002,0.327369121498137,0.572630878501863,0.0348802735764218,0.0531505310003802,0.00843504038993794
