Unknown,Source001,Source002,Source003,Source004,Source005
0.00503142930731624,0.55984977750007,0.34015022249993,0.0695717406022804,0.0204628637890252,0.00493396630137814
