Unknown,Source001,Source002,Source003,Source004,Source005
0.0501940675013422,0.760916644142406,0.139083355857594,0.000399662519811365,0.00529777488599965,0.0441084950928468
