Unknown,Source001,Source002,Source003,Source004,Source005
0.0411924935438545,0.292988834455023,0.607011165544977,0.000576385191721314,0.00737068518930502,0.0508604360751191
