Unknown,Source001,Source002,Source003,Source004,Source005
0.00512945313007262,0.368420138159484,0.531579861840516,0.0186530405273668,0.0528078856610865,0.0234096206814741
