Unknown,Source001,Source002,Source003,Source004,Source005
0.00316549720941286,0.273658955578678,0.626341044421322,0.000826295280743388,0.0208117886681627,0.075196418841681
