Unknown,Source001,Source002,Source003,Source004,Source005
0.0392966868100828,0.371294664729693,0.528705335270307,0.00510039230786815,0.00961744867142497,0.045985472210624
