Unknown,Source001,Source002,Source003,Source004,Source005
0.0191287670469483,0.636321685112647,0.263678314887353,0.0274274502493546,0.00280688210118734,0.0506369006025097
