Unknown,Source001,Source002,Source003,Source004,Source005
0.0168168146906183,0.667530065918376,0.232469934081624,0.0615860281861161,0.0166513089409062,0.00494584818235937
