Unknown,Source001,Source002,Source003,Source004,Source005
0.00331443741680694,0.569867133993421,0.330132866006579,0.0680789845651424,0.0065552351500581,0.0220513428679925
