Unknown,Source001,Source002,Source003,Source004,Source005
0.0486267598877453,0.488683031462729,0.411316968537272,0.00982049016270449,0.00925273022930344,0.0323000197202467
