Unknown,Source001,Source002,Source003,Source004,Source005
0.0188816517861977,0.370545057936728,0.529454942063272,0.0222077972133791,0.0221240463969729,0.0367865046034503
