Unknown,Source001,Source002,Source003,Source004,Source005
0.0574470002356525,0.313742346457951,0.58625765354205,0.0397305992770328,0.000850288419792779,0.00197211206752196
