Unknown,Source001,Source002,Source003,Source004,Source005
0.0256704497946832,0.12192311510691,0.77807688489309,0.000388463706098703,0.00930029586932059,0.0646407906298975
