Unknown,Source001,Source002,Source003,Source004,Source005
0.0260005724862935,0.273120365179137,0.626879634820864,0.0307289202548349,0.0425210994411782,0.000749407817693395
