Unknown,Source001,Source002,Source003,Source004,Source005
0.0107841503027396,0.555486819268108,0.344513180731892,0.0111980385362512,0.055328518128982,0.0226892930320271
