Unknown,Source001,Source002,Source003,Source004,Source005
0.0488257811441334,0.474396908089644,0.425603091910356,0.018297854937935,0.0270742084037911,0.00580215551414054
