Unknown,Source001,Source002,Source003,Source004,Source005
0.0123016600953393,0.480047032900995,0.419952967099005,0.000911347691953468,0.0846193623758839,0.00216762983682326
