Unknown,Source001,Source002,Source003,Source004,Source005
0.0116324334156965,0.159133867952004,0.740866132047996,0.00614658043426991,0.0452511523424067,0.0369698338076269
