Unknown,Source001,Source002,Source003,Source004,Source005
0.00388621403021715,0.502851225013198,0.397148774986802,0.0106551865883677,0.0188464115769361,0.0666121878044791
