Unknown,Source001,Source002,Source003,Source004,Source005
0.0453877868394604,0.674849389046467,0.225150610953533,0.00253894508974261,0.00172473580485389,0.0503485322659431
