Unknown,Source001,Source002,Source003,Source004,Source005
0.0534088707117566,0.792762865443242,0.107237134556758,0.00663681872560888,0.0166977428573955,0.023256567705239
