Unknown,Source001,Source002,Source003,Source004,Source005
0.0225336291689167,0.123069552181981,0.776930447818019,0.0200711731150965,0.0289248715083225,0.0284703262076642
