Unknown,Source001,Source002,Source003,Source004,Source005
0.0092171768613113,0.667706877565963,0.232293122434037,0.0368163574671623,0.0336561663569186,0.0203102993146078
