Unknown,Source001,Source002,Source003,Source004,Source005
0.00328020289680463,0.28819164181819,0.61180835818181,0.0236753198135483,0.0604133045345925,0.0126311727550546
