Unknown,Source001,Source002,Source003,Source004,Source005
0.0402850923832436,0.457879534102077,0.442120465897923,0.0482547072798868,0.00751146434765421,0.0039487359892154
