Unknown,Source001,Source002,Source003,Source004,Source005
0.0134314393844749,0.332246095188937,0.567753904811063,0.000148412914549521,0.0348805938605908,0.0515395538403848
