Unknown,Source001,Source002,Source003,Source004,Source005
0.0402672892886962,0.767670239762018,0.132329760237982,0.012410041268067,0.000326071838390442,0.0469965976048462
