Unknown,Source001,Source002,Source003,Source004,Source005
0.0396458862269933,0.277547983866533,0.622452016133467,0.043896119870342,0.0124881082029876,0.00396988569967708
