Unknown,Source001,Source002,Source003,Source004,Source005
0.00479252820322606,0.443481391607776,0.456518608392223,0.0424588179798974,0.0499107155499658,0.00283793826691074
