Unknown,Source001,Source002,Source003,Source004,Source005
0.0546645568092498,0.204220233591343,0.695779766408657,0.0139464751760035,0.000215244336033386,0.0311737236787132
