Unknown,Source001,Source002,Source003,Source004,Source005
0.0106713849382115,0.652943915278408,0.247056084721592,0.0709889643918623,0.00267165968108782,0.0156679909888383
