Unknown,Source001,Source002,Source003,Source004,Source005
0.00753132334729528,0.732377441004164,0.167622558995836,0.0227379481494238,0.0197277697875661,0.0500029587157148
