Unknown,Source001,Source002,Source003,Source004,Source005
0.00753743935483696,0.20022244868548,0.69977755131452,0.045468596685505,0.0290808228695978,0.0179131410900602
