Unknown,Source001,Source002,Source003,Source004,Source005
0.00687689888876674,0.698036697123472,0.201963302876528,0.0426596659075512,0.018000010261702,0.0324634249419801
