Unknown,Source001,Source002,Source003,Source004,Source005
0.0192555098698963,0.372882716690773,0.527117283309227,0.0343084041465209,0.0428023574830207,0.00363372850056207
