Unknown,Source001,Source002,Source003,Source004,Source005
0.00586400615379238,0.697044157817958,0.202955842182042,0.0297835103305999,0.0602635338228854,0.00408894969272231
