Unknown,Source001,Source002,Source003,Source004,Source005
0.0136534446110097,0.131891312383155,0.768108687616845,0.0364219177088334,0.0387080114883161,0.0112166261918409
