Unknown,Source001,Source002,Source003,Source004,Source005
0.0204143340693687,0.325085171720013,0.574914828279987,0.00387999577645286,0.0552870875429482,0.0204185826112302
