Unknown,Source001,Source002,Source003,Source004,Source005
0.0426448215781358,0.780537976958578,0.119462023041422,0.0148181110818469,0.0106295327657954,0.0319075345742218
