Unknown,Source001,Source002,Source003,Source004,Source005
0.0116137669621425,0.156599844575091,0.743400155424909,0.028273412971016,0.0397562397951738,0.0203565802716677
