Unknown,Source001,Source002,Source003,Source004,Source005
0.0340078045402955,0.220660147265571,0.679339852734429,0.0230578950725146,0.0360797980849485,0.00685450230224143
