Unknown,Source001,Source002,Source003,Source004,Source005
0.0742177393937741,0.428658657519814,0.471341342480186,0.0237924563147458,0.00083965557078467,0.00115014872069546
