Unknown,Source001,Source002,Source003,Source004,Source005
0.0478953970158619,0.735771465489052,0.164228534510948,0.0270819437818527,0.0204472906517706,0.00457536855051478
