Unknown,Source001,Source002,Source003,Source004,Source005
0.025384420048473,0.438673951847678,0.461326048152322,0.0160652797905929,0.0368039189915558,0.0217463811693783
