Unknown,Source001,Source002,Source003,Source004,Source005
0.0228015147375951,0.140550928910616,0.759449071089384,0.0759973910796868,0.000827142919772653,0.000373951262945349
