Unknown,Source001,Source002,Source003,Source004,Source005
0.00189047446075175,0.301260381526972,0.598739618473028,0.0413712344151063,0.00966052548235975,0.0470777656417822
