Unknown,Source001,Source002,Source003,Source004,Source005
0.00994916274613483,0.586765325316479,0.313234674683521,0.00709362947230409,0.01811767484703,0.064839532934531
