Unknown,Source001,Source002,Source003,Source004,Source005
0.0201148305210908,0.423844763991019,0.476155236008981,0.0342173190537428,0.00312820006574053,0.0425396503594258
