Unknown,Source001,Source002,Source003,Source004,Source005
0.00372525104156547,0.236621580654753,0.663378419345247,0.0417194779520467,0.0403668528031886,0.0141884182031993
