Unknown,Source001,Source002,Source003,Source004,Source005
0.00991115218049037,0.151533497711764,0.748466502288236,0.0414543579007353,0.0170070384111733,0.0316274515076011
