Unknown,Source001,Source002,Source003,Source004,Source005
0.012202679978779,0.786620247163239,0.113379752836761,0.0359312151615339,0.0175253114237757,0.0343407934359114
