Unknown,Source001,Source002,Source003,Source004,Source005
0.00955374033887608,0.528371259859157,0.371628740140843,0.0326564213376853,0.0515542083988456,0.00623562992459297
