Unknown,Source001,Source002,Source003,Source004,Source005
0.0196276576740761,0.724637777173194,0.175362222826806,0.0794884000846955,0.000547689711404857,0.000336252529823503
