Unknown,Source001,Source002,Source003,Source004,Source005
0.0104752657482309,0.657054741182762,0.242945258817238,0.051770525798804,0.0222971894951025,0.0154570189578625
