Unknown,Source001,Source002,Source003,Source004,Source005
0.00676563860252963,0.202732354710599,0.697267645289401,0.0144524745816588,0.0448406897806992,0.0339411970351124
