Unknown,Source001,Source002,Source003,Source004,Source005
0.0318642635093248,0.276347594687561,0.623652405312439,0.0149448899709107,0.00815608475095863,0.0450347617688059
