Unknown,Source001,Source002,Source003,Source004,Source005
0.00142976425454173,0.678640307953195,0.221359692046805,0.0158734784405013,0.0520483198738005,0.0306484374311564
