Unknown,Source001,Source002,Source003,Source004,Source005
0.0403385712957574,0.631204867585833,0.268795132414167,0.0331271059702846,0.0165500698454797,0.00998425288847832
