Unknown,Source001,Source002,Source003,Source004,Source005
0.0095474249282264,0.385325104394091,0.51467489560591,0.011328320527585,0.0506775379709716,0.028446716573217
