Unknown,Source001,Source002,Source003,Source004,Source005
0.0353294761525721,0.114167515788459,0.785832484211541,0.0085434397504277,0.0240107374258713,0.0321163466711289
