Unknown,Source001,Source002,Source003,Source004,Source005
0.0479361108150359,0.147805949628333,0.752194050371667,0.0192884263515549,0.0252880355496533,0.00748742728375585
