Unknown,Source001,Source002,Source003,Source004,Source005
0.0527449410083766,0.666358309772497,0.233641690227503,0.000651514864624181,0.0279497018717204,0.0186538422552788
