Unknown,Source001,Source002,Source003,Source004,Source005
0.0682200962160053,0.192832647912272,0.707167352087728,0.0251831426461022,0.00254535163509024,0.00405140950280222
