Unknown,Source001,Source002,Source003,Source004,Source005
0.0637196832166165,0.282402425276947,0.617597574723053,0.0204466557411139,0.0121215117360142,0.00371214930625537
