Unknown,Source001,Source002,Source003,Source004,Source005
0.0403030376210891,0.250211664587005,0.649788335412995,0.000941772427890189,0.0433840418096977,0.015371148141323
