Unknown,Source001,Source002,Source003,Source004,Source005
0.0724385812306215,0.418010185773086,0.481989814226914,0.0066365156642201,0.0155626299570098,0.00536227314814851
