Unknown,Source001,Source002,Source003,Source004,Source005
0.0171733777007834,0.472745426802603,0.427254573197397,0.0355018288814173,0.0391818708390595,0.00814292257873975
