Unknown,Source001,Source002,Source003,Source004,Source005
0.00208340340487014,0.476816856005925,0.423183143994075,0.0502546450429417,0.031289124185554,0.0163728273666341
