Unknown,Source001,Source002,Source003,Source004,Source005
0.0265199151999993,0.272405431530395,0.627594568469605,0.0201594345945682,0.0281215430256833,0.0251991071797492
