Unknown,Source001,Source002,Source003,Source004,Source005
0.0121681776012269,0.246629918094436,0.653370081905564,0.0292220490006184,0.0302809237753518,0.0283288496228028
