Unknown,Source001,Source002,Source003,Source004,Source005
0.00174372893204662,0.634018538055142,0.265981461944858,0.0176144659146281,0.0686775912934981,0.0119642138598272
