Unknown,Source001,Source002,Source003,Source004,Source005
0.004283356046307,0.737693825214341,0.162306174785659,0.007914120929421,0.0793790682126914,0.00842345481158056
