Unknown,Source001,Source002,Source003,Source004,Source005
0.0199828494161703,0.250317959801061,0.649682040198939,0.0352420864878044,0.00900046736513776,0.0357745967308876
