Unknown,Source001,Source002,Source003,Source004,Source005
0.0301451204802941,0.619613642003655,0.280386357996345,0.0106361690535647,0.043159921105366,0.0160587893607753
