Unknown,Source001,Source002,Source003,Source004,Source005
0.00125457816385681,0.487459570267779,0.412540429732221,0.00979493329447574,0.0206601333494715,0.068290355192196
