Unknown,Source001,Source002,Source003,Source004,Source005
0.038888752880211,0.585189037848304,0.314810962151696,0.0306411888981877,0.0266780849127012,0.0037919733089001
