Unknown,Source001,Source002,Source003,Source004,Source005
0.0127351973682723,0.60670689500799,0.29329310499201,0.0497067660190754,0.0121481883431514,0.0254098482695009
