Unknown,Source001,Source002,Source003,Source004,Source005
0.0218687015880838,0.124989251147807,0.775010748852193,0.00432699639602525,0.0241371220094558,0.0496671800064352
