Unknown,Source001,Source002,Source003,Source004,Source005
0.0334418317971425,0.547497079739726,0.352502920260274,0.00357263563025262,0.0104450757030625,0.0525404568695424
