Unknown,Source001,Source002,Source003,Source004,Source005
0.0381801998419961,0.263936965728678,0.636063034271322,0.0143210060561174,0.00322823225671727,0.0442705618451692
