Unknown,Source001,Source002,Source003,Source004,Source005
0.0138650771801414,0.388568887801329,0.511431112198671,0.0282481173563314,0.0146389697017194,0.0432478357618078
