Unknown,Source001,Source002,Source003,Source004,Source005
0.0679153704900973,0.722309732780725,0.177690267219275,0.00993328759379853,0.00915965738225179,0.0129916845338523
