Unknown,Source001,Source002,Source003,Source004,Source005
0.0135381208271178,0.514030518339418,0.385969481660582,0.00297257368275057,0.0119715409293773,0.0715177645607543
