Unknown,Source001,Source002,Source003,Source004,Source005
0.0303906388501629,0.524660537552739,0.375339462447261,0.0435886514626305,0.0116317828093327,0.0143889268778739
