Unknown,Source001,Source002,Source003,Source004,Source005
0.0297815325488046,0.628708932695084,0.271291067304916,0.0311195399121818,0.0373084775125422,0.00179045002647142
