Unknown,Source001,Source002,Source003,Source004,Source005
0.0540697171060713,0.144776694158692,0.755223305841308,0.0189180173062539,0.00264249676237623,0.0243697688252986
