Unknown,Source001,Source002,Source003,Source004,Source005
0.00119760363400922,0.54595191812016,0.35404808187984,0.0361418683882892,0.0429290523003678,0.0197314756773337
