Unknown,Source001,Source002,Source003,Source004,Source005
0.00173476782812535,0.547558711170205,0.352441288829795,0.0394727582620128,0.0276411293149633,0.0311513445948985
