Unknown,Source001,Source002,Source003,Source004,Source005
0.055039054151795,0.148710144082992,0.751289855917008,0.0296029932894671,0.00615452083733809,0.00920343172139977
