Unknown,Source001,Source002,Source003,Source004,Source005
0.0546807871559044,0.666214452861579,0.233785547138421,0.0199280992037308,0.0127931575718543,0.0125979560685105
