Unknown,Source001,Source002,Source003,Source004,Source005
0.0117902629843734,0.701788023216702,0.198211976783298,0.0657016467872713,0.0195735827864173,0.00293450744193786
