Unknown,Source001,Source002,Source003,Source004,Source005
0.00176214509386473,0.105446861099522,0.794553138900478,0.0555878298495578,0.0122346956986231,0.0304153293579544
