Unknown,Source001,Source002,Source003,Source004,Source005
0.00934651247258874,0.474800702212391,0.425199297787609,0.00840442607526914,0.0788931286071423,0.00335593284499984
