Unknown,Source001,Source002,Source003,Source004,Source005
0.0572576580273133,0.563605354594701,0.336394645405299,0.00732358638917973,0.00576846396761077,0.0296502916158961
