Unknown,Source001,Source002,Source003,Source004,Source005
0.027282083364608,0.619894362450803,0.280105637549197,0.00258306114233893,0.0247992407880332,0.0453356147050199
