Unknown,Source001,Source002,Source003,Source004,Source005
0.03234368575591,0.416108243101326,0.483891756898674,0.0343469953105149,0.0321138843925978,0.0011954345409773
