Unknown,Source001,Source002,Source003,Source004,Source005
0.0223119422936832,0.721672838943292,0.178327161056708,0.00282765879032353,0.00663197308476469,0.0682284258312285
