Unknown,Source001,Source002,Source003,Source004,Source005
0.0451012486715356,0.52730850021353,0.37269149978647,0.00031017545544987,0.0293608364670913,0.0252277394059232
