Unknown,Source001,Source002,Source003,Source004,Source005
0.0452389591402219,0.203668310262646,0.696331689737354,0.0280935969231467,0.00647353101051585,0.0201939129261155
