Unknown,Source001,Source002,Source003,Source004,Source005
0.0404250188573086,0.451784993359218,0.448215006640783,0.034803378572221,0.0206711304969321,0.00410047207353822
