Unknown,Source001,Source002,Source003,Source004,Source005
0.0458211283552322,0.560403003772659,0.339596996227341,0.00601042102655912,0.0168845974533279,0.0312838531648807
