Unknown,Source001,Source002,Source003,Source004,Source005
0.00198022414314558,0.110659327828628,0.789340672171371,0.0850267908690997,0.0126330275844844,0.000359957403270284
