Unknown,Source001,Source002,Source003,Source004,Source005
0.079464418791815,0.119754166955217,0.780245833044783,0.0119588514242196,0.00450632615956541,0.00407040362439992
