Unknown,Source001,Source002,Source003,Source004,Source005
0.000653330186797542,0.37922084725356,0.52077915274644,0.0503750779665829,0.0293616789548383,0.0196099128917812
