Unknown,Source001,Source002,Source003,Source004,Source005
0.0628858981012122,0.523022528956635,0.376977471043365,0.0266464579133898,0.00197309076402527,0.00849455322137269
