Unknown,Source001,Source002,Source003,Source004,Source005
0.0430104593763937,0.645069044132637,0.254930955867363,0.0414980134503133,0.00953599561099236,0.00595553156230062
