Unknown,Source001,Source002,Source003,Source004,Source005
0.0146431489206868,0.198904487595037,0.701095512404963,0.0420815961895119,0.00773524456275853,0.0355400103270428
