Unknown,Source001,Source002,Source003,Source004,Source005
0.0205474076716267,0.247754386936072,0.652245613063928,0.00172075327953535,0.0407809375622086,0.0369509014866293
