Unknown,Source001,Source002,Source003,Source004,Source005
0.0107591405362526,0.349540362317225,0.550459637682775,0.0524994788102232,0.00785398033127001,0.0288874003222542
