Unknown,Source001,Source002,Source003,Source004,Source005
0.0476533685971024,0.376990468767588,0.523009531232412,0.0204455407568029,0.0193585779040986,0.0125425127419961
