Unknown,Source001,Source002,Source003,Source004,Source005
0.0187031209870273,0.10887590264135,0.79112409735865,0.0185563962626948,0.0144367991547426,0.0483036835955353
