Unknown,Source001,Source002,Source003,Source004,Source005
0.0269804243302386,0.499219759899508,0.400780240100492,0.0292899697501077,0.00469380980686189,0.0390357961127918
