Unknown,Source001,Source002,Source003,Source004,Source005
0.00969306722788293,0.684267019084858,0.215732980915142,0.0443050033211002,0.00942263622279382,0.036579293228223
