Unknown,Source001,Source002,Source003,Source004,Source005
0.020864798389103,0.173403535931552,0.726596464068448,0.0156304192018002,0.0308440358322447,0.0326607465768521
