Unknown,Source001,Source002,Source003,Source004,Source005
0.0517440279305326,0.688484405957566,0.211515594042434,0.00287824861956415,0.0033328964284016,0.0420448270215017
