Unknown,Source001,Source002,Source003,Source004,Source005
0.015352736651768,0.605875577955143,0.294124422044857,0.0268703527275839,0.0379474745122114,0.0198294361084367
