Unknown,Source001,Source002,Source003,Source004,Source005
0.0290800948999654,0.589129338612098,0.310870661387902,0.0281441985453547,0.0155136870352526,0.0272620195194273
