Unknown,Source001,Source002,Source003,Source004,Source005
0.0118093026843599,0.59583243779199,0.30416756220801,0.078013151670568,0.00887916639410855,0.00129837925096343
