Unknown,Source001,Source002,Source003,Source004,Source005
0.0626584329247225,0.531859040540627,0.368140959459373,0.0113333263886963,0.00812276434852629,0.0178854763380549
