Unknown,Source001,Source002,Source003,Source004,Source005
0.0284683495642563,0.622230012395794,0.277769987604206,0.0239625406335696,0.0212044315766935,0.0263646782254806
