Unknown,Source001,Source002,Source003,Source004,Source005
0.0128460478564616,0.250546192159904,0.649453807840096,0.0591448473268214,0.0275492845290935,0.000459820287623503
