Unknown,Source001,Source002,Source003,Source004,Source005
0.000647803771123837,0.662977839072985,0.237022160927016,0.0355707892571514,0.0450344592213494,0.0187469477503754
