Unknown,Source001,Source002,Source003,Source004,Source005
0.0334813472325221,0.458548277971782,0.441451722028218,0.00282053667109464,0.0145538751406217,0.0491442409557615
