Unknown,Source001,Source002,Source003,Source004,Source005
0.0702161362309557,0.139755438239523,0.760244561760477,0.0113999456674816,0.00606718764908007,0.0123167304524826
