Unknown,Source001,Source002,Source003,Source004,Source005
0.0308539047000925,0.503394338203405,0.396605661796596,0.0673775497977346,0.00113961507087087,0.000628930431302015
