Unknown,Source001,Source002,Source003,Source004,Source005
0.043561876082329,0.268201056725419,0.631798943274581,0.0236885371253328,0.00682070063948998,0.0259288861528482
