Unknown,Source001,Source002,Source003,Source004,Source005
0.00757243079462829,0.517130100095504,0.382869899904496,0.00246329176720288,0.00719880381975918,0.0827654736184096
