Unknown,Source001,Source002,Source003,Source004,Source005
0.0282493125624043,0.794255495513865,0.105744504486135,0.0500251607245229,0.00162983602637941,0.0200956906866934
