Unknown,Source001,Source002,Source003,Source004,Source005
0.071686384189433,0.487263870722158,0.412736129277842,0.00824176698427732,0.00805188027365588,0.0120199685526337
