Unknown,Source001,Source002,Source003,Source004,Source005
0.00791542925915274,0.14855968532988,0.75144031467012,0.00220634811854971,0.0112741605067053,0.0786040621155922
