Unknown,Source001,Source002,Source003,Source004,Source005
0.0152745512752937,0.182207571401285,0.717792428598716,0.00280947349645203,0.0568142149037793,0.025101760324475
