Unknown,Source001,Source002,Source003,Source004,Source005
0.0337917464039177,0.32655342469783,0.57344657530217,0.0281784529547437,0.00274786927479431,0.0352819313665443
