Unknown,Source001,Source002,Source003,Source004,Source005
0.0345690328789579,0.591781790904878,0.308218209095122,0.0155325064316586,0.0198421728996078,0.0300562877897757
