Unknown,Source001,Source002,Source003,Source004,Source005
0.0156696308098911,0.511537349941712,0.388462650058288,0.000698825885890887,0.0369619550941432,0.0466695882100747
