Unknown,Source001,Source002,Source003,Source004,Source005
0.0198572309465655,0.309846553489045,0.590153446510955,0.0116638980277966,0.0563908485176664,0.0120880225079715
