Unknown,Source001,Source002,Source003,Source004,Source005
0.0259446741640257,0.384555843343712,0.515444156656288,0.0403526045519763,0.021131419696132,0.012571301587866
