Unknown,Source001,Source002,Source003,Source004,Source005
0.0503830469958622,0.279180707301983,0.620819292698017,0.00933305657867197,0.00796396652568474,0.0323199298997811
