Unknown,Source001,Source002,Source003,Source004,Source005
0.0110355987619344,0.273761362155972,0.626238637844028,0.0151755097537755,0.0168799771223379,0.0569089143619522
