Unknown,Source001,Source002,Source003,Source004,Source005
0.00856474959134488,0.536684867414956,0.363315132585044,0.00980484333769263,0.00945579850025221,0.0721746085707103
