Unknown,Source001,Source002,Source003,Source004,Source005
0.0142207111986263,0.367921580394161,0.532078419605839,0.0410740643172719,0.0334193697260728,0.011285854758029
