Unknown,Source001,Source002,Source003,Source004,Source005
0.0192292675291598,0.3030445908112,0.5969554091888,0.0263552077386218,0.039968574570332,0.0144469501618864
