Unknown,Source001,Source002,Source003,Source004,Source005
0.0141814181221956,0.419963907915913,0.480036092084087,0.048809281218438,0.004923507052167,0.0320857936071994
