Unknown,Source001,Source002,Source003,Source004,Source005
0.0139139888378761,0.533474730343126,0.366525269656874,0.0214761189594495,0.00856855877781289,0.0560413334248615
