Unknown,Source001,Source002,Source003,Source004,Source005
0.0404050467519362,0.291064358367574,0.608935641632426,0.0445960088093711,0.00337209409887005,0.0116268503398226
