Unknown,Source001,Source002,Source003,Source004,Source005
0.0687701949169365,0.128251984997948,0.771748015002052,0.0198336902394138,0.000996649727416995,0.0103994651162327
