Unknown,Source001,Source002,Source003,Source004,Source005
0.0363611206692499,0.491638835079573,0.408361164920427,0.0129176056479588,0.0171279302116031,0.0335933434711882
