Unknown,Source001,Source002,Source003,Source004,Source005
0.0412017861187186,0.61197081069129,0.28802918930871,0.0329585448765702,0.0152968614927651,0.010542807511946
