Unknown,Source001,Source002,Source003,Source004,Source005
0.0419468743368975,0.203256494389261,0.696743505610739,0.0427305271348763,0.0105622554918724,0.00476034303635381
