Unknown,Source001,Source002,Source003,Source004,Source005
0.00567583043851848,0.108166631313016,0.791833368686984,0.0428327154650661,0.025465016537027,0.0260264375593884
