Unknown,Source001,Source002,Source003,Source004,Source005
0.0508593043130637,0.246274105147622,0.653725894852379,0.000120766505661123,0.0210525489223331,0.0279673802589421
