Unknown,Source001,Source002,Source003,Source004,Source005
0.00608096490905227,0.516756756150109,0.383243243849891,0.0106082300705845,0.0577637698925928,0.0255470351277704
