Unknown,Source001,Source002,Source003,Source004,Source005
0.0224355894847053,0.62156017984825,0.27843982015175,0.00327015534707393,0.00235906943766657,0.0719351857305542
