Unknown,Source001,Source002,Source003,Source004,Source005
0.0372236443242616,0.727482933973436,0.172517066026564,0.0193862982938195,0.00385283517475083,0.0395372222071681
