Unknown,Source001,Source002,Source003,Source004,Source005
0.0160470774571792,0.421630496365234,0.478369503634766,0.0260301775798002,0.00465440737014815,0.0532683375928725
