Unknown,Source001,Source002,Source003,Source004,Source005
0.0191287344345586,0.557524460871629,0.342475539128371,0.0378127665479912,0.0193561817911347,0.0237023172263155
