Unknown,Source001,Source002,Source003,Source004,Source005
0.0160625833511551,0.794191055341099,0.105808944658901,0.0191344830548482,0.0373727088725718,0.0274302247214248
