Unknown,Source001,Source002,Source003,Source004,Source005
0.00914604714958285,0.702433878762171,0.197566121237829,0.041478363219351,0.0377501602277665,0.0116254294032996
