Unknown,Source001,Source002,Source003,Source004,Source005
0.0166354452099739,0.78847088204697,0.11152911795303,0.00592660721850087,0.0661636968300036,0.0112742507415216
