Unknown,Source001,Source002,Source003,Source004,Source005
0.0316767060100177,0.176065064293099,0.723934935706901,0.0074798776714818,0.0537526901713141,0.00709072614718637
