Unknown,Source001,Source002,Source003,Source004,Source005
0.0467264680373245,0.513209334812307,0.386790665187693,0.0006252483802659,0.0460074407420326,0.00664084284037702
