Unknown,Source001,Source002,Source003,Source004,Source005
0.0105905302156791,0.438504589325679,0.461495410674321,0.015943197261665,0.0147355503820642,0.0587307221405916
