Unknown,Source001,Source002,Source003,Source004,Source005
0.0648639814952387,0.54926042324298,0.35073957675702,0.0108497268541804,0.0216343212231341,0.00265197042744683
