Unknown,Source001,Source002,Source003,Source004,Source005
0.0536415846638711,0.185071782603241,0.714928217396759,0.024942969367407,0.00128991678432765,0.0201255291843942
