Unknown,Source001,Source002,Source003,Source004,Source005
0.0256859904931945,0.229869820143749,0.670130179856251,0.0224210003785867,0.0445709821083677,0.0073220270198511
