Unknown,Source001,Source002,Source003,Source004,Source005
0.00933274349706031,0.741495473610718,0.158504526389282,0.0315189451160634,0.0156056399315212,0.0435426714553551
