Unknown,Source001,Source002,Source003,Source004,Source005
0.0128200362351847,0.169195824041944,0.730804175958056,0.0359321663710765,0.0275721712742302,0.0236756261195085
