Unknown,Source001,Source002,Source003,Source004,Source005
0.0126672842271627,0.62057691760081,0.27942308239919,0.0722482688299778,0.0140016436820442,0.00108280326081535
