Unknown,Source001,Source002,Source003,Source004,Source005
0.0111680340396974,0.240391134605171,0.659608865394829,0.0372052153108025,0.0453296357424696,0.00629711490703042
