Unknown,Source001,Source002,Source003,Source004,Source005
0.0203283826321382,0.231828692731693,0.668171307268307,0.0623073830432257,0.0173194526159554,4.47817086806739e-05
