Unknown,Source001,Source002,Source003,Source004,Source005
0.0405204203028598,0.414065573190816,0.485934426809184,0.0025745861808343,0.0135747528999869,0.043330240616319
