Unknown,Source001,Source002,Source003,Source004,Source005
0.0232077333516223,0.158104967992166,0.741895032007834,0.00930545555636797,0.0258496769113336,0.0416371341806761
