Unknown,Source001,Source002,Source003,Source004,Source005
0.000256295620373662,0.662797161054139,0.237202838945861,0.0675449549972767,0.0243977671973545,0.00780098218499511
