Unknown,Source001,Source002,Source003,Source004,Source005
0.0314855958981219,0.119344887024022,0.780655112975978,0.046568854816787,0.000997625586039702,0.0209479236990513
