Unknown,Source001,Source002,Source003,Source004,Source005
0.0322645680998434,0.122922576668901,0.777077423331099,0.012781401225218,0.0243444135411142,0.0306096171338244
