Unknown,Source001,Source002,Source003,Source004,Source005
0.0385281936311208,0.318792948007769,0.581207051992231,0.0353910820087439,0.0106187333787419,0.0154619909813934
