Unknown,Source001,Source002,Source003,Source004,Source005
0.0214564385188805,0.642503488836417,0.257496511163583,0.038245295592358,0.0277866621050853,0.0125116037836762
