Unknown,Source001,Source002,Source003,Source004,Source005
0.0135423864244684,0.595039164056508,0.304960835943492,0.0118202289278083,0.0201907060568559,0.0544466785908674
