Unknown,Source001,Source002,Source003,Source004,Source005
0.0325099561139216,0.379132746924419,0.520867253075581,0.0574031638460895,0.00591686165438624,0.00417001838560262
