Unknown,Source001,Source002,Source003,Source004,Source005
0.04478331211208,0.708270099029988,0.191729900970012,0.00290486457906599,0.0412537594744311,0.0110580638344229
