Unknown,Source001,Source002,Source003,Source004,Source005
0.0242442154766805,0.638087316110632,0.261912683889368,0.0504755161141884,0.00509864507406489,0.0201816233350662
