Unknown,Source001,Source002,Source003,Source004,Source005
0.00567010317194846,0.720477722666971,0.179522277333029,0.0244688466151229,0.0427915552139822,0.0270694949989464
