Unknown,Source001,Source002,Source003,Source004,Source005
0.000480478166054502,0.194878909527598,0.705121090472402,0.0106072883327601,0.0805823049167744,0.00832992858441093
