Unknown,Source001,Source002,Source003,Source004,Source005
0.082977102376534,0.608017673549159,0.291982326450841,0.0133256814734582,0.00237261860040208,0.00132459754960571
