Unknown,Source001,Source002,Source003,Source004,Source005
0.0238057277242291,0.791208897960416,0.108791102039584,0.00873091358457195,0.0113947674158141,0.0560685912753848
