Unknown,Source001,Source002,Source003,Source004,Source005
0.0142726681256362,0.674520231182828,0.225479768817172,0.0791857081631657,0.000950075572690246,0.0055915481385078
