Unknown,Source001,Source002,Source003,Source004,Source005
0.02303800509549,0.174307157764798,0.725692842235202,0.0425277249344658,0.000211860072669865,0.0342224098973743
