Unknown,Source001,Source002,Source003,Source004,Source005
0.0714853368316798,0.397011246070529,0.502988753929471,0.00110268290826865,0.00722278427869569,0.0201891959813559
