Unknown,Source001,Source002,Source003,Source004,Source005
0.0090413002387418,0.660542773918168,0.239457226081832,0.013565593157566,0.0508728136876387,0.0265202929160534
