Unknown,Source001,Source002,Source003,Source004,Source005
0.0335770088268944,0.365875177974017,0.534124822025983,0.0265827137491306,0.0310926438103436,0.00874763361363134
