Unknown,Source001,Source002,Source003,Source004,Source005
0.0299396974880088,0.362659545353558,0.537340454646442,0.0111713034694463,0.0327860926682908,0.0261029063742541
