Unknown,Source001,Source002,Source003,Source004,Source005
0.0106681480769398,0.713840540652683,0.186159459347317,0.0682817615686915,0.00382008827611592,0.0172300020782528
