Unknown,Source001,Source002,Source003,Source004,Source005
0.0318684365239703,0.670357176922119,0.229642823077881,0.0279349472063903,0.029112336522414,0.0110842797472254
