Unknown,Source001,Source002,Source003,Source004,Source005
0.00184407987648203,0.143892160359292,0.756107839640708,0.0233656491318566,0.00994250324205391,0.0648477677496074
