Unknown,Source001,Source002,Source003,Source004,Source005
0.036955549337386,0.133899803923979,0.766100196076021,0.036035396779186,0.00738069178143784,0.0196283621019901
