Unknown,Source001,Source002,Source003,Source004,Source005
0.00630502999992936,0.350749600495292,0.549250399504708,0.0467569745932664,0.0246098721372557,0.0223281232695486
