Unknown,Source001,Source002,Source003,Source004,Source005
0.00950359733142756,0.471012856472572,0.428987143527428,0.000920893229228607,0.0551162008718457,0.0344593085674981
