Unknown,Source001,Source002,Source003,Source004,Source005
0.0305593334045393,0.793527913288119,0.106472086711881,0.00571797668611107,0.0352894933491546,0.028433196560195
