Unknown,Source001,Source002,Source003,Source004,Source005
0.0384732562236584,0.202629993890396,0.697370006109604,0.0592866141553437,0.000778566111145369,0.00146156350985259
