Unknown,Source001,Source002,Source003,Source004,Source005
0.0329300684882271,0.32187066739532,0.57812933260468,0.0116355414159336,0.0480713426652237,0.00736304743061567
