Unknown,Source001,Source002,Source003,Source004,Source005
0.00514283783132077,0.489642029413091,0.410357970586908,0.0176285329132062,0.0676125400794913,0.0096160891759817
