Unknown,Source001,Source002,Source003,Source004,Source005
0.0443083916514358,0.271573610679534,0.628426389320466,0.0306096315435212,0.0128560845675402,0.0122258922375027
