Unknown,Source001,Source002,Source003,Source004,Source005
0.0603848049326521,0.531767280802185,0.368232719197815,0.0123968615818176,0.0263175319629417,0.000900801522588568
