Unknown,Source001,Source002,Source003,Source004,Source005
0.00300040937932999,0.208804330445653,0.691195669554347,0.0259697101634948,0.0103919393237518,0.0606379411334234
