Unknown,Source001,Source002,Source003,Source004,Source005
0.054704503955636,0.212817775569995,0.687182224430005,0.00616045108587092,0.0364975032799683,0.00263754167852469
