Unknown,Source001,Source002,Source003,Source004,Source005
0.00283944672324608,0.368258324019619,0.531741675980381,0.0804457394459699,0.00671701586349503,0.00999779796728898
