Unknown,Source001,Source002,Source003,Source004,Source005
0.0340467270431961,0.226224212243451,0.673775787756549,0.00104781986140046,0.00170878808721458,0.0631966650081888
