Unknown,Source001,Source002,Source003,Source004,Source005
0.0130413264626024,0.280960476385405,0.619039523614595,0.0217135374870584,0.0317010463712614,0.0335440896790778
