Unknown,Source001,Source002,Source003,Source004,Source005
0.00530923169353779,0.782392141682042,0.117607858317958,0.0354736266112357,0.0567882462549124,0.00242889544031417
