Unknown,Source001,Source002,Source003,Source004,Source005
0.0515104213022962,0.245461396025445,0.654538603974555,0.0121336947795274,0.0322681323650563,0.00408775155312006
