Unknown,Source001,Source002,Source003,Source004,Source005
0.00947900327872025,0.611640791297361,0.288359208702639,0.0210453208954979,0.0140640669287161,0.0554116088970658
