Unknown,Source001,Source002,Source003,Source004,Source005
0.00771474471793887,0.529519414648805,0.370480585351195,0.0216865834473278,0.0602166458869705,0.0103820259477628
