Unknown,Source001,Source002,Source003,Source004,Source005
0.0116981967348665,0.384208329938897,0.515791670061103,0.00735509398716601,0.0329888714844974,0.04795783779347
