Unknown,Source001,Source002,Source003,Source004,Source005
0.00664349264502374,0.200392043244273,0.699607956755727,0.0241065845216003,0.0383795363830563,0.0308703864503196
