Unknown,Source001,Source002,Source003,Source004,Source005
0.0477649807664135,0.748884003758123,0.151115996241877,0.00242624200053118,0.0267329164651817,0.0230758607678736
