Unknown,Source001,Source002,Source003,Source004,Source005
0.036721518371741,0.706030559293685,0.193969440706315,0.0429279975246077,0.00069588818734052,0.0196545959163108
