Unknown,Source001,Source002,Source003,Source004,Source005
0.0239334393926815,0.764971444078581,0.135028555921419,0.0412414730877442,0.0051519583625124,0.0296731291570619
