Unknown,Source001,Source002,Source003,Source004,Source005
0.00932250467405339,0.610968955733932,0.289031044266068,0.0220588924986531,0.0669436638708312,0.00167493895646232
