Unknown,Source001,Source002,Source003,Source004,Source005
0.0292436886615601,0.431988171563108,0.468011828436892,0.0268062079729646,0.0161279416345072,0.0278221617309681
