Unknown,Source001,Source002,Source003,Source004,Source005
0.0183547683494073,0.609322649554368,0.290677350445632,0.031048027686256,0.0405501684745619,0.0100470354897749
