Unknown,Source001,Source002,Source003,Source004,Source005
0.00162020723789428,0.344428874992988,0.555571125007012,0.0329990614710919,0.0438985636747201,0.0214821676162937
