Unknown,Source001,Source002,Source003,Source004,Source005
0.00910049707598193,0.389762694527303,0.510237305472697,0.00335814667078134,0.0393269162443399,0.0482144400088968
