Unknown,Source001,Source002,Source003,Source004,Source005
0.0475190501068445,0.104988241397839,0.795011758602161,0.0263504626463916,0.0173090803308421,0.00882140691592181
