Unknown,Source001,Source002,Source003,Source004,Source005
0.020257848789996,0.58171442487888,0.31828557512112,0.00154513575342578,0.0373985955161995,0.0407984199403787
