Unknown,Source001,Source002,Source003,Source004,Source005
0.0141407363584293,0.1470547235084,0.7529452764916,0.0221390584429905,0.0504479549905748,0.0132722502080053
