Unknown,Source001,Source002,Source003,Source004,Source005
0.00821134832961168,0.514625468310301,0.385374531689699,0.0225008852291448,0.0241004192072972,0.0451873472339462
