Unknown,Source001,Source002,Source003,Source004,Source005
0.0391869743357031,0.697008484381863,0.202991515618137,0.0465929479481034,0.00234031307097073,0.0118797646452228
