Unknown,Source001,Source002,Source003,Source004,Source005
0.019693767070545,0.24166652361938,0.65833347638062,0.0384616884906536,0.0221469546382095,0.0196975898005919
