Unknown,Source001,Source002,Source003,Source004,Source005
0.0484030041187523,0.127945725822422,0.772054274177578,0.0196059425335342,0.0248317332958348,0.00715932005187868
