Unknown,Source001,Source002,Source003,Source004,Source005
0.0287087974249204,0.736303420042786,0.163696579957214,0.00398180682336355,0.0266779287672839,0.0406314669844321
