Unknown,Source001,Source002,Source003,Source004,Source005
0.0449133465083663,0.767201460118866,0.132798539881134,0.0196014203211069,0.0072200094476448,0.0282652237228819
