Unknown,Source001,Source002,Source003,Source004,Source005
0.0151807426434291,0.497872057022614,0.402127942977386,0.036232961201141,0.0417215703112542,0.00686472584417566
