Unknown,Source001,Source002,Source003,Source004,Source005
0.00726248105098899,0.164823980457861,0.735176019542139,0.0186600167565778,0.0272898385301376,0.0467876636622956
