Unknown,Source001,Source002,Source003,Source004,Source005
0.0339396734557188,0.476385613496424,0.423614386503576,0.0281202869934578,0.0301260095222263,0.00781403002859713
