Unknown,Source001,Source002,Source003,Source004,Source005
0.0386738598322262,0.52114539662546,0.37885460337454,0.0170912088723396,0.0101514940925361,0.034083437202898
