Unknown,Source001,Source002,Source003,Source004,Source005
0.0735641260478,0.739836989657798,0.160163010342202,0.00972677220774619,0.0118063614270636,0.00490274031739021
