Unknown,Source001,Source002,Source003,Source004,Source005
0.00919303653676789,0.612062864231543,0.287937135768457,0.016287860502499,0.0282316399666051,0.046287462994128
