Unknown,Source001,Source002,Source003,Source004,Source005
0.0218328069938414,0.686244927534001,0.213755072465999,0.0258762609701236,0.0119833008156188,0.0403076312204162
