Unknown,Source001,Source002,Source003,Source004,Source005
0.01616499561931,0.688021707785108,0.211978292214892,0.0283483365311286,0.00260914854569208,0.0528775193038693
