Unknown,Source001,Source002,Source003,Source004,Source005
0.0538522783196109,0.502601180084496,0.397398819915504,0.0207082210765811,0.00167842817752693,0.023761072426281
