Unknown,Source001,Source002,Source003,Source004,Source005
0.0203983575077382,0.146072300266964,0.753927699733036,0.0159611106648265,0.0580726240427164,0.00556790778471887
