Unknown,Source001,Source002,Source003,Source004,Source005
0.00718959653445624,0.582123820821021,0.317876179178979,0.0298209124719845,0.0531936705410689,0.00979582045249026
