Unknown,Source001,Source002,Source003,Source004,Source005
0.0209599768082589,0.770694058457168,0.129305941542832,0.0366184028183955,0.0179799503153723,0.0244416700579732
