Unknown,Source001,Source002,Source003,Source004,Source005
0.00521066997611138,0.206347297142369,0.693652702857631,0.0195566055510512,0.00367843127307358,0.0715542931997638
