Unknown,Source001,Source002,Source003,Source004,Source005
0.0472754084759027,0.725105644379118,0.174894355620882,0.0345771129154074,0.00143163319737137,0.0167158454113186
