Unknown,Source001,Source002,Source003,Source004,Source005
0.0163934387641597,0.323140069037364,0.576859930962636,0.000821116998831455,0.0494763410226731,0.0333091032143358
