Unknown,Source001,Source002,Source003,Source004,Source005
0.00288514636565271,0.462060646256716,0.437939353743284,0.0359441471873682,0.00368360203501962,0.0574871044119594
