Unknown,Source001,Source002,Source003,Source004,Source005
0.0173312568374291,0.613126552282878,0.286873447717122,0.0093000543635273,0.0485892439323455,0.0247794448666981
