Unknown,Source001,Source002,Source003,Source004,Source005
0.0267882127064111,0.275876718092126,0.624123281907873,0.00566895376394657,0.0634004681814853,0.00414236534815699
