Unknown,Source001,Source002,Source003,Source004,Source005
0.00113684961866916,0.213711905013079,0.686288094986922,0.0465685476535447,0.0110176364121156,0.0412769663156705
