Unknown,Source001,Source002,Source003,Source004,Source005
0.0341295432506488,0.723438116342118,0.176561883657882,0.0231231414552769,0.0351032342966412,0.00764408099743297
