Unknown,Source001,Source002,Source003,Source004,Source005
0.00497791816404255,0.730254712774589,0.169745287225411,0.052094327873287,0.0330029654099783,0.00992478855269218
