Unknown,Source001,Source002,Source003,Source004,Source005
0.012966805341207,0.323627195885002,0.576372804114998,0.00297491290751834,0.0599429880839384,0.0241152936673362
