Unknown,Source001,Source002,Source003,Source004,Source005
0.0329881300298001,0.517436925099094,0.382563074900906,0.0104969424177436,0.0273943582397817,0.0291205693126745
