Unknown,Source001,Source002,Source003,Source004,Source005
0.00109690272408008,0.412278684601671,0.487721315398329,0.0703525772814249,0.0262009278219487,0.00234959217254629
