Unknown,Source001,Source002,Source003,Source004,Source005
0.0279360859441232,0.224923695660872,0.675076304339128,0.024664315279107,0.0458968506559197,0.00150274812085005
