Unknown,Source001,Source002,Source003,Source004,Source005
0.0432871695543306,0.460945886187536,0.439054113812464,0.03217282028222,0.0153911275669823,0.00914888259646708
