Unknown,Source001,Source002,Source003,Source004,Source005
0.0536814544162972,0.437221182357818,0.462778817642182,0.0309347872699252,0.0115064703061695,0.00387728800760805
