Unknown,Source001,Source002,Source003,Source004,Source005
0.0402581591416147,0.389206624890065,0.510793375109935,0.0127887029130941,0.021648549440967,0.0253045885043242
