Unknown,Source001,Source002,Source003,Source004,Source005
0.0152103333283473,0.204069050320782,0.695930949679218,0.0075327832481466,0.00181549327259431,0.0754413901509118
