Unknown,Source001,Source002,Source003,Source004,Source005
0.0364867077164912,0.594363216437833,0.305636783562167,0.0348778273797556,0.0214480284150968,0.00718743648865636
