Unknown,Source001,Source002,Source003,Source004,Source005
0.040872214080447,0.235663196081636,0.664336803918364,0.0208339396269634,0.0007448367673023,0.0375490095252873
