Unknown,Source001,Source002,Source003,Source004,Source005
0.027460056183518,0.307733218837796,0.592266781162204,0.0523652502951033,0.00782469541474071,0.012349998106638
