Unknown,Source001,Source002,Source003,Source004,Source005
0.002760850294609,0.130718663611551,0.76928133638845,0.0297240076253997,0.0520162351989157,0.0154989068810755
