Unknown,Source001,Source002,Source003,Source004,Source005
0.0330738776973747,0.41852706500682,0.48147293499318,0.035250881322349,0.00247953830833494,0.0291957026719412
