Unknown,Source001,Source002,Source003,Source004,Source005
0.0131228682423976,0.644021917363593,0.255978082636407,0.0077134062468242,0.0070195755861087,0.0721441499246694
