Unknown,Source001,Source002,Source003,Source004,Source005
0.0107091320930027,0.456149713849753,0.443850286150247,0.0803977698283889,0.00368798117040963,0.00520511690819869
