Unknown,Source001,Source002,Source003,Source004,Source005
0.0132354863285826,0.517704936687144,0.382295063312856,0.019891416553156,0.0456852344414831,0.0211878626767783
