Unknown,Source001,Source002,Source003,Source004,Source005
0.0429069412668431,0.586370826941701,0.313629173058299,0.00668340070385699,0.0034758887944038,0.0469337692348961
