Unknown,Source001,Source002,Source003,Source004,Source005
0.00916102813753515,0.430003536714219,0.469996463285781,0.0639894902188869,0.0251496854721366,0.00169979617144136
