Unknown,Source001,Source002,Source003,Source004,Source005
0.00932257595983145,0.311014711464973,0.588985288535027,0.0244506034495136,0.0360165497001028,0.0302102708905521
