Unknown,Source001,Source002,Source003,Source004,Source005
0.0288543025196642,0.249046851478948,0.650953148521052,0.0422867586602997,0.0256840399267587,0.00317489889327737
