Unknown,Source001,Source002,Source003,Source004,Source005
0.0465113836087605,0.445830609009984,0.454169390990016,0.00397381520415703,0.0363045748769775,0.013210226310105
