Unknown,Source001,Source002,Source003,Source004,Source005
0.036289028432401,0.674243147735148,0.225756852264852,0.007854763879163,0.0475242072538327,0.00833200043460334
