Unknown,Source001,Source002,Source003,Source004,Source005
0.00295395141306199,0.620401642765501,0.279598357234499,0.0619380136549137,0.0235623829949114,0.0115456519371129
