Unknown,Source001,Source002,Source003,Source004,Source005
0.0206021567729217,0.244605031410093,0.655394968589907,0.00774282656416737,0.0438451193717746,0.0278098972911364
