Unknown,Source001,Source002,Source003,Source004,Source005
0.0498792998066077,0.262653490534634,0.637346509465366,0.00429310687109379,0.0141317569348294,0.031695836387469
