Unknown,Source001,Source002,Source003,Source004,Source005
0.0416761753125111,0.436788411013629,0.463211588986371,0.0301634817287964,0.00688918983633718,0.0212711531223552
