Unknown,Source001,Source002,Source003,Source004,Source005
0.00875082160585333,0.431869044720725,0.468130955279275,0.0764396500255369,0.0108396673332914,0.00396986103531834
