Unknown,Source001,Source002,Source003,Source004,Source005
0.019489495331093,0.599497498260145,0.300502501739855,0.0078107023456687,0.0482200201283555,0.0244797821948828
