Unknown,Source001,Source002,Source003,Source004,Source005
0.037591628063957,0.536915303979702,0.363084696020298,0.0236966198936302,0.0174904072119835,0.0212213448304292
