Unknown,Source001,Source002,Source003,Source004,Source005
0.0410357398392061,0.584705910241027,0.315294089758973,0.0264234000783706,0.0217554561720291,0.0107854039103942
