Unknown,Source001,Source002,Source003,Source004,Source005
0.0383877005627262,0.266606031717507,0.633393968282493,0.0276466772649077,0.0126628135502272,0.0213028086221389
