Unknown,Source001,Source002,Source003,Source004,Source005
0.00743489838452757,0.112497111396813,0.787502888603187,0.00787426811158337,0.00727489943307638,0.0774159340708127
