Unknown,Source001,Source002,Source003,Source004,Source005
0.0331411075760113,0.752417298297917,0.147582701702083,0.0318387195497799,0.0174495146376478,0.0175706582365609
