Unknown,Source001,Source002,Source003,Source004,Source005
0.00378600968498285,0.197278577474897,0.702721422525103,0.021495040475729,0.0560523390030841,0.018666610836204
