Unknown,Source001,Source002,Source003,Source004,Source005
0.00265085477325161,0.252068536025895,0.647931463974105,0.0501527410436096,0.00334010938346911,0.0438562947996697
