Unknown,Source001,Source002,Source003,Source004,Source005
0.00180912085548741,0.479691099781336,0.420308900218664,0.0275332303623337,0.0413348872923981,0.0293227614897807
