Unknown,Source001,Source002,Source003,Source004,Source005
0.0405272702911445,0.757228817153142,0.142771182846858,0.0182659299923822,0.0300045511851983,0.0112022485312749
