Unknown,Source001,Source002,Source003,Source004,Source005
0.0132744130960236,0.576096099672285,0.323903900327715,0.045372351814259,0.0408698576630208,0.000483377426696603
