Unknown,Source001,Source002,Source003,Source004,Source005
0.00271745768323606,0.580159484956427,0.319840515043573,0.00433551147949256,0.038188187697567,0.0547588431397044
