Unknown,Source001,Source002,Source003,Source004,Source005
0.0330177847527332,0.180077824249157,0.719922175750843,0.0067155584764215,0.055122969676785,0.00514368709406029
