Unknown,Source001,Source002,Source003,Source004,Source005
0.00317569245680799,0.248886716914422,0.651113283085578,0.0613721334139728,0.00453944407925766,0.0309127300499615
