Unknown,Source001,Source002,Source003,Source004,Source005
0.026478228259551,0.434566955947689,0.465433044052311,0.0134603222303516,0.00348064187099796,0.0565808076390994
