Unknown,Source001,Source002,Source003,Source004,Source005
0.051803427103367,0.293146196238864,0.606853803761136,0.0104847964883391,0.0217910959445928,0.015920680463701
