Unknown,Source001,Source002,Source003,Source004,Source005
0.0155573541486002,0.12208493717859,0.77791506282141,0.0181002353764422,0.0171099640717998,0.0492324464031578
