Unknown,Source001,Source002,Source003,Source004,Source005
0.0430307716175228,0.678494880313959,0.221505119686041,0.0159732081616171,0.00593916607918459,0.0350568541416755
