Unknown,Source001,Source002,Source003,Source004,Source005
0.037313035973497,0.487800115770471,0.412199884229529,0.0377128934079516,0.012025676517145,0.0129483941014064
