Unknown,Source001,Source002,Source003,Source004,Source005
0.0274660540189469,0.518595273483681,0.38140472651632,0.0126102502789231,0.0438901146444126,0.0160335810577174
