Unknown,Source001,Source002,Source003,Source004,Source005
0.036018378078653,0.639264036681389,0.260735963318611,0.0125582895058305,0.00708163185349059,0.0443417005620258
