Unknown,Source001,Source002,Source003,Source004,Source005
0.0413651369869315,0.696510871416925,0.203489128583075,0.0118728836498939,0.045061904869216,0.00170007449395863
