Unknown,Source001,Source002,Source003,Source004,Source005
0.0418796440125599,0.531264509698872,0.368735490301128,0.0179840034383187,0.00568528202847154,0.0344510705206499
