Unknown,Source001,Source002,Source003,Source004,Source005
0.000376772563752868,0.640349846180748,0.259650153819252,0.0330039322146609,0.0332559536640794,0.0333633415575068
