Unknown,Source001,Source002,Source003,Source004,Source005
0.0372790982330955,0.399829661274687,0.500170338725313,0.0217219663029203,0.0375852678106083,0.00341366765337583
