Unknown,Source001,Source002,Source003,Source004,Source005
0.0185466470182059,0.493298503845817,0.406701496154183,0.00197826162422746,0.00921375961869925,0.0702613317388673
