Unknown,Source001,Source002,Source003,Source004,Source005
0.0135399091974444,0.72988152024956,0.17011847975044,0.0187701955685531,0.0205260402787033,0.0471638549552992
