Unknown,Source001,Source002,Source003,Source004,Source005
0.00331805070300839,0.695465198364593,0.204534801635407,0.0564845492752141,0.00429311183603741,0.0359042881857401
