Unknown,Source001,Source002,Source003,Source004,Source005
0.0511562283124931,0.422751205016323,0.477248794983677,0.00536983108482053,0.00539583658496097,0.0380781040177254
