Unknown,Source001,Source002,Source003,Source004,Source005
0.00669264561068456,0.143206968618788,0.756793031381212,0.00947096556029932,0.0711182418065712,0.0127181470224449
