Unknown,Source001,Source002,Source003,Source004,Source005
0.0321811011881756,0.143694557570479,0.756305442429521,0.0405436456649173,0.0257117722932727,0.0015634808536344
