Unknown,Source001,Source002,Source003,Source004,Source005
0.0101831960044375,0.206157061410039,0.693842938589961,0.0115424133493795,0.0213841795634385,0.0568902110827445
