Unknown,Source001,Source002,Source003,Source004,Source005
0.0420349918367612,0.75682186317295,0.143178136827051,0.00671535526485907,0.0508446342349639,0.000405018663415774
