Unknown,Source001,Source002,Source003,Source004,Source005
0.0335553674096883,0.295582950681876,0.604417049318124,0.017662621284691,0.047473700990982,0.00130831031463864
