Unknown,Source001,Source002,Source003,Source004,Source005
0.026669297179624,0.306720911096384,0.593279088903616,0.0689854732484618,0.00283736513483049,0.00150786443708369
