Unknown,Source001,Source002,Source003,Source004,Source005
0.0562263254084747,0.534406860312746,0.365593139687254,0.0169756640842973,0.0174151593675066,0.00938285113972141
