Unknown,Source001,Source002,Source003,Source004,Source005
0.0483962559436436,0.366949634580594,0.533050365419406,0.00973988209183509,0.0110063376270818,0.0308575243374394
