Unknown,Source001,Source002,Source003,Source004,Source005
0.0188817275470654,0.575108487710478,0.324891512289522,0.063541839392654,0.00539480682503416,0.0121816262352464
