Unknown,Source001,Source002,Source003,Source004,Source005
0.0398315352173053,0.670952984831463,0.229047015168537,0.0269429002061319,0.0279305374754102,0.00529502710115261
