Unknown,Source001,Source002,Source003,Source004,Source005
0.0333168817411797,0.604519743643288,0.295480256356712,0.00823270822618999,0.0330164788501091,0.0254339311825212
