Unknown,Source001,Source002,Source003,Source004,Source005
0.0305270206508116,0.175440524222407,0.724559475777593,0.0117775692353397,0.0302402775603936,0.027455132553455
