Unknown,Source001,Source002,Source003,Source004,Source005
0.0139178514898866,0.105896175220334,0.794103824779666,0.0159158149270748,0.00221366518203979,0.0679526684009988
