Unknown,Source001,Source002,Source003,Source004,Source005
0.0786711686915071,0.546433803096358,0.353566196903641,0.0060595840597851,0.0116062995794577,0.00366294766925005
