Unknown,Source001,Source002,Source003,Source004,Source005
0.0599038446921956,0.256490403610668,0.643509596389332,0.00628589584093644,0.0222196074959831,0.0115906519708848
