Unknown,Source001,Source002,Source003,Source004,Source005
0.0561771059845282,0.159497008858937,0.740502991141063,0.0262868199034894,0.00581895732418499,0.0117171167877973
