Unknown,Source001,Source002,Source003,Source004,Source005
0.0112626564373987,0.260194512475135,0.639805487524865,0.00148310895224453,0.013693163531096,0.0735610710792608
