Unknown,Source001,Source002,Source003,Source004,Source005
0.0122045324838793,0.387204055186917,0.512795944813083,0.0322431236045249,0.0443252685476688,0.011227075363927
