Unknown,Source001,Source002,Source003,Source004,Source005
0.0041277463128023,0.285781100156319,0.614218899843681,0.0622758261965938,0.0316304907566204,0.00196593673398349
