Unknown,Source001,Source002,Source003,Source004,Source005
0.00509317124000124,0.460149490593304,0.439850509406696,0.00205209820253404,0.0706302221559351,0.0222245084015296
