Unknown,Source001,Source002,Source003,Source004,Source005
0.0129738253284128,0.696491143289029,0.203508856710971,0.0328776037735729,0.0212327770480345,0.0329157938499798
