Unknown,Source001,Source002,Source003,Source004,Source005
0.010789913164744,0.405660323620259,0.494339676379741,0.0136399802073655,0.00465857777496235,0.0709115288529281
