Unknown,Source001,Source002,Source003,Source004,Source005
0.0311647373752666,0.654265898697015,0.245734101302985,0.0106709132849814,0.054560446899189,0.00360390244056299
