Unknown,Source001,Source002,Source003,Source004,Source005
0.0174823480000288,0.797102902381025,0.102897097618975,0.0475032473807553,0.0266995176165774,0.00831488700263841
