Unknown,Source001,Source002,Source003,Source004,Source005
0.00143826641420432,0.735525702312089,0.164474297687911,0.0328666355838385,0.0020107307643008,0.0636843672376564
