Unknown,Source001,Source002,Source003,Source004,Source005
0.0339267717311055,0.133849875552139,0.766150124447861,0.0134115851857578,0.00286198340445018,0.0497996596786865
