Unknown,Source001,Source002,Source003,Source004,Source005
0.0549589263752433,0.224489061975128,0.675510938024872,0.00994243328635836,0.00705125053948541,0.0280473897989129
