Unknown,Source001,Source002,Source003,Source004,Source005
0.0282484978847534,0.748184417107573,0.151815582892427,0.0600135419762401,0.00334374875099713,0.00839421138800936
