Unknown,Source001,Source002,Source003,Source004,Source005
0.0172437891325353,0.543337149330571,0.356662850669429,0.0543715850227369,0.0150505302803203,0.0133340955644075
