Unknown,Source001,Source002,Source003,Source004,Source005
0.01230318095098,0.764444838894166,0.135555161105834,0.0649174584252686,0.00682674601019165,0.0159526146135597
