Unknown,Source001,Source002,Source003,Source004,Source005
0.00497007541572432,0.45212394889752,0.44787605110248,0.0106025318614454,0.00410335449600847,0.0803240382268218
