Unknown,Source001,Source002,Source003,Source004,Source005
0.0375169741343774,0.731875474936439,0.168124525063561,0.0539279601849121,0.0061966344324553,0.00235843124825522
