Unknown,Source001,Source002,Source003,Source004,Source005
0.0370991733050016,0.749915670685449,0.150084329314551,0.0142127615029297,0.0369359572442063,0.0117521079478624
