Unknown,Source001,Source002,Source003,Source004,Source005
0.0297226724115288,0.433724305904174,0.466275694095826,0.00990473600911953,0.00679489729683908,0.0535776942825126
