Unknown,Source001,Source002,Source003,Source004,Source005
0.0197482665635031,0.431520104742147,0.468479895257853,0.000649427306477091,0.0234055297489813,0.0561967763810385
