Unknown,Source001,Source002,Source003,Source004,Source005
0.0256721678348479,0.104058293466204,0.795941706533795,0.00644984576346109,0.0618836648246112,0.00599432157707982
