Unknown,Source001,Source002,Source003,Source004,Source005
0.0462870368429597,0.459904351394874,0.440095648605126,0.0375554013062652,0.0156610646761778,0.000496497174597247
