Unknown,Source001,Source002,Source003,Source004,Source005
0.011199373992412,0.400497323268842,0.499502676731158,0.00993876343774111,0.0515846053820783,0.0272772571877685
