Unknown,Source001,Source002,Source003,Source004,Source005
0.053699680004848,0.623914444230685,0.276085555769315,0.0179951273107081,0.0130875894543575,0.0152176032300863
