Unknown,Source001,Source002,Source003,Source004,Source005
0.0123119709690308,0.459320341348114,0.440679658651886,0.0133447393286273,0.0531725014202468,0.0211707882820951
