Unknown,Source001,Source002,Source003,Source004,Source005
0.0145004396051411,0.147565479956374,0.752434520043626,0.016755083318821,0.00145617604199071,0.0672883010340471
