Unknown,Source001,Source002,Source003,Source004,Source005
0.00610196832054437,0.110553740045683,0.789446259954317,0.00414478906731147,0.0494281956424489,0.0403250469696953
