Unknown,Source001,Source002,Source003,Source004,Source005
0.00252669141466513,0.337355446480718,0.562644553519282,0.0423198505701062,0.00836510512626984,0.0467883528889588
