Unknown,Source001,Source002,Source003,Source004,Source005
0.00855467258262709,0.698368170191915,0.201631829808085,0.00142508403625051,0.0444918685280471,0.0455283748530753
