Unknown,Source001,Source002,Source003,Source004,Source005
0.00175802454238361,0.655924280165573,0.244075719834427,0.0544682399716851,0.00033239334606504,0.0434413421398662
