Unknown,Source001,Source002,Source003,Source004,Source005
0.0288194348178357,0.436979605246271,0.463020394753729,0.00770414594153555,0.0401539189737822,0.0233225002668466
