Unknown,Source001,Source002,Source003,Source004,Source005
0.0216588227876856,0.304068750340587,0.595931249659413,0.0239333103259449,0.00409063638370851,0.050317230502661
