Unknown,Source001,Source002,Source003,Source004,Source005
0.00597744575932037,0.176220751740739,0.723779248259261,0.0143883936410404,0.0250413554451994,0.0545928051544397
