Unknown,Source001,Source002,Source003,Source004,Source005
0.00589047110282789,0.45979537563494,0.44020462436506,0.0494557496120975,0.0324726038482308,0.0121811754368438
