Unknown,Source001,Source002,Source003,Source004,Source005
0.00210222907733109,0.662518334692514,0.237481665307486,0.0259568810124767,0.0110775778096556,0.0608633121005365
