Unknown,Source001,Source002,Source003,Source004,Source005
0.00597455160284107,0.198316950111034,0.701683049888966,0.0276530178836564,0.0308476357178907,0.0355247947956119
