Unknown,Source001,Source002,Source003,Source004,Source005
0.0203448436596217,0.284109861017919,0.615890138982081,0.00232562652438256,0.0583115310618309,0.0190179987541648
