Unknown,Source001,Source002,Source003,Source004,Source005
0.0598235201956041,0.158701164280078,0.741298835719922,0.00205043704669355,0.00951509840497411,0.0286109443527282
