Unknown,Source001,Source002,Source003,Source004,Source005
0.0342651240514937,0.731930696394341,0.168069303605659,0.0227086980162534,0.0349879059114048,0.00803827202084814
