Unknown,Source001,Source002,Source003,Source004,Source005
0.0148927938099614,0.275151751130429,0.624848248869571,0.00266804278340901,0.053003304758179,0.0294358586484506
