Unknown,Source001,Source002,Source003,Source004,Source005
0.024122682404326,0.76122413739846,0.13877586260154,0.0221635400367926,0.00842039464030593,0.0452933829185755
