Unknown,Source001,Source002,Source003,Source004,Source005
0.010321670040894,0.335849952450309,0.564150047549691,0.0567347880374013,0.0310431550667471,0.00190038685495759
