Unknown,Source001,Source002,Source003,Source004,Source005
0.040905056039221,0.446554480486781,0.453445519513218,0.000418452751259588,0.00866556584879793,0.0500109253607214
