Unknown,Source001,Source002,Source003,Source004,Source005
0.0376583667399498,0.422603050610489,0.477396949389511,0.0445382796165113,0.00807565468943368,0.00972769895410522
