Unknown,Source001,Source002,Source003,Source004,Source005
0.0286023651819009,0.232451646302997,0.667548353697003,0.050623612474779,0.0109495996463269,0.00982442269699321
