Unknown,Source001,Source002,Source003,Source004,Source005
0.0199569748402824,0.554627941218737,0.345372058781263,0.0229696932221706,0.0551079704386226,0.00196536149892435
