Unknown,Source001,Source002,Source003,Source004,Source005
0.0520675463442382,0.493184032226484,0.406815967773516,0.00160508682414824,0.0293710903859338,0.0169562764456798
