Unknown,Source001,Source002,Source003,Source004,Source005
0.0487252055688404,0.214811062308657,0.685188937691343,0.0151515150319075,0.0165035259181432,0.0196197534811089
