Unknown,Source001,Source002,Source003,Source004,Source005
0.0369124450903098,0.51425506617454,0.38574493382546,0.0195360946962986,0.0391898046979968,0.0043616555153948
