Unknown,Source001,Source002,Source003,Source004,Source005
0.0275415148283943,0.564231451871188,0.335768548128813,0.00765973215194518,0.0372049799229247,0.0275937730967357
