Unknown,Source001,Source002,Source003,Source004,Source005
0.00706529437361233,0.314729601630229,0.585270398369771,0.0276232823507675,0.0121988268727288,0.0531125964028914
