Unknown,Source001,Source002,Source003,Source004,Source005
0.00303362661304774,0.206246201305179,0.693753798694821,0.0230207477585667,0.0448595825023347,0.0290860431260509
