Unknown,Source001,Source002,Source003,Source004,Source005
0.00867026828114812,0.16548740668863,0.73451259331137,0.0514975264602775,0.0233552447330035,0.0164769605255709
