Unknown,Source001,Source002,Source003,Source004,Source005
0.0619853815971921,0.599675577340104,0.300324422659896,0.00565043125037964,0.0318882629054863,0.000475924246941946
