Unknown,Source001,Source002,Source003,Source004,Source005
0.0180631595613983,0.13961406056865,0.76038593943135,0.00978953283378881,0.00246776188511551,0.0696795457196974
