Unknown,Source001,Source002,Source003,Source004,Source005
0.0206624260885876,0.513927424716279,0.386072575283721,0.0201839448833838,0.0525372686995045,0.00661636032852406
