Unknown,Source001,Source002,Source003,Source004,Source005
0.0455734053489814,0.527538242012998,0.372461757987002,0.00972378941158045,0.0210168611995619,0.0236859440398762
