Unknown,Source001,Source002,Source003,Source004,Source005
0.0229837181035984,0.23532503514886,0.66467496485114,0.0264051570940555,0.0313998477573164,0.0192112770450296
