Unknown,Source001,Source002,Source003,Source004,Source005
0.0325333465027639,0.337409592329727,0.562590407670273,0.00951361006156509,0.0125313994155849,0.045421644020086
