Unknown,Source001,Source002,Source003,Source004,Source005
0.0261287853906356,0.297984436881895,0.602015563118105,0.00843168901453118,0.0435155879684381,0.0219239376263951
