Unknown,Source001,Source002,Source003,Source004,Source005
0.00169203175478416,0.124170395248598,0.775829604751402,0.0932978729076801,0.00206350875071777,0.00294658658681796
