Unknown,Source001,Source002,Source003,Source004,Source005
0.0143546746280693,0.160880208391001,0.739119791608999,0.0239048141375169,0.0169559472046068,0.044784564029807
