Unknown,Source001,Source002,Source003,Source004,Source005
0.0298885729770129,0.201554463780732,0.698445536219268,0.0119979460852082,0.0235251456442348,0.0345883352935442
