Unknown,Source001,Source002,Source003,Source004,Source005
0.00366752670749676,0.1491564656325,0.7508435343675,0.0148172169233497,0.00434845289651472,0.0771668034726388
