Unknown,Source001,Source002,Source003,Source004,Source005
0.00965194302557162,0.563714883849301,0.336285116150699,0.0846889762743611,0.00159022101788052,0.00406885968218671
