Unknown,Source001,Source002,Source003,Source004,Source005
0.02044940659762,0.250534310112577,0.649465689887423,0.0210990671317254,0.0487489489220674,0.00970257734858717
