Unknown,Source001,Source002,Source003,Source004,Source005
0.0631621089592801,0.430885769134102,0.469114230865898,0.0215805529053315,0.00424539169008327,0.0110119464453052
