Unknown,Source001,Source002,Source003,Source004,Source005
0.0190165460366626,0.347251645612616,0.552748354387384,0.0173988465221034,0.0526731246656018,0.0109114827756322
