Unknown,Source001,Source002,Source003,Source004,Source005
0.0262096472017672,0.128159732125013,0.771840267874987,0.0422539904135783,0.026016838968589,0.00551952341606545
