Unknown,Source001,Source002,Source003,Source004,Source005
0.0286716285381681,0.47122973309214,0.42877026690786,0.00254946895230869,0.0156101187109716,0.0531687837985516
