Unknown,Source001,Source002,Source003,Source004,Source005
0.0110023025525306,0.548845157437282,0.351154842562718,0.00225183604950298,0.0387786882588481,0.0479671731391183
