Unknown,Source001,Source002,Source003,Source004,Source005
0.00377347066432521,0.437499088283979,0.462500911716021,0.0529036324873853,0.0423882122597202,0.000934684588569217
