Unknown,Source001,Source002,Source003,Source004,Source005
0.0450321992117275,0.40722102260413,0.49277897739587,0.00522481609742494,0.00762287899061671,0.0421201057002308
