Unknown,Source001,Source002
0.1,0.265137727756791,0.634862272243209
