Unknown,Source001,Source002
0.1,0.678108228605297,0.221891771394704
