Unknown,Source001,Source002
0.1,0.733310417829716,0.166689582170284
