Unknown,Source001,Source002
0.1,0.45809873980563,0.44190126019437
