Unknown,Source001,Source002
0.1,0.549540383793772,0.350459616206228
