Unknown,Source001,Source002
0.1,0.770123374801448,0.129876625198553
