Unknown,Source001,Source002
0.1,0.726463164628378,0.173536835371622
