Unknown,Source001,Source002
0.1,0.75155749937151,0.14844250062849
