Unknown,Source001,Source002
0.1,0.260047846714443,0.639952153285557
