Unknown,Source001,Source002
0.1,0.630835568540634,0.269164431459366
