Unknown,Source001,Source002
0.1,0.753479626036891,0.146520373963109
