Unknown,Source001,Source002
0.1,0.259061557753966,0.640938442246034
