Unknown,Source001,Source002
0.1,0.301600486932138,0.598399513067862
