Unknown,Source001,Source002
0.1,0.10440557459006,0.79559442540994
