Unknown,Source001,Source002
0.1,0.319494908609611,0.580505091390389
