Unknown,Source001,Source002
0.1,0.221164465865936,0.678835534134064
