Unknown,Source001,Source002
0.1,0.324549536570934,0.575450463429066
