Unknown,Source001,Source002
0.1,0.232378048481575,0.667621951518425
