Unknown,Source001,Source002
0.1,0.150683574086833,0.749316425913167
