Unknown,Source001,Source002
0.1,0.407133160129454,0.492866839870546
