Unknown,Source001,Source002
0.1,0.287398998225065,0.612601001774935
