Unknown,Source001,Source002
0.1,0.506471511933758,0.393528488066242
