Unknown,Source001,Source002
0.1,0.745953959592569,0.154046040407431
