Unknown,Source001,Source002
0.1,0.328663139934612,0.571336860065388
