Unknown,Source001,Source002
0.1,0.233906871485749,0.666093128514251
