Unknown,Source001,Source002
0.1,0.14284254379834,0.75715745620166
