Unknown,Source001,Source002
0.1,0.30685180175194,0.59314819824806
