Unknown,Source001,Source002
0.1,0.717852039376372,0.182147960623628
