Unknown,Source001,Source002
0.1,0.170552717827849,0.729447282172151
