Unknown,Source001,Source002
0.1,0.23213551318524,0.66786448681476
