Unknown,Source001,Source002
0.1,0.634079608239574,0.265920391760426
