Unknown,Source001,Source002
0.1,0.49603687727054,0.40396312272946
