Unknown,Source001,Source002
0.1,0.796686230957724,0.103313769042276
