Unknown,Source001,Source002
0.1,0.251280895725867,0.648719104274133
