Unknown,Source001,Source002
0.1,0.529050356312222,0.370949643687778
