Unknown,Source001,Source002
0.1,0.55303395191211,0.346966048087891
