Unknown,Source001,Source002
0.1,0.282395871541359,0.617604128458641
