Unknown,Source001,Source002
0.1,0.438999446294667,0.461000553705333
