Unknown,Source001,Source002
0.1,0.618028756509673,0.281971243490327
