Unknown,Source001,Source002
0.1,0.414910821683715,0.485089178316285
