Unknown,Source001,Source002
0.1,0.186606250095568,0.713393749904432
