Unknown,Source001,Source002
0.1,0.54375938608835,0.35624061391165
