Unknown,Source001,Source002
0.1,0.641176337853119,0.258823662146881
