Unknown,Source001,Source002
0.1,0.280549038063294,0.619450961936706
