Unknown,Source001,Source002
0.1,0.41005506456495,0.48994493543505
