Unknown,Source001,Source002
0.1,0.140340803445446,0.759659196554554
