Unknown,Source001,Source002
0.1,0.250080288160855,0.649919711839145
