Unknown,Source001,Source002
0.1,0.403017153083367,0.496982846916633
