Unknown,Source001,Source002
0.1,0.63678550477561,0.26321449522439
