Unknown,Source001,Source002
0.1,0.337837347774508,0.562162652225492
