Unknown,Source001,Source002
0.1,0.682846669816924,0.217153330183076
