Unknown,Source001,Source002
0.1,0.637698754414733,0.262301245585267
