Unknown,Source001,Source002
0.1,0.325634094581603,0.574365905418397
