Unknown,Source001,Source002
0.1,0.769332025335632,0.130667974664368
