Unknown,Source001,Source002
0.1,0.517822030151762,0.382177969848238
