Unknown,Source001,Source002
0.1,0.7154457868543,0.1845542131457
