Unknown,Source001,Source002
0.1,0.249407691821091,0.650592308178909
