Unknown,Source001,Source002
0.1,0.761544981229473,0.138455018770527
