Unknown,Source001,Source002
0.1,0.431225069271005,0.468774930728995
