Unknown,Source001,Source002
0.1,0.602101891902956,0.297898108097044
