Unknown,Source001,Source002
0.1,0.480357741883922,0.419642258116078
