Unknown,Source001,Source002
0.1,0.500075452296905,0.399924547703095
