Unknown,Source001,Source002
0.1,0.50544464134774,0.39455535865226
