Unknown,Source001,Source002
0.1,0.477531026840593,0.422468973159407
