Unknown,Source001,Source002
0.1,0.609008117915101,0.290991882084899
