Unknown,Source001,Source002
0.1,0.501478407606635,0.398521592393365
