Unknown,Source001,Source002
0.1,0.717556872307133,0.182443127692867
