Unknown,Source001,Source002
0.1,0.409329949004661,0.490670050995339
