Unknown,Source001,Source002
0.1,0.381226878499109,0.518773121500891
