Unknown,Source001,Source002
0.1,0.300572879751126,0.599427120248874
