Unknown,Source001,Source002
0.1,0.15854966605947,0.74145033394053
