Unknown,Source001,Source002
0.1,0.274858156262114,0.625141843737886
