Unknown,Source001,Source002
0.1,0.53469414398134,0.36530585601866
