Unknown,Source001,Source002
0.1,0.695849552377567,0.204150447622433
