Unknown,Source001,Source002
0.1,0.417454930074922,0.482545069925078
