Unknown,Source001,Source002
0.1,0.15627685095897,0.74372314904103
