Unknown,Source001,Source002
0.1,0.799384314027393,0.100615685972607
