Unknown,Source001,Source002
0.1,0.527899311328606,0.372100688671394
