Unknown,Source001,Source002
0.1,0.313763940533205,0.586236059466795
