Unknown,Source001,Source002
0.1,0.217412849159742,0.682587150840258
