Unknown,Source001,Source002
0.1,0.284239815952842,0.615760184047158
