Unknown,Source001,Source002
0.1,0.437054613901326,0.462945386098674
