Unknown,Source001,Source002
0.1,0.287200360944847,0.612799639055153
