Unknown,Source001,Source002
0.1,0.173040163734629,0.726959836265371
