Unknown,Source001,Source002
0.1,0.64502140517394,0.254978594826061
