Unknown,Source001,Source002
0.1,0.757812345105669,0.142187654894332
