Unknown,Source001,Source002
0.1,0.444048946628811,0.455951053371189
