Unknown,Source001,Source002
0.1,0.239745555200736,0.660254444799264
