Unknown,Source001,Source002
0.1,0.341231471126148,0.558768528873852
