Unknown,Source001,Source002
0.1,0.746202885497885,0.153797114502116
