Unknown,Source001,Source002
0.1,0.226354309080025,0.673645690919975
