Unknown,Source001,Source002
0.1,0.711141018870835,0.188858981129165
