Unknown,Source001,Source002
0.1,0.760386850187521,0.139613149812478
