Unknown,Source001,Source002
0.1,0.359341414974047,0.540658585025954
