Unknown,Source001,Source002
0.1,0.330844848001751,0.569155151998249
