Unknown,Source001,Source002
0.1,0.220456976900545,0.679543023099455
