Unknown,Source001,Source002
0.1,0.315686630744183,0.584313369255817
