Unknown,Source001,Source002
0.1,0.116514201481365,0.783485798518635
