Unknown,Source001,Source002
0.1,0.339389510176187,0.560610489823813
