Unknown,Source001,Source002
0.1,0.120277354868707,0.779722645131293
