Unknown,Source001,Source002
0.1,0.147808033805102,0.752191966194898
