Unknown,Source001,Source002
0.1,0.307837470970389,0.592162529029611
