Unknown,Source001,Source002
0.1,0.323800172302904,0.576199827697096
