Unknown,Source001,Source002
0.1,0.146631972228981,0.753368027771019
