Unknown,Source001,Source002
0.1,0.535378199490617,0.364621800509383
