Unknown,Source001,Source002
0.1,0.217359842676235,0.682640157323765
