Unknown,Source001,Source002
0.1,0.793709629293816,0.106290370706184
