Unknown,Source001,Source002
0.1,0.731800262290012,0.168199737709988
