Unknown,Source001,Source002
0.1,0.123007082328376,0.776992917671624
