Unknown,Source001,Source002
0.1,0.366816212633803,0.533183787366197
