Unknown,Source001,Source002
0.1,0.677207441465863,0.222792558534137
