Unknown,Source001,Source002
0.1,0.575695436578579,0.324304563421421
