Unknown,Source001,Source002
0.1,0.414898828926138,0.485101171073863
