Unknown,Source001,Source002
0.1,0.630227252393253,0.269772747606747
