Unknown,Source001,Source002
0.1,0.340737025023874,0.559262974976126
