Unknown,Source001,Source002
0.1,0.548035267666685,0.351964732333315
