Unknown,Source001,Source002
0.1,0.783190682121047,0.116809317878953
