Unknown,Source001,Source002
0.1,0.410447247377616,0.489552752622384
