Unknown,Source001,Source002
0.1,0.409706151662129,0.490293848337871
