Unknown,Source001,Source002
0.1,0.287185805938947,0.612814194061053
