Unknown,Source001,Source002
0.1,0.35196088601193,0.54803911398807
