Unknown,Source001,Source002
0.1,0.446382303661479,0.453617696338521
