Unknown,Source001,Source002
0.1,0.359461187432966,0.540538812567035
