Unknown,Source001,Source002
0.1,0.231873613178168,0.668126386821832
