Unknown,Source001,Source002
0.1,0.418869319433449,0.481130680566551
