Unknown,Source001,Source002
0.1,0.5975833584587,0.302416641541299
