Unknown,Source001,Source002
0.1,0.35350505927691,0.54649494072309
