Unknown,Source001,Source002
0.1,0.340265013799898,0.559734986200102
