Unknown,Source001,Source002
0.1,0.659098256404036,0.240901743595964
