Unknown,Source001,Source002
0.1,0.300129599566927,0.599870400433073
