Unknown,Source001,Source002
0.1,0.625660367058347,0.274339632941653
