Unknown,Source001,Source002
0.1,0.793626931708661,0.106373068291339
