Unknown,Source001,Source002
0.1,0.749928995757409,0.150071004242591
