Unknown,Source001,Source002
0.1,0.646710221560028,0.253289778439972
