Unknown,Source001,Source002
0.1,0.392122796475819,0.507877203524181
