Unknown,Source001,Source002
0.1,0.782393710825976,0.117606289174024
