Unknown,Source001,Source002
0.1,0.274042226204637,0.625957773795363
