Unknown,Source001,Source002
0.1,0.666679091707886,0.233320908292114
