Unknown,Source001,Source002
0.1,0.529227015895548,0.370772984104452
