Unknown,Source001,Source002
0.1,0.228617921673945,0.671382078326055
