Unknown,Source001,Source002
0.1,0.266998706605468,0.633001293394532
