Unknown,Source001,Source002
0.1,0.519183743780141,0.380816256219859
