Unknown,Source001,Source002
0.1,0.766806651538662,0.133193348461338
