Unknown,Source001,Source002
0.1,0.229996422922363,0.670003577077637
