Unknown,Source001,Source002
0.1,0.313748132021034,0.586251867978966
