Unknown,Source001,Source002
0.1,0.673262070029647,0.226737929970353
