Unknown,Source001,Source002
0.1,0.10954395325808,0.79045604674192
