Unknown,Source001,Source002
0.1,0.296132833794927,0.603867166205073
