Unknown,Source001,Source002
0.1,0.254468701529018,0.645531298470982
