Unknown,Source001,Source002
0.1,0.589899220905342,0.310100779094658
