Unknown,Source001,Source002
0.1,0.698644688062981,0.201355311937019
