Unknown,Source001,Source002
0.1,0.296099720918561,0.603900279081439
