Unknown,Source001,Source002
0.1,0.75665937920109,0.14334062079891
