Unknown,Source001,Source002
0.1,0.794309250986466,0.105690749013534
