Unknown,Source001,Source002
0.1,0.78651396159236,0.11348603840764
