Unknown,Source001,Source002
0.1,0.310570032510861,0.589429967489139
