Unknown,Source001,Source002
0.1,0.598610081413409,0.301389918586591
