Unknown,Source001,Source002
0.1,0.219233476578169,0.680766523421831
