Unknown,Source001,Source002
0.1,0.79676118598845,0.10323881401155
