Unknown,Source001,Source002
0.1,0.268697265366861,0.631302734633139
