Unknown,Source001,Source002
0.1,0.631664852508003,0.268335147491997
