Unknown,Source001,Source002
0.1,0.526301451195138,0.373698548804862
