Unknown,Source001,Source002
0.1,0.347000059204372,0.552999940795628
