Unknown,Source001,Source002
0.1,0.300075581148156,0.599924418851844
