Unknown,Source001,Source002
0.1,0.6746103851814,0.2253896148186
