Unknown,Source001,Source002
0.1,0.20051859892863,0.69948140107137
