Unknown,Source001,Source002
0.1,0.276395471177155,0.623604528822845
