Unknown,Source001,Source002
0.1,0.450773609410192,0.449226390589808
