Unknown,Source001,Source002
0.1,0.281361025198074,0.618638974801926
