Unknown,Source001,Source002
0.1,0.197713716666524,0.702286283333476
