Unknown,Source001,Source002
0.1,0.592893342588714,0.307106657411286
