Unknown,Source001,Source002
0.1,0.176007051060328,0.723992948939672
