Unknown,Source001,Source002
0.1,0.645675939101071,0.254324060898929
