Unknown,Source001,Source002
0.1,0.467845076659631,0.432154923340369
