Unknown,Source001,Source002
0.1,0.384930007268751,0.515069992731249
