Unknown,Source001,Source002
0.1,0.106976621778071,0.793023378221929
