Unknown,Source001,Source002
0.1,0.345757554136282,0.554242445863718
