Unknown,Source001,Source002
0.1,0.179151669977083,0.720848330022917
