Unknown,Source001,Source002
0.1,0.534932043799847,0.365067956200153
