Unknown,Source001,Source002
0.1,0.204716964423785,0.695283035576216
