Unknown,Source001,Source002
0.1,0.786582559261972,0.113417440738028
