Unknown,Source001,Source002
0.1,0.382128734584458,0.517871265415542
