Unknown,Source001,Source002
0.1,0.480746761717784,0.419253238282216
