Unknown,Source001,Source002
0.1,0.233361851290892,0.666638148709108
