Unknown,Source001,Source002
0.1,0.427470240986793,0.472529759013207
