Unknown,Source001,Source002
0.1,0.603960566186531,0.296039433813469
