Unknown,Source001,Source002
0.1,0.441050026608591,0.458949973391409
