Unknown,Source001,Source002
0.1,0.239955430190579,0.660044569809421
