Unknown,Source001,Source002
0.1,0.105151363975843,0.794848636024157
