Unknown,Source001,Source002
0.1,0.521154858301868,0.378845141698132
