Unknown,Source001,Source002
0.1,0.285876097979891,0.614123902020109
