Unknown,Source001,Source002
0.1,0.629615541708081,0.270384458291919
