Unknown,Source001,Source002
0.1,0.692653092030237,0.207346907969763
