Unknown,Source001,Source002
0.1,0.548195111850899,0.351804888149101
