Unknown,Source001,Source002
0.1,0.607147656939471,0.292852343060529
