Unknown,Source001,Source002
0.1,0.1547181256113,0.7452818743887
