Unknown,Source001,Source002
0.1,0.741023877609117,0.158976122390883
