Unknown,Source001,Source002
0.1,0.236131551982224,0.663868448017776
