Unknown,Source001,Source002
0.1,0.369899566530025,0.530100433469975
