Unknown,Source001,Source002
0.1,0.618538767036797,0.281461232963203
