Unknown,Source001,Source002
0.1,0.324909374144627,0.575090625855373
