Unknown,Source001,Source002
0.1,0.194927976686641,0.705072023313359
