Unknown,Source001,Source002
0.1,0.527367760632563,0.372632239367437
