Unknown,Source001,Source002
0.1,0.580458890631024,0.319541109368976
