Unknown,Source001,Source002
0.1,0.770389336708332,0.129610663291668
