Unknown,Source001,Source002
0.1,0.369652413957334,0.530347586042666
