Unknown,Source001,Source002
0.1,0.38474915415132,0.51525084584868
