Unknown,Source001,Source002
0.1,0.154063332630993,0.745936667369007
