Unknown,Source001,Source002
0.1,0.588625688523718,0.311374311476282
