Unknown,Source001,Source002
0.1,0.715172339462677,0.184827660537323
