Unknown,Source001,Source002
0.1,0.414427655283011,0.485572344716989
