Unknown,Source001,Source002
0.1,0.116706015433661,0.783293984566339
