Unknown,Source001,Source002
0.1,0.174034085893339,0.725965914106661
