Unknown,Source001,Source002
0.1,0.435886964025339,0.464113035974661
