Unknown,Source001,Source002
0.1,0.739180707566942,0.160819292433058
