Unknown,Source001,Source002
0.1,0.241653904906324,0.658346095093676
