Unknown,Source001,Source002
0.1,0.282426541616841,0.617573458383159
