Unknown,Source001,Source002
0.1,0.279757178822528,0.620242821177472
