Unknown,Source001,Source002
0.1,0.524628493316089,0.375371506683911
