Unknown,Source001,Source002
0.1,0.289399747845115,0.610600252154885
