Unknown,Source001,Source002
0.1,0.575255784456322,0.324744215543678
