Unknown,Source001,Source002
0.1,0.496227580871373,0.403772419128627
