Unknown,Source001,Source002
0.1,0.695037165452918,0.204962834547082
