Unknown,Source001,Source002
0.1,0.610238659803725,0.289761340196275
