Unknown,Source001,Source002
0.1,0.125893163382199,0.774106836617801
