Unknown,Source001,Source002
0.1,0.236068529676706,0.663931470323294
