Unknown,Source001,Source002
0.1,0.273531013216285,0.626468986783715
