Unknown,Source001,Source002
0.1,0.703855791518235,0.196144208481765
