Unknown,Source001,Source002
0.1,0.267461546910269,0.632538453089731
