Unknown,Source001,Source002
0.1,0.778462499630804,0.121537500369196
