Unknown,Source001,Source002
0.1,0.384909775538287,0.515090224461713
