Unknown,Source001,Source002
0.1,0.22380079900896,0.67619920099104
