Unknown,Source001,Source002
0.1,0.199837769248072,0.700162230751928
