Unknown,Source001,Source002
0.1,0.404139141442539,0.495860858557461
