Unknown,Source001,Source002
0.1,0.614282352616561,0.285717647383439
