Unknown,Source001,Source002
0.1,0.583330425277621,0.316669574722379
