Unknown,Source001,Source002
0.1,0.647304243549091,0.252695756450909
