Unknown,Source001,Source002
0.1,0.443203512759577,0.456796487240423
