Unknown,Source001,Source002
0.1,0.639979333904232,0.260020666095768
