Unknown,Source001,Source002
0.1,0.201673206325018,0.698326793674982
