Unknown,Source001,Source002
0.1,0.35301130448356,0.54698869551644
