Unknown,Source001,Source002
0.1,0.305694146709908,0.594305853290092
