Unknown,Source001,Source002
0.1,0.104413866063393,0.795586133936607
