Unknown,Source001,Source002
0.1,0.733204524901127,0.166795475098873
