Unknown,Source001,Source002
0.1,0.496018701652929,0.403981298347071
