Unknown,Source001,Source002
0.1,0.750475253757372,0.149524746242628
