Unknown,Source001,Source002
0.1,0.220441454848369,0.679558545151631
