Unknown,Source001,Source002
0.1,0.661493551511519,0.238506448488481
