Unknown,Source001,Source002
0.1,0.690055559449041,0.209944440550959
