Unknown,Source001,Source002
0.1,0.493486828820805,0.406513171179195
