Unknown,Source001,Source002
0.1,0.62571178597186,0.27428821402814
