Unknown,Source001,Source002
0.1,0.623406401988265,0.276593598011735
