Unknown,Source001,Source002
0.1,0.322260425537063,0.577739574462937
