Unknown,Source001,Source002
0.1,0.796472273128585,0.103527726871415
