Unknown,Source001,Source002
0.1,0.16481610033901,0.73518389966099
