Unknown,Source001,Source002
0.1,0.488758163889646,0.411241836110354
