Unknown,Source001,Source002
0.1,0.106878758777806,0.793121241222194
