Unknown,Source001,Source002
0.1,0.162193680108959,0.737806319891041
