Unknown,Source001,Source002
0.1,0.413410954023153,0.486589045976847
