Unknown,Source001,Source002
0.1,0.351522951665605,0.548477048334395
