Unknown,Source001,Source002
0.1,0.139535165070796,0.760464834929204
