Unknown,Source001,Source002
0.1,0.16944717541842,0.73055282458158
