Unknown,Source001,Source002
0.1,0.29273213443875,0.60726786556125
