Unknown,Source001,Source002
0.1,0.479837560265696,0.420162439734305
