Unknown,Source001,Source002
0.1,0.56441387638835,0.33558612361165
