Unknown,Source001,Source002
0.1,0.572856556820148,0.327143443179852
