Unknown,Source001,Source002
0.1,0.588004976326771,0.311995023673229
