Unknown,Source001,Source002
0.1,0.635852312282549,0.264147687717451
