Unknown,Source001,Source002
0.1,0.500296070259446,0.399703929740554
