Unknown,Source001,Source002
0.1,0.554912666881654,0.345087333118346
