Unknown,Source001,Source002
0.1,0.145356080605306,0.754643919394694
