Unknown,Source001,Source002
0.1,0.290887039341427,0.609112960658573
