Unknown,Source001,Source002
0.1,0.112609870786804,0.787390129213196
