Unknown,Source001,Source002
0.1,0.748324358088633,0.151675641911367
