Unknown,Source001,Source002
0.1,0.426509242542974,0.473490757457026
