Unknown,Source001,Source002
0.1,0.454277514785464,0.445722485214536
