Unknown,Source001,Source002
0.1,0.764862328348648,0.135137671651352
