Unknown,Source001,Source002
0.1,0.723442709162445,0.176557290837555
