Unknown,Source001,Source002
0.1,0.136000595808379,0.763999404191621
