Unknown,Source001,Source002
0.1,0.597103121986222,0.302896878013778
