Unknown,Source001,Source002
0.1,0.117917718448542,0.782082281551458
