Unknown,Source001,Source002
0.1,0.673215804001993,0.226784195998007
