Unknown,Source001,Source002
0.1,0.740370404917428,0.159629595082572
