Unknown,Source001,Source002
0.1,0.754338461455924,0.145661538544076
