Unknown,Source001,Source002
0.1,0.586188476682675,0.313811523317325
