Unknown,Source001,Source002
0.1,0.273098327749951,0.626901672250049
