Unknown,Source001,Source002
0.1,0.624149133812323,0.275850866187677
