Unknown,Source001,Source002
0.1,0.540553655703753,0.359446344296247
