Unknown,Source001,Source002
0.1,0.520606378899574,0.379393621100427
