Unknown,Source001,Source002
0.1,0.445062012180834,0.454937987819166
