Unknown,Source001,Source002
0.1,0.702193267847567,0.197806732152433
