Unknown,Source001,Source002
0.1,0.605243573992123,0.294756426007877
