Unknown,Source001,Source002
0.1,0.39445362456417,0.50554637543583
