Unknown,Source001,Source002
0.1,0.655116244255177,0.244883755744823
