Unknown,Source001,Source002
0.1,0.461607294437599,0.438392705562401
