Unknown,Source001,Source002
0.1,0.393268178449535,0.506731821550465
