Unknown,Source001,Source002
0.1,0.776113495555111,0.123886504444889
