Unknown,Source001,Source002
0.1,0.55402447084929,0.345975529150711
