Unknown,Source001,Source002
0.1,0.710688939391028,0.189311060608972
