Unknown,Source001,Source002
0.1,0.48846713491165,0.41153286508835
