Unknown,Source001,Source002
0.1,0.356277333676407,0.543722666323593
