Unknown,Source001,Source002
0.1,0.433798477491424,0.466201522508576
