Unknown,Source001,Source002
0.1,0.242672833827014,0.657327166172986
