Unknown,Source001,Source002
0.1,0.737625806925575,0.162374193074425
