Unknown,Source001,Source002
0.1,0.433676970526188,0.466323029473812
