Unknown,Source001,Source002
0.1,0.411705262550759,0.488294737449241
