Unknown,Source001,Source002
0.1,0.791648034341145,0.108351965658855
