Unknown,Source001,Source002
0.1,0.726925605564875,0.173074394435125
