Unknown,Source001,Source002
0.1,0.436633610772898,0.463366389227102
