Unknown,Source001,Source002
0.1,0.618352149785113,0.281647850214887
