Unknown,Source001,Source002
0.1,0.226404587241735,0.673595412758266
