Unknown,Source001,Source002
0.1,0.315627345437516,0.584372654562484
