Unknown,Source001,Source002
0.1,0.754892825825771,0.145107174174229
