Unknown,Source001,Source002
0.1,0.566035937996738,0.333964062003262
