Unknown,Source001,Source002
0.1,0.72208959168113,0.17791040831887
