Unknown,Source001,Source002
0.1,0.332482120526889,0.567517879473111
