Unknown,Source001,Source002
0.1,0.460163343595451,0.439836656404549
