Unknown,Source001,Source002
0.1,0.461407085776226,0.438592914223774
