Unknown,Source001,Source002
0.1,0.111695566551962,0.788304433448038
