Unknown,Source001,Source002
0.1,0.500260130659517,0.399739869340483
