Unknown,Source001,Source002
0.1,0.512097241551893,0.387902758448107
