Unknown,Source001,Source002
0.1,0.691588430347465,0.208411569652535
