Unknown,Source001,Source002
0.1,0.469939413390949,0.430060586609052
