Unknown,Source001,Source002
0.1,0.381885745639994,0.518114254360006
