Unknown,Source001,Source002
0.1,0.28136181839677,0.61863818160323
