Unknown,Source001,Source002
0.1,0.593110877765735,0.306889122234265
