Unknown,Source001,Source002
0.1,0.360108360405859,0.539891639594141
