Unknown,Source001,Source002
0.1,0.170634174644758,0.729365825355242
