Unknown,Source001,Source002
0.1,0.438155904892287,0.461844095107713
