Unknown,Source001,Source002
0.1,0.654834274773815,0.245165725226185
