Unknown,Source001,Source002
0.1,0.676430118105314,0.223569881894686
