Unknown,Source001,Source002
0.1,0.727503727877919,0.172496272122081
