Unknown,Source001,Source002
0.1,0.330187343116436,0.569812656883564
