Unknown,Source001,Source002
0.1,0.586487220776901,0.313512779223099
