Unknown,Source001,Source002
0.1,0.439582354917753,0.460417645082247
