Unknown,Source001,Source002
0.1,0.739089123691959,0.160910876308041
