Unknown,Source001,Source002
0.1,0.278244325966949,0.621755674033051
