Unknown,Source001,Source002
0.1,0.482448251423644,0.417551748576356
