Unknown,Source001,Source002
0.1,0.165843617074764,0.734156382925236
