Unknown,Source001,Source002
0.1,0.636020252489761,0.263979747510239
