Unknown,Source001,Source002
0.1,0.262622648616219,0.637377351383781
