Unknown,Source001,Source002
0.1,0.652166618008368,0.247833381991632
