Unknown,Source001,Source002
0.1,0.162997100036198,0.737002899963802
