Unknown,Source001,Source002
0.1,0.215520794282806,0.684479205717194
