Unknown,Source001,Source002
0.1,0.164329410439815,0.735670589560185
