Unknown,Source001,Source002
0.1,0.772455835633942,0.127544164366058
