Unknown,Source001,Source002
0.1,0.7239365947112,0.1760634052888
