Unknown,Source001,Source002
0.1,0.551251194530139,0.348748805469861
