Unknown,Source001,Source002
0.1,0.150314245875863,0.749685754124137
