Unknown,Source001,Source002
0.1,0.313555176888706,0.586444823111294
