Unknown,Source001,Source002
0.1,0.418842552073243,0.481157447926757
