Unknown,Source001,Source002
0.1,0.258340412479843,0.641659587520157
