Unknown,Source001,Source002
0.1,0.241962961478975,0.658037038521026
