Unknown,Source001,Source002
0.1,0.531688038758054,0.368311961241946
