Unknown,Source001,Source002
0.1,0.536042273358438,0.363957726641562
