Unknown,Source001,Source002
0.1,0.599272924726932,0.300727075273068
