Unknown,Source001,Source002
0.1,0.503356547387797,0.396643452612203
