Unknown,Source001,Source002
0.1,0.645204379906309,0.254795620093691
