Unknown,Source001,Source002
0.1,0.75702907358421,0.14297092641579
