Unknown,Source001,Source002
0.1,0.394381330650569,0.505618669349431
