Unknown,Source001,Source002
0.1,0.435742203033482,0.464257796966518
