Unknown,Source001,Source002
0.1,0.746202973986318,0.153797026013682
