Unknown,Source001,Source002
0.1,0.537135987478808,0.362864012521192
