Unknown,Source001,Source002
0.1,0.279591791096682,0.620408208903318
