Unknown,Source001,Source002
0.1,0.142799276965264,0.757200723034736
