Unknown,Source001,Source002
0.1,0.586856392009362,0.313143607990638
