Unknown,Source001,Source002
0.1,0.61890020667001,0.28109979332999
