Unknown,Source001,Source002
0.1,0.590997739348267,0.309002260651733
