Unknown,Source001,Source002
0.1,0.254298851603736,0.645701148396264
