Unknown,Source001,Source002
0.1,0.418968396673102,0.481031603326898
