Unknown,Source001,Source002
0.1,0.384106850375378,0.515893149624622
