Unknown,Source001,Source002
0.1,0.383626506357644,0.516373493642356
