Unknown,Source001,Source002
0.1,0.35470741744242,0.54529258255758
