Unknown,Source001,Source002
0.1,0.116818460416974,0.783181539583026
