Unknown,Source001,Source002
0.1,0.172763489124438,0.727236510875562
