Unknown,Source001,Source002
0.1,0.65154324210529,0.24845675789471
