Unknown,Source001,Source002
0.1,0.213988129028219,0.686011870971781
