Unknown,Source001,Source002
0.1,0.370544478593509,0.529455521406491
