Unknown,Source001,Source002
0.1,0.16009730308562,0.73990269691438
