Unknown,Source001,Source002
0.1,0.644395021271244,0.255604978728756
