Unknown,Source001,Source002
0.1,0.110969847905839,0.789030152094161
