Unknown,Source001,Source002
0.1,0.502069388689903,0.397930611310097
