Unknown,Source001,Source002
0.1,0.478570351143295,0.421429648856705
