Unknown,Source001,Source002
0.1,0.242653201739691,0.657346798260309
