Unknown,Source001,Source002
0.1,0.440310824714271,0.459689175285729
