Unknown,Source001,Source002
0.1,0.639057971203389,0.260942028796611
