Unknown,Source001,Source002
0.1,0.257445473321064,0.642554526678936
