Unknown,Source001,Source002
0.1,0.150102579987164,0.749897420012836
