Unknown,Source001,Source002
0.1,0.218319529507761,0.681680470492239
