Unknown,Source001,Source002
0.1,0.650484670503581,0.249515329496419
