Unknown,Source001,Source002
0.1,0.104879479642138,0.795120520357862
