Unknown,Source001,Source002
0.1,0.308402241143366,0.591597758856634
