Unknown,Source001,Source002
0.1,0.422045484065212,0.477954515934788
