Unknown,Source001,Source002
0.1,0.302139000295821,0.597860999704179
