Unknown,Source001,Source002
0.1,0.759083116787047,0.140916883212953
