Unknown,Source001,Source002
0.1,0.335566168457322,0.564433831542678
