Unknown,Source001,Source002
0.1,0.519599539298047,0.380400460701954
