Unknown,Source001,Source002
0.1,0.199505037777442,0.700494962222558
