Unknown,Source001,Source002
0.1,0.424517758462787,0.475482241537213
