Unknown,Source001,Source002
0.1,0.47235515846705,0.42764484153295
