Unknown,Source001,Source002
0.1,0.744458531266997,0.155541468733003
