Unknown,Source001,Source002
0.1,0.654091783887073,0.245908216112927
