Unknown,Source001,Source002
0.1,0.2076240295428,0.6923759704572
