Unknown,Source001,Source002
0.1,0.110089620749254,0.789910379250746
