Unknown,Source001,Source002
0.1,0.645652838581099,0.254347161418901
