Unknown,Source001,Source002
0.1,0.125149952878975,0.774850047121025
