Unknown,Source001,Source002
0.1,0.466541276059848,0.433458723940152
