Unknown,Source001,Source002
0.1,0.616671044746207,0.283328955253793
