Unknown,Source001,Source002
0.1,0.143219809659521,0.756780190340479
