Unknown,Source001,Source002
0.1,0.35953854322877,0.54046145677123
