Unknown,Source001,Source002
0.1,0.495859024588403,0.404140975411596
