Unknown,Source001,Source002
0.1,0.234455720597362,0.665544279402638
