Unknown,Source001,Source002
0.1,0.640862547397959,0.259137452602041
