Unknown,Source001,Source002
0.1,0.503601619210763,0.396398380789237
