Unknown,Source001,Source002
0.1,0.188871812431417,0.711128187568583
