Unknown,Source001,Source002
0.1,0.111284045187204,0.788715954812796
