Unknown,Source001,Source002
0.1,0.237889689065705,0.662110310934295
