Unknown,Source001,Source002
0.1,0.508875270055738,0.391124729944262
