Unknown,Source001,Source002
0.1,0.409022607508696,0.490977392491304
