Unknown,Source001,Source002
0.1,0.36909576451295,0.53090423548705
