Unknown,Source001,Source002
0.1,0.626659680776297,0.273340319223703
