Unknown,Source001,Source002
0.1,0.402174216930908,0.497825783069092
