Unknown,Source001,Source002
0.1,0.682891367389591,0.217108632610409
