Unknown,Source001,Source002
0.1,0.282347477895456,0.617652522104544
