Unknown,Source001,Source002
0.1,0.252851724008991,0.647148275991009
