Unknown,Source001,Source002
0.1,0.570619648219617,0.329380351780383
