Unknown,Source001,Source002
0.1,0.106575397669465,0.793424602330535
