Unknown,Source001,Source002
0.1,0.467407193039271,0.432592806960729
