Unknown,Source001,Source002
0.1,0.497072214476141,0.402927785523859
