Unknown,Source001,Source002
0.1,0.107872925707724,0.792127074292276
