Unknown,Source001,Source002
0.1,0.1320661282641,0.7679338717359
