Unknown,Source001,Source002
0.1,0.792330596315667,0.107669403684333
