Unknown,Source001,Source002
0.1,0.137576763323235,0.762423236676765
