Unknown,Source001,Source002
0.1,0.448864136659343,0.451135863340657
