Unknown,Source001,Source002
0.1,0.43141462861335,0.46858537138665
