Unknown,Source001,Source002
0.1,0.127000176841336,0.772999823158664
