Unknown,Source001,Source002
0.1,0.354932738506774,0.545067261493226
