Unknown,Source001,Source002
0.1,0.363160833705993,0.536839166294008
