Unknown,Source001,Source002
0.1,0.156491437536985,0.743508562463015
