Unknown,Source001,Source002
0.1,0.331165266702799,0.568834733297201
