Unknown,Source001,Source002
0.1,0.548158998103887,0.351841001896114
