Unknown,Source001,Source002
0.1,0.119770758511348,0.780229241488652
