Unknown,Source001,Source002
0.1,0.322296708754885,0.577703291245116
