Unknown,Source001,Source002
0.1,0.446248582029853,0.453751417970147
