Unknown,Source001,Source002
0.1,0.230783805872313,0.669216194127688
