Unknown,Source001,Source002
0.1,0.248366304326443,0.651633695673557
