Unknown,Source001,Source002
0.1,0.782074054703853,0.117925945296147
