Unknown,Source001,Source002
0.1,0.723944173127319,0.176055826872681
