Unknown,Source001,Source002
0.1,0.56945795079589,0.33054204920411
