Unknown,Source001,Source002
0.1,0.351461130548264,0.548538869451736
