Unknown,Source001,Source002
0.1,0.583470101208019,0.316529898791981
