Unknown,Source001,Source002
0.1,0.211641381766092,0.688358618233908
