Unknown,Source001,Source002
0.1,0.362729319664091,0.537270680335909
