Unknown,Source001,Source002
0.1,0.200175030197997,0.699824969802003
