Unknown,Source001,Source002
0.1,0.656956703579044,0.243043296420956
