Unknown,Source001,Source002
0.1,0.225430196038197,0.674569803961803
