Unknown,Source001,Source002
0.1,0.584728656400215,0.315271343599785
