Unknown,Source001,Source002
0.1,0.610040184124345,0.289959815875655
