Unknown,Source001,Source002
0.1,0.557951472544635,0.342048527455365
