Unknown,Source001,Source002
0.1,0.210624866841471,0.689375133158529
