Unknown,Source001,Source002
0.1,0.613033967902773,0.286966032097226
