Unknown,Source001,Source002
0.1,0.716183270653359,0.183816729346641
