Unknown,Source001,Source002
0.1,0.137799717434553,0.762200282565447
