Unknown,Source001,Source002
0.1,0.518113736275969,0.381886263724031
