Unknown,Source001,Source002
0.1,0.764748124830869,0.135251875169131
