Unknown,Source001,Source002
0.1,0.586228116742455,0.313771883257545
