Unknown,Source001,Source002
0.1,0.195587922893639,0.704412077106361
