Unknown,Source001,Source002
0.1,0.544353870215378,0.355646129784622
