Unknown,Source001,Source002
0.1,0.165727377572187,0.734272622427813
