Unknown,Source001,Source002
0.1,0.144456910177848,0.755543089822151
