Unknown,Source001,Source002
0.1,0.798862572148244,0.101137427851756
