Unknown,Source001,Source002
0.1,0.641761026793691,0.258238973206309
