Unknown,Source001,Source002
0.1,0.687146157956814,0.212853842043186
