Unknown,Source001,Source002
0.1,0.559884271595027,0.340115728404973
