Unknown,Source001,Source002
0.1,0.648872190230632,0.251127809769368
