Unknown,Source001,Source002
0.1,0.395980248901585,0.504019751098415
