Unknown,Source001,Source002
0.1,0.577399768839553,0.322600231160447
