Unknown,Source001,Source002
0.1,0.721979869381057,0.178020130618944
