Unknown,Source001,Source002
0.1,0.613733865404072,0.286266134595928
