Unknown,Source001,Source002
0.1,0.732014407979308,0.167985592020693
