Unknown,Source001,Source002
0.1,0.410224853138293,0.489775146861707
