Unknown,Source001,Source002
0.1,0.662446724895034,0.237553275104966
