Unknown,Source001,Source002
0.1,0.357271803639878,0.542728196360122
