Unknown,Source001,Source002
0.1,0.37233234556198,0.52766765443802
