Unknown,Source001,Source002
0.1,0.641414581812605,0.258585418187395
