Unknown,Source001,Source002
0.1,0.562565862016268,0.337434137983732
