Unknown,Source001,Source002
0.1,0.792594717131664,0.107405282868336
