Unknown,Source001,Source002
0.1,0.505601291455096,0.394398708544904
