Unknown,Source001,Source002
0.1,0.562712293641405,0.337287706358595
