Unknown,Source001,Source002
0.1,0.227637077391173,0.672362922608827
