Unknown,Source001,Source002
0.1,0.565287056731058,0.334712943268942
