Unknown,Source001,Source002
0.1,0.727366549202564,0.172633450797436
