Unknown,Source001,Source002
0.1,0.77037197570319,0.12962802429681
