Unknown,Source001,Source002
0.1,0.277964097651464,0.622035902348536
