Unknown,Source001,Source002
0.1,0.25738402683285,0.64261597316715
