Unknown,Source001,Source002
0.1,0.484858658778006,0.415141341221994
