Unknown,Source001,Source002
0.1,0.465031800493226,0.434968199506774
