Unknown,Source001,Source002,Source003,Source004,Source005
0.1,0.209048885482066,0.172777694060254,0.120460977827869,0.229401964568363,0.168310478061448
