Unknown,Source001,Source002,Source003,Source004,Source005
0.1,0.100049007323319,0.331715118720329,0.209430913497588,0.148073437952577,0.110731522506187
