Unknown,Source001,Source002,Source003,Source004,Source005
0.1,0.168504187244445,0.106063448329229,0.170004810161194,0.11248539204164,0.342942162223493
