Unknown,Source001,Source002,Source003,Source004,Source005
0.1,0.14526352684503,0.148324549805247,0.298156796110879,0.194948722024518,0.113306405214326
