Unknown,Source001,Source002,Source003,Source004,Source005
0.1,0.17586879581706,0.142393327522825,0.211815858083638,0.153350222244022,0.216571796332454
