Unknown,Source001,Source002,Source003,Source004,Source005
0.1,0.121956885801378,0.21400091941669,0.198893622273778,0.103664095605722,0.261484476902433
