Unknown,Source001,Source002,Source003,Source004,Source005
0.1,0.153382171980113,0.150857496281427,0.244303371817696,0.10038997995396,0.251066979966804
