Unknown,Source001,Source002,Source003,Source004,Source005
0.1,0.101167496811987,0.30899166734211,0.161815069743017,0.211922263183541,0.116103502919347
