Unknown,Source001,Source002,Source003,Source004,Source005
0.1,0.166323218881483,0.168839364569439,0.227080910904755,0.202170739616708,0.135585766027615
