Unknown,Source001,Source002,Source003,Source004,Source005
0.1,0.178150925059848,0.282274874950222,0.169213147905856,0.162506360372247,0.107854691711828
