Unknown,Source001,Source002,Source003,Source004,Source005
0.1,0.156323953713179,0.194890622360078,0.203494359698809,0.108986812050277,0.236304252177657
