Unknown,Source001,Source002,Source003,Source004,Source005
0.1,0.22782385392239,0.249007969469065,0.147427541621539,0.154587379055152,0.121153255931854
