Unknown,Source001,Source002,Source003,Source004,Source005
0.1,0.1712371697396,0.136488418968685,0.190475911407347,0.248391498707933,0.153407001176436
