Unknown,Source001,Source002,Source003,Source004,Source005
0.1,0.170700134854112,0.123550448215754,0.112113407162623,0.147172595805866,0.346463413961645
