Unknown,Source001,Source002,Source003,Source004,Source005
0.1,0.181975628406136,0.205421289170413,0.145466180072885,0.20045564671426,0.166681255636307
