Unknown,Source001,Source002,Source003,Source004,Source005
0.1,0.180869662479071,0.188381794554206,0.125693698069774,0.231585492281051,0.173469352615898
