Unknown,Source001,Source002,Source003,Source004,Source005
0.1,0.112191312679924,0.138008021223479,0.29446895873278,0.209907733077933,0.145423974285883
