Unknown,Source001,Source002,Source003,Source004,Source005
0.1,0.169416669978626,0.113657282901834,0.221054154456678,0.220623199399808,0.175248693263054
