Unknown,Source001,Source002,Source003,Source004,Source005
0.1,0.244721308650451,0.136517302264117,0.20879126292561,0.194786134327419,0.115183991832403
