Unknown,Source001,Source002,Source003,Source004,Source005
0.1,0.108338731419037,0.1367028424042,0.217269758298764,0.281849605435565,0.155839062442435
