Unknown,Source001,Source002,Source003,Source004,Source005
0.1,0.106874041029657,0.122552010044657,0.230640846218095,0.152229621042205,0.287703481665386
