Unknown,Source001,Source002,Source003,Source004,Source005
0.1,0.167037732040551,0.156531415000685,0.135751769030444,0.138875146073673,0.301803937854647
