Unknown,Source001,Source002,Source003,Source004,Source005
0.1,0.143808563600585,0.210145033531616,0.104421066385976,0.102308176791602,0.339317159690221
