Unknown,Source001,Source002,Source003,Source004,Source005
0.1,0.194460645210706,0.139536821932097,0.264952520290089,0.121535761523212,0.179514251043897
