Unknown,Source001,Source002,Source003,Source004,Source005
0.1,0.238484821178093,0.111206997265097,0.188778483533699,0.135145831346241,0.226383866676869
