Unknown,Source001,Source002,Source003,Source004,Source005
0.1,0.275667532588106,0.182394898760869,0.221941627381638,0.107560543215313,0.112435398054075
