Unknown,Source001,Source002,Source003,Source004,Source005
0.1,0.117851794786455,0.273836399595668,0.156489529694453,0.227802168642008,0.124020107281417
