Unknown,Source001,Source002,Source003,Source004,Source005
0.1,0.291370079521608,0.102403790350132,0.218531956638157,0.108007029015886,0.179687144474216
