Unknown,Source001,Source002,Source003,Source004,Source005
0.1,0.211078964094881,0.160897056363698,0.122457124129961,0.275028606208579,0.130538249202881
