Unknown,Source001,Source002,Source003,Source004,Source005
0.1,0.221680914464791,0.134860922052835,0.191581575696746,0.181921361377805,0.169955226407823
