Unknown,Source001,Source002,Source003,Source004,Source005
0.1,0.150798147067669,0.304185964843968,0.11699304776841,0.202082807043122,0.125940033276831
