Unknown,Source001,Source002,Source003,Source004,Source005
0.1,0.361227543963343,0.104710100101701,0.153156053483306,0.173704769241903,0.107201533209747
