Unknown,Source001,Source002,Source003,Source004,Source005
0.1,0.277743284208144,0.116466449934517,0.13284747950269,0.1872818710644,0.185660915290249
