Unknown,Source001,Source002,Source003,Source004,Source005
0.1,0.124254718572353,0.222700427978328,0.135206579667846,0.109383916698349,0.308454357083124
