Unknown,Source001,Source002,Source003,Source004,Source005
0.1,0.134019136111741,0.221957809710528,0.149569946130487,0.190406476227948,0.204046631819296
