Unknown,Source001,Source002,Source003,Source004,Source005
0.1,0.23679146131274,0.136983479134457,0.128955907667164,0.189879745462577,0.207389406423061
