Unknown,Source001,Source002,Source003,Source004,Source005
0.1,0.273054365193434,0.117558260331719,0.21156561156976,0.142825567468066,0.154996195437021
