Unknown,Source001,Source002,Source003,Source004,Source005
0.1,0.146229730675955,0.348437014239298,0.10177492355929,0.183185965198298,0.120372366327159
