Unknown,Source001,Source002,Source003,Source004,Source005
0.1,0.14104911850808,0.10017624925023,0.131853529610181,0.140884872848855,0.386036229782653
