Unknown,Source001,Source002,Source003,Source004,Source005
0.1,0.130180303990725,0.104634572106414,0.215022700044554,0.124353562170978,0.325808861687329
