Unknown,Source001,Source002,Source003,Source004,Source005
0.1,0.101856339976831,0.208348318674873,0.11100374536435,0.34426590220178,0.134525693782166
