Unknown,Source001,Source002,Source003,Source004,Source005
0.1,0.243029530261956,0.159427557088072,0.152386848972186,0.203390276002332,0.141765787675454
