Unknown,Source001,Source002,Source003,Source004,Source005
0.1,0.245666017995942,0.215266821744341,0.110588587392611,0.142121668979095,0.186356903888011
