Unknown,Source001,Source002,Source003,Source004,Source005
0.1,0.117315988500596,0.369936187602002,0.132398548085959,0.134430316326149,0.145918959485294
