Unknown,Source001,Source002,Source003,Source004,Source005
0.1,0.109172376962528,0.219777629857001,0.160114761330954,0.208555085929385,0.202380145920133
