Unknown,Source001,Source002,Source003,Source004,Source005
0.1,0.209645469845592,0.124185507126623,0.118219896894409,0.281402125183895,0.166547000949481
