Unknown,Source001,Source002,Source003,Source004,Source005
0.1,0.169956780506839,0.29346391320406,0.101625288164764,0.109227495487419,0.225726522636918
