Unknown,Source001,Source002,Source003,Source004,Source005
0.1,0.142429928597613,0.156315503110729,0.107059644699307,0.321925404179037,0.172269519413313
