Unknown,Source001,Source002,Source003,Source004,Source005
0.1,0.120574861106839,0.181893349690516,0.155073149176143,0.291483421487759,0.150975218538743
