Unknown,Source001,Source002,Source003,Source004,Source005
0.1,0.145148727733248,0.132937795705048,0.230300788330961,0.167619129660644,0.223993558570099
