Unknown,Source001,Source002,Source003,Source004,Source005
0.1,0.299771195685096,0.103183157298587,0.113297564695162,0.183831109307238,0.199916973013915
