Unknown,Source001,Source002,Source003,Source004,Source005
0.1,0.196003558191951,0.256634824568275,0.171314192699635,0.157847583163968,0.118199841376171
