Unknown,Source001,Source002,Source003,Source004,Source005
0.1,0.293616495521892,0.130916902409487,0.183262980946799,0.12299646306685,0.169207158054971
