Unknown,Source001,Source002,Source003,Source004,Source005
0.1,0.2044570522089,0.117535952089347,0.223284484608204,0.240343627961457,0.114378883132092
