Unknown,Source001,Source002,Source003,Source004,Source005
0.1,0.101959708830526,0.107068331107801,0.158804895893509,0.366940582828633,0.165226481339531
