Unknown,Source001,Source002,Source003,Source004,Source005
0.1,0.207474181953814,0.188052269515952,0.100418189874351,0.171796791431773,0.23225856722411
