Unknown,Source001,Source002,Source003,Source004,Source005
0.1,0.133178320360565,0.122994773716209,0.242632586244691,0.274438419836641,0.126755899841895
