Unknown,Source001,Source002,Source003,Source004,Source005
0.1,0.272826835663587,0.15736575623153,0.121376587944766,0.17304493618827,0.175385883971847
