Unknown,Source001,Source002,Source003,Source004,Source005
0.1,0.162782322691646,0.195723781490229,0.248033829812203,0.117220085870465,0.176239980135458
