Unknown,Source001,Source002,Source003,Source004,Source005
0.1,0.133293368264674,0.259442303399593,0.244047931327226,0.150745450373985,0.112470946634522
