Unknown,Source001,Source002,Source003,Source004,Source005
0.1,0.336348311292514,0.120453678054325,0.121891056563439,0.176251693603663,0.145055260486059
