Unknown,Source001,Source002,Source003,Source004,Source005
0.1,0.104041044863251,0.100395833996272,0.261690898896427,0.135133533899425,0.298738688344625
