Unknown,Source001,Source002,Source003,Source004,Source005
0.1,0.19239772745865,0.142646876772187,0.121497639640223,0.338609978130541,0.1048477779984
