Unknown,Source001,Source002,Source003,Source004,Source005
0.1,0.19584131637397,0.159394749740814,0.2793858884634,0.134493528834631,0.130884516587185
