Unknown,Source001,Source002,Source003,Source004,Source005
0.1,0.130365972803241,0.154225159857243,0.217474420485519,0.114831452699416,0.28310299415458
