Unknown,Source001,Source002,Source003,Source004,Source005
0.1,0.121190770975287,0.369921841205585,0.14754718020884,0.158061106468091,0.103279101142198
