Unknown,Source001,Source002,Source003,Source004,Source005
0.1,0.136827023641487,0.182358126448877,0.147146342169826,0.323401033039373,0.110267474700436
