Unknown,Source001,Source002,Source003,Source004,Source005
0.1,0.135830040471075,0.224023920137231,0.191514008930894,0.165390983019655,0.183241047441145
