Unknown,Source001,Source002,Source003,Source004,Source005
0.1,0.320327962786271,0.115651030202961,0.10231817362295,0.159090858209234,0.202611975178584
