Unknown,Source001,Source002,Source003,Source004,Source005
0.1,0.117059037182389,0.138414380560185,0.296228437717425,0.24214662815823,0.106151516381771
