Unknown,Source001,Source002,Source003,Source004,Source005
0.1,0.400860991566346,0.103378783819678,0.137912043993878,0.149323850890898,0.108524329729199
