Unknown,Source001,Source002,Source003,Source004,Source005
0.1,0.106453659760484,0.128338519681855,0.301110732446086,0.263885432732877,0.100211655378698
