Unknown,Source001,Source002,Source003,Source004,Source005
0.1,0.12000782502052,0.103454884599146,0.242319236463533,0.118776942892239,0.315441111024562
