Unknown,Source001,Source002,Source003,Source004,Source005
0.1,0.318972749259745,0.111787296930633,0.204998192086656,0.129340367864908,0.134901393858058
