Unknown,Source001,Source002,Source003,Source004,Source005
0.1,0.152315862260897,0.135355797426311,0.209168578658759,0.108203243433479,0.294956518220554
