Unknown,Source001,Source002,Source003,Source004,Source005
0.1,0.273263193059747,0.10675351473549,0.202767198410718,0.109023419673221,0.208192674120824
