Unknown,Source001,Source002,Source003,Source004,Source005
0.1,0.108314657480376,0.140349567080062,0.259764041138652,0.25117162069463,0.140400113606279
