Unknown,Source001,Source002,Source003,Source004,Source005
0.1,0.145427731683782,0.144964843174629,0.249586006210747,0.255793749882273,0.104227669048568
