Unknown,Source001,Source002,Source003,Source004,Source005
0.1,0.208938586481486,0.100691185671159,0.131003357020158,0.131425476680771,0.327941394146425
