Unknown,Source001,Source002,Source003,Source004,Source005
0.1,0.187487083008222,0.338952859865566,0.108858525764056,0.15282330898966,0.111878222372496
