Unknown,Source001,Source002,Source003,Source004,Source005
0.1,0.121730777120495,0.146381476116412,0.125992503908003,0.312040418770234,0.193854824084856
