Unknown,Source001,Source002,Source003,Source004,Source005
0.1,0.293408030453555,0.169676856553103,0.144933812396453,0.143597147047037,0.148384153549852
