Unknown,Source001,Source002,Source003,Source004,Source005
0.1,0.136719707829319,0.127772087853528,0.173802019908267,0.348333716633193,0.113372467775692
