Unknown,Source001,Source002,Source003,Source004,Source005
0.1,0.151403452978649,0.122842765073789,0.108931562646019,0.323595366690981,0.193226852610562
