Unknown,Source001,Source002,Source003,Source004,Source005
0.1,0.24708878957295,0.165071888051336,0.156023731321763,0.191788411544707,0.140027179509244
