Unknown,Source001,Source002,Source003,Source004,Source005
0.1,0.168909649750959,0.213914047497793,0.162690399503907,0.225642449379803,0.128843453867539
