Unknown,Source001,Source002,Source003,Source004,Source005
0.1,0.192133902837558,0.251344083924504,0.192941701895433,0.150375484363048,0.113204826979457
