Unknown,Source001,Source002,Source003,Source004,Source005
0.1,0.425357804628678,0.116777229877322,0.104654753628099,0.114190489187095,0.139019722678807
