Unknown,Source001,Source002,Source003,Source004,Source005
0.1,0.111446088859518,0.288987517515668,0.151824113747763,0.193345652404851,0.1543966274722
