Unknown,Source001,Source002,Source003,Source004,Source005
0.1,0.131263925216689,0.109341508510835,0.259881097457579,0.10957874634492,0.289934722469976
