Unknown,Source001,Source002,Source003,Source004,Source005
0.1,0.104001690538081,0.175254193733286,0.403008327373242,0.114487947297311,0.103247841058081
