Unknown,Source001,Source002,Source003,Source004,Source005
0.1,0.104006492909626,0.191879581162453,0.216737767400644,0.160904026064105,0.226472132463172
