Unknown,Source001,Source002,Source003,Source004,Source005
0.1,0.104521079061433,0.189894079921127,0.270550841264042,0.10350084882919,0.231533150924209
