Unknown,Source001,Source002,Source003,Source004,Source005
0.1,0.188224272812968,0.12296003421237,0.333498369954503,0.119339975625626,0.135977347394533
