Unknown,Source001,Source002,Source003,Source004,Source005
0.1,0.106961316109512,0.289051753533927,0.110804951123799,0.222707454254713,0.170474524978049
