Unknown,Source001,Source002,Source003,Source004,Source005
0.1,0.242925163098274,0.102709078961558,0.119652790580513,0.324525407415586,0.110187559944068
