Unknown,Source001,Source002,Source003,Source004,Source005
0.1,0.124276845023817,0.309610222548203,0.133075623814356,0.18793210229822,0.145105206315404
