Unknown,Source001,Source002,Source003,Source004,Source005
0.1,0.104759604685557,0.164657737867312,0.18130266465569,0.13727080540856,0.312009187382881
