Unknown,Source001,Source002,Source003,Source004,Source005
0.1,0.153705974085675,0.241730114621071,0.158751088984203,0.117263890905199,0.228548931403852
