Unknown,Source001,Source002,Source003,Source004,Source005
0.1,0.22191782042647,0.177173559280918,0.158472013405695,0.240870506180323,0.101566100706594
