Unknown,Source001,Source002,Source003,Source004,Source005
0.1,0.192250690007316,0.23782445759104,0.150749803719064,0.100225063660673,0.218949985021907
