Unknown,Source001,Source002,Source003,Source004,Source005
0.1,0.15287614282135,0.125546954985796,0.268597541833758,0.100807206932572,0.252172153426523
