Unknown,Source001,Source002,Source003,Source004,Source005
0.1,0.154910085044739,0.239244627590385,0.189093734082655,0.143745003965928,0.173006549316293
