Unknown,Source001,Source002,Source003,Source004,Source005
0.1,0.210949276348073,0.164430323750172,0.227747948648641,0.172698435372678,0.124174015880436
