Unknown,Source001,Source002,Source003,Source004,Source005
0.1,0.15761822021729,0.109648973580321,0.227277435907111,0.142895722309608,0.262559647985671
