Unknown,Source001,Source002,Source003,Source004,Source005
0.1,0.20140825347977,0.154723490191602,0.155216545503838,0.286799015885429,0.101852694939361
