Unknown,Source001,Source002,Source003,Source004,Source005
0.1,0.217214786731692,0.224921920536939,0.112596122642759,0.21933875534058,0.12592841474803
