Unknown,Source001,Source002,Source003,Source004,Source005
0.1,0.172519740000906,0.118343476523296,0.213148542242517,0.230229488278817,0.165758752954464
