Unknown,Source001,Source002,Source003,Source004,Source005
0.1,0.294910529545874,0.102274810193957,0.149644402526211,0.123306543136456,0.229863714597501
