Unknown,Source001,Source002,Source003,Source004,Source005
0.1,0.123703859552501,0.129066886869933,0.134111014860608,0.401084842584427,0.11203339613253
