Unknown,Source001,Source002,Source003,Source004,Source005
0.1,0.214263180322281,0.138460908401356,0.137796709591479,0.150159913522663,0.259319288162221
