Unknown,Source001,Source002,Source003,Source004,Source005
0.1,0.178107524085774,0.320865635376578,0.116727165331498,0.156885574930681,0.12741410027547
