Unknown,Source001,Source002,Source003,Source004,Source005
0.1,0.139931073002987,0.161807081567303,0.347815524910416,0.138407749897715,0.112038570621579
