Unknown,Source001,Source002,Source003,Source004,Source005
0.1,0.250597658515881,0.163681333290436,0.112220111162807,0.108360081044696,0.265140815986181
