Unknown,Source001,Source002,Source003,Source004,Source005
0.1,0.146369557868658,0.13065296329988,0.114461084939366,0.322968775652184,0.185547618239912
