Unknown,Source001,Source002,Source003,Source004,Source005
0.1,0.169239567184551,0.169690121811333,0.186863991987977,0.120864646035898,0.25334167298024
