Unknown,Source001,Source002,Source003,Source004,Source005
0.1,0.136532164251584,0.265604891242355,0.12383607097463,0.112864038623516,0.261162834907915
