Unknown,Source001,Source002,Source003,Source004,Source005
0.1,0.224204835218928,0.140043342262435,0.106031983435712,0.256404955343923,0.173314883739002
