Unknown,Source001,Source002,Source003,Source004,Source005
0.1,0.138955252450827,0.192631941855383,0.203858170165209,0.133458726646281,0.2310959088823
