Unknown,Source001,Source002,Source003,Source004,Source005
0.1,0.149125180645419,0.122042762456326,0.217902528057618,0.199324309729455,0.211605219111182
