Unknown,Source001,Source002,Source003,Source004,Source005
0.1,0.118932452039723,0.215972961385252,0.185626196868273,0.170477754825472,0.20899063488128
