Unknown,Source001,Source002,Source003,Source004,Source005
0.1,0.103551083276751,0.140454824513963,0.155999537897977,0.362835460864217,0.137159093447093
