Unknown,Source001,Source002,Source003,Source004,Source005
0.1,0.166170028141934,0.218306755519373,0.205959014160481,0.199218599238341,0.110345602939871
