Unknown,Source001,Source002,Source003,Source004,Source005
0.1,0.166073709593603,0.281054988393996,0.167075990322362,0.178637735183387,0.107157576506653
