Unknown,Source001,Source002,Source003,Source004,Source005
0.1,0.201285134912366,0.195657601131544,0.175598706656486,0.205767973799855,0.121690583499749
