Unknown,Source001,Source002,Source003,Source004,Source005
0.1,0.131041027851439,0.106915789392214,0.168295621113752,0.248549001360899,0.245198560281696
