Unknown,Source001,Source002,Source003,Source004,Source005
0.1,0.134403864509515,0.145801652680786,0.142481801779869,0.108509521572959,0.368803159456871
