Unknown,Source001,Source002,Source003,Source004,Source005
0.1,0.139362145283353,0.125805029155239,0.139856337230392,0.164925423211253,0.330051065119762
