Unknown,Source001,Source002,Source003,Source004,Source005
0.1,0.12220195637667,0.288434950369846,0.250106786407595,0.113509306322281,0.125747000523608
