Unknown,Source001,Source002,Source003,Source004,Source005
0.1,0.182823474835895,0.189427708688869,0.23722393594532,0.131556484374464,0.158968396155452
