Unknown,Source001,Source002,Source003,Source004,Source005
0.1,0.214247116974502,0.177423105878603,0.268851507579457,0.13150695358016,0.107971315987278
