Unknown,Source001,Source002,Source003,Source004,Source005
0.1,0.131933532633393,0.154524861485443,0.290414399536195,0.106650109713918,0.216477096631051
