Unknown,Source001,Source002,Source003,Source004,Source005
0.1,0.110335415594257,0.177563673902962,0.137496674019297,0.213402897040323,0.261201339443161
