Unknown,Source001,Source002,Source003,Source004,Source005
0.1,0.134375718728656,0.232547447508058,0.163870083778681,0.111764938931194,0.257441811053411
