Unknown,Source001,Source002,Source003,Source004,Source005
0.1,0.134781264956268,0.281505987956053,0.104408437007803,0.129561947363075,0.249742362716801
