Unknown,Source001,Source002,Source003,Source004,Source005
0.1,0.119752033897184,0.250580495048725,0.17118190539351,0.124244808710527,0.234240756950055
