Unknown,Source001,Source002,Source003,Source004,Source005
0.1,0.1447450514869,0.193591448596099,0.24415445113235,0.147097637898311,0.17041141088634
