Unknown,Source001,Source002,Source003,Source004,Source005
0.1,0.242865863440888,0.152375973283911,0.203842055954627,0.136543822105375,0.164372285215199
