Unknown,Source001,Source002,Source003,Source004,Source005
0.1,0.104203825962644,0.27709092255819,0.12322864066972,0.180274550007947,0.2152020608015
