Unknown,Source001,Source002,Source003,Source004,Source005
0.1,0.149866412174228,0.138888533612076,0.167286002561666,0.179527856181455,0.264431195470575
