Unknown,Source001,Source002,Source003,Source004,Source005
0.1,0.10834263492696,0.167165295633452,0.329903200743545,0.15326580865982,0.141323060036223
