Unknown,Source001,Source002,Source003,Source004,Source005
0.1,0.31685416838105,0.158235972671498,0.149041842929034,0.127247013966707,0.148621002051712
