Unknown,Source001,Source002,Source003,Source004,Source005
0.1,0.205819116334017,0.160194082924862,0.220075468396295,0.111240312854222,0.202671019490604
