Unknown,Source001,Source002,Source003,Source004,Source005
0.1,0.193301002701482,0.24123131854135,0.120498372652138,0.163442327856995,0.181526978248035
