Unknown,Source001,Source002,Source003,Source004,Source005
0.1,0.1007614030225,0.256642191057716,0.117505457993371,0.284773651448482,0.140317296477931
