Unknown,Source001,Source002,Source003,Source004,Source005
0.1,0.130506350715509,0.213802641286128,0.186600982878661,0.203685056326226,0.165404968793475
