Unknown,Source001,Source002,Source003,Source004,Source005
0.1,0.337131983987693,0.10124627982705,0.104298011644118,0.240185909207673,0.117137815333466
