Unknown,Source001,Source002,Source003,Source004,Source005
0.1,0.228334809966211,0.106397860571,0.116771326367416,0.111014812284906,0.337481190810467
