Unknown,Source001,Source002,Source003,Source004,Source005
0.1,0.105474814573289,0.230488905529475,0.131107718569652,0.160033375714496,0.272895185613088
