Unknown,Source001,Source002,Source003,Source004,Source005
0.1,0.297107194261077,0.126725232574514,0.167682046637859,0.204003261401806,0.104482265124744
