Unknown,Source001,Source002,Source003,Source004,Source005
0.1,0.167618367394097,0.126147276245444,0.237329252684244,0.192947702045928,0.175957401630287
