Unknown,Source001,Source002,Source003,Source004,Source005
0.1,0.124602411235644,0.275257914560627,0.172852950584263,0.180340743217423,0.146945980402043
