Unknown,Source001,Source002,Source003,Source004,Source005
0.1,0.140037447507626,0.2577601673943,0.108508159775381,0.262859903426393,0.1308343218963
