Unknown,Source001,Source002,Source003,Source004,Source005
0.1,0.255532728753682,0.219828207989041,0.145421742998308,0.177832815323676,0.101384504935293
