Unknown,Source001,Source002,Source003,Source004,Source005
0.1,0.101821618676824,0.175647144681236,0.313517481528202,0.122008018732192,0.187005736381546
