Unknown,Source001,Source002,Source003,Source004,Source005
0.1,0.134748187934254,0.126720262121207,0.121992110803799,0.353808512260972,0.162730926879768
