Unknown,Source001,Source002,Source003,Source004,Source005
0.1,0.206825725098165,0.114709562352591,0.194570623386822,0.143724740669095,0.240169348493327
