Unknown,Source001,Source002,Source003,Source004,Source005
0.1,0.157630908193111,0.101087223667812,0.266870564477929,0.171972716012203,0.202438587648945
