Unknown,Source001,Source002,Source003,Source004,Source005
0.1,0.195659661903159,0.181357963878153,0.169496214821833,0.226760599046148,0.126725560350707
