Unknown,Source001,Source002,Source003,Source004,Source005
0.1,0.155663060647094,0.390298064615388,0.113526271548695,0.111969052951391,0.128543550237432
