Unknown,Source001,Source002,Source003,Source004,Source005
0.1,0.150761711014635,0.169828386526571,0.200791252999792,0.184099412759791,0.19451923669921
