Unknown,Source001,Source002,Source003,Source004,Source005
0.1,0.10877965880455,0.111438649429899,0.188143543821036,0.218256168878797,0.273381979065718
