Unknown,Source001,Source002,Source003,Source004,Source005
0.1,0.296515712134621,0.135294135181808,0.213221579927218,0.144413247350566,0.110555325405787
