Unknown,Source001,Source002,Source003,Source004,Source005
0.1,0.121534005557876,0.224941141285654,0.338559150237863,0.107410955452043,0.107554747466565
