Unknown,Source001,Source002,Source003,Source004,Source005
0.1,0.177466751577746,0.201294396665459,0.145643988772372,0.137015157864902,0.238579705119522
