Unknown,Source001,Source002,Source003,Source004,Source005
0.1,0.34062656912492,0.121163913799159,0.114025521179319,0.153491319318073,0.17069267657853
