Unknown,Source001,Source002,Source003,Source004,Source005
0.1,0.115521628734284,0.216813465520769,0.22538975989646,0.103652480088547,0.238622665759939
