Unknown,Source001,Source002,Source003,Source004,Source005
0.1,0.121976609105289,0.222625118928308,0.134355781948882,0.267803561232683,0.153238928784838
