Unknown,Source001,Source002,Source003,Source004,Source005
0.1,0.124367183945351,0.350091518139749,0.161039746925331,0.153053781019188,0.11144776997038
