Unknown,Source001,Source002,Source003,Source004,Source005
0.1,0.226486356583345,0.304581340130046,0.119524345494875,0.101699587050855,0.147708370740879
