Unknown,Source001,Source002,Source003,Source004,Source005
0.1,0.333336443762468,0.140222110393188,0.140081627242329,0.165668785213839,0.120691033388177
