Unknown,Source001,Source002,Source003,Source004,Source005
0.1,0.114607130867299,0.172200721158282,0.115450791496057,0.115327930837296,0.382413425641067
