Unknown,Source001,Source002,Source003,Source004,Source005
0.1,0.106392939714032,0.114192023050339,0.32368485492075,0.189084797426281,0.166645384888598
