Unknown,Source001,Source002,Source003,Source004,Source005
0.1,0.277579923589069,0.104461325249008,0.103346185519155,0.259133165785282,0.155479399857487
