Unknown,Source001,Source002,Source003,Source004,Source005
0.1,0.195802386795946,0.132669500382408,0.149889785108731,0.294506230288495,0.12713209742442
