Unknown,Source001,Source002,Source003,Source004,Source005
0.1,0.132376111840188,0.166919905360335,0.192699289994777,0.189750704700769,0.218253988103931
