Unknown,Source001,Source002,Source003,Source004,Source005
0.1,0.260802013358308,0.176513594871625,0.107445141997277,0.112642125775754,0.242597123997035
