Unknown,Source001,Source002,Source003,Source004,Source005
0.1,0.163718036663705,0.303835361575838,0.198821283315713,0.125064515398397,0.108560803046347
