Unknown,Source001,Source002,Source003,Source004,Source005
0.1,0.208511956766569,0.178862770508046,0.159731472722979,0.113787296015472,0.239106503986933
