Unknown,Source001,Source002,Source003,Source004,Source005
0.1,0.111694424267382,0.209676512840798,0.164977985178662,0.205862545762756,0.207788531950401
