Unknown,Source001,Source002,Source003,Source004,Source005
0.1,0.187383513970967,0.163462358226797,0.162026756082024,0.111408298835015,0.275719072885197
