Unknown,Source001,Source002,Source003,Source004,Source005
0.1,0.161708975695277,0.17772437113294,0.271246988288172,0.168360465033686,0.120959199849925
