Unknown,Source001,Source002,Source003,Source004,Source005
0.1,0.152192023494805,0.191615408694166,0.292082068270783,0.121197440664883,0.142913058875364
