Unknown,Source001,Source002,Source003,Source004,Source005
0.1,0.13423313189343,0.132704331202358,0.37096293779762,0.110741984259606,0.151357614846987
