Unknown,Source001,Source002,Source003,Source004,Source005
0.1,0.103166939356825,0.110667903904256,0.116634207155446,0.351839443311006,0.217691506272468
