Unknown,Source001,Source002,Source003,Source004,Source005
0.1,0.223034192011572,0.175313708861572,0.167099926878647,0.194400894856554,0.140151277391655
