Unknown,Source001,Source002,Source003,Source004,Source005
0.1,0.104094692275528,0.196564680056638,0.222737444731298,0.234117529734337,0.142485653202198
