Unknown,Source001,Source002,Source003,Source004,Source005
0.1,0.205378856524007,0.108208896159597,0.203891490806867,0.266607233427035,0.115913523082494
