Unknown,Source001,Source002,Source003,Source004,Source005
0.1,0.285418170003409,0.110531783835189,0.148529310869999,0.211453060583741,0.144067674707662
