Unknown,Source001,Source002,Source003,Source004,Source005
0.1,0.302583581581445,0.118585440226584,0.150372109935371,0.106263683313321,0.222195184943279
