Unknown,Source001,Source002,Source003,Source004,Source005
0.1,0.252819680316227,0.202853385873717,0.151126570790624,0.191192333971339,0.102008029048093
