Unknown,Source001,Source002,Source003,Source004,Source005
0.1,0.21088352634212,0.133064380156768,0.289863008857841,0.105199227346994,0.160989857296278
