Unknown,Source001,Source002,Source003,Source004,Source005
0.1,0.225999858202092,0.229700591528132,0.210644332565684,0.121719789656671,0.111935428047421
