Unknown,Source001,Source002,Source003,Source004,Source005
0.1,0.159689235839415,0.13123384790547,0.108817299283051,0.180966691519716,0.319292925452348
