Unknown,Source001,Source002,Source003,Source004,Source005
0.1,0.155777590203693,0.132453780117678,0.310670547050575,0.189649607370713,0.111448475257342
