Unknown,Source001,Source002,Source003,Source004,Source005
0.1,0.224559417347767,0.168250000517226,0.131465186617405,0.151615623360619,0.224109772156984
