Unknown,Source001,Source002,Source003,Source004,Source005
0.1,0.271684764237543,0.192005374574807,0.149799086203991,0.122014623614407,0.164496151369251
