Unknown,Source001,Source002,Source003,Source004,Source005
0.1,0.374643913318182,0.115833204612676,0.115544582310057,0.172446989754483,0.121531310004602
