Unknown,Source001,Source002,Source003,Source004,Source005
0.1,0.145997829305406,0.284743690124931,0.122122915817095,0.147796300813044,0.199339263939525
