Unknown,Source001,Source002,Source003,Source004,Source005
0.1,0.116103592387695,0.179981639030828,0.189795340739532,0.301720630765932,0.112398797076012
