Unknown,Source001,Source002,Source003,Source004,Source005
0.1,0.242773381188361,0.101520998849696,0.194774264318938,0.121695100486027,0.239236255156979
