Unknown,Source001,Source002,Source003,Source004,Source005
0.1,0.105102531163793,0.264012121313447,0.112916321702329,0.292909020968263,0.125060004852168
