Unknown,Source001,Source002,Source003,Source004,Source005
0.1,0.143947552100164,0.198243887143749,0.309695355313816,0.122277512491841,0.12583569295043
