Unknown,Source001,Source002,Source003,Source004,Source005
0.1,0.114775894358706,0.130271140335778,0.104846131593336,0.157881484876237,0.392225348835942
