Unknown,Source001,Source002,Source003,Source004,Source005
0.1,0.238495666492212,0.193919233683781,0.104635811075589,0.241429313271618,0.1215199754768
