Unknown,Source001,Source002,Source003,Source004,Source005
0.1,0.227168107651999,0.200292779411083,0.21340877602664,0.114135662602837,0.14499467430744
