Unknown,Source001,Source002,Source003,Source004,Source005
0.1,0.12192189195779,0.102694816787399,0.158463729632275,0.375792992253497,0.141126569369038
