Unknown,Source001,Source002,Source003,Source004,Source005
0.1,0.126603689196684,0.197743810763795,0.126112134098685,0.213665259743421,0.235875106197415
