Unknown,Source001,Source002,Source003,Source004,Source005
0.1,0.117450835394186,0.308979844463474,0.122579100577602,0.188452525730972,0.162537693833766
