Unknown,Source001,Source002,Source003,Source004,Source005
0.1,0.117360198042226,0.203977840715007,0.2188484410738,0.126041165733361,0.233772354435606
