Unknown,Source001,Source002,Source003,Source004,Source005
0.1,0.37626674305744,0.135839436126043,0.101724803245628,0.126093166032705,0.160075851538184
