Unknown,Source001,Source002,Source003,Source004,Source005
0.1,0.15964661145112,0.10383699189659,0.14970276131096,0.163599562948816,0.323214072392514
