Unknown,Source001,Source002,Source003,Source004,Source005
0.1,0.153974066582704,0.103701712390236,0.105803242425343,0.227991585969592,0.308529392632125
