Unknown,Source001,Source002,Source003,Source004,Source005
0.1,0.143103590635886,0.266675963867316,0.114987644629214,0.223992478392121,0.151240322475464
