Unknown,Source001,Source002,Source003,Source004,Source005
0.1,0.136879622561127,0.214245484148025,0.106985150295954,0.295081205036712,0.146808537958181
