Unknown,Source001,Source002,Source003,Source004,Source005
0.1,0.222670805640768,0.286587579477179,0.112747151667841,0.176887301299178,0.101107161915033
