Unknown,Source001,Source002,Source003,Source004,Source005
0.1,0.269473545044694,0.215864462358047,0.101439992478073,0.14396420946328,0.169257790655906
