Unknown,Source001,Source002,Source003,Source004,Source005
0.1,0.145200926038572,0.185235289065586,0.168743920469625,0.194780326491456,0.206039537934761
