Unknown,Source001,Source002,Source003,Source004,Source005
0.1,0.152613682267346,0.209366117823595,0.272059726012142,0.129415763262011,0.136544710634906
