Unknown,Source001,Source002,Source003,Source004,Source005
0.1,0.222402490383233,0.152357431227289,0.156014747589442,0.241276752267244,0.127948578532792
