Unknown,Source001,Source002,Source003,Source004,Source005
0.1,0.125670936390243,0.219873904132033,0.272660732403968,0.144236862029677,0.137557565044078
