Unknown,Source001,Source002,Source003,Source004,Source005
0.1,0.172444582831929,0.137010588862542,0.233396667143917,0.148842445474056,0.208305715687557
