Unknown,Source001,Source002,Source003,Source004,Source005
0.1,0.193920393495464,0.15991262112277,0.131682253391684,0.307844468505554,0.106640263484528
