Unknown,Source001,Source002,Source003,Source004,Source005
0.1,0.39745974382671,0.108620295994562,0.108921026170862,0.133918401711512,0.151080532296354
