Unknown,Source001,Source002,Source003,Source004,Source005
0.1,0.279745787608637,0.219727493363844,0.11993459499199,0.11666522779762,0.16392689623791
