Unknown,Source001,Source002,Source003,Source004,Source005
0.1,0.40639703887342,0.110696319435862,0.13292187009826,0.147640496759279,0.102344274833179
