Unknown,Source001,Source002,Source003,Source004,Source005
0.1,0.141694643718967,0.134094893575376,0.195840061799559,0.147284694937028,0.281085705969071
