Unknown,Source001,Source002,Source003,Source004,Source005
0.1,0.102045454077236,0.283408795477538,0.158798459895082,0.151241002526536,0.204506288023608
