Unknown,Source001,Source002,Source003,Source004,Source005
0.1,0.169679611903007,0.216176840995529,0.148421870849064,0.161722296208815,0.203999380043585
