Unknown,Source001,Source002,Source003,Source004,Source005
0.1,0.194050248937909,0.146591772664463,0.118194151158978,0.134163102424612,0.307000724814037
