Unknown,Source001,Source002,Source003,Source004,Source005
0.1,0.125912472571287,0.243410326796588,0.111941421402359,0.180761856034227,0.23797392319554
