Unknown,Source001,Source002,Source003,Source004,Source005
0.1,0.18323780872021,0.135532594908287,0.117671643567856,0.295287798360871,0.168270154442777
