Unknown,Source001,Source002,Source003,Source004,Source005
0.1,0.129941464033906,0.12770845731559,0.213013158238081,0.322796862245162,0.106540058167261
