Unknown,Source001,Source002,Source003,Source004,Source005
0.1,0.22203401041851,0.178619910497092,0.109341360633325,0.253150941725054,0.136853776726019
