Unknown,Source001,Source002,Source003,Source004,Source005
0.1,0.230252888660389,0.135472170186797,0.108603337728126,0.228523629504817,0.197147973919872
