Unknown,Source001,Source002,Source003,Source004,Source005
0.1,0.212158555985028,0.108502464267504,0.18246625058558,0.292487878885851,0.104384850276037
