Unknown,Source001,Source002,Source003,Source004,Source005
0.1,0.178308867263412,0.160049257825325,0.224647753481195,0.149543825876554,0.187450295553515
