Unknown,Source001,Source002,Source003,Source004,Source005
0.1,0.155110910641815,0.131073933525919,0.126212355926405,0.331808816403282,0.155793983502579
