Unknown,Source001,Source002,Source003,Source004,Source005
0.1,0.148046734701906,0.118612085798194,0.134988912488723,0.124442523052571,0.373909743958605
