Unknown,Source001,Source002,Source003,Source004,Source005
0.1,0.218824635054993,0.131777261117766,0.261934761098572,0.127374905817697,0.160088436910972
