Unknown,Source001,Source002,Source003,Source004,Source005
0.1,0.128335793369798,0.184783427532469,0.221329893852743,0.128001596297629,0.237549288947361
