Unknown,Source001,Source002,Source003,Source004,Source005
0.1,0.20674051045662,0.109461633890548,0.108076384270632,0.108490774062432,0.367230697319767
