Unknown,Source001,Source002,Source003,Source004,Source005
0.1,0.103578654344551,0.190763199051818,0.155836571472368,0.278538910854248,0.171282664277015
