Unknown,Source001,Source002,Source003,Source004,Source005
0.1,0.269890725367323,0.142969679916797,0.226400751272697,0.10589706221394,0.154841781229243
