Unknown,Source001,Source002,Source003,Source004,Source005
0.1,0.325238940633365,0.125498709012826,0.156711030351558,0.161296240434511,0.131255079567739
