Unknown,Source001,Source002,Source003,Source004,Source005
0.1,0.173237303478991,0.144112597119084,0.15101515366491,0.222804588330659,0.208830357406356
