Unknown,Source001,Source002,Source003,Source004,Source005
0.1,0.250498983583897,0.12389695891925,0.190062436502968,0.228658148503191,0.106883472490694
