Unknown,Source001,Source002,Source003,Source004,Source005
0.1,0.307483911459497,0.155625533796955,0.200970792787049,0.111847546259855,0.124072215696644
