Unknown,Source001,Source002,Source003,Source004,Source005
0.1,0.190594139464587,0.190074881701807,0.169915855119848,0.240924415131007,0.10849070858275
