Unknown,Source001,Source002,Source003,Source004,Source005
0.1,0.161802903483882,0.313386640173537,0.108813189839686,0.119802944699631,0.196194321803264
