Unknown,Source001,Source002,Source003,Source004,Source005
0.1,0.178185644176132,0.213645617413852,0.256416002698502,0.117450225713337,0.134302509998177
