Unknown,Source001,Source002,Source003,Source004,Source005
0.1,0.210401456892022,0.157051094416073,0.281971788799567,0.123402812292163,0.127172847600175
