Unknown,Source001,Source002,Source003,Source004,Source005
0.1,0.113106972726987,0.111461213027202,0.397586679574135,0.113309843323769,0.164535291347907
