Unknown,Source001,Source002,Source003,Source004,Source005
0.1,0.131560297167051,0.109668565227136,0.13656464310938,0.25680481254606,0.265401681950373
