Unknown,Source001,Source002,Source003,Source004,Source005
0.1,0.130741531685554,0.101089938404851,0.111416718959655,0.106341174314388,0.450410636635552
