Unknown,Source001,Source002,Source003,Source004,Source005
0.1,0.255040825962061,0.111117396489104,0.136011333974781,0.272603660453953,0.125226783120102
