Unknown,Source001,Source002,Source003,Source004,Source005
0.1,0.36916119555365,0.106566435848952,0.163401120104928,0.128436475136454,0.132434773356016
