Unknown,Source001,Source002,Source003,Source004,Source005
0.1,0.266795046948954,0.107795802139818,0.249971543118756,0.163112340550658,0.112325267241815
