Unknown,Source001,Source002,Source003,Source004,Source005
0.1,0.277906871191693,0.205496545226276,0.10412412340662,0.176342837051476,0.136129623123935
