Unknown,Source001,Source002,Source003,Source004,Source005
0.1,0.212981659107093,0.163861703927209,0.110822111549581,0.153672064909007,0.25866246050711
