Unknown,Source001,Source002,Source003,Source004,Source005
0.1,0.13962015842063,0.168455711127796,0.297137972749644,0.12616348818122,0.16862266952071
