Unknown,Source001,Source002,Source003,Source004,Source005
0.1,0.110947535194105,0.353904822115422,0.147623522665364,0.158734782168181,0.128789337856928
