Unknown,Source001,Source002,Source003,Source004,Source005
0.1,0.340366737488077,0.101120400262732,0.104321186841123,0.251966033091268,0.1022256423168
