Unknown,Source001,Source002,Source003,Source004,Source005
0.1,0.249450591380401,0.114675859866311,0.117975649959977,0.183685202972125,0.234212695821186
