Unknown,Source001,Source002,Source003,Source004,Source005
0.1,0.250739602204444,0.113238012576702,0.254324575944666,0.147527991868903,0.134169817405285
