Unknown,Source001,Source002,Source003,Source004,Source005
0.1,0.126631756947742,0.321433100693985,0.103054620732546,0.220083656885952,0.128796864739775
