Unknown,Source001,Source002,Source003,Source004,Source005
0.1,0.209322061875304,0.113273959301645,0.146526262198082,0.122625827037485,0.308251889587484
