Unknown,Source001,Source002,Source003,Source004,Source005
0.1,0.227971386936413,0.173213494970742,0.127839734708782,0.243640592790064,0.127334790593999
