Unknown,Source001,Source002,Source003,Source004,Source005
0.1,0.108117227472171,0.10696126415283,0.136474259448798,0.369198020270012,0.17924922865619
