Unknown,Source001,Source002,Source003,Source004,Source005
0.1,0.106815826661663,0.162350266096851,0.109069788698242,0.264367713245498,0.257396405297746
