Unknown,Source001,Source002,Source003,Source004,Source005
0.1,0.149465153492778,0.18678287605458,0.116656838099035,0.294576435613157,0.152518696740451
