Unknown,Source001,Source002,Source003,Source004,Source005
0.1,0.311241045696038,0.10195067529289,0.166853357665757,0.131514642576415,0.1884402787689
