Unknown,Source001,Source002,Source003,Source004,Source005
0.1,0.19626561302954,0.137272940711289,0.246517440808494,0.167495625673576,0.152448379777102
