Unknown,Source001,Source002,Source003,Source004,Source005
0.1,0.125548697062519,0.310188676493486,0.129007216009169,0.152293693699529,0.182961716735296
