Unknown,Source001,Source002,Source003,Source004,Source005
0.1,0.126941337380939,0.24600535489391,0.192897758967659,0.176223386167316,0.157932162590175
