Unknown,Source001,Source002,Source003,Source004,Source005
0.1,0.157110365870677,0.353411616144292,0.112601109934583,0.141379034212528,0.13549787383792
