Unknown,Source001,Source002,Source003,Source004,Source005
0.1,0.291151146659482,0.140628737151434,0.102539662007891,0.22687855792287,0.138801896258323
