Unknown,Source001,Source002,Source003,Source004,Source005
0.1,0.309691119859047,0.183669873050025,0.147919455728138,0.111035967684285,0.147683583678504
