Unknown,Source001,Source002,Source003,Source004,Source005
0.1,0.10428540645664,0.19999793188435,0.212693630910049,0.216100086355772,0.16692294439319
