Unknown,Source001,Source002,Source003,Source004,Source005
0.1,0.130224317152106,0.377201046393641,0.106400647884679,0.182882322484461,0.103291666085114
