Unknown,Source001,Source002,Source003,Source004,Source005
0.1,0.236042962611962,0.117452257979379,0.120152992589617,0.173271418756418,0.253080368062624
