Unknown,Source001,Source002,Source003,Source004,Source005
0.1,0.146125830942666,0.253896930443517,0.118351939454489,0.20425712455128,0.177368174608048
