Unknown,Source001,Source002,Source003,Source004,Source005
0.1,0.105764344595473,0.126320247074374,0.413937852180134,0.139489998491798,0.114487557658221
