Unknown,Source001,Source002,Source003,Source004,Source005
0.1,0.194749658974341,0.180233586986994,0.129033744045254,0.273902232386444,0.122080777606966
