Unknown,Source001,Source002,Source003,Source004,Source005
0.1,0.123842374363774,0.391276350464839,0.11660966858902,0.144248897939642,0.124022708642725
