Unknown,Source001,Source002,Source003,Source004,Source005
0.1,0.209669360742234,0.277346194118855,0.132967697160656,0.137576855828304,0.14243989214995
