Unknown,Source001,Source002,Source003,Source004,Source005
0.1,0.258404025857374,0.112818716996805,0.249410935969402,0.167782888765204,0.111583432411215
