Unknown,Source001,Source002,Source003,Source004,Source005
0.1,0.134835016197686,0.160645976843156,0.316504190678872,0.123333757396972,0.164681058883314
