Unknown,Source001,Source002,Source003,Source004,Source005
0.1,0.114816743404624,0.268645520627394,0.260085759606669,0.14795641745972,0.108495558901593
