Unknown,Source001,Source002,Source003,Source004,Source005
0.1,0.23168464789896,0.141783271501204,0.114247412719574,0.228169213948177,0.184115453932085
