Unknown,Source001,Source002,Source003,Source004,Source005
0.1,0.186740031800367,0.228305233020637,0.113103929849307,0.209813270085496,0.162037535244193
