Unknown,Source001,Source002,Source003,Source004,Source005
0.1,0.20172244822755,0.13315971523215,0.211766533253545,0.232172443239662,0.121178860047092
