Unknown,Source001,Source002,Source003,Source004,Source005
0.1,0.141905726241989,0.322515391545154,0.113721662979706,0.196931595477738,0.124925623755413
