Unknown,Source001,Source002,Source003,Source004,Source005
0.1,0.103090245670209,0.396871086444904,0.144988389859324,0.126978947408004,0.128071330617559
