Unknown,Source001,Source002,Source003,Source004,Source005
0.1,0.189879615061489,0.248023729176528,0.223156968135122,0.125244061377404,0.113695626249457
