Unknown,Source001,Source002,Source003,Source004,Source005
0.1,0.153282205155196,0.106360774609876,0.189630393902655,0.255526658136732,0.195199968195541
