Unknown,Source001,Source002,Source003,Source004,Source005
0.1,0.120518155188701,0.119533645140299,0.167471388857295,0.226958287724434,0.26551852308927
