Unknown,Source001,Source002,Source003,Source004,Source005
0.1,0.242553471836617,0.194307781975994,0.142418619608105,0.132684958431806,0.188035168147478
