Unknown,Source001,Source002,Source003,Source004,Source005
0.1,0.155254822306514,0.399378746531447,0.106468911577263,0.108127396899572,0.130770122685205
