Unknown,Source001,Source002,Source003,Source004,Source005
0.1,0.134514465980932,0.160996333663934,0.125894174324561,0.193235831319737,0.285359194710836
