Unknown,Source001,Source002,Source003,Source004,Source005
0.1,0.2529984704215,0.143203755482775,0.129433909524229,0.128404468877819,0.245959395693678
