Unknown,Source001,Source002,Source003,Source004,Source005
0.1,0.162998706709597,0.315379347048407,0.107993826396652,0.183049757032637,0.130578362812707
