Unknown,Source001,Source002,Source003,Source004,Source005
0.1,0.174827766859833,0.135675151857844,0.150355214963895,0.258966239095061,0.180175627223367
