Unknown,Source001,Source002,Source003,Source004,Source005
0.1,0.137105069663709,0.176874286049095,0.176923191202357,0.280820600250754,0.128276852834085
