Unknown,Source001,Source002,Source003,Source004,Source005
0.1,0.102216165760212,0.20136080693155,0.284277388657934,0.160399225710517,0.151746412939787
