Unknown,Source001,Source002,Source003,Source004,Source005
0.1,0.160072125689448,0.169817607641238,0.176281582619919,0.279504637754342,0.114324046295054
