Unknown,Source001,Source002,Source003,Source004,Source005
0.1,0.306292869602978,0.143819418100381,0.100407277368407,0.238734227498453,0.110746207429782
