Unknown,Source001,Source002,Source003,Source004,Source005
0.1,0.10142515741262,0.124259946669081,0.263863097278593,0.304840916416419,0.105610882223287
