Unknown,Source001,Source002,Source003,Source004,Source005
0.1,0.182665059536052,0.10765606617094,0.264231365928801,0.110929065724166,0.234518442640042
