Unknown,Source001,Source002,Source003,Source004,Source005
0.1,0.119332545269691,0.179879846967406,0.182907994148904,0.289064814876723,0.128814798737276
