Unknown,Source001,Source002,Source003,Source004,Source005
0.1,0.175248693395096,0.187445579829916,0.114392948419552,0.27452284392088,0.148389934434557
