Unknown,Source001,Source002,Source003,Source004,Source005
0.1,0.155943426307276,0.127338733302747,0.390030018347049,0.108563896030804,0.118123926012125
