Unknown,Source001,Source002,Source003,Source004,Source005
0.1,0.129304399226428,0.322234904170965,0.107956696105378,0.221241312521913,0.119262687975316
