Unknown,Source001,Source002,Source003,Source004,Source005
0.1,0.289234250223036,0.161720699734534,0.142903512836424,0.176998847623236,0.12914268958277
