Unknown,Source001,Source002,Source003,Source004,Source005
0.1,0.186089115334811,0.120199996786628,0.233493025828762,0.22726297519526,0.132954886854538
