Unknown,Source001,Source002,Source003,Source004,Source005
0.1,0.207176777266168,0.124407239985149,0.275006818034543,0.114318316541018,0.179090848173122
