Unknown,Source001,Source002,Source003,Source004,Source005
0.1,0.281935091517205,0.209872828038551,0.10296986419089,0.176066977163164,0.12915523909019
