Unknown,Source001,Source002,Source003,Source004,Source005
0.1,0.242069481894032,0.282061062948734,0.113566061626557,0.15571603066718,0.106587362863497
