Unknown,Source001,Source002,Source003,Source004,Source005
0.1,0.205709606600419,0.130304838367647,0.226761979694056,0.190625272398954,0.146598302938924
