Unknown,Source001,Source002,Source003,Source004,Source005
0.1,0.158369504344152,0.200185257546066,0.106533028986955,0.110818214701308,0.324093994421519
