Unknown,Source001,Source002,Source003,Source004,Source005
0.1,0.215635631689249,0.105067354891388,0.174668994931052,0.250386166738725,0.154241851749586
