Unknown,Source001,Source002,Source003,Source004,Source005
0.1,0.108829315835673,0.169938671585225,0.189957246156033,0.326219920606043,0.105054845817027
