Unknown,Source001,Source002,Source003,Source004,Source005
0.1,0.115960972898827,0.365723646067056,0.148649264339342,0.1599116425302,0.109754474164575
