Unknown,Source001,Source002,Source003,Source004,Source005
0.1,0.285356889857054,0.165721876326325,0.18114708318694,0.157542015934772,0.110232134694909
