Unknown,Source001,Source002,Source003,Source004,Source005
0.1,0.236490354861458,0.111997485933738,0.229989168747604,0.219791160774221,0.101731829682979
