Unknown,Source001,Source002,Source003,Source004,Source005
0.1,0.102554542161968,0.238842638679589,0.14169613508681,0.188011986905506,0.228894697166127
