Unknown,Source001,Source002,Source003,Source004,Source005
0.1,0.231508380681252,0.117297578090582,0.270265156899598,0.107847801134832,0.173081083193736
