Unknown,Source001,Source002,Source003,Source004,Source005
0.1,0.268432935723042,0.215704632428792,0.116771232028992,0.109137775446083,0.18995342437309
