Unknown,Source001,Source002,Source003,Source004,Source005
0.1,0.197183696229859,0.244045608668745,0.137224744756846,0.158621236399484,0.162924713945066
