Unknown,Source001,Source002,Source003,Source004,Source005
0.1,0.116449135989138,0.122529466097908,0.117099111235162,0.359714289661178,0.184207997016615
