Unknown,Source001,Source002,Source003,Source004,Source005
0.1,0.111242290912227,0.198879478116074,0.232012173169296,0.172165234756047,0.185700823046356
