Unknown,Source001,Source002,Source003,Source004,Source005
0.1,0.104779106455011,0.105967527808311,0.142698041825321,0.366886178822248,0.179669145089108
