Unknown,Source001,Source002,Source003,Source004,Source005
0.1,0.13848148489113,0.232578387066287,0.23286368589363,0.137985758855544,0.158090683293409
