Unknown,Source001,Source002,Source003,Source004,Source005
0.1,0.255244030058735,0.231516753390436,0.102933631608101,0.129494670716787,0.180810914225942
