Unknown,Source001,Source002,Source003,Source004,Source005
0.1,0.119494865692129,0.14576510111287,0.339118076052349,0.14180446196239,0.153817495180263
