Unknown,Source001,Source002,Source003,Source004,Source005
0.1,0.100081916187877,0.118883295502845,0.133135852517829,0.165618209606871,0.382280726184578
