Unknown,Source001,Source002,Source003,Source004,Source005
0.1,0.207049635018465,0.250290302274061,0.205582215095112,0.106416686924393,0.130661160687969
