Unknown,Source001,Source002,Source003,Source004,Source005
0.1,0.119629492265519,0.335617395404954,0.148898377262699,0.182701237979783,0.113153497087044
