Unknown,Source001,Source002,Source003,Source004,Source005
0.1,0.184024991285476,0.135175039001856,0.139468867874651,0.134997222755539,0.306333879082478
