Unknown,Source001,Source002,Source003,Source004,Source005
0.1,0.110086394391415,0.124020298198517,0.18473357609885,0.151106657719583,0.330053073591635
