Unknown,Source001,Source002,Source003,Source004,Source005
0.1,0.194855930552723,0.142726287982804,0.135705442252221,0.27343516068828,0.153277178523972
