Unknown,Source001,Source002,Source003,Source004,Source005
0.1,0.183925602062357,0.189917683434679,0.240998858768057,0.161679727439967,0.123478128294941
