Unknown,Source001,Source002,Source003,Source004,Source005
0.1,0.207385291164392,0.21726585358681,0.114399487610565,0.217697917351639,0.143251450286594
