Unknown,Source001,Source002,Source003,Source004,Source005
0.1,0.195798906797554,0.176319387189417,0.105419808715035,0.269475672150567,0.152986225147426
