Unknown,Source001,Source002,Source003,Source004,Source005
0.1,0.345992002210907,0.124446372469139,0.133772497318445,0.158966008439345,0.136823119562164
