Unknown,Source001,Source002,Source003,Source004,Source005
0.1,0.169339823837478,0.279378587485854,0.122192725646631,0.127175824382136,0.201913038647902
