Unknown,Source001,Source002,Source003,Source004,Source005
0.1,0.17122913716045,0.136632496579958,0.199536756502474,0.191342704248306,0.201258905508813
