Unknown,Source001,Source002,Source003,Source004,Source005
0.1,0.135364125768544,0.158008513035458,0.24648549382665,0.155281816116982,0.204860051252366
