Unknown,Source001,Source002,Source003,Source004,Source005
0.1,0.243189776844017,0.133413483161575,0.117618835329149,0.181098469169975,0.224679435495283
