Unknown,Source001,Source002,Source003,Source004,Source005
0.1,0.220969699132047,0.167838348951698,0.110048185449007,0.174767611190141,0.226376155277107
