Unknown,Source001,Source002,Source003,Source004,Source005
0.1,0.156609604439669,0.156258383142464,0.130590501573724,0.152226779032506,0.304314731811636
