Unknown,Source001,Source002,Source003,Source004,Source005
0.1,0.193151701220506,0.370040030049681,0.11623623451225,0.107692150018495,0.112879884199069
