Unknown,Source001,Source002,Source003,Source004,Source005
0.1,0.18362586524298,0.222347692073027,0.184861053031698,0.155249913539154,0.153915476113141
