Unknown,Source001,Source002,Source003,Source004,Source005
0.1,0.190565040721475,0.160109547367283,0.189490803587379,0.140060454656077,0.219774153667786
