Unknown,Source001,Source002,Source003,Source004,Source005
0.1,0.144885042713253,0.125129297858285,0.236918715534261,0.276946687203847,0.116120256690355
