Unknown,Source001,Source002,Source003,Source004,Source005
0.1,0.13899339478903,0.113922999393717,0.149427173963335,0.29705129568581,0.200605136168108
