Unknown,Source001,Source002,Source003,Source004,Source005
0.1,0.274934237445498,0.133831092190583,0.192238622671758,0.119506624178429,0.179489423513732
