Unknown,Source001,Source002,Source003,Source004,Source005
0.1,0.233948637830124,0.131520256532788,0.259049636687517,0.112936777557195,0.162544691392376
