Unknown,Source001,Source002,Source003,Source004,Source005
0.1,0.103463517884397,0.161023600686483,0.134824743120358,0.118058300953479,0.382629837355284
