Unknown,Source001,Source002,Source003,Source004,Source005
0.1,0.234105950570444,0.301843533438003,0.12325604121295,0.101354773205728,0.139439701572875
