Unknown,Source001,Source002,Source003,Source004,Source005
0.1,0.111891848947828,0.119690580206451,0.312359796362512,0.201292596638811,0.154765177844398
