Unknown,Source001,Source002,Source003,Source004,Source005
0.1,0.176701834378092,0.201770661582771,0.102599591512984,0.231497940276431,0.187429972249723
