Unknown,Source001,Source002,Source003,Source004,Source005
0.1,0.179709899947317,0.210104677263686,0.10457596834962,0.219619621080035,0.185989833359343
