Unknown,Source001,Source002,Source003,Source004,Source005
0.1,0.112991875469784,0.232136717362235,0.230619518309505,0.10544181664438,0.218810072214095
