Unknown,Source001,Source002,Source003,Source004,Source005
0.1,0.145857544049453,0.242019470625922,0.162481955035339,0.178168198337678,0.171472831951608
