Unknown,Source001,Source002,Source003,Source004,Source005
0.1,0.172395059420581,0.219063197479571,0.194900388723141,0.108233531037375,0.205407823339332
