Unknown,Source001,Source002,Source003,Source004,Source005
0.1,0.243891876660408,0.156793235743066,0.166788686590572,0.151653071519882,0.180873129486072
