Unknown,Source001,Source002,Source003,Source004,Source005
0.1,0.262326290116619,0.14112298595922,0.146138225834796,0.20339688046252,0.147015617626845
