Unknown,Source001,Source002,Source003,Source004,Source005
0.1,0.109989977904001,0.276979937151496,0.257232603631645,0.108641127879807,0.147156353433051
