Unknown,Source001,Source002,Source003,Source004,Source005
0.1,0.343893062579361,0.151971644667178,0.150944349141734,0.112190475990754,0.141000467620972
