Unknown,Source001,Source002,Source003,Source004,Source005
0.1,0.128629292414406,0.209074033196698,0.246253412634968,0.143002076267059,0.173041185486869
