Unknown,Source001,Source002,Source003,Source004,Source005
0.1,0.140114376238394,0.136971996767083,0.310989161232037,0.152154755480045,0.15976971028244
