Unknown,Source001,Source002,Source003,Source004,Source005
0.1,0.124349054375421,0.274010251442784,0.132262171706059,0.18124130724659,0.188137215229146
