Unknown,Source001,Source002,Source003,Source004,Source005
0.1,0.202641298965213,0.179839857566065,0.177994377041041,0.209234923473487,0.130289542954193
