Unknown,Source001,Source002,Source003,Source004,Source005
0.1,0.235965729696306,0.272429483059833,0.139053940622975,0.116659089128629,0.135891757492257
