Unknown,Source001,Source002,Source003,Source004,Source005
0.1,0.278052799712894,0.117567094516512,0.214790941378919,0.161958014328822,0.127631150062853
