Unknown,Source001,Source002,Source003,Source004,Source005
0.1,0.229972078700589,0.142975171336546,0.190173730395603,0.177612533319285,0.159266486247977
