Unknown,Source001,Source002,Source003,Source004,Source005
0.1,0.205948850940172,0.145362095874576,0.185791024683089,0.176820773336728,0.186077255165435
