Unknown,Source001,Source002,Source003,Source004,Source005
0.1,0.134839693577084,0.159094763484734,0.373141168827627,0.126940995368035,0.105983378742521
