Unknown,Source001,Source002,Source003,Source004,Source005
0.1,0.245271670883347,0.120510357034251,0.169520493638977,0.100369336443036,0.26432814200039
