Unknown,Source001,Source002,Source003,Source004,Source005
0.1,0.146069616498836,0.142193059988601,0.329445875996341,0.107786894216653,0.174504553299569
