Unknown,Source001,Source002,Source003,Source004,Source005
0.1,0.267679205295961,0.158125604958752,0.196968638967837,0.155826951840961,0.121399598936488
