Unknown,Source001,Source002,Source003,Source004,Source005
0.1,0.124697917114196,0.128327097744933,0.126627762047731,0.117417287222471,0.40292993587067
