Unknown,Source001,Source002,Source003,Source004,Source005
0.1,0.106230563768578,0.156899188409909,0.20552084373067,0.289727977018655,0.141621427072189
