Unknown,Source001,Source002,Source003,Source004,Source005
0.1,0.184991591209162,0.118909367023269,0.229820629067408,0.249651485807042,0.11662692689312
