Unknown,Source001,Source002,Source003,Source004,Source005
0.1,0.142996586450809,0.216256156732097,0.2977862002424,0.105570867215107,0.137390189359588
