Unknown,Source001,Source002,Source003,Source004,Source005
0.1,0.121006166844127,0.174693658992311,0.285499784578967,0.210128785097644,0.108671604486951
