Unknown,Source001,Source002,Source003,Source004,Source005
0.1,0.245189860213395,0.107623678324829,0.146733306635447,0.282135856490687,0.118317298335643
