Unknown,Source001,Source002,Source003,Source004,Source005
0.1,0.229271737382849,0.131194554715905,0.203574644581669,0.140113373757559,0.195845689562018
