Unknown,Source001,Source002,Source003,Source004,Source005
0.1,0.198970455814091,0.110686672167689,0.361993961398895,0.107785038973484,0.12056387164584
