Unknown,Source001,Source002,Source003,Source004,Source005
0.1,0.12499747976477,0.133201978677884,0.13158627216474,0.331994463248074,0.178219806144532
