Unknown,Source001,Source002,Source003,Source004,Source005
0.1,0.172764279726465,0.130721782783372,0.118814454470705,0.339277237361211,0.138422245658248
