Unknown,Source001,Source002,Source003,Source004,Source005
0.1,0.339790754252328,0.157484311630026,0.168528496736687,0.130588377095953,0.103608060285006
