Unknown,Source001,Source002,Source003,Source004,Source005
0.1,0.120503328443318,0.105237586407187,0.112602043835845,0.104199853839123,0.457457187474527
