Unknown,Source001,Source002,Source003,Source004,Source005
0.1,0.161366587729588,0.113575071821987,0.146357565537762,0.366735470193952,0.11196530471671
