Unknown,Source001,Source002,Source003,Source004,Source005
0.1,0.337076955566647,0.168089939860264,0.107947385459983,0.132775087273848,0.154110631839257
