Unknown,Source001,Source002,Source003,Source004,Source005
0.1,0.208968633829482,0.187741584146613,0.100009339500476,0.108299990815857,0.294980451707573
