Unknown,Source001,Source002,Source003,Source004,Source005
0.1,0.100191449951403,0.240647335658735,0.252684722296615,0.195354266285692,0.111122225807555
