Unknown,Source001,Source002,Source003,Source004,Source005
0.1,0.351952038672036,0.116424907846846,0.121543717527718,0.133721019067208,0.176358316886192
