Unknown,Source001,Source002,Source003,Source004,Source005
0.1,0.107161461374443,0.30634625527636,0.213721533927026,0.153348350980037,0.119422398442134
