Unknown,Source001,Source002,Source003,Source004,Source005
0.1,0.148860170583699,0.137162950942255,0.301164475690361,0.107036954688894,0.205775448094791
