Unknown,Source001,Source002,Source003,Source004,Source005
0.1,0.211347562260511,0.151240839659572,0.166224724769177,0.187081415799208,0.184105457511533
