Unknown,Source001,Source002,Source003,Source004,Source005
0.1,0.152640806396611,0.118241846233448,0.152221218964261,0.327336738927503,0.149559389478177
