Unknown,Source001,Source002,Source003,Source004,Source005
0.1,0.125631461669681,0.290959324237919,0.20581012002399,0.113547704538576,0.164051389529835
