Unknown,Source001,Source002,Source003,Source004,Source005
0.1,0.1063560890939,0.116541465475284,0.105362751492382,0.224725305221634,0.347014388716799
