Unknown,Source001,Source002,Source003,Source004,Source005
0.1,0.102890271906814,0.13302635344009,0.162202321693234,0.11562140298235,0.386259649977513
