Unknown,Source001,Source002,Source003,Source004,Source005
0.1,0.180867079855856,0.332747686649235,0.170935831111692,0.103900808692247,0.11154859369097
