Unknown,Source001,Source002,Source003,Source004,Source005
0.1,0.134775902233612,0.163067622353701,0.171619867028089,0.203312910336964,0.227223698047634
