Unknown,Source001,Source002,Source003,Source004,Source005
0.1,0.163548251260627,0.168945281470349,0.224511671515552,0.183665111468694,0.159329684284778
