Unknown,Source001,Source002,Source003,Source004,Source005
0.1,0.245388053056893,0.134151452041325,0.216838511500907,0.117717526675223,0.185904456725653
