Unknown,Source001,Source002,Source003,Source004,Source005
0.1,0.199506898559323,0.146344991008626,0.17865690325857,0.261749916300063,0.113741290873418
