Unknown,Source001,Source002,Source003,Source004,Source005
0.1,0.162139012766705,0.130553297570503,0.402630823775892,0.100173812592575,0.104503053294325
