Unknown,Source001,Source002,Source003,Source004,Source005
0.1,0.141250478005841,0.399037375949471,0.103957664132489,0.116132723293907,0.139621758618292
