Unknown,Source001,Source002,Source003,Source004,Source005
0.1,0.292170310892775,0.124948540981538,0.154965388653751,0.168452332444699,0.159463427027237
