Unknown,Source001,Source002,Source003,Source004,Source005
0.1,0.106480329224565,0.139183757748697,0.244928144206028,0.227601634787855,0.181806134032856
