Unknown,Source001,Source002,Source003,Source004,Source005
0.1,0.122156254281629,0.235776254288938,0.140783565684955,0.229559154293009,0.17172477145147
