Unknown,Source001,Source002,Source003,Source004,Source005
0.1,0.10608048602483,0.268106789896688,0.124966118375208,0.161917832672448,0.238928773030826
