Unknown,Source001,Source002,Source003,Source004,Source005
0.1,0.105820049253742,0.109577084788162,0.120512286452926,0.1601742163197,0.403916363185471
