Unknown,Source001,Source002,Source003,Source004,Source005
0.1,0.169962745986525,0.222672186591547,0.22293034059709,0.109898594724082,0.174536132100756
