Unknown,Source001,Source002,Source003,Source004,Source005
0.1,0.125164589134257,0.135193152860018,0.157481673679956,0.245950207205341,0.236210377120429
