Unknown,Source001,Source002,Source003,Source004,Source005
0.1,0.166681926861127,0.148418952131044,0.187652070429457,0.274328809916228,0.122918240662144
