Unknown,Source001,Source002,Source003,Source004,Source005
0.1,0.144457113541037,0.257883616138215,0.148862936884418,0.187863945486989,0.160932387949341
