Unknown,Source001,Source002,Source003,Source004,Source005
0.1,0.120675621510923,0.117910157244502,0.128692976358726,0.419538697826126,0.113182547059723
