Unknown,Source001,Source002,Source003,Source004,Source005
0.1,0.142462866195401,0.131548656095551,0.13265956808559,0.374173281839485,0.119155627783973
