Unknown,Source001,Source002,Source003,Source004,Source005
0.1,0.131940803155538,0.189030849202778,0.206981420476421,0.168763048865712,0.20328387829955
