Unknown,Source001,Source002,Source003,Source004,Source005
0.1,0.178646150816836,0.238110719856253,0.231533743553763,0.118375492330102,0.133333893443046
