Unknown,Source001,Source002,Source003,Source004,Source005
0.1,0.137235064367333,0.201194063254528,0.288444524081442,0.159181258818002,0.113945089478694
