Unknown,Source001,Source002,Source003,Source004,Source005
0.1,0.212231603259735,0.199708780961232,0.145299589190015,0.103631280477185,0.239128746111833
