Unknown,Source001,Source002,Source003,Source004,Source005
0.1,0.279318724803835,0.133159313677474,0.114581335727848,0.119803761109495,0.253136864681348
