Unknown,Source001,Source002,Source003,Source004,Source005
0.1,0.173655480599264,0.113076221634131,0.106048654109517,0.275763450355309,0.231456193301778
