Unknown,Source001,Source002,Source003,Source004,Source005
0.1,0.285982525719583,0.185078332840304,0.176232791108626,0.117864767905862,0.134841582425625
