Unknown,Source001,Source002,Source003,Source004,Source005
0.1,0.257546058125215,0.229631525741839,0.131913655273139,0.151414028901221,0.129494731958586
