Unknown,Source001,Source002,Source003,Source004,Source005
0.1,0.189335881287688,0.153225442326047,0.218348968216038,0.226197669000492,0.112892039169734
