Unknown,Source001,Source002,Source003,Source004,Source005
0.1,0.106690657653496,0.263428539683752,0.133177333881543,0.195015112080904,0.201688356700305
