Unknown,Source001,Source002,Source003,Source004,Source005
0.1,0.401890058024139,0.124944574501556,0.140072984694684,0.105831053118402,0.127261329661219
