Unknown,Source001,Source002,Source003,Source004,Source005
0.1,0.155731731674825,0.180251031962852,0.156563317364492,0.142575327450794,0.264878591547036
