Unknown,Source001,Source002,Source003,Source004,Source005
0.1,0.330883043401236,0.14002956248175,0.106898524027992,0.143103601646816,0.179085268442205
