Unknown,Source001,Source002,Source003,Source004,Source005
0.1,0.127429028240982,0.142056339780618,0.250371172503204,0.233519369106018,0.146624090369178
