Unknown,Source001,Source002,Source003,Source004,Source005
0.1,0.150783559551775,0.251520095145397,0.150107487183694,0.235431298919516,0.112157559199618
