Unknown,Source001,Source002,Source003,Source004,Source005
0.1,0.150224489299539,0.241478221979562,0.291449297858628,0.107872302372205,0.108975688490066
