Unknown,Source001,Source002,Source003,Source004,Source005
0.1,0.13561646459158,0.110735341167882,0.293384246636667,0.24810492285456,0.112159024749311
