Unknown,Source001,Source002,Source003,Source004,Source005
0.1,0.207753402552386,0.191977991525108,0.145506911049474,0.144101763791311,0.210659931081721
