Unknown,Source001,Source002,Source003,Source004,Source005
0.1,0.130441607762104,0.176231457871671,0.170402433183354,0.112355271643767,0.310569229539103
