Unknown,Source001,Source002,Source003,Source004,Source005
0.1,0.215639075098546,0.222473296974154,0.22635528292843,0.102380855507821,0.13315148949105
