Unknown,Source001,Source002,Source003,Source004,Source005
0.1,0.136292339721068,0.114252473804491,0.337154964402421,0.169434686891569,0.142865535180453
