Unknown,Source001,Source002,Source003,Source004,Source005
0.1,0.280281763355121,0.168239500908571,0.103700282827962,0.188751686458425,0.159026766449922
