Unknown,Source001,Source002,Source003,Source004,Source005
0.1,0.206050876267803,0.142679716753406,0.103446521634542,0.334780028747209,0.113042856597041
