Unknown,Source001,Source002,Source003,Source004,Source005
0.1,0.189601230226843,0.274351691843801,0.109446647930789,0.206283491656897,0.12031693834167
