Unknown,Source001,Source002,Source003,Source004,Source005
0.1,0.156756900451615,0.16216175296745,0.19282656395819,0.180835375838342,0.207419406784403
