Unknown,Source001,Source002,Source003,Source004,Source005
0.1,0.161797030489779,0.205764169532568,0.179690773130848,0.106012504519095,0.246735522327709
