Unknown,Source001,Source002,Source003,Source004,Source005
0.1,0.118418125918766,0.11791424180878,0.195793588962421,0.225468114805293,0.242405928504742
