Unknown,Source001,Source002,Source003,Source004,Source005
0.1,0.233770588984658,0.179927176712833,0.143397471363752,0.104810900291434,0.238093862647323
