Unknown,Source001,Source002,Source003,Source004,Source005
0.1,0.119771361871427,0.319415652705061,0.177163948175774,0.133859908165705,0.149789129082033
