Unknown,Source001,Source002,Source003,Source004,Source005
0.1,0.300804571307345,0.125964381012009,0.128063375644445,0.10871863447588,0.23644903756032
