Unknown,Source001,Source002,Source003,Source004,Source005
0.1,0.268580172168388,0.133616015227521,0.1773830591161,0.162501042690287,0.157919710797705
