Unknown,Source001,Source002,Source003,Source004,Source005
0.1,0.23571596175699,0.119407298851578,0.322119151034904,0.108289521249571,0.114468067106957
