Unknown,Source001,Source002,Source003,Source004,Source005
0.1,0.105611015312734,0.142012487189229,0.179456520357543,0.12241995364027,0.350500023500225
