Unknown,Source001,Source002,Source003,Source004,Source005
0.1,0.139118585650537,0.325826657595459,0.130251488275451,0.19669888908334,0.108104379395213
