Unknown,Source001,Source002,Source003,Source004,Source005
0.1,0.115482963968243,0.126709647941406,0.228762581129612,0.140640703339318,0.288404103621421
