Unknown,Source001,Source002,Source003,Source004,Source005
0.1,0.133313282448981,0.118114911213309,0.104263928265552,0.196474800862457,0.347833077209701
