Unknown,Source001,Source002,Source003,Source004,Source005
0.1,0.104967074090023,0.107067990788904,0.191492177197202,0.168414307478068,0.328058450445804
