Unknown,Source001,Source002,Source003,Source004,Source005
0.1,0.151061045282452,0.337491696119718,0.105534678704743,0.101161088909744,0.204751490983344
