Unknown,Source001,Source002,Source003,Source004,Source005
0.1,0.125257371488665,0.152499904103488,0.120125805329237,0.287771964130346,0.214344954948264
