Unknown,Source001,Source002,Source003,Source004,Source005
0.1,0.132409292572861,0.164885065980053,0.246564288268885,0.178596319794069,0.177545033384131
