Unknown,Source001,Source002,Source003,Source004,Source005
0.1,0.166068582840537,0.137215354732612,0.231048674282235,0.233373532921269,0.132293855223347
