Unknown,Source001,Source002,Source003,Source004,Source005
0.1,0.188146105512678,0.104801472000153,0.179123536968626,0.174152320493904,0.25377656502464
