Unknown,Source001,Source002,Source003,Source004,Source005
0.1,0.227388692272381,0.211642296264957,0.162963680613396,0.121116917690768,0.176888413158498
