Unknown,Source001,Source002,Source003,Source004,Source005
0.1,0.116708493870543,0.21528327414183,0.103739351519558,0.270814748862851,0.193454131605218
