Unknown,Source001,Source002,Source003,Source004,Source005
0.1,0.193199412734143,0.13823947460572,0.11593806676165,0.276407053599269,0.176215992299219
