Unknown,Source001,Source002,Source003,Source004,Source005
0.1,0.139065466539318,0.119464602624175,0.100120368782933,0.406159527805857,0.135190034247716
