Unknown,Source001,Source002,Source003,Source004,Source005
0.1,0.201266559891535,0.292484696300244,0.130714654262413,0.147603809064886,0.127930280480922
