Unknown,Source001,Source002,Source003,Source004,Source005
0.1,0.132634761752242,0.126693038863386,0.23660609561835,0.208856052306996,0.195210051459026
