Unknown,Source001,Source002,Source003,Source004,Source005
0.1,0.100453177742659,0.16263479056066,0.15709149904379,0.113200491846217,0.366620040806674
