Unknown,Source001,Source002,Source003,Source004,Source005
0.1,0.179784552929579,0.10266823400573,0.159386326361464,0.342340447354248,0.115820439348979
