Unknown,Source001,Source002,Source003,Source004,Source005
0.1,0.142789544971532,0.121438233233614,0.118470599110895,0.358309502446997,0.158992120236961
