Unknown,Source001,Source002,Source003,Source004,Source005
0.1,0.135119831291505,0.13481479596917,0.186670339320193,0.287982869062405,0.155412164356727
