Unknown,Source001,Source002,Source003,Source004,Source005
0.1,0.126114570873144,0.287722221269074,0.179256713911146,0.142872885597467,0.164033608349169
