Unknown,Source001,Source002,Source003,Source004,Source005
0.1,0.268163327456276,0.162874308677013,0.180797880990425,0.12200740989777,0.166157072978517
