Unknown,Source001,Source002,Source003,Source004,Source005
0.1,0.124101571729047,0.113349641768537,0.186897425755431,0.305814813401128,0.169836547345857
