Unknown,Source001,Source002,Source003,Source004,Source005
0.1,0.317668439444935,0.161515748780686,0.124748136044724,0.134100300079564,0.161967375650091
