Unknown,Source001,Source002,Source003,Source004,Source005
0.1,0.167070438488012,0.102341725370929,0.342112984841371,0.111684979598951,0.176789871700737
