Unknown,Source001,Source002,Source003,Source004,Source005
0.1,0.147469031984351,0.182217341022272,0.257525856438491,0.13189822510179,0.180889545453096
