Unknown,Source001,Source002,Source003,Source004,Source005
0.1,0.231712711448711,0.167068005961595,0.151624799267788,0.108802402164962,0.240792081156944
