Unknown,Source001,Source002,Source003,Source004,Source005
0.1,0.147444578153519,0.173460060797043,0.192203471444705,0.209633558627277,0.177258330977457
