Unknown,Source001,Source002,Source003,Source004,Source005
0.1,0.141696206588733,0.284486012842246,0.240862122459607,0.11078634280278,0.122169315306634
