Unknown,Source001,Source002,Source003,Source004,Source005
0.1,0.296529429541268,0.206531130096841,0.124293821434498,0.135647125834436,0.136998493092958
