Unknown,Source001,Source002,Source003,Source004,Source005,Source006,Source007,Source008,Source009,Source010
0.00332999218630405,0.189979748693183,0.111793429612802,0.122470027889595,0.335220580044614,0.140536213759807,0.0287718034838539,0.00341652888261418,0.00668027664468927,0.0563851149866958,0.00141628381584281
