Unknown,Source001,Source002,Source003,Source004,Source005,Source006,Source007,Source008,Source009,Source010
0.0153778615115198,0.179770852143374,0.149752368413298,0.138002102165238,0.231565300604246,0.200909376673843,0.0119791057204033,0.000563805343395931,0.015000019070689,0.0276667411901524,0.0294124671638396
