Unknown,Source001,Source002,Source003,Source004,Source005,Source006,Source007,Source008,Source009,Source010
0.00780752194290688,0.113231437989155,0.198017832237753,0.156372551450404,0.288289668092715,0.144088510229973,0.0441274191538887,0.0057384872471453,0.00287865480114175,0.0391455677896871,0.000302349065230283
