Unknown,Source001,Source002,Source003,Source004,Source005,Source006,Source007,Source008,Source009,Source010
0.0236105947406006,0.173737558014503,0.132278937581422,0.297376453035346,0.105917254035782,0.190689797332947,0.00631575147860292,0.00496791871122665,0.0181737964100805,0.0125868705925964,0.0343450680668928
