Unknown,Source001,Source002,Source003,Source004,Source005,Source006,Source007,Source008,Source009,Source010
0.00757717310724788,0.167332827084205,0.160040165844953,0.178760316842858,0.119398451210404,0.274468239017581,0.00409576081179185,0.0264393444737097,0.0125016553937204,0.00882909096335806,0.0405569752501721
