Unknown,Source001,Source002,Source003,Source004,Source005,Source006,Source007,Source008,Source009,Source010
0.00997712696768138,0.29549834757778,0.242542298046707,0.100855225384837,0.149894885937142,0.111209243053534,0.0144838363969229,0.00455400944314545,0.0243725442681679,0.00553324190165075,0.0410792410224316
