Unknown,Source001,Source002,Source003,Source004,Source005,Source006,Source007,Source008,Source009,Source010
0.0301457204304603,0.179570235655327,0.18448100498734,0.205724579423797,0.172853875053816,0.15737030487972,0.00180324142915575,0.0270688976590798,0.0162939754427903,0.00384405834440346,0.0208441066941104
