Unknown,Source001,Source002,Source003,Source004,Source005,Source006,Source007,Source008,Source009,Source010
0.00672374823376262,0.11825039642157,0.202576622101518,0.271444202282756,0.206778432056107,0.100950347138049,0.0386794931433437,0.00696749482916996,0.0217128692097669,0.000874935156225742,0.0250414594277312
