Unknown,Source001,Source002,Source003,Source004,Source005,Source006,Source007,Source008,Source009,Source010
0.0355591586455447,0.155055797198681,0.143436043477624,0.36772971138007,0.126246080687815,0.10753236725581,0.0109351335533245,0.0269903261045606,0.00194987213641052,0.017228526112111,0.00733698344804867
