Unknown,Source001,Source002,Source003,Source004,Source005,Source006,Source007,Source008,Source009,Source010
0.00750444522815584,0.117289349396023,0.266914444135721,0.134249609306761,0.171427578595589,0.210119018565906,0.00235952763057337,0.0160655319141958,0.00691391227515631,0.0113117693600992,0.0558448135918195
