Unknown,Source001,Source002,Source003,Source004,Source005,Source006,Source007,Source008,Source009,Source010
0.0014648774315775,0.316419054941539,0.117458566330048,0.180752983458981,0.148128627755644,0.137240767513788,0.00814664216533447,0.0209410966574672,0.0161577844346968,0.0355093948639458,0.0177802044469782
