Unknown,Source001,Source002,Source003,Source004,Source005,Source006,Source007,Source008,Source009,Source010
0.012211483043572,0.120495501656804,0.177131687208782,0.133504436541854,0.102761274311151,0.36610710028141,0.0132751243796683,0.0139455536849529,0.0153880812844621,0.0099998809258652,0.0351798766814794
