Unknown,Source001,Source002,Source003,Source004,Source005,Source006,Source007,Source008,Source009,Source010
0.00801860373787887,0.154647738141912,0.162895655028809,0.148266658821242,0.106535850081514,0.327654097926523,0.0149465166244763,0.0546173234881052,0.0112622820597973,0.0011996636108755,0.00995561047886684
