Unknown,Source001,Source002,Source003,Source004,Source005,Source006,Source007,Source008,Source009,Source010
0.016575753384982,0.289624990752063,0.10433658378138,0.210760630150073,0.14338716859758,0.151890626718903,0.0452071488896046,0.00237334856118843,0.0209574801979674,0.00943051161173888,0.00545575735451872
