Unknown,Source001,Source002,Source003,Source004,Source005,Source006,Source007,Source008,Source009,Source010
0.0428046977181016,0.353218773198899,0.115698366319102,0.133556299827082,0.105399038426789,0.192127522228128,0.018322541701551,0.0056550810216745,0.00292205194123243,0.00870260889676574,0.0215930187206746
