Unknown,Source001,Source002,Source003,Source004,Source005,Source006,Source007,Source008,Source009,Source010
0.00753736263129531,0.117557274924776,0.254784058693504,0.271307809594692,0.118646159526677,0.137704697260351,0.0348300904239764,0.00232625485858075,0.0450333845444393,0.00938774929390363,0.000885158247804653
