Unknown,Source001,Source002,Source003,Source004,Source005,Source006,Source007,Source008,Source009,Source010
0.0207609940051632,0.219664916744501,0.117421400605343,0.228995183248201,0.115070864028526,0.218847635373429,0.00294893668165825,0.0325154031428314,0.0159699415627142,0.0144886650358468,0.0133160595717862
