Unknown,Source001,Source002,Source003,Source004,Source005,Source006,Source007,Source008,Source009,Source010
0.0306966237806083,0.119729329840068,0.202171800901719,0.151876521526269,0.21152779013863,0.214694557593313,0.00157377434355574,0.0200468963753569,0.005877952489102,0.0324157590485837,0.00938899396279341
