Unknown,Source001,Source002,Source003,Source004,Source005,Source006,Source007,Source008,Source009,Source010
0.0128632160855095,0.109618877180261,0.113304351776694,0.424428300575439,0.102678460992033,0.149970009475573,0.0049311620688732,0.0119681789232625,0.039342027146545,0.0037201825096278,0.027175233266182
