Unknown,Source001,Source002,Source003,Source004,Source005,Source006,Source007,Source008,Source009,Source010
0.0300489179154457,0.147857774990063,0.134739334279178,0.188754370690594,0.244813878984954,0.183834641055211,0.0220149962132801,0.000772223264162827,0.000903222642828983,0.0412828474120047,0.00497779255227771
