Unknown,Source001,Source002,Source003,Source004,Source005,Source006,Source007,Source008,Source009,Source010
0.0212150492196296,0.129936771297408,0.141768425863182,0.213975798706469,0.214687900757636,0.199631103375306,0.00323726048296804,0.0116448267623414,0.0163835938749618,0.0250045501212576,0.0225147195388415
