Unknown,Source001,Source002,Source003,Source004,Source005,Source006,Source007,Source008,Source009,Source010
0.0366359916934574,0.102300674429289,0.16202042276096,0.239172228250152,0.139718749119459,0.25678792544014,0.0270793411262025,0.0187693499223521,0.00108004276506616,0.0110620221335243,0.00537325235939762
