Unknown,Source001,Source002,Source003,Source004,Source005,Source006,Source007,Source008,Source009,Source010
0.0138528955537873,0.313141330724335,0.115350602880506,0.220123889143429,0.104598019388899,0.146786157862832,0.0303725696376382,0.00443421842229842,0.00292683102344792,0.0031161010505586,0.0452973843122696
