Unknown,Source001,Source002,Source003,Source004,Source005,Source006,Source007,Source008,Source009,Source010
0.011176547057022,0.263840048737951,0.127749668398175,0.128989292670866,0.202278315779558,0.17714267441345,0.00851437339156594,0.0196569322830944,0.0428149403288636,0.00285968015924125,0.0149775267802128
