Unknown,Source001,Source002,Source003,Source004,Source005,Source006,Source007,Source008,Source009,Source010
0.0243068461485592,0.146288423141005,0.141823353418886,0.108285580103905,0.38739006777606,0.116212575560145,0.00550156163495168,0.00411558663875071,0.0357566098500649,0.0143042733876596,0.0160151223400139
