Unknown,Source001,Source002,Source003,Source004,Source005,Source006,Source007,Source008,Source009,Source010
0.00300002228245992,0.293160608460315,0.116934709980658,0.183304773963901,0.182060154861527,0.124539752733599,0.0192380634352772,0.0342955903180804,0.0183930006987678,0.0247614467414824,0.000311876523932277
