Unknown,Source001,Source002,Source003,Source004,Source005,Source006,Source007,Source008,Source009,Source010
0.0027353349141203,0.342150843158683,0.14286864015401,0.107325657322701,0.108010813063332,0.199644046301275,0.0210446960953021,0.0114399348690858,0.010018410584072,0.000463507681428332,0.0542981158559915
