Unknown,Source001,Source002,Source003,Source004,Source005,Source006,Source007,Source008,Source009,Source010
0.0116396457373281,0.135045124328884,0.142520012368765,0.288547521144486,0.197955303485588,0.135932038672277,0.0245951105089812,0.0106722009280961,0.00837606734743748,0.00360671655834381,0.0411102589198133
