Unknown,Source001,Source002,Source003,Source004,Source005,Source006,Source007,Source008,Source009,Source010
0.0140840961412464,0.1482895205986,0.216691981085279,0.170584117723694,0.201429556780963,0.163004823811463,0.00305928434390663,0.0151894020420861,0.0234054934429112,0.019704384191419,0.0245573398384307
