Unknown,Source001,Source002,Source003,Source004,Source005,Source006,Source007,Source008,Source009,Source010
0.0123576689411083,0.122918310559566,0.129644039082911,0.115279841925257,0.108323819860232,0.423833988572034,0.00369436081370577,0.020952135837906,0.0264478247654712,0.0236152585313425,0.0129327511104662
