Unknown,Source001,Source002,Source003,Source004,Source005,Source006,Source007,Source008,Source009,Source010
0.0131900731439837,0.188117729855131,0.122359984129952,0.132790176750153,0.17552725230698,0.281204856957783,0.021321708183155,0.00642417544121671,0.0227212843683192,0.0172031637432422,0.0191395951200831
