Unknown,Source001,Source002,Source003,Source004,Source005,Source006,Source007,Source008,Source009,Source010
0.0298320918385566,0.232969076184366,0.104992699047654,0.268850755696286,0.101132211053813,0.192055258017881,0.0290677033061033,0.00806528056292014,0.0241023630074117,0.00605033905331427,0.00288222223169397
