Unknown,Source001,Source002,Source003,Source004,Source005,Source006,Source007,Source008,Source009,Source010
0.000638785623691117,0.131802106148872,0.143197456223049,0.290708948763343,0.199846123346291,0.134445365518445,0.0566763015603174,0.0365570147226969,0.00182263015317303,0.00133395682350298,0.00297131111661857
