Unknown,Source001,Source002,Source003,Source004,Source005,Source006,Source007,Source008,Source009,Source010
0.0282013119087786,0.155721006854045,0.154130284964156,0.278742891387204,0.104865595878651,0.206540220915943,0.00209810613934169,0.0332911030590775,0.0199328906260359,0.000860760874626281,0.0156158273921399
