Unknown,Source001,Source002,Source003,Source004,Source005,Source006,Source007,Source008,Source009,Source010
0.031599246730265,0.298705880052649,0.106956299620657,0.124433968736758,0.113184755436534,0.256719096153403,0.0336118655636338,0.00980218943494541,0.00628632739477687,0.012641137095831,0.00605923378054791
