Unknown,Source001,Source002,Source003,Source004,Source005,Source006,Source007,Source008,Source009,Source010
0.00573937741574569,0.238966607239309,0.124372480443324,0.137107835207288,0.29481474435722,0.104738332752859,0.00560217492010205,0.0448568725729957,0.017532202078508,0.0151097477486716,0.011159625263977
