Unknown,Source001,Source002,Source003,Source004,Source005,Source006,Source007,Source008,Source009,Source010
0.0310818157714747,0.232436210079595,0.109760684454072,0.323182119723808,0.109297131262703,0.125323854479822,0.00131941388340367,0.0176133719815288,0.0052032906053084,0.00750605650472736,0.0372760512535571
