Unknown,Source001,Source002,Source003,Source004,Source005,Source006,Source007,Source008,Source009,Source010
0.0272871779503596,0.195617562981413,0.181106913374438,0.164432981541586,0.229805925395244,0.129036616707318,0.0343511964076974,0.00949029775289132,0.00804084716797058,0.0139045378865819,0.00692594283449908
