Unknown,Source001,Source002,Source003,Source004,Source005,Source006,Source007,Source008,Source009,Source010
0.00234868116992217,0.134370966268544,0.39868439974079,0.121083367082022,0.143551230488895,0.102310036419749,0.0219806958569666,0.00378721377588453,0.00343115917054271,0.0319791886555451,0.0364730613711389
