Unknown,Source001,Source002,Source003,Source004,Source005,Source006,Source007,Source008,Source009,Source010
0.00819787535497818,0.232020272981937,0.107184084600876,0.219904906573578,0.220472785124255,0.120417950719354,0.0120238615016752,0.00446241300709046,0.0166650241279492,0.0318044526357968,0.0268463733725102
