Unknown,Source001,Source002,Source003,Source004,Source005,Source006,Source007,Source008,Source009,Source010
0.000276038934435298,0.135338565289316,0.130999023295969,0.281377364063189,0.122961475155165,0.229323572196361,0.022826748481206,0.0284875061252927,0.0434417829053308,0.00306336746303676,0.00190455609069835
