Unknown,Source001,Source002,Source003,Source004,Source005,Source006,Source007,Source008,Source009,Source010
0.00754463995031278,0.14560838603302,0.211612242244412,0.214350596363459,0.124597738031565,0.203831037327544,0.0107831282492172,0.0128110616515292,0.0278959652796647,0.0194639860529886,0.0215012188162874
