Unknown,Source001,Source002,Source003,Source004,Source005,Source006,Source007,Source008,Source009,Source010
0.036812919008059,0.176516750579194,0.256517600389193,0.120311080108071,0.229173911708891,0.117480657214652,0.0251955934821654,0.0162417718133148,0.00203427928045737,0.0106129125038636,0.00910252391213985
