Unknown,Source001,Source002,Source003,Source004,Source005,Source006,Source007,Source008,Source009,Source010
0.0333747249149741,0.187151298273419,0.133193632780946,0.153727182893393,0.100081202841849,0.325846683210394,0.00696158098626054,0.0434385415563728,5.5923600111612e-05,0.00906048156712512,0.00710874737515578
