Unknown,Source001,Source002,Source003,Source004,Source005,Source006,Source007,Source008,Source009,Source010
0.00181284683554025,0.187652464501242,0.107291972691604,0.199104929382455,0.129426436832664,0.276524196592036,0.0276952471081758,0.0148739221111657,0.00397322004280273,0.0341193862032717,0.0175253776990438
