Unknown,Source001,Source002,Source003,Source004,Source005,Source006,Source007,Source008,Source009,Source010
0.00260115139588135,0.134982583272345,0.359791347723753,0.16132220515164,0.120918581952022,0.122985281900239,0.0588660314344877,0.0151673923720692,0.0119958996019504,0.00435640851362843,0.00701311668198282
