Unknown,Source001,Source002,Source003,Source004,Source005,Source006,Source007,Source008,Source009,Source010
0.0089181150832425,0.277130771408651,0.171501203822243,0.175940469904564,0.123314162256301,0.152113392608241,0.0084892068704963,0.0166723698434257,0.000489336312110343,0.0111906574380492,0.054240314452676
