Unknown,Source001,Source002,Source003,Source004,Source005,Source006,Source007,Source008,Source009,Source010
0.00692671107775204,0.152787289100472,0.181646830748524,0.15802031983761,0.217360843512234,0.19018471680116,0.00257044137825182,0.00169732678480058,0.0128242297754252,0.016613598301697,0.0593676926820733
