Unknown,Source001,Source002,Source003,Source004,Source005,Source006,Source007,Source008,Source009,Source010
0.0436119232902804,0.119809729392502,0.302286969894337,0.196233396596206,0.128478296940997,0.153191607175958,0.0072908077953665,0.0189323400112864,0.0184467352600192,0.000535531983382127,0.0111826616596653
