Unknown,Source001,Source002,Source003,Source004,Source005,Source006,Source007,Source008,Source009,Source010
0.0280234749928587,0.152432812375108,0.160115118370321,0.305388239994278,0.166336888720951,0.115726940539342,0.00490567658188135,0.00871381044851395,0.0140189214525297,0.0278886567223181,0.0164494598018982
