Unknown,Source001,Source002,Source003,Source004,Source005,Source006,Source007,Source008,Source009,Source010
0.0179700598007094,0.135146716408233,0.153359032774287,0.233923770890714,0.23441977482634,0.143150705100426,0.0538758569871066,0.000837301916644679,0.0213223662734176,0.00219640579349185,0.00379800922862997
