Unknown,Source001,Source002,Source003,Source004,Source005,Source006,Source007,Source008,Source009,Source010
0.0116052712939825,0.112207642166116,0.380708518847745,0.155756763451152,0.143279740699502,0.108047334835485,0.000473518075811833,0.00131304634128994,0.00594751140184349,0.0481316514898853,0.0325290013971869
