Unknown,Source001,Source002,Source003,Source004,Source005,Source006,Source007,Source008,Source009,Source010
0.0015212652465256,0.102299047839245,0.161488603385543,0.206258000912898,0.197008235684258,0.232946112178056,0.0294312173641964,0.0235070759312805,0.0186799513693438,0.0233964642152227,0.00346402587343105
