Unknown,Source001,Source002,Source003,Source004,Source005,Source006,Source007,Source008,Source009,Source010
0.00807162948711639,0.155654898231637,0.329138521333271,0.11283733428132,0.1663244753048,0.136044770848973,0.00135316249079827,0.00602842706940224,0.0228062639681346,0.00479099783710196,0.0569495191474465
