Unknown,Source001,Source002,Source003,Source004,Source005,Source006,Source007,Source008,Source009,Source010
0.00479037617800756,0.240218106921222,0.161533817565836,0.114339275178108,0.145798669783109,0.238110130551726,0.000532023665716607,0.0304789538165626,0.0148272702200898,0.0259148346086105,0.0234565415110129
