Unknown,Source001,Source002,Source003,Source004,Source005,Source006,Source007,Source008,Source009,Source010
0.0189374675209974,0.357048303778971,0.146461270926762,0.100683016779469,0.165006118822592,0.130801289692208,0.0304472354415342,0.00884987377256242,0.00544190749828174,0.00591827291141248,0.0304052428552118
