Unknown,Source001,Source002,Source003,Source004,Source005,Source006,Source007,Source008,Source009,Source010
0.00484561101464937,0.124721865858153,0.174077411840887,0.238537900332489,0.242199036765192,0.12046378520328,0.00731659856155634,0.0372000531249074,0.00872448666158869,0.0370923881509329,0.00482086248636535
