Unknown,Source001,Source002,Source003,Source004,Source005,Source006,Source007,Source008,Source009,Source010
0.0192822535196633,0.121047976028029,0.309490130457393,0.123555219346098,0.226851687134801,0.119054987033679,0.027711576864617,0.0153994401393404,0.00361466915303676,0.0240276345823224,0.00996442574102013
