Unknown,Source001,Source002,Source003,Source004,Source005,Source006,Source007,Source008,Source009,Source010
0.00882185397500867,0.114331733295598,0.208536931875917,0.224802078532657,0.114500838425396,0.237828417870431,0.0466285895391343,0.00712395869349655,0.0318469566844665,0.00538928137045511,0.000189359737438858
