Unknown,Source001,Source002,Source003,Source004,Source005,Source006,Source007,Source008,Source009,Source010
0.00532323176563485,0.117259671372985,0.178951910469663,0.276320377308354,0.11571516290598,0.211752877943018,0.016430611342962,0.0541722053991798,0.0164523437942138,0.000642770655202612,0.00697883704280687
