Unknown,Source001,Source002,Source003,Source004,Source005,Source006,Source007,Source008,Source009,Source010
0.0140092121946164,0.117751319852737,0.115831689871526,0.188809341769646,0.320950329206836,0.156657319299254,0.00612340001781149,0.0354044744344267,0.0046273263191099,0.014676399972859,0.0251591870611764
