Unknown,Source001,Source002,Source003,Source004,Source005,Source006,Source007,Source008,Source009,Source010
0.0491751510092244,0.110800565878765,0.229919638014212,0.100539665553974,0.183301286003004,0.275438844550044,0.00470419088390888,0.020281228143476,0.0142874563317613,0.0114933018103557,5.86718212737057e-05
