Unknown,Source001,Source002,Source003,Source004,Source005,Source006,Source007,Source008,Source009,Source010
0.0274894026187152,0.118688696675688,0.171425276516615,0.282038911688159,0.211641195855552,0.116205919263986,0.00680421894539949,0.00619212604910164,0.0120308367070669,0.00252501234225959,0.0449584033374571
