Unknown,Source001,Source002,Source003,Source004,Source005,Source006,Source007,Source008,Source009,Source010
0.0375525536997461,0.111126580208871,0.208336441845627,0.126261443364388,0.307302717410602,0.146972817170512,0.00773859704958186,0.00787030512976957,0.0379714054931901,0.00750910072789052,0.00135803789982185
