Unknown,Source001,Source002,Source003,Source004,Source005,Source006,Source007,Source008,Source009,Source010
0.0503883005105678,0.140378396197383,0.219234914462076,0.12988896707315,0.276962471767076,0.133535250500315,0.00233658289791248,0.00906545253899851,0.0200730438094545,0.00674959320547806,0.0113870270375886
