Unknown,Source001,Source002,Source003,Source004,Source005,Source006,Source007,Source008,Source009,Source010
0.0119503393082498,0.14996979785764,0.198584975166599,0.252935515029665,0.18190421565676,0.116605496289336,0.0207876254023134,0.0246624386637974,0.00222762891010028,0.0156014050646299,0.0247705626509092
