Unknown,Source001,Source002,Source003,Source004,Source005,Source006,Source007,Source008,Source009,Source010
0.00634716702061445,0.152516675955801,0.12187178812574,0.247522758110697,0.199421124301986,0.178667653505775,0.00910024000644326,0.0228971789377106,0.0101513783013899,0.00788931945243868,0.0436147162814031
