Unknown,Source001,Source002,Source003,Source004,Source005,Source006,Source007,Source008,Source009,Source010
0.029652087943918,0.224105973878437,0.216651489081829,0.140743864292063,0.173372370077724,0.145126302669947,0.0109421945080887,0.00893310597334679,0.0262952536669308,0.00474289579480821,0.0194344621129075
