Unknown,Source001,Source002,Source003,Source004,Source005,Source006,Source007,Source008,Source009,Source010
0.00397149206002557,0.11265414824734,0.103178663164438,0.117743056771368,0.451681446087007,0.114742685729847,0.0135618046773214,0.0374268508022833,0.0338271851823677,0.00927231014302367,0.00194035713497838
