Unknown,Source001,Source002,Source003,Source004,Source005,Source006,Source007,Source008,Source009,Source010
0.00965561553554589,0.139658091758232,0.179816767289938,0.144978395328707,0.242917972863428,0.192628772759694,0.0293053885732752,0.00979824450825598,0.00707348278816093,0.01976218267146,0.024405085923302
