Unknown,Source001,Source002,Source003,Source004,Source005,Source006,Source007,Source008,Source009,Source010
0.0323961189913408,0.254466928573304,0.100215577794586,0.239673153692707,0.152177106226658,0.153467233712744,0.00457263118014486,0.0441396495133367,0.00479348907340303,0.00199940078159117,0.0120987104601834
