Unknown,Source001,Source002,Source003,Source004,Source005,Source006,Source007,Source008,Source009,Source010
0.0108843295413936,0.106002376456214,0.247870905661045,0.260688935154446,0.184505885013928,0.100931897714366,0.00571243181814089,0.0210483384949055,0.0286436988708514,0.0270128860094266,0.00669831526528195
