Unknown,Source001,Source002,Source003,Source004,Source005,Source006,Source007,Source008,Source009,Source010
0.0234767129885096,0.129943032511324,0.153257292665466,0.19887307164053,0.128851437800414,0.289075165382265,0.0173672068574896,0.0105476958895987,0.0145859351746146,0.00325278305094657,0.0307696660388408
