Unknown,Source001,Source002,Source003,Source004,Source005,Source006,Source007,Source008,Source009,Source010
0.0063284368969637,0.348363600632731,0.13212930351915,0.133715796165914,0.160802526894671,0.124988772787533,0.0135992598764064,0.0305560067285865,0.0204500183309797,0.00898287287907195,0.0200834052879916
