Unknown,Source001,Source002,Source003,Source004,Source005,Source006,Source007,Source008,Source009,Source010
0.0235604395842676,0.119769872327153,0.203034608379043,0.171921067582417,0.199192272917213,0.206082178794174,0.00450140574381402,0.00410071260099744,0.0262424286261845,0.0143199766133712,0.0272750368313652
