Unknown,Source001,Source002,Source003,Source004,Source005,Source006,Source007,Source008,Source009,Source010
0.0072388656412007,0.110805221397645,0.16901296052919,0.208383068210379,0.173221947148306,0.238576802714479,0.016882308128685,0.0352490427328869,0.00640283995293149,0.0254986926905459,0.00872825085374997
