Unknown,Source001,Source002,Source003,Source004,Source005,Source006,Source007,Source008,Source009,Source010
0.0474585606752628,0.148012908858367,0.253617509942514,0.103582085836302,0.103069592410867,0.29171790295195,0.0323311100754025,0.00315814451997179,0.0127614146184529,0.00196979470891993,0.00232097540199008
