Unknown,Source001,Source002,Source003,Source004,Source005,Source006,Source007,Source008,Source009,Source010
0.0231809624993271,0.112729342301121,0.26784743019057,0.106167415920448,0.310180256024765,0.103075555563097,0.0143420529747862,0.0116853079406453,0.00220567444770286,0.0137227483468613,0.0348632537906772
