Unknown,Source001,Source002,Source003,Source004,Source005,Source006,Source007,Source008,Source009,Source010
0.00665192811173717,0.178654426251562,0.17736234233306,0.131097873612772,0.261307407568512,0.151577950234094,0.0655200108890434,0.00576370932830108,0.00692019015228931,0.00528247584521304,0.00986168567341594
