Unknown,Source001,Source002,Source003,Source004,Source005,Source006,Source007,Source008,Source009,Source010
0.0159398387486308,0.171251934011636,0.130454026434183,0.102296736057109,0.219579508007485,0.276417795489587,0.0451961841807975,0.000374449302180254,0.00119916635341514,0.00893686762661877,0.0283534937883576
