Unknown,Source001,Source002,Source003,Source004,Source005,Source006,Source007,Source008,Source009,Source010
0.0322961927438316,0.240612517133262,0.101891819533199,0.227414412751062,0.149307824643007,0.180773425939471,0.0451290910004169,0.0118551665379961,0.00292193727882751,0.00352783915252643,0.00426977328640157
