Unknown,Source001,Source002,Source003,Source004,Source005,Source006,Source007,Source008,Source009,Source010
0.00499710181164,0.160297391725016,0.235379485016638,0.179126474566074,0.161085689525484,0.164110959166788,0.0184847214111492,0.0160495295802636,0.0410107353657036,0.0125870107597735,0.00687090107147
