Unknown,Source001,Source002,Source003,Source004,Source005,Source006,Source007,Source008,Source009,Source010
0.0208597744771684,0.114636040124408,0.161004187707631,0.16780937967927,0.314877550429533,0.141672842059159,0.0030077256029454,0.04200773305415,0.00151680622169456,0.0210851114898423,0.0115228491541993
