Unknown,Source001,Source002,Source003,Source004,Source005,Source006,Source007,Source008,Source009,Source010
0.0154076265253897,0.106589369493306,0.217010446193027,0.112279324102288,0.162798258993979,0.3013226012174,0.0121011180755024,0.0271658986044673,0.0129366080566258,0.00749667442794263,0.0248920743100721
