Unknown,Source001,Source002,Source003,Source004,Source005,Source006,Source007,Source008,Source009,Source010
0.00268438899435207,0.245408266726135,0.272995535365627,0.106531883399484,0.120795245815061,0.154269068693693,0.00648538671498464,0.00953817275762146,0.0465928537734276,0.00196233271230142,0.0327368650473128
