Unknown,Source001,Source002,Source003,Source004,Source005,Source006,Source007,Source008,Source009,Source010
0.0309627218785979,0.122802830930571,0.223109752391855,0.124438545161712,0.164539239374328,0.265109632141534,0.0023873069797459,0.0277220925944691,0.000538874359094044,0.0113415940153432,0.0270474101727499
