Unknown,Source001,Source002,Source003,Source004,Source005,Source006,Source007,Source008,Source009,Source010
0.0371252673379514,0.173911400787916,0.105216847771499,0.140365698952963,0.126308969757652,0.35419708272997,0.0155528344821241,0.0277297275081549,0.00294589507138675,0.0150909040413669,0.00155537155901581
