Unknown,Source001,Source002,Source003,Source004,Source005,Source006,Source007,Source008,Source009,Source010
0.00015879003004223,0.153438849800736,0.173081295079199,0.129083526646429,0.281110740288374,0.163285588185262,0.00369276232568204,0.000363678518828288,0.0060730177744066,0.0813404945618972,0.00837125678914365
