Unknown,Source001,Source002,Source003,Source004,Source005,Source006,Source007,Source008,Source009,Source010
0.0167472845465008,0.167867620475151,0.122551457645713,0.105039179669406,0.377616593746391,0.126925148463338,0.0304333011597541,0.0124516990895172,0.00153946513653321,0.0364788190397351,0.00234943102795948
