Unknown,Source001,Source002,Source003,Source004,Source005,Source006,Source007,Source008,Source009,Source010
0.00842584738119876,0.324381984684375,0.114051485888082,0.21905974132605,0.102905815364091,0.139600972737401,0.0113001020799381,0.0107717452922416,0.0332680685670631,0.0294036467883794,0.0068305898911791
