Unknown,Source001,Source002,Source003,Source004,Source005,Source006,Source007,Source008,Source009,Source010
0.025973391877415,0.141490904181628,0.178125995640203,0.159466991521057,0.280960480540717,0.139955628116395,0.00967573145829285,0.008634167343305,0.0254038012984676,0.02385392083465,0.00645898718786952
