Unknown,Source001,Source002,Source003,Source004,Source005,Source006,Source007,Source008,Source009,Source010
0.00754922461908191,0.188976379378483,0.223425386039802,0.172059579418667,0.156799354585378,0.158739300577671,0.052057163747967,0.0236090567286933,0.000809538705794554,0.0134783575754033,0.00249665862305992
