Unknown,Source001,Source002,Source003,Source004,Source005,Source006,Source007,Source008,Source009,Source010
0.00465950219203527,0.162885571043496,0.120586262490326,0.17277503940326,0.132307488000265,0.311445639062653,0.0476245496323685,0.0175687607127488,0.0119699217127255,0.00147744682291778,0.0166998189272041
