Unknown,Source001,Source002,Source003,Source004,Source005,Source006,Source007,Source008,Source009,Source010
0.0375875766505243,0.10893889710904,0.141068485045305,0.215695937562779,0.284244283316603,0.150052396966274,0.00989219918404601,0.0366601618509053,0.00790432850287679,0.0016472021660298,0.00630853164561774
