Unknown,Source001,Source002,Source003,Source004,Source005,Source006,Source007,Source008,Source009,Source010
0.0182355645384639,0.14084259783441,0.114449356293094,0.155733752189533,0.156437449096392,0.33253684458657,0.0176547425787783,0.00155364144074758,0.00605164180050963,0.0379145422853245,0.0185898673561761
