Unknown,Source001,Source002,Source003,Source004,Source005,Source006,Source007,Source008,Source009,Source010
0.023635178587373,0.134579189301798,0.162706210727485,0.193420923546683,0.204602962496895,0.204690713927139,0.00676943067717696,0.00137056864296811,0.0453524539822713,0.0176556980480598,0.0052166700621508
