Unknown,Source001,Source002,Source003,Source004,Source005,Source006,Source007,Source008,Source009,Source010
0.00639966377211402,0.209588677256655,0.136306468003266,0.147933760836413,0.227571509340591,0.178599584563074,0.00944740709032692,0.0149376354910575,0.0193239848694264,0.0331077222546624,0.0167835865224128
