Unknown,Source001,Source002,Source003,Source004,Source005,Source006,Source007,Source008,Source009,Source010
0.0164510121313171,0.217162172553699,0.116417896029316,0.242283428502946,0.13794072094783,0.186195781966209,0.0290698052975782,0.00741942632245483,0.0211416477357795,0.0109217258851771,0.0149963826276931
