Unknown,Source001,Source002,Source003,Source004,Source005,Source006,Source007,Source008,Source009,Source010
0.0130521442559686,0.105304975835363,0.102427613840297,0.14616604925352,0.378975928157326,0.167125432913494,0.0214787536488975,0.000629513187672042,0.00601044899337797,0.00261834710546195,0.0562107928086218
