Unknown,Source001,Source002,Source003,Source004,Source005,Source006,Source007,Source008,Source009,Source010
0.0212892004298323,0.227711762361615,0.108381035027542,0.135670863234852,0.162437117493559,0.265799221882432,0.00402944347744184,0.0252509902440514,0.00672580748750762,0.0360660474677673,0.00663851089339944
