Unknown,Source001,Source002,Source003,Source004,Source005,Source006,Source007,Source008,Source009,Source010
0.00631902624939007,0.125653190593602,0.140848151838602,0.277306289027655,0.155360468361977,0.200831900178164,0.0371309880645062,0.00393078297408488,0.00807155027060968,0.0168709018705904,0.0276767505708187
