Unknown,Source001,Source002,Source003,Source004,Source005,Source006,Source007,Source008,Source009,Source010
0.00931068661859076,0.246864034660183,0.130634226001662,0.269514334412861,0.110431333203982,0.142556071721312,0.0425137366677045,0.0194553648791819,0.00759205883954894,0.00065718996502305,0.0204709630299508
