Unknown,Source001,Source002,Source003,Source004,Source005,Source006,Source007,Source008,Source009,Source010
0.000289336940502234,0.224247721410243,0.243248629445818,0.159811700241175,0.154619771853092,0.118072177049671,0.0401332777515236,0.0346140981427688,0.0138549646889734,0.00963938753070127,0.00146893494553064
