Unknown,Source001,Source002,Source003,Source004,Source005,Source006,Source007,Source008,Source009,Source010
0.00450781910279775,0.192410467637775,0.131682740547294,0.15174862726114,0.181145776116218,0.243012388437573,0.00475990291615571,0.00526512752773943,0.0208747068966045,0.0454590669391874,0.0191333766175153
