Unknown,Source001,Source002,Source003,Source004,Source005,Source006,Source007,Source008,Source009,Source010
0.00927301446791284,0.172471131179495,0.150167358486554,0.173310945401139,0.191149154275745,0.212901410657067,0.000795610387757778,0.00105890485516228,0.00340513592769056,0.0137688686084557,0.0716984657530208
