Unknown,Source001,Source002,Source003,Source004,Source005,Source006,Source007,Source008,Source009,Source010
0.0337225402954545,0.304508356485454,0.144487242017534,0.202090080491501,0.116772741698453,0.132141579307058,0.00203896919787409,0.0298109238018224,0.0143840012928527,0.0138298317102046,0.00621373370179166
