Unknown,Source001,Source002,Source003,Source004,Source005,Source006,Source007,Source008,Source009,Source010
0.0450475387275948,0.158791699815944,0.270655043598985,0.131880948360324,0.191934658141956,0.146737650082791,0.00044919613130343,0.000555923615107974,0.00883634117890406,0.00955661473377904,0.0355543856133106
