Unknown,Source001,Source002,Source003,Source004,Source005,Source006,Source007,Source008,Source009,Source010
0.000137645852323389,0.145476437969553,0.207730315905755,0.194828755284432,0.17620575770234,0.17575873313792,0.0299243510252998,0.00196198762148717,0.0376022656879861,0.0160810884114879,0.0142926614014155
