Unknown,Source001,Source002,Source003,Source004,Source005,Source006,Source007,Source008,Source009,Source010
0.00516024412124217,0.128823770414431,0.216306420727637,0.132911150533808,0.191893176710711,0.230065481613413,0.0265745818633378,0.00088112748116822,0.0226298411261457,0.0230740343548424,0.0216801710532637
