Unknown,Source001,Source002,Source003,Source004,Source005,Source006,Source007,Source008,Source009,Source010
0.00692945215648754,0.130554711558929,0.195126270320686,0.103754362556453,0.176988698852347,0.293575956711586,0.008630204967521,0.00440171340738186,0.0477224663640958,0.0100596638137103,0.0222564992908035
