Unknown,Source001,Source002,Source003,Source004,Source005,Source006,Source007,Source008,Source009,Source010
0.0153586238136688,0.192414368001356,0.308786471928788,0.12529567406673,0.134828442037481,0.138675043965646,0.00248905617649699,0.0338110283511798,0.0195467029655262,0.00455294695820357,0.0242416417349246
