Unknown,Source001,Source002,Source003,Source004,Source005,Source006,Source007,Source008,Source009,Source010
0.00128765984802773,0.127848958778356,0.101205009381773,0.12784336471399,0.368080770199653,0.175021896926227,0.00599204697892994,0.027278000835347,0.0230832155810444,0.0293760284538646,0.0129830483027864
