Unknown,Source001,Source002,Source003,Source004,Source005,Source006,Source007,Source008,Source009,Source010
0.00918153685498056,0.236630886277243,0.121555784482176,0.195268732192945,0.153090364335388,0.193454232712247,0.0027088413821977,0.0375138057886107,0.0218620350912223,0.00838761618716909,0.0203461646958196
