Unknown,Source001,Source002,Source003,Source004,Source005,Source006,Source007,Source008,Source009,Source010
0.0275941828681936,0.145633565784829,0.185825606576769,0.224454464654575,0.20640046272829,0.137685900255537,0.0117547592780594,0.0163897469957619,0.00369804298894951,0.0269207619616587,0.0136425059073769
