Unknown,Source001,Source002,Source003,Source004,Source005,Source006,Source007,Source008,Source009,Source010
0.0219258463847943,0.260909681873183,0.189274865943294,0.130042335236722,0.189904399968954,0.129868716977848,0.00171395231782991,0.00705869538036919,0.0519107371342461,0.00657168450261106,0.0108190842801494
