Unknown,Source001,Source002,Source003,Source004,Source005,Source006,Source007,Source008,Source009,Source010
0.00466740032937207,0.252943114716666,0.164416115905014,0.169127306609199,0.127345121072809,0.186168341696312,0.0056084041892356,0.0326554393473601,0.00992724048164889,0.0385571262642896,0.00858438938809372
