Unknown,Source001,Source002,Source003,Source004,Source005,Source006,Source007,Source008,Source009,Source010
0.0197684627669035,0.101472252129512,0.145348689081609,0.29363710560875,0.204083288816387,0.155458664363742,0.0525625776337135,0.00988097762064303,0.00157923477964254,0.00835180315055599,0.00785694404854142
