Unknown,Source001,Source002,Source003,Source004,Source005,Source006,Source007,Source008,Source009,Source010
0.0244735457214773,0.221628340795072,0.101283412258279,0.329129563593437,0.144459765460473,0.103498917892739,0.00401972873916319,0.0357970884750942,0.023640141751805,0.00989542090068537,0.00217407441177484
