Unknown,Source001,Source002,Source003,Source004,Source005,Source006,Source007,Source008,Source009,Source010
0.00294452325956282,0.202044827170721,0.229546631989364,0.170735967119865,0.145631756473646,0.152040817246404,0.0148969088442185,0.0168526745236966,0.0167016358086639,0.0438364869116645,0.00476777065219369
