Unknown,Source001,Source002,Source003,Source004,Source005,Source006,Source007,Source008,Source009,Source010
0.0154806643708373,0.137623570035089,0.132352810708943,0.324992025109023,0.135619371712507,0.169412222434438,0.00729177584387546,0.00976331715469549,0.0113087657438176,0.0372886268097204,0.0188668500770538
