Unknown,Source001,Source002,Source003,Source004,Source005,Source006,Source007,Source008,Source009,Source010
0.0280998700501533,0.100377734859361,0.163869900062127,0.14186332963785,0.238826352585502,0.25506268285516,0.0181452988164949,0.0355535896541938,0.000528815079467788,0.00260300244190699,0.0150694239577832
