Unknown,Source001,Source002,Source003,Source004,Source005,Source006,Source007,Source008,Source009,Source010
0.00783240170035052,0.103587601394938,0.371961705648078,0.158484115781682,0.13459742518744,0.131369151987861,0.008922564541079,0.0111932929325233,0.0267792543007198,0.0153575836110279,0.0299149029142995
