Unknown,Source001,Source002,Source003,Source004,Source005,Source006,Source007,Source008,Source009,Source010
0.00353778705659996,0.199498932106364,0.114030671421023,0.10257836580029,0.154278846096129,0.329613184576195,0.00401533231227269,0.0109494443251004,0.00849076271506276,0.0273668038816098,0.0456398697093544
