Unknown,Source001,Source002,Source003,Source004,Source005,Source006,Source007,Source008,Source009,Source010
0.00500172904472831,0.212822437369602,0.104051073595886,0.132842611907866,0.193071354137722,0.257212522988924,0.0233303211097359,0.0126541149826863,0.0239419756846037,0.00348113132444184,0.0315907278538039
