Unknown,Source001,Source002,Source003,Source004,Source005,Source006,Source007,Source008,Source009,Source010
0.0118146846597829,0.148886232213825,0.196503143776527,0.195839759019173,0.123266071157873,0.235504793832602,0.0281509058631028,0.000149409167329589,0.00158645783353139,0.0325571442765637,0.0257413981996896
