Unknown,Source001,Source002,Source003,Source004,Source005,Source006,Source007,Source008,Source009,Source010
0.0089537404627853,0.108720266816641,0.186772237842165,0.253661286969983,0.172756238427847,0.178089969943364,0.0374791849990916,0.0307867217495799,9.7457612801803e-05,0.00529074467047987,0.0173921505052615
