Unknown,Source001,Source002,Source003,Source004,Source005,Source006,Source007,Source008,Source009,Source010
0.0591147697063906,0.167480690148071,0.203610945236865,0.192781466224502,0.167200613097361,0.168926285293201,0.0125404991836122,3.10743388624449e-05,1.20523874561668e-05,0.0261630807970886,0.00213852358658996
