Unknown,Source001,Source002,Source003,Source004,Source005,Source006,Source007,Source008,Source009,Source010
0.0301760740757405,0.136471417541327,0.22774411415795,0.163819933240174,0.163456313181706,0.208508221878843,0.0294655819629899,0.0213163341909417,0.00666672591397382,0.00900696935635731,0.00336831449999674
