Unknown,Source001,Source002,Source003,Source004,Source005,Source006,Source007,Source008,Source009,Source010
0.00269605132008876,0.243627624814803,0.239444548491741,0.169767004064855,0.112741395139036,0.134419427489565,0.0099940044279617,0.0297008901483457,0.00200613684196391,0.0232840965273796,0.0323188207342603
