Unknown,Source001,Source002,Source003,Source004,Source005,Source006,Source007,Source008,Source009,Source010
0.00207184611523547,0.155096214154998,0.159984219486456,0.146959616469024,0.244704000498601,0.193255949390921,0.0178159710726143,0.0270045949390312,0.0134966714762056,0.0149916433244436,0.0246192730724699
