Unknown,Source001,Source002,Source003,Source004,Source005,Source006,Source007,Source008,Source009,Source010
0.0112502418473328,0.151934809111219,0.200065622508759,0.225786772411206,0.123644586773959,0.198568209194857,0.00220546362313232,0.0163407912320477,0.0201909552297583,0.00857350843903825,0.0414390396286907
