Unknown,Source001,Source002,Source003,Source004,Source005,Source006,Source007,Source008,Source009,Source010
0.00780187662184832,0.238576859002837,0.103580959554899,0.108409849523987,0.21452937742816,0.234902954490116,0.0240645559707727,0.00466892313465541,0.0505388497170025,0.0099172692153272,0.00300852534039386
