Unknown,Source001,Source002,Source003,Source004,Source005,Source006,Source007,Source008,Source009,Source010
0.0125964242448206,0.103677166967202,0.236105594207443,0.259471450343686,0.154180822694175,0.146564965787493,0.0173558052864192,0.0180063952367489,0.0150135968824834,0.0252557740289658,0.0117720043205621
