Unknown,Source001,Source002,Source003,Source004,Source005,Source006,Source007,Source008,Source009,Source010
0.0195325553514311,0.200611500710215,0.127608161995736,0.179709849337352,0.290341332781954,0.101729155174742,0.0068901711425797,0.0131503806896203,0.00343453401106892,0.0244061025286702,0.0325862562766296
