Unknown,Source001,Source002,Source003,Source004,Source005,Source006,Source007,Source008,Source009,Source010
0.0511537931782055,0.230720912719662,0.110952737279959,0.146634401481673,0.156806616107342,0.254885332411365,0.00867753696132095,0.000238581383879238,0.00313803926998481,0.0357411007947939,0.00105094841181553
