Unknown,Source001,Source002,Source003,Source004,Source005,Source006,Source007,Source008,Source009,Source010
0.00149144700902042,0.178258445482291,0.235305919950145,0.165753259274716,0.167181649859596,0.153500725433252,0.0132206843704634,0.010708114788575,0.015520069060374,0.0311698401134784,0.0278898446580888
