Unknown,Source001,Source002,Source003,Source004,Source005,Source006,Source007,Source008,Source009,Source010
0.0127575604542815,0.341878755416614,0.143188268634396,0.111916057165051,0.145572765915043,0.157444152868897,0.00651899475326153,0.000444288610082118,0.00545962214038746,0.0741291801020473,0.000690353939940071
