Unknown,Source001,Source002,Source003,Source004,Source005,Source006,Source007,Source008,Source009,Source010
0.0226867930895832,0.148856711462842,0.198596355055742,0.20434573940231,0.179142124088446,0.16905906999066,0.00936319624021105,0.0251764285999264,0.00104688202087197,0.00725457075853839,0.034472129290869
