Unknown,Source001,Source002,Source003,Source004,Source005,Source006,Source007,Source008,Source009,Source010
0.00758039248438445,0.165391454247484,0.194355534401511,0.172874527361779,0.255884146291367,0.111494337697859,0.00985450997375441,0.0128185186765958,0.0147749896170164,0.0167814070139865,0.0381901822342624
