Unknown,Source001,Source002,Source003,Source004,Source005,Source006,Source007,Source008,Source009,Source010
0.00175985272653814,0.117888789781245,0.166329444731281,0.166120848635568,0.271962460054804,0.177698456797102,0.00254707593486108,0.0541060486539929,0.0305223980626705,0.0081635579143295,0.00290106670760791
