Unknown,Source001,Source002,Source003,Source004,Source005,Source006,Source007,Source008,Source009,Source010
0.0197972981389339,0.183550130450166,0.130333722633472,0.334417605875932,0.129415820288043,0.122282720752387,0.0179906494314734,0.000674048642073634,0.00733851481171138,0.0240083506473679,0.0301911383284397
