Unknown,Source001,Source002,Source003,Source004,Source005,Source006,Source007,Source008,Source009,Source010
0.00859452159338952,0.150297793146041,0.125004564412124,0.266664213887422,0.164531190448341,0.193502238106072,0.0204688206857051,0.0238422017881746,0.00126695536403986,0.0202183489722209,0.02560915159647
