Unknown,Source001,Source002,Source003,Source004,Source005,Source006,Source007,Source008,Source009,Source010
0.00285632092753958,0.187818223632315,0.271023577614253,0.1016869751627,0.188265438536074,0.151205785054657,0.0204355145283095,0.00201372767985287,0.0174432750543811,0.0438749242090966,0.0133762376008204
