Unknown,Source001,Source002,Source003,Source004,Source005,Source006,Source007,Source008,Source009,Source010
0.017307863024902,0.127142289153196,0.118352024794095,0.234766746267021,0.259539282178226,0.160199657607461,0.0299510014591731,0.0294982767901362,0.0164409909929139,0.00508398134080339,0.00171788639207135
