Unknown,Source001,Source002,Source003,Source004,Source005,Source006,Source007,Source008,Source009,Source010
0.0402834295667079,0.130680419713055,0.160312552138497,0.192707827390695,0.194449654872993,0.221849545884759,0.0032921326215041,0.0156674849500774,0.00660923786739038,0.0198654574816755,0.0142822575126447
