Unknown,Source001,Source002,Source003,Source004,Source005,Source006,Source007,Source008,Source009,Source010
0.0280947528090412,0.180178908641131,0.288401677603866,0.156528582084177,0.16209290648513,0.112797925185698,0.00731440933948109,0.0187160901714465,0.000972542761303303,0.011762543280571,0.0331396616381569
