Unknown,Source001,Source002,Source003,Source004,Source005,Source006,Source007,Source008,Source009,Source010
0.0549120474822,0.314327319124982,0.135797452795133,0.216110253170447,0.115770065187675,0.117994909721762,0.000968641355701732,0.0265991708086691,0.00274883677623083,0.00750161638307094,0.00726968719412732
