Unknown,Source001,Source002,Source003,Source004,Source005,Source006,Source007,Source008,Source009,Source010
0.00551415292570315,0.184345726098306,0.279610948929751,0.128180592466135,0.163018230062174,0.144844502443634,0.000360686820632116,0.0058187215729819,0.0224118062337588,0.0327262236272259,0.0331684088196981
