Unknown,Source001,Source002,Source003,Source004,Source005,Source006,Source007,Source008,Source009,Source010
0.0294530504444075,0.268120643105327,0.161819488646026,0.191808122522767,0.116105009885754,0.162146735840127,0.0299420538256744,0.00156625823029493,0.0269672454334472,0.00464415370038077,0.00742723836579528
