Unknown,Source001,Source002,Source003,Source004,Source005,Source006,Source007,Source008,Source009,Source010
0.00168411973403016,0.188444859806545,0.274371746249335,0.134666590565688,0.193293824318521,0.10922297905991,0.0453047666205958,0.037053054540284,0.00550050167076683,0.00456024570125657,0.00589731173306664
