Unknown,Source001,Source002,Source003,Source004,Source005,Source006,Source007,Source008,Source009,Source010
0.0267836646307069,0.320700067951929,0.19630296455307,0.105720993633263,0.15185112908272,0.125424844779017,0.00873350248938394,0.00918465677592023,0.00695634520632517,0.0184629769340003,0.0298788539636635
