Unknown,Source001,Source002,Source003,Source004,Source005,Source006,Source007,Source008,Source009,Source010
0.0518592233730042,0.145701485609574,0.243153454176802,0.111837601553167,0.286406549482723,0.112900909177735,0.00128545195529899,0.020563823033798,0.00548263510409092,0.00870930924644171,0.0120995572873662
