Unknown,Source001,Source002,Source003,Source004,Source005,Source006,Source007,Source008,Source009,Source010
0.0533215895991378,0.190012131391525,0.195766164901848,0.198266977284945,0.136318264137112,0.179636462284572,0.0149521700375325,0.00771952828835945,0.00776565468148763,0.0113215792109141,0.00491947818256851
