Unknown,Source001,Source002,Source003,Source004,Source005,Source006,Source007,Source008,Source009,Source010
0.0112646536430227,0.108147506782393,0.140731531604659,0.107167392156688,0.366035116804463,0.177918452651797,0.02057808471171,0.0228472339032509,0.00709073058686712,0.0330390928929282,0.00518020426222108
