Unknown,Source001,Source002,Source003,Source004,Source005,Source006,Source007,Source008,Source009,Source010
0.012145633327913,0.104124771478166,0.163436103433274,0.202010285316056,0.159495051590421,0.270933788182083,0.0116882007676858,0.00791816288756491,0.0234516193654354,0.0218875838284784,0.0229087998229224
