Unknown,Source001,Source002,Source003,Source004,Source005,Source006,Source007,Source008,Source009,Source010
0.032113513722047,0.132672129176088,0.107996833668646,0.210017789168698,0.242376894956538,0.20693635303003,0.0390391375030917,0.00557435686563006,0.000784434672143122,0.0052566494494567,0.0172319077876315
