Unknown,Source001,Source002,Source003,Source004,Source005,Source006,Source007,Source008,Source009,Source010
0.0578258779878159,0.160897338132616,0.211473084579944,0.271047009838085,0.149231475758611,0.107351091690743,0.00919193374655989,0.00564027526477041,0.00620882377825354,0.00361041012939515,0.0175226790932051
