Unknown,Source001,Source002,Source003,Source004,Source005,Source006,Source007,Source008,Source009,Source010
0.0104361996928743,0.138716640039796,0.260367029746466,0.191332792308554,0.170933061150923,0.138650476754261,0.0352647635230816,0.0182300065172869,0.0179327668627375,0.00106019370970461,0.0170760696943151
