Unknown,Source001,Source002,Source003,Source004,Source005,Source006,Source007,Source008,Source009,Source010
0.0398751002348135,0.230991178970942,0.252736060197172,0.120504802647537,0.122776429383829,0.17299152880052,0.000312503430602712,0.0223030958967007,0.0276291068553289,0.00642010314077455,0.00346009044177966
