Unknown,Source001,Source002,Source003,Source004,Source005,Source006,Source007,Source008,Source009,Source010
0.0582678771309248,0.124236118223521,0.173881901421381,0.336169604204984,0.113152808165362,0.152559567984752,0.00570733562902937,0.0171077601841193,0.0146622907513645,0.00382660459138194,0.000428131713180078
