Unknown,Source001,Source002,Source003,Source004,Source005,Source006,Source007,Source008,Source009,Source010
0.00284679582740349,0.149092371263482,0.2778184959715,0.211123899320899,0.14836281349363,0.113602419950488,0.0163400748739078,0.00212968230042218,0.0170051353504217,0.00475841209655602,0.0569198995512888
