Unknown,Source001,Source002,Source003,Source004,Source005,Source006,Source007,Source008,Source009,Source010
0.0337654093207615,0.213350473732107,0.103974077703178,0.204627042800218,0.147594185728261,0.230454220036237,0.00518255969221662,0.0114809543215307,0.0125337928420186,0.0110706223293539,0.0259666614941186
