Unknown,Source001,Source002,Source003,Source004,Source005,Source006,Source007,Source008,Source009,Source010
0.00124932885762499,0.101396377443197,0.174309085223421,0.107718012981089,0.369999373443799,0.146577150908494,0.00508765311467784,0.0160174774584433,0.00494967659508029,0.0337688825253835,0.0389269814487901
