Unknown,Source001,Source002,Source003,Source004,Source005,Source006,Source007,Source008,Source009,Source010
0.0467040258030606,0.164574924904329,0.110822698781924,0.345127563372452,0.100024455498614,0.179450357442681,0.0385953451406859,0.00177901284871405,0.00793099566978413,0.0028247951686701,0.00216582536908518
