Unknown,Source001,Source002,Source003,Source004,Source005,Source006,Source007,Source008,Source009,Source010
0.00741237187687456,0.349393757970188,0.114217713646293,0.118914236028045,0.123122472056726,0.194351820298749,0.0153220035577999,0.0186798873718812,0.0475213141575116,0.00376686715315956,0.00729755588277311
