Unknown,Source001,Source002,Source003,Source004,Source005,Source006,Source007,Source008,Source009,Source010
0.00810789681877044,0.157258862778033,0.124079868534923,0.174043979551414,0.205395902602865,0.239221386532765,0.0220559860584289,0.0287935156075659,0.0301180998450475,0.000618457256604708,0.0103060444135825
