Unknown,Source001,Source002,Source003,Source004,Source005,Source006,Source007,Source008,Source009,Source010
0.00550779951024587,0.132850468360017,0.143610403513826,0.321069130508291,0.193203620834555,0.109266376783311,0.0185878501937289,0.0438868374604658,0.0182379733902356,0.0106329291140101,0.00314661033131363
