Unknown,Source001,Source002,Source003,Source004,Source005,Source006,Source007,Source008,Source009,Source010
0.0391914825046409,0.270510749067327,0.149341562081658,0.10706564188693,0.100601601064902,0.272480445899184,0.00205608380150277,0.00569404681149637,0.00499212990543869,0.0404204765103717,0.00764578046654955
