Unknown,Source001,Source002,Source003,Source004,Source005,Source006,Source007,Source008,Source009,Source010
0.0221807779223752,0.102951714869598,0.11245342184339,0.105942510339371,0.24835060268297,0.330301750264672,0.0432411310517415,0.0180783655085066,0.011314412331206,0.00341773167568337,0.00176758151048731
