Unknown,Source001,Source002,Source003,Source004,Source005,Source006,Source007,Source008,Source009,Source010
0.0100543826580244,0.164951240278207,0.268725115790231,0.217919216739268,0.144701965832576,0.103702461359719,0.0260654336730393,0.00434643003405379,0.0360198175502255,0.0208778072505356,0.00263612883412133
