Unknown,Source001,Source002,Source003,Source004,Source005,Source006,Source007,Source008,Source009,Source010
0.00662783160840502,0.182667472548582,0.128229541402838,0.115736547461034,0.185550295278885,0.287816143308661,0.0146276927162276,0.00478421698061075,0.00344470164799759,0.0266386129497793,0.0438769440969798
