Unknown,Source001,Source002,Source003,Source004,Source005,Source006,Source007,Source008,Source009,Source010
0.0149684968824153,0.111576263288465,0.149346694652816,0.296396834139603,0.239478354252384,0.103201853666732,0.00762472848845825,0.000996090694608766,0.0511036580238693,0.0227549995802907,0.00255202633035767
