Unknown,Source001,Source002,Source003,Source004,Source005,Source006,Source007,Source008,Source009,Source010
0.005031779687879,0.171428343418766,0.199581538229435,0.1773874362687,0.202051177359218,0.149551504723882,0.000926251231918842,0.0388832077391586,0.0111590720099767,0.0186691599928352,0.0253305293382316
