Unknown,Source001,Source002,Source003,Source004,Source005,Source006,Source007,Source008,Source009,Source010
0.0089148693342938,0.271021215362465,0.119654760319869,0.132690692329561,0.193422756124599,0.183210575863507,0.00932685847237462,0.020672273342824,0.0190918550035598,0.0137554850685768,0.028238658778371
