Unknown,Source001,Source002,Source003,Source004,Source005,Source006,Source007,Source008,Source009,Source010
0.0160772291900221,0.151688842059121,0.12026318912858,0.152178259269825,0.109305279478399,0.366564430064075,0.0380969567826919,0.00268858266878398,0.00863703593532832,0.00619832458858244,0.0283018708345912
