Unknown,Source001,Source002,Source003,Source004,Source005,Source006,Source007,Source008,Source009,Source010
0.013199574573702,0.175312113450947,0.169351269278606,0.201824774701672,0.251715948148364,0.10179589442041,0.0280439521235768,0.0250767781533817,0.0095564099559896,0.0137949913941741,0.0103282937991757
