Unknown,Source001,Source002,Source003,Source004,Source005,Source006,Source007,Source008,Source009,Source010
0.00659611494979,0.111238385432754,0.253971304660269,0.184259893227801,0.116751612884496,0.23377880379468,0.0260395357848194,0.0135024393506702,0.0209456399176386,0.0314040142537189,0.00151225574336284
