Unknown,Source001,Source002,Source003,Source004,Source005,Source006,Source007,Source008,Source009,Source010
0.0330390829653375,0.306596034852912,0.141712896747555,0.12409954167965,0.208616690957471,0.118974835762412,0.00270637069599031,0.00612574375491838,0.00120373557089039,0.0537778022331277,0.00314726477973575
