Unknown,Source001,Source002,Source003,Source004,Source005,Source006,Source007,Source008,Source009,Source010
0.0180005253219674,0.126595957647442,0.230835713092629,0.213195383089442,0.108287212642051,0.221085733528437,0.0243956517155097,0.0296362552957216,0.00765029805799518,0.0176852838112006,0.00263198579760551
