Unknown,Source001,Source002,Source003,Source004,Source005,Source006,Source007,Source008,Source009,Source010
0.00671595557722967,0.190371537281898,0.180228060555862,0.161742941716439,0.216888303012961,0.15076915743284,0.0221378244622452,0.000570908186051535,0.0160917076218583,0.0211701818136214,0.0333134223389938
