Unknown,Source001,Source002,Source003,Source004,Source005,Source006,Source007,Source008,Source009,Source010
0.0127935483035635,0.165979161811425,0.219050869897365,0.309946783474841,0.100960673662223,0.104062511154145,0.0661799558735661,0.00319172303198966,0.0123203558003416,0.00297079721062051,0.00254361977991855
