Unknown,Source001,Source002,Source003,Source004,Source005,Source006,Source007,Source008,Source009,Source010
0.0333207284528379,0.216676916207932,0.200818566977788,0.171503146185608,0.140109698991866,0.170891671636805,0.00860900373994816,0.0125296676568725,0.00609502693958104,0.0049274134276952,0.0345181597830652
