Unknown,Source001,Source002,Source003,Source004,Source005,Source006,Source007,Source008,Source009,Source010
0.0143052665549503,0.273670043393242,0.132445119233601,0.141706000639817,0.14277131715878,0.20940751957456,0.0220262847690697,0.0175907785444823,0.00741384950646735,0.0325277408912331,0.00613607973379725
