Unknown,Source001,Source002,Source003,Source004,Source005,Source006,Source007,Source008,Source009,Source010
0.0141455752755323,0.247023806932461,0.130966680883118,0.240868897012491,0.143267954854174,0.137872660317757,0.0378194419386647,0.02156878335272,0.00190805253878587,0.0231947968208705,0.00136335007342657
