Unknown,Source001,Source002,Source003,Source004,Source005,Source006,Source007,Source008,Source009,Source010
0.0013571758766238,0.160330959216408,0.177297961660702,0.170977571132778,0.264672414974658,0.126721093015454,0.00666060227303405,0.0496011108938769,0.0128035989815338,0.0280687567622265,0.00150875521270502
