Unknown,Source001,Source002,Source003,Source004,Source005,Source006,Source007,Source008,Source009,Source010
0.00733185542625139,0.235718641976979,0.156820706130147,0.182102565960762,0.167816552615484,0.157541533316628,0.0506594753716574,0.0167277122086043,0.011868092125042,0.00568835542335407,0.00772450944509089
