Unknown,Source001,Source002,Source003,Source004,Source005,Source006,Source007,Source008,Source009,Source010
0.0336299055477521,0.114510906740445,0.141636215686456,0.207472684975234,0.166866642415163,0.269513550182702,0.00610532655618387,0.0208329059416254,0.0194253892622941,0.00818318877573824,0.0118232839164062
