Unknown,Source001,Source002,Source003,Source004,Source005,Source006,Source007,Source008,Source009,Source010
0.0272777579376042,0.10182845441088,0.118037198309016,0.121725801140948,0.364636761091809,0.193771785047346,0.00330053806644224,0.00279292445111232,0.0375448424229389,0.0236275898725392,0.00545634724936316
