Unknown,Source001,Source002,Source003,Source004,Source005,Source006,Source007,Source008,Source009,Source010
0.000470288564150945,0.164831658555911,0.100978903599196,0.28907317854409,0.127379590764628,0.217736668536175,0.0299605430875608,0.00678234655805828,0.0329441302830066,0.0112174493038827,0.0186252422033406
