Unknown,Source001,Source002,Source003,Source004,Source005,Source006,Source007,Source008,Source009,Source010
0.00377984066677052,0.117579801398127,0.179223444321047,0.237164880161459,0.114521970945843,0.251509903173524,0.039871392177074,0.0115051717179906,0.0289313823625996,0.0158659532368247,4.62598387404388e-05
