Unknown,Source001,Source002,Source003,Source004,Source005,Source006,Source007,Source008,Source009,Source010
0.0284089063404019,0.224120056117976,0.241386087924969,0.156789926764317,0.172010297994315,0.105693631198424,0.00526172199720767,0.0139254498283349,0.0395620600849492,0.00654254760693422,0.00629931414217211
