Unknown,Source001,Source002,Source003,Source004,Source005,Source006,Source007,Source008,Source009,Source010
0.00477021949177074,0.118401445002897,0.200609269347124,0.10341355862153,0.181279178809572,0.296296548218877,5.11087190614356e-05,0.00497475038543454,0.048868950310693,0.037023629734173,0.00431134135886732
