Unknown,Source001,Source002,Source003,Source004,Source005,Source006,Source007,Source008,Source009,Source010
0.0541533633042178,0.177436207145931,0.211487106512164,0.137764789536993,0.138959989863457,0.234351906941455,0.00687255195757548,0.0194607591901892,0.00804754366031681,0.00960373003208645,0.00186205185561425
