Unknown,Source001,Source002,Source003,Source004,Source005,Source006,Source007,Source008,Source009,Source010
0.000432049427550775,0.187569043084458,0.257303716850196,0.200771695063823,0.105069335290997,0.149286209710526,0.0165473547587255,0.0318043229436965,0.026594433168776,0.00724910985091193,0.0173727298503393
