Unknown,Source001,Source002,Source003,Source004,Source005,Source006,Source007,Source008,Source009,Source010
0.000346638920405274,0.177558305481433,0.145138507196625,0.164474772193144,0.208603425886759,0.204224989242039,0.00589175717842456,0.0258995822096493,0.00111271014813552,0.0299995798905551,0.0367497316528302
