Unknown,Source001,Source002,Source003,Source004,Source005,Source006,Source007,Source008,Source009,Source010
0.059542464236292,0.15107201225932,0.336051119220159,0.149576029446169,0.144038728902014,0.119262110172337,0.0118139800753617,0.00840754330604539,0.00141011947487647,0.000528954126673554,0.0182969387807509
