Unknown,Source001,Source002,Source003,Source004,Source005,Source006,Source007,Source008,Source009,Source010
0.0235088101441132,0.107024213137508,0.365998469019536,0.116271087368437,0.106384831288138,0.20432139918638,0.0160073076343044,0.00277630134844828,0.022237829975433,0.00264491321527399,0.0328248376824271
