Unknown,Source001,Source002,Source003,Source004,Source005,Source006,Source007,Source008,Source009,Source010
0.0125578602832573,0.17967759054826,0.11996218501624,0.169484999960641,0.150668110551311,0.280207113923548,0.0100708025909166,0.0364127432882657,0.00135502485524472,0.0122315442471754,0.0273720247351403
