Unknown,Source001,Source002,Source003,Source004,Source005,Source006,Source007,Source008,Source009,Source010
0.0104134680741782,0.138821433114287,0.194685295241039,0.16430481253589,0.185125424001773,0.217063035107012,0.0180924244251647,0.0314449868800572,0.00917718198945526,0.026438201182577,0.00443373744856757
