Unknown,Source001,Source002,Source003,Source004,Source005,Source006,Source007,Source008,Source009,Source010
0.0271251401420159,0.128463211026439,0.256495247348286,0.256759674351492,0.117018522172974,0.141263345100808,0.0167630808136346,0.0027379350446682,0.00211407152965656,0.0136401085372927,0.037619663932732
