Unknown,Source001,Source002,Source003,Source004,Source005,Source006,Source007,Source008,Source009,Source010
0.00484929471676237,0.101029805614854,0.142453810692974,0.145217425358917,0.132394085066232,0.378904873267022,0.0261995256320052,0.0175978867123807,0.0185654290277159,0.0266634746790199,0.00612438923211582
