Unknown,Source001,Source002,Source003,Source004,Source005,Source006,Source007,Source008,Source009,Source010
0.034234066656819,0.195278594476689,0.13870969039765,0.32781808355722,0.116243679763966,0.121949951804474,0.00320318451026374,0.0439127907845886,0.0162701857413468,0.00220412555558191,0.000175646751399949
