Unknown,Source001,Source002,Source003,Source004,Source005,Source006,Source007,Source008,Source009,Source010
0.00235742469028654,0.110927362524127,0.111224517991713,0.320523817821057,0.113121240154625,0.244203061508479,0.00281606333274376,0.0339635171731657,0.000236773503862339,0.0109486779527877,0.0496775433471538
