Unknown,Source001,Source002,Source003,Source004,Source005,Source006,Source007,Source008,Source009,Source010
0.0197499321116574,0.144299572874357,0.186510719273737,0.201129770682717,0.259643874561555,0.108416062607635,0.00724912841596998,0.0104457061683561,0.020678833824208,0.00171566030847896,0.0401607391713295
