Unknown,Source001,Source002,Source003,Source004,Source005,Source006,Source007,Source008,Source009,Source010
0.0241393771712898,0.111225951241689,0.141108941608334,0.236113970425053,0.155261521945059,0.256289614779866,0.00937375195229956,0.00293087067666154,0.0440549222937585,0.010408412072077,0.00909266583391363
