Unknown,Source001,Source002,Source003,Source004,Source005,Source006,Source007,Source008,Source009,Source010
0.0120865311980425,0.174272327273814,0.177260248238213,0.271167182790648,0.119721127059966,0.15757911463736,0.00619543909420877,0.00172488433758746,0.0279551299641305,0.0418518292211991,0.0101861861848316
