Unknown,Source001,Source002,Source003,Source004,Source005,Source006,Source007,Source008,Source009,Source010
0.0084599278963738,0.198442323786524,0.237320627696456,0.13547231139592,0.161630660541092,0.167134076580009,0.0156096205822671,0.0433459425510772,0.0270427002055472,0.00158106127551094,0.00396074748922372
