Unknown,Source001,Source002,Source003,Source004,Source005,Source006,Source007,Source008,Source009,Source010
0.0333763144448938,0.18742961671872,0.208000048947902,0.129203819828934,0.139959920304754,0.235406594199691,0.00836567468710841,0.0116391441576042,0.00208275667110011,0.00720002129334196,0.0373360887459514
