Unknown,Source001,Source002,Source003,Source004,Source005,Source006,Source007,Source008,Source009,Source010
0.0334240050141487,0.107951122601611,0.18869125500997,0.117144919860885,0.302796748424149,0.183415954103385,0.0101174362359021,0.00683308298727793,0.0435591676438791,0.00130863049884242,0.00475767761994966
