Unknown,Source001,Source002,Source003,Source004,Source005,Source006,Source007,Source008,Source009,Source010
0.00289648108040356,0.195105959295471,0.136109712065726,0.284957690623757,0.127878790943721,0.155947847071325,0.00592498679839585,0.0251848819139458,0.0429240398335699,0.0012777717829287,0.0217918385907561
