Unknown,Source001,Source002,Source003,Source004,Source005,Source006,Source007,Source008,Source009,Source010
0.00823142592086159,0.115798878147114,0.177609750793926,0.315683301317225,0.143991981098058,0.146916088643677,0.0356966175787266,0.0286519572735266,0.0157696109714242,0.00709379973725662,0.00455658851820444
