Unknown,Source001,Source002,Source003,Source004,Source005,Source006,Source007,Source008,Source009,Source010
0.00314031947264438,0.120178164944291,0.282654078174439,0.167767811386008,0.102161822393827,0.227238123101435,0.0102970384663293,0.0244585641690156,0.00326439304730713,0.00430777884426578,0.0545319060004378
