Unknown,Source001,Source002,Source003,Source004,Source005,Source006,Source007,Source008,Source009,Source010
0.019823977160767,0.220293881644364,0.215394924692955,0.161061260188462,0.128111589467107,0.175138344007113,0.00999546808716817,0.0132033698701322,0.000462346473090499,0.0477936748480333,0.00872116356080887
