Unknown,Source001,Source002,Source003,Source004,Source005,Source006,Source007,Source008,Source009,Source010
0.025900429701087,0.135446569814429,0.178518684205517,0.106175326198678,0.117203275402243,0.362656144379134,0.0180141169232359,0.0425162033592804,0.00594909366915908,0.00426089411431202,0.00335926223292566
