Unknown,Source001,Source002,Source003,Source004,Source005,Source006,Source007,Source008,Source009,Source010
0.0215841089166344,0.135755565071925,0.235842746581233,0.143586820361562,0.257502424368839,0.127312443616441,0.0360201617039355,0.00919157980854688,0.0219766263988171,0.00594756722386463,0.00527995594820147
