Unknown,Source001,Source002,Source003,Source004,Source005,Source006,Source007,Source008,Source009,Source010
0.0116061906992553,0.11517018893125,0.177358682219784,0.180069105711408,0.275665518961944,0.151736504175614,0.0127574063265725,0.0108706142983803,0.0295372154257186,0.0250942345489446,0.0101343387011286
