Unknown,Source001,Source002,Source003,Source004,Source005,Source006,Source007,Source008,Source009,Source010
0.0285487778492896,0.11396459264416,0.170339362470473,0.176234589713831,0.324783925138148,0.114677530033389,0.000103150926682821,0.0150134627442474,0.0219780805006197,0.0218541381733969,0.0125023898057635
