Unknown,Source001,Source002,Source003,Source004,Source005,Source006,Source007,Source008,Source009,Source010
0.0369828281404139,0.231305737651481,0.133249343857735,0.149093171905247,0.100534727151078,0.285817019434459,0.000113436277260441,0.0215592996970881,0.00630304173441648,0.025659355507823,0.00938203864299808
