Unknown,Source001,Source002,Source003,Source004,Source005,Source006,Source007,Source008,Source009,Source010
0.0304918284048027,0.116961155941671,0.125320581203238,0.276999827560655,0.261069159761879,0.119649275532558,0.0394105526817173,0.0128375766186682,0.00444598118897975,0.0013691176893101,0.0114449434165219
