Unknown,Source001,Source002,Source003,Source004,Source005,Source006,Source007,Source008,Source009,Source010
0.0550030863758668,0.134716393952975,0.117854978715582,0.349876301996058,0.14579227797592,0.151760047359465,0.0115193515578877,0.00560420762790489,0.0222699806779068,0.000208426527949384,0.0053949472324845
