Unknown,Source001,Source002,Source003,Source004,Source005,Source006,Source007,Source008,Source009,Source010
0.0496400407629613,0.131333740426613,0.115808278903252,0.118965401661669,0.31615798942076,0.217734589587706,0.0189398642617277,0.0119627204613219,0.00736366117372106,0.00493946849725448,0.00715424484301347
