Unknown,Source001,Source002,Source003,Source004,Source005,Source006,Source007,Source008,Source009,Source010
0.0133947726854077,0.15380948960041,0.212245573745988,0.24146447154827,0.122703381754288,0.169777083351044,0.0168324295207008,0.00611991538137665,0.0369433422472236,0.00642570907821712,0.0202838310870741
