Unknown,Source001,Source002,Source003,Source004,Source005,Source006,Source007,Source008,Source009,Source010
0.00108649507984101,0.101582141585824,0.110387705990833,0.299073974190127,0.2240147513066,0.164941426926615,0.000545298270579031,0.00294479362935575,0.000572068396527887,0.0666924984712064,0.0281588461524899
