Unknown,Source001,Source002,Source003,Source004,Source005,Source006,Source007,Source008,Source009,Source010
0.00280163203833871,0.126470177762239,0.123885724739733,0.224485906874581,0.122285647016671,0.302872543606776,0.0353560682695809,0.00403688809409518,0.0250110654538472,0.0324596896261724,0.000334656517965619
