Unknown,Source001,Source002,Source003,Source004,Source005,Source006,Source007,Source008,Source009,Source010
0.00780690128012747,0.173132105973329,0.270872507167256,0.135637747816681,0.173889944509382,0.146467694533351,0.0495992822529049,0.0147622810936344,0.00786299458272865,0.013435711405901,0.0065328293847035
