Unknown,Source001,Source002,Source003,Source004,Source005,Source006,Source007,Source008,Source009,Source010
0.0287175265947433,0.122142939918171,0.150694807353735,0.163671431050195,0.288692815916839,0.174798005761059,0.0172362700355584,0.00195856803118651,0.0191302097340915,0.0133552066912009,0.0196022189132194
