Unknown,Source001,Source002,Source003,Source004,Source005,Source006,Source007,Source008,Source009,Source010
0.00351737064013845,0.268128530109542,0.107631902716162,0.172897189549047,0.143235198932349,0.2081071786929,0.0241198466109622,0.0027663797196478,0.0263530593720245,0.0153788196274336,0.0278645240297934
