Unknown,Source001,Source002,Source003,Source004,Source005,Source006,Source007,Source008,Source009,Source010
0.00289561200658299,0.285143304200489,0.231564019110414,0.154603113965351,0.118396393847816,0.110293168875929,0.0018167244686885,0.0139243439820076,0.0419203178270863,0.0306799864720868,0.00876301524354784
