Unknown,Source001,Source002,Source003,Source004,Source005,Source006,Source007,Source008,Source009,Source010
0.00165267109219505,0.217663196181036,0.171211825272756,0.156174693586825,0.211697404522131,0.143252880437251,0.00241603823831309,0.0208947921781214,0.0142473942802719,0.0346188030277211,0.0261703011833774
