Unknown,Source001,Source002,Source003,Source004,Source005,Source006,Source007,Source008,Source009,Source010
0.0361436725101262,0.151042632198843,0.102171352823873,0.280753427797555,0.164245655534772,0.201786931644957,0.0240181719753958,0.017190272993575,0.00226202134764668,0.0116769683727062,0.00870889280055019
