Unknown,Source001,Source002,Source003,Source004,Source005,Source006,Source007,Source008,Source009,Source010
0.000480809658229168,0.107819921356967,0.122011812763848,0.155514239087414,0.251966545631703,0.262687481160069,0.0312199226924635,0.0332178163108473,0.0138043197502277,0.00934842061471048,0.0119287109735218
