Unknown,Source001,Source002,Source003,Source004,Source005,Source006,Source007,Source008,Source009,Source010
0.0256457136107796,0.116982211970712,0.180465720457825,0.165530998032964,0.211966352052121,0.225054717486378,0.026672290315974,0.0212641597600636,0.00548978173761251,0.0076963973833331,0.0132316571922372
