Unknown,Source001,Source002,Source003,Source004,Source005,Source006,Source007,Source008,Source009,Source010
0.0433324893587031,0.224427229421263,0.119604656233099,0.219808110397022,0.109430966087954,0.226729037860662,0.0172824051299827,0.01324322242141,0.00197229428046572,0.0222009013440482,0.00196868746539034
