Unknown,Source001,Source002,Source003,Source004,Source005,Source006,Source007,Source008,Source009,Source010
0.0129109945287335,0.152847298814316,0.213129652608189,0.294975106213501,0.109709405744247,0.129338536619746,0.011410110371651,0.0110881811468961,0.0211038482376309,0.00593517530481072,0.0375516904102777
