Unknown,Source001,Source002,Source003,Source004,Source005,Source006,Source007,Source008,Source009,Source010
0.00239577743727729,0.151921988918988,0.148551291976563,0.20519793000093,0.273902218026054,0.120426571077465,0.0429924565945413,0.00200100262303437,0.00971736768593462,0.00542390685978354,0.0374694887994289
