Unknown,Source001,Source002,Source003,Source004,Source005,Source006,Source007,Source008,Source009,Source010
0.00442907256232443,0.297416422949171,0.152985003399114,0.169036371174203,0.159117233887886,0.121444968589625,0.00222500872379845,0.0316166088983362,0.0063991260473837,0.00952312303098059,0.0458070607371766
