Unknown,Source001,Source002,Source003,Source004,Source005,Source006,Source007,Source008,Source009,Source010
0.00215679222252715,0.130366167987631,0.218862730023888,0.199364102140849,0.127276147629469,0.224130852218163,0.0206657138348588,0.0116860052782169,0.0161475957035111,0.00715069838460132,0.0421931945762847
