Unknown,Source001,Source002,Source003,Source004,Source005,Source006,Source007,Source008,Source009,Source010
0.0198904918589488,0.162668128223273,0.194926996545855,0.254351362145195,0.133490717016952,0.154562796068725,0.0180594706785233,0.0450679021868029,0.00225132225817066,0.00653455082180747,0.00819626219574687
