Unknown,Source001,Source002,Source003,Source004,Source005,Source006,Source007,Source008,Source009,Source010
0.0538547419914901,0.337788368152341,0.117656992524551,0.191552431092307,0.119954472390918,0.133047735839885,0.00368172722460801,0.0236584318258091,0.000816688060006853,0.00466423071726708,0.0133241801808189
