Unknown,Source001,Source002,Source003,Source004,Source005,Source006,Source007,Source008,Source009,Source010
0.021110354832391,0.278914464140432,0.269008516630071,0.134694370420098,0.101726176682314,0.115656472127085,0.0111272778356731,0.018742168618461,0.010430614020234,0.00124553575054997,0.0373440489426909
