Unknown,Source001,Source002,Source003,Source004,Source005,Source006,Source007,Source008,Source009,Source010
0.0304479145080873,0.191245101611594,0.126894025175351,0.177913178859493,0.122319946668453,0.281627747685108,0.0274540962469388,0.0171103880709793,0.0174414041973121,0.00583050075415297,0.00171569622252951
