Unknown,Source001,Source002,Source003,Source004,Source005,Source006,Source007,Source008,Source009,Source010
0.00430424175210564,0.110405729790056,0.127837791461688,0.122728848950224,0.223479069543265,0.315548560254767,0.0130937799682502,0.0117213633077607,0.0319064781701049,0.0349009442949386,0.00407319250683989
