Unknown,Source001,Source002,Source003,Source004,Source005,Source006,Source007,Source008,Source009,Source010
0.00393108206782084,0.108256249037367,0.169996400013168,0.157703871147389,0.241067724208899,0.222975755593178,0.0369278507026995,0.00348014936757456,0.0171997857905039,0.0165010957545094,0.0219600363168919
