Unknown,Source001,Source002,Source003,Source004,Source005,Source006,Source007,Source008,Source009,Source010
0.00359607569806361,0.203125313257213,0.118107162669435,0.301557036837514,0.154566397045865,0.122644090189973,0.0276905782546096,0.0112573635124227,0.00852147067968421,0.0390493000447394,0.0098852118104804
