Unknown,Source001,Source002,Source003,Source004,Source005,Source006,Source007,Source008,Source009,Source010
0.0127535497478151,0.243666565773663,0.140235175329873,0.23973070914331,0.14600741804417,0.130360131708985,0.00921305810150997,0.000951486227756584,0.0490617534718396,0.00039041098099771,0.027629741470081
