Unknown,Source001,Source002,Source003,Source004,Source005,Source006,Source007,Source008,Source009,Source010
0.0122011510200125,0.194113996159795,0.2239530322411,0.137506051693974,0.240666020975403,0.103760898929728,0.00367569775427364,0.00068339464779151,0.0154822750027297,0.0672299714957633,0.000727510079429244
