Unknown,Source001,Source002,Source003,Source004,Source005,Source006,Source007,Source008,Source009,Source010
0.0128075391693416,0.171608218929741,0.108960117871183,0.100998065364219,0.33375316387872,0.184680433956136,0.00985548786441298,0.0383492656832182,0.000307086115375795,0.0313142906667534,0.00736633050089797
