Unknown,Source001,Source002,Source003,Source004,Source005,Source006,Source007,Source008,Source009,Source010
0.00284023728932807,0.103714800426715,0.197616905636129,0.127760045232639,0.109059139757632,0.361849108946884,0.028838049626475,0.00876813346526905,0.00558361503780732,0.0321488032958954,0.0218211612852252
