Unknown,Source001,Source002,Source003,Source004,Source005,Source006,Source007,Source008,Source009,Source010
0.00283370471044525,0.206113876484978,0.178789869430377,0.257989678337691,0.120670951768042,0.136435623978912,0.0154934264145997,0.0567733503467778,0.00966929447521071,0.0151021413479856,0.000128082704980938
