Unknown,Source001,Source002,Source003,Source004,Source005,Source006,Source007,Source008,Source009,Source010
0.0131805324952548,0.278704560798946,0.226014069587817,0.112685809946309,0.133574672255835,0.149020887411094,0.0334089853428148,0.00734184606926241,0.0249305476091177,0.00375500539836942,0.0173830830851808
