Unknown,Source001,Source002,Source003,Source004,Source005,Source006,Source007,Source008,Source009,Source010
0.00197360321346387,0.260606219936636,0.230906357502987,0.147721169403444,0.125350735208683,0.13541551794825,0.0107165792069461,0.00639380983174981,0.00522240944288087,0.0531277262442392,0.0225658720607201
