Unknown,Source001,Source002,Source003,Source004,Source005,Source006,Source007,Source008,Source009,Source010
0.025285866995366,0.186008165405119,0.125835065565344,0.175667443866436,0.189400208032609,0.223089117130492,0.0293174526426177,0.0203122550255903,0.013563174065715,0.00394374422101778,0.0075775070496932
