Unknown,Source001,Source002,Source003,Source004,Source005,Source006,Source007,Source008,Source009,Source010
0.0203971892262283,0.165565560175273,0.114154673891066,0.10520885957159,0.255565340460719,0.259505565901352,0.0104825085860088,0.0163289707197528,0.0153074507630496,0.0326395358815011,0.00484434482345939
