Unknown,Source001,Source002,Source003,Source004,Source005,Source006,Source007,Source008,Source009,Source010
0.0202234111745581,0.109967896081835,0.154499609517079,0.198301909031399,0.1990620150003,0.238168570369386,0.0464049982235768,0.00705189895167613,0.016268578634738,0.00216259581493794,0.00788851720051295
