Unknown,Source001,Source002,Source003,Source004,Source005,Source006,Source007,Source008,Source009,Source010
0.0387595963888594,0.122734693979646,0.134671293083792,0.298506680675985,0.130323313357362,0.213764018903215,0.0255458391886442,0.0177015019531287,0.00269669374706658,0.00983547833291386,0.00546089038938721
