Unknown,Source001,Source002,Source003,Source004,Source005,Source006,Source007,Source008,Source009,Source010
0.0057348729177272,0.288101844311165,0.122901483200261,0.166525560309813,0.145444805907907,0.177026306270853,0.00955119018141311,0.0528851756322588,0.01365492146164,0.00155985403653543,0.0166139857704255
