Unknown,Source001,Source002,Source003,Source004,Source005,Source006,Source007,Source008,Source009,Source010
0.0209431364134098,0.128713645868628,0.108122933516501,0.219602682778928,0.272499057499891,0.171061680336053,0.0489275652024348,0.0110417888395596,0.00427246607487623,0.0110606514065173,0.0037543920632022
