Unknown,Source001,Source002,Source003,Source004,Source005,Source006,Source007,Source008,Source009,Source010
0.00625722138301729,0.140728099660758,0.145918965643426,0.212292384073322,0.274816661565653,0.126243889056842,0.0167163789673435,0.00991276964570346,0.0160820315501031,0.00423036872013348,0.0468012297336992
