Unknown,Source001,Source002,Source003,Source004,Source005,Source006,Source007,Source008,Source009,Source010
0.0273435954257653,0.113710380326566,0.344499134475331,0.156730247712363,0.120138401145576,0.164921836340164,0.00210112594057569,0.0128333820118911,0.0128431942360285,0.0154543178357611,0.0294243845499783
