Unknown,Source001,Source002,Source003,Source004,Source005,Source006,Source007,Source008,Source009,Source010
0.024577798111764,0.183963443840907,0.250717747565121,0.147308145172404,0.116690073971124,0.201320589450443,0.00258932486343302,0.0358616669962534,0.0132834308496519,0.0184709769707384,0.00521680220815926
