Unknown,Source001,Source002,Source003,Source004,Source005,Source006,Source007,Source008,Source009,Source010
0.00797764946113325,0.138794458235016,0.23521361485288,0.113431611796092,0.266450653606225,0.146109661509786,0.00530708431835588,0.0016355455702945,0.0140669387677508,0.0288982087935505,0.042114573088915
