Unknown,Source001,Source002,Source003,Source004,Source005,Source006,Source007,Source008,Source009,Source010
0.0087124804777547,0.126113454930768,0.127377607984642,0.203794001618722,0.291078133443481,0.151636802022387,0.00263257336827048,0.0172721351772404,0.0291433292767952,0.00173166063343517,0.040507821066504
