Unknown,Source001,Source002,Source003,Source004,Source005,Source006,Source007,Source008,Source009,Source010
0.0207805668505178,0.218031946033724,0.287016836723717,0.111902568669111,0.119007731586181,0.164040916987268,0.0046840567310529,0.0036985416774779,0.0296152517671784,0.00700037791357778,0.0342212050601952
