Unknown,Source001,Source002,Source003,Source004,Source005,Source006,Source007,Source008,Source009,Source010
0.0241004565215757,0.13451464555413,0.13328065586345,0.285123468117716,0.182673141951127,0.164408088513577,0.000999668181545513,0.00325634108992743,0.0395926801015674,0.0249691912079242,0.00708166289745978
