Unknown,Source001,Source002,Source003,Source004,Source005,Source006,Source007,Source008,Source009,Source010
0.0578920806770848,0.156394771139618,0.178717660160872,0.218399291856649,0.216617771310255,0.129870505532606,0.00772782942668175,0.000143824496883317,0.00451734420937277,0.0246273859449134,0.00509153524506399
