Unknown,Source001,Source002,Source003,Source004,Source005,Source006,Source007,Source008,Source009,Source010
0.00312555567402656,0.163129229694163,0.103536534606592,0.2061832119723,0.308105336290638,0.119045687436307,0.0108643644526386,0.00659848170812022,0.00504743798273742,0.0267212991798222,0.047642861002655
