Unknown,Source001,Source002,Source003,Source004,Source005,Source006,Source007,Source008,Source009,Source010
0.0712224400146896,0.121743555269763,0.323045387191606,0.135349378743196,0.153103525626327,0.166758153169109,0.0033309818729557,0.00883623951779446,0.00899839474476138,0.000341391412528317,0.00727055243727056
