Unknown,Source001,Source002,Source003,Source004,Source005,Source006,Source007,Source008,Source009,Source010
0.00231627559508723,0.237519441716489,0.107193216386057,0.122817046639212,0.24534911014698,0.187121185111262,0.0186732195653418,0.0310702213627168,0.0376996470251736,0.00184499545724243,0.00839564099443818
