Unknown,Source001,Source002,Source003,Source004,Source005,Source006,Source007,Source008,Source009,Source010
0.000275991830655065,0.1695388916503,0.285302643560615,0.134505407899559,0.146803883826084,0.163849173063443,0.0280776237048541,0.0537271158309112,0.00547462639672838,0.00301751214649097,0.00942713009036026
