Unknown,Source001,Source002,Source003,Source004,Source005,Source006,Source007,Source008,Source009,Source010
0.00577699043796576,0.121950720167223,0.123010518030801,0.21021730460569,0.300450194303398,0.144371262892887,0.00411398007754132,0.0327850135090667,0.0348968442927535,0.0166520871495399,0.00577508453313274
