Unknown,Source001,Source002,Source003,Source004,Source005,Source006,Source007,Source008,Source009,Source010
0.00405332782354786,0.127854020676125,0.233634872496604,0.21613278136242,0.159778731477077,0.162599593987774,0.0131118280960807,0.000848263013508577,0.0087641453468475,0.0553616357793818,0.0178607999406336
