Unknown,Source001,Source002,Source003,Source004,Source005,Source006,Source007,Source008,Source009,Source010
0.00277389810682224,0.227491185747407,0.189064848554295,0.174147532863239,0.152839776581945,0.156456656253114,0.00409223316963881,0.0298928491951684,0.0310864864423164,0.0111719123369505,0.0209826207491037
