Unknown,Source001,Source002,Source003,Source004,Source005,Source006,Source007,Source008,Source009,Source010
0.000344776948164187,0.256977450992765,0.208562373529404,0.137225328131552,0.185633591839416,0.111601255506864,0.00894413312375886,0.0210622369369245,0.0210626922653959,0.028617882696596,0.0199682780291605
