Unknown,Source001,Source002,Source003,Source004,Source005,Source006,Source007,Source008,Source009,Source010
0.000785010657934728,0.122369805876644,0.121726834320946,0.407189599762292,0.12217591961153,0.126537840428588,0.0117605533702022,0.039937078269895,0.0137354653433815,0.00945050517796188,0.0243313871806246
