Unknown,Source001,Source002,Source003,Source004,Source005,Source006,Source007,Source008,Source009,Source010
0.0314459323828992,0.125743521746373,0.11259067345901,0.135696906943238,0.215097944415209,0.310870953436171,0.0222354123580341,0.0197729968117448,0.000236984638669386,0.00589796111417607,0.0204107126944764
