Unknown,Source001,Source002,Source003,Source004,Source005,Source006,Source007,Source008,Source009,Source010
0.00617801929455995,0.16423693943875,0.160813492447187,0.236014850542697,0.171129735585987,0.167804981985378,0.0191405046922832,0.00759984697789984,0.0462956018844637,0.0170593031736923,0.00372672397710089
