Unknown,Source001,Source002,Source003,Source004,Source005,Source006,Source007,Source008,Source009,Source010
0.0217637470978202,0.227818337347357,0.103064592424492,0.140193956991721,0.151447101992322,0.277476011244108,0.0140813809160356,0.0148591717362592,0.030353022485467,0.00145378645235482,0.0174888913120632
