Unknown,Source001,Source002,Source003,Source004,Source005,Source006,Source007,Source008,Source009,Source010
0.0335306612793421,0.100607676564783,0.208824443544194,0.224606320794599,0.198598872359968,0.167362686736457,0.0394840807408384,0.0160507984765994,0.00143702612022275,0.00424814993321421,0.00524928344978306
