Unknown,Source001,Source002,Source003,Source004,Source005,Source006,Source007,Source008,Source009,Source010
0.00838238494849845,0.126588631614483,0.279344626219833,0.142379484508343,0.114593336153356,0.237093921503985,0.0075564721979363,0.020409685719373,0.00444186747959755,0.0127191706663851,0.0464904189882095
