Unknown,Source001,Source002,Source003,Source004,Source005,Source006,Source007,Source008,Source009,Source010
0.00963882152141809,0.117107093911593,0.11651279025949,0.210138419040302,0.325739288870261,0.130502407918354,0.010626324099659,0.0378722884812567,0.0206975334569517,0.0164904014594195,0.0046746309812949
