Unknown,Source001,Source002,Source003,Source004,Source005,Source006,Source007,Source008,Source009,Source010
0.0194452695139907,0.312619676198547,0.127291835512743,0.162669515386015,0.157439272939046,0.139979699963649,0.0172060382956269,0.0102468443539885,0.00481315949200058,0.0465854332015029,0.00170325514289044
