Unknown,Source001,Source002,Source003,Source004,Source005,Source006,Source007,Source008,Source009,Source010
0.0235086060938687,0.325316517212226,0.121680213621562,0.105234554203074,0.229577180003467,0.118191534959672,0.00457882119508771,0.0060581288787197,0.0570239196381049,0.000696407681986642,0.00813411651223225
