Unknown,Source001,Source002,Source003,Source004,Source005,Source006,Source007,Source008,Source009,Source010
0.0139943449917442,0.144336194214584,0.107107003940453,0.305409295002129,0.209639732596457,0.133507774246376,0.00695216729593448,0.00706321557195998,0.0130046247267373,0.011080490914301,0.047905156499323
