Unknown,Source001,Source002,Source003,Source004,Source005,Source006,Source007,Source008,Source009,Source010
0.00561675729041505,0.310019224478537,0.227547197680788,0.101308854205105,0.155341507026412,0.105783216609158,0.0153218589450034,0.0100341807814922,0.0463316337590749,0.0220408061355659,0.000654763088448482
