Unknown,Source001,Source002,Source003,Source004,Source005,Source006,Source007,Source008,Source009,Source010
0.0198694889380607,0.108242565414191,0.223198350772976,0.126395947390367,0.111007754469924,0.331155381952543,0.00789689305702315,0.00582966027679913,0.00796361932851616,0.0294667795068527,0.0289735588927481
