Unknown,Source001,Source002,Source003,Source004,Source005,Source006,Source007,Source008,Source009,Source010
0.0155660696451753,0.203526819658316,0.178808767038137,0.13995531655275,0.178838066851185,0.198871029899613,0.00314443836900806,0.007800554757447,0.0600870173827191,0.0128090215448836,0.000592898300766931
