Unknown,Source001,Source002,Source003,Source004,Source005,Source006,Source007,Source008,Source009,Source010
0.0147577061977239,0.1224939817788,0.223076624758183,0.175826697353489,0.1360502746901,0.242552421419429,0.00962465583415595,0.00227490246637274,0.00466533347074644,0.0432083679552058,0.0254690340757951
