Unknown,Source001,Source002,Source003,Source004,Source005,Source006,Source007,Source008,Source009,Source010
0.00144513879956106,0.290091448789864,0.207086967464022,0.133378244071624,0.115084070273557,0.154359269400933,0.0282442456775616,0.0217389789387109,0.0108745928209058,0.0167198822955059,0.0209771614677547
