Unknown,Source001,Source002,Source003,Source004,Source005,Source006,Source007,Source008,Source009,Source010
0.0170235822447264,0.234320033726846,0.14003778429866,0.176113272688243,0.158314059167481,0.191214850118771,0.0462595868649492,0.00263275534928759,0.00350147204023455,0.014309481358899,0.0162731221419032
