Unknown,Source001,Source002,Source003,Source004,Source005,Source006,Source007,Source008,Source009,Source010
0.00149138728662699,0.311061453739335,0.179435042737319,0.123708243009927,0.127901376384681,0.157893884128738,0.0122014248688553,0.0380012890234495,0.033534683162791,0.0123657842573516,0.00240543140092558
