Unknown,Source001,Source002,Source003,Source004,Source005,Source006,Source007,Source008,Source009,Source010
0.00684764097365665,0.121987730437706,0.289087996766124,0.178903431629395,0.19885644046909,0.111164400697684,0.00605166265013144,0.00289924892237371,0.00289594803883201,0.0151625940022177,0.0661429054127885
