Unknown,Source001,Source002,Source003,Source004,Source005,Source006,Source007,Source008,Source009,Source010
0.0145394160481576,0.151873028461921,0.125998589484918,0.143750384171361,0.130953821282365,0.347424176599435,0.00638448302913568,0.0063739408229542,0.0229172378777474,0.0194309022870967,0.0303540199349085
