Unknown,Source001,Source002,Source003,Source004,Source005,Source006,Source007,Source008,Source009,Source010
0.00498636941345565,0.105562656640896,0.210095180416528,0.137529870343711,0.105003568916662,0.341808723682203,0.0191568727738247,0.0353921256826824,0.0148552791740503,0.0148788572433741,0.0107304957126129
