Unknown,Source001,Source002,Source003,Source004,Source005,Source006,Source007,Source008,Source009,Source010
0.0102027384587441,0.123618598646647,0.197687728186613,0.24334702639979,0.171114691492951,0.164231955273999,0.0168001017648121,0.00420668369874655,0.0556161172958982,0.0112553954633636,0.00191896331843541
