Unknown,Source001,Source002,Source003,Source004,Source005,Source006,Source007,Source008,Source009,Source010
0.0154190307366953,0.19253822726791,0.130903973196601,0.170335582216195,0.137651484022252,0.268570733297042,0.0215763404367069,0.0263484159947764,0.0074435581330776,0.0139229593714866,0.0152896953272572
