Unknown,Source001,Source002,Source003,Source004,Source005,Source006,Source007,Source008,Source009,Source010
0.00505183260677346,0.104650965508961,0.163842797175082,0.324927689695883,0.153750641064371,0.152827906555702,0.000505589308786814,0.0263236709944304,0.00319806289194664,0.0283890160572099,0.0365318281408528
