Unknown,Source001,Source002,Source003,Source004,Source005,Source006,Source007,Source008,Source009,Source010
0.017786714597658,0.137984406596957,0.218688830343999,0.196825115221334,0.19991739565254,0.14658425218517,0.00817239755311596,0.0402715335050656,0.00296231298749814,0.00777568473513397,0.0230313566215283
