Unknown,Source001,Source002,Source003,Source004,Source005,Source006,Source007,Source008,Source009,Source010
0.0286559696400455,0.105406745551112,0.23742353137091,0.115115206639724,0.318715937836494,0.12333857860176,0.0134995324230163,0.021801327201546,0.0181201906313911,0.0134196686692255,0.00450331143477555
