Unknown,Source001,Source002,Source003,Source004,Source005,Source006,Source007,Source008,Source009,Source010
0.0158409603528468,0.149276436358303,0.261398205371716,0.168931307309405,0.166741329169635,0.153652721790941,0.00376004865726788,0.0124420170368188,0.000626005084869475,0.0653878033615986,0.00194316550659852
