Unknown,Source001,Source002,Source003,Source004,Source005,Source006,Source007,Source008,Source009,Source010
0.00736531133045034,0.156408657749361,0.204960573481554,0.232146982827347,0.199639385169501,0.106844400772238,0.00221792753465781,0.00689125363309225,0.00625478147697583,0.00480800469609364,0.0724627213287301
