Unknown,Source001,Source002,Source003,Source004,Source005,Source006,Source007,Source008,Source009,Source010
0.0129491517011801,0.199547733414262,0.124169759400052,0.11407144938674,0.240044363816494,0.222166693982453,0.0048605182001984,0.00445558553065664,0.0223478814741336,0.0146572507520706,0.0407296123417606
