Unknown,Source001,Source002,Source003,Source004,Source005,Source006,Source007,Source008,Source009,Source010
0.00575386492103717,0.337319317513368,0.151049363271992,0.12213279297805,0.149004656018018,0.140493870218572,0.0130406202454112,0.00546117850425879,0.0661450342434661,0.00923940142312154,0.00035990066270512
