Unknown,Source001,Source002,Source003,Source004,Source005,Source006,Source007,Source008,Source009,Source010
0.00628110329083124,0.129235800567119,0.233193621558523,0.13595521958468,0.16142681898631,0.240188539303367,0.00417305985112343,0.0187466267098072,0.0258506760198691,0.0436768399654998,0.00127169416286913
