Unknown,Source001,Source002,Source003,Source004,Source005,Source006,Source007,Source008,Source009,Source010
0.00974110825602521,0.124147365510017,0.337431781793925,0.107264522253178,0.195073676329249,0.136082654113631,0.0179781423588088,0.00983521777326705,0.0203824639814139,0.0269972899209481,0.0150657777095369
