Unknown,Source001,Source002,Source003,Source004,Source005,Source006,Source007,Source008,Source009,Source010
0.0332324084750996,0.243478546852364,0.272240754922468,0.126211527665292,0.127092418426651,0.130976752133225,0.0259194211358175,0.00442880300897015,0.00131840114064332,0.0227357539723525,0.0123652122671169
