Unknown,Source001,Source002,Source003,Source004,Source005,Source006,Source007,Source008,Source009,Source010
0.0107172254463897,0.242378888469168,0.210399353733399,0.135881554405761,0.165138858391462,0.146201345000211,0.00274047753209217,0.00441108441776062,0.0100582912007789,0.010704106929165,0.0613688144738136
