Unknown,Source001,Source002,Source003,Source004,Source005,Source006,Source007,Source008,Source009,Source010
0.0224971825637128,0.134295671195224,0.127640033299009,0.133991268680217,0.142406003530242,0.361667023295308,0.0261424732592518,0.0249368751574805,0.00243147266679202,0.0132303154040208,0.010761680948742
