Unknown,Source001,Source002,Source003,Source004,Source005,Source006,Source007,Source008,Source009,Source010
0.00459516575886084,0.264366448389188,0.124286566112411,0.198338256982162,0.197045734921981,0.115962993594259,0.00704739374017474,0.0248861855398371,0.0119408644576517,0.0214233884419274,0.0301070020615482
