Unknown,Source001,Source002,Source003,Source004,Source005,Source006,Source007,Source008,Source009,Source010
0.0055951340420192,0.320510974931521,0.115117596535316,0.113089732855567,0.124590070311247,0.22669162536635,0.00458666327649782,0.0504565630738603,0.0104326699492317,0.0122618892103181,0.0166670804480729
