Unknown,Source001,Source002,Source003,Source004,Source005,Source006,Source007,Source008,Source009,Source010
0.0311431321941909,0.176403462044365,0.134389790443117,0.221399747821428,0.227365740023626,0.140441259667465,0.0191451807878044,0.0264226787452942,0.00512456056374513,0.00636093940621873,0.0118035083027466
