Unknown,Source001,Source002,Source003,Source004,Source005,Source006,Source007,Source008,Source009,Source010
0.0235232925859455,0.14127136644527,0.126765242103059,0.188942270480109,0.276893472877423,0.166127648094139,0.0192962191067906,0.0162192202458805,0.0298284711028847,0.000499902902829589,0.0106328940556691
