Unknown,Source001,Source002,Source003,Source004,Source005,Source006,Source007,Source008,Source009,Source010
0.000753643346000694,0.248869218024058,0.205241070101162,0.115974715895975,0.223258285702948,0.106656710275856,0.0404389340263616,0.00653245740142045,0.0147682185678465,0.0127361459974855,0.0247706006608852
