Unknown,Source001,Source002,Source003,Source004,Source005,Source006,Source007,Source008,Source009,Source010
0.0425705701874973,0.142615851863934,0.186548012815593,0.237359707387041,0.190290529325458,0.143185898607974,0.0309264789949154,0.00348600867045656,0.00365897421654235,0.00949927597332609,0.00985869195726233
