Unknown,Source001,Source002,Source003,Source004,Source005,Source006,Source007,Source008,Source009,Source010
0.0318478927061281,0.224689735531621,0.193644907069789,0.135984300842693,0.180765188688964,0.164915867866933,0.014279745733794,0.0177761177076474,0.0123396933372969,0.0167440289351927,0.00701252157994076
