Unknown,Source001,Source002,Source003,Source004,Source005,Source006,Source007,Source008,Source009,Source010
0.00206510289136766,0.120783628662101,0.30021064923595,0.252245566929662,0.11045473908072,0.116305416091567,0.0174604692704955,0.00369636188965862,0.00110711679451352,0.0155290050271788,0.0601419441267858
