Unknown,Source001,Source002,Source003,Source004,Source005,Source006,Source007,Source008,Source009,Source010
0.0021889178785592,0.242452835329751,0.117890370003338,0.112435229745301,0.276906631167436,0.150314933754173,0.0245143818743222,0.00576539153537598,0.0223651592578135,0.0147213441990418,0.0304448052548873
