Unknown,Source001,Source002,Source003,Source004,Source005,Source006,Source007,Source008,Source009,Source010
0.0132698853874569,0.128434402480982,0.137093607512271,0.26753712775122,0.220696740721607,0.14623812153392,0.0231587541272583,0.0112007778382706,0.00359421269013065,0.0438738051949327,0.0049025647619508
