Unknown,Source001,Source002,Source003,Source004,Source005,Source006,Source007,Source008,Source009,Source010
0.0228621484383386,0.281490483575099,0.104048982721549,0.225443408379383,0.183518193447712,0.105498931876257,0.0228818520061721,0.00733367861888502,0.00412304363469717,0.013160788493479,0.0296384888084281
