Unknown,Source001,Source002,Source003,Source004,Source005,Source006,Source007,Source008,Source009,Source010
0.0273776688165696,0.179314810701153,0.114328719515856,0.127224632299663,0.218925367334601,0.260206470148726,0.0120264505222658,0.0126539530370305,0.0268238567985954,0.00505955406748428,0.0160585167580543
