Unknown,Source001,Source002,Source003,Source004,Source005,Source006,Source007,Source008,Source009,Source010
0.0368226581288933,0.14376909438118,0.211160288936119,0.168043155529666,0.206730918788896,0.17029654236414,0.00462253885442172,0.0132413632922938,0.00766240774159933,0.0346986032638907,0.00295242871890113
