Unknown,Source001,Source002,Source003,Source004,Source005,Source006,Source007,Source008,Source009,Source010
0.0256308976833043,0.160135624938407,0.252135587671983,0.187235430827534,0.179165237215323,0.121328119346753,0.0199563378404113,0.0521178630738804,0.00111691492933229,0.00045792014455737,0.000720066328514276
