Unknown,Source001,Source002,Source003,Source004,Source005,Source006,Source007,Source008,Source009,Source010
0.00281586618756545,0.130354005464963,0.232707461099293,0.132049761767156,0.124945092522331,0.279943679146257,0.0113157090050667,0.015246561269123,0.0382880116548042,0.0130880523124128,0.0192457995710279
