Unknown,Source001,Source002,Source003,Source004,Source005,Source006,Source007,Source008,Source009,Source010
0.00698520487750039,0.146872014005838,0.146375812838665,0.10546861183167,0.166730400968846,0.334553160354981,0.0460767454762339,0.00266303399561394,0.00102549761075532,0.0378593070834232,0.00539021095647321
