Unknown,Source001,Source002,Source003,Source004,Source005,Source006,Source007,Source008,Source009,Source010
0.0246528476267964,0.193652025447204,0.141062119379684,0.126130793551352,0.29636101674817,0.142794044873591,0.0324031699494145,0.007437077956235,0.0140067658584873,0.00741065205002206,0.0140894865590447
