Unknown,Source001,Source002,Source003,Source004,Source005,Source006,Source007,Source008,Source009,Source010
0.0149548648862073,0.126514975979327,0.188899920969147,0.148192642635906,0.268925932436348,0.167466527979272,0.0232119610683134,0.0252813748927134,0.0212007519850917,0.0110429759968809,0.00430807117079339
