Unknown,Source001,Source002,Source003,Source004,Source005,Source006,Source007,Source008,Source009,Source010
0.00167848868434088,0.318823355855036,0.126106824273395,0.121294280415709,0.148086354629777,0.185689184826083,0.0217199621252481,0.000457817250118809,0.0566105431571019,0.017397326094039,0.00213586268915124
