Unknown,Source001,Source002,Source003,Source004,Source005,Source006,Source007,Source008,Source009,Source010
0.000338314890392049,0.221067631001036,0.130714806475693,0.196795000173457,0.169408852222048,0.182013710127766,0.0223126859494284,0.000165144103525633,0.04462423006801,0.0155424499482856,0.0170171750403583
