Unknown,Source001,Source002,Source003,Source004,Source005,Source006,Source007,Source008,Source009,Source010
0.0426996038415702,0.106062395136879,0.265457603950423,0.210585149629555,0.140276914650738,0.177617936632406,0.0048583070606444,0.008083874141348,0.00341414442700473,0.0270816052494868,0.0138624652799459
