Unknown,Source001,Source002,Source003,Source004,Source005,Source006,Source007,Source008,Source009,Source010
0.00316497264087663,0.274441959000146,0.195076082906331,0.100343900593694,0.199089454254467,0.131048603245363,0.00256438700238741,0.0400101977919353,0.00612607723126235,0.0184470892081666,0.0296872761253717
