Unknown,Source001,Source002,Source003,Source004,Source005,Source006,Source007,Source008,Source009,Source010
0.00988494501354979,0.110702998059026,0.3570611542231,0.164160985216016,0.152043373699497,0.116031488802361,0.015138919838546,0.0116550750306771,0.0105616243165947,0.0163067867407062,0.0364526490599261
