Unknown,Source001,Source002,Source003,Source004,Source005,Source006,Source007,Source008,Source009,Source010
0.00915911623004182,0.236604690167107,0.174325173839343,0.124532897016967,0.213499318477529,0.151037920499054,0.0533387061045293,0.0133489601569364,0.017279703357285,0.00229678032173471,0.00457673382947279
