Unknown,Source001,Source002,Source003,Source004,Source005,Source006,Source007,Source008,Source009,Source010
0.0261066646325753,0.108527479045806,0.171237858094364,0.135071160682339,0.108823222292477,0.376340279885013,0.00560749912494625,0.0277892489088794,0.00486213289028941,0.0169690572322526,0.0186653972110571
