Unknown,Source001,Source002,Source003,Source004,Source005,Source006,Source007,Source008,Source009,Source010
0.0293709131384534,0.220514861205999,0.14881719736997,0.134504694711935,0.227933514907737,0.168229731804359,0.0107915697989768,0.00938865313387745,0.0105092737745643,0.0322697078594987,0.00766988229462937
