Unknown,Source001,Source002,Source003,Source004,Source005,Source006,Source007,Source008,Source009,Source010
0.0182905709316581,0.100710453931828,0.126976148217015,0.339479426819385,0.202182017105463,0.130651953926309,0.00087864422045029,0.0511696254057161,0.0290653950138038,0.000144271171328315,0.000451493257043364
