Unknown,Source001,Source002,Source003,Source004,Source005,Source006,Source007,Source008,Source009,Source010
0.00539981405773423,0.190244832208784,0.134584354548502,0.204171100570572,0.219012938788453,0.151986773883689,0.0392153756379534,0.019440056613655,0.000716400086610972,0.0118391458748966,0.0233892077291498
