Unknown,Source001,Source002,Source003,Source004,Source005,Source006,Source007,Source008,Source009,Source010
0.0109078842819159,0.126434720880823,0.241784906389573,0.143008978230656,0.225571833619935,0.163199560879013,0.00230416785974163,0.0286847911916341,0.01830167162057,0.0181019979570729,0.0216994870890655
