Unknown,Source001,Source002,Source003,Source004,Source005,Source006,Source007,Source008,Source009,Source010
0.00296950443579039,0.168376563426591,0.245915142011894,0.17150941186342,0.162150865179721,0.152048017518374,0.0461850849822011,0.0112123926816356,0.00961675989777209,0.0205930368754355,0.00942322112716536
