Unknown,Source001,Source002,Source003,Source004,Source005,Source006,Source007,Source008,Source009,Source010
0.000239002882410936,0.197296813972259,0.127668663547592,0.145657119874666,0.151534857175209,0.277842545430273,0.0508762313077543,0.0284339680581176,0.00882098013625655,0.01137813190913,0.000251685706330601
