Unknown,Source001,Source002,Source003,Source004,Source005,Source006,Source007,Source008,Source009,Source010
0.0361132023854856,0.202184985848291,0.193267155077024,0.131727251825155,0.20991865459678,0.16290195265275,0.00636561313775086,0.0107943603284738,0.0070938497205333,0.0181591534654657,0.0214738209622907
