Unknown,Source001,Source002,Source003,Source004,Source005,Source006,Source007,Source008,Source009,Source010
0.00348752565783952,0.173324040128239,0.254130766780294,0.243886400006559,0.102018665807975,0.126640127276933,0.00732897058640562,0.0607717526564514,0.005046723752082,0.00912238910438076,0.0142426382428407
