Unknown,Source001,Source002,Source003,Source004,Source005,Source006,Source007,Source008,Source009,Source010
0.0178531938793558,0.135730823050487,0.178970438990084,0.110173693047622,0.159658070032872,0.315466974878935,0.00461819452497388,0.00239072151421575,0.0227005152497686,0.0141774191245531,0.0382599557071329
