Unknown,Source001,Source002,Source003,Source004,Source005,Source006,Source007,Source008,Source009,Source010
0.00357636359547922,0.107887817890494,0.149367216762676,0.101900690822531,0.257919580309563,0.282924694214735,0.0142002246265714,0.00844616160627854,0.0245208957835145,0.0470786914208416,0.00217766296731468
