Unknown,Source001,Source002,Source003,Source004,Source005,Source006,Source007,Source008,Source009,Source010
0.0671103004278633,0.210567539251825,0.13319609365537,0.177025514979858,0.254339471338065,0.124871380774881,0.00577227492340649,0.00293226646901668,0.00173723859360748,0.000605482958827946,0.0218424366272781
