Unknown,Source001,Source002,Source003,Source004,Source005,Source006,Source007,Source008,Source009,Source010
0.0267096821770501,0.10269000675094,0.194535823736685,0.137250866487492,0.1508529794815,0.314670323543382,0.019188446304287,0.00568330719073794,0.000498966236720867,0.0410959177119735,0.00682368037923061
