Unknown,Source001,Source002,Source003,Source004,Source005,Source006,Source007,Source008,Source009,Source010
0.0112099103079841,0.313687851048622,0.142176939152906,0.123788695437546,0.151025197769443,0.169321316591483,0.0271942066581345,0.00713033964285696,0.0114623631757416,0.0153405828548407,0.0276625973604421
