Unknown,Source001,Source002,Source003,Source004,Source005,Source006,Source007,Source008,Source009,Source010
0.0310575664796109,0.244031156694465,0.147728668292199,0.174566261799876,0.151926114100134,0.181747799113325,0.0540728897569298,0.00785068133098027,0.000631267479928433,0.002531322333494,0.00385627261905663
