Unknown,Source001,Source002,Source003,Source004,Source005,Source006,Source007,Source008,Source009,Source010
0.0446398115387774,0.117223172522244,0.163825992509817,0.165569188540629,0.234781999676352,0.218599646750958,0.0184614798649629,0.00699872192276446,0.00430476371611343,0.014891731189823,0.0107034917675588
