Unknown,Source001,Source002,Source003,Source004,Source005,Source006,Source007,Source008,Source009,Source010
0.00193728430139309,0.10912024729991,0.133869776740183,0.199704415655972,0.191029599254434,0.266275961049501,0.047401770337335,0.00487743330017761,0.0166945624715738,0.00431102838740157,0.0247779212021189
