Unknown,Source001,Source002,Source003,Source004,Source005,Source006,Source007,Source008,Source009,Source010
0.00169574152996554,0.370854777790869,0.1104092121342,0.205808148328212,0.105099232871155,0.107828628875564,0.0372208602654813,0.0289797027654608,0.00059112560667911,0.0248724702594607,0.00664009957295256
