Unknown,Source001,Source002,Source003,Source004,Source005,Source006,Source007,Source008,Source009,Source010
3.18056507180061e-05,0.245555701463728,0.224785669073325,0.127224939271387,0.126930164564535,0.175503525627026,0.0155827975780015,0.0122290943284138,0.0226597740077806,0.0439278473136548,0.00556868112143117
