Unknown,Source001,Source002,Source003,Source004,Source005,Source006,Source007,Source008,Source009,Source010
0.0222351763776211,0.116516775970709,0.165491211882005,0.216284456791074,0.180165931094185,0.221541624262026,0.0307270188238939,0.00523108669153362,0.00117495701976816,0.00992965993534682,0.0307021011518364
