Unknown,Source001,Source002,Source003,Source004,Source005,Source006,Source007,Source008,Source009,Source010
0.0359942095880741,0.180867279700971,0.129710572550751,0.197923233822145,0.214797567292769,0.176701346633364,0.00446624084686746,0.0537812202729744,0.000681177765708752,0.0030155683703341,0.00206158315604116
