Unknown,Source001,Source002,Source003,Source004,Source005,Source006,Source007,Source008,Source009,Source010
0.00433114950851541,0.116972966351263,0.12121782555886,0.187352446997741,0.124235451817203,0.350221309274934,0.00904074998947535,0.0370845657238941,0.0442194890542265,0.000619567885408015,0.00470447783848062
