Unknown,Source001,Source002,Source003,Source004,Source005,Source006,Source007,Source008,Source009,Source010
0.0370470816995394,0.226658085195635,0.148547558507364,0.25674341904312,0.117089947657585,0.150960989596296,0.0222850192113713,0.00489852684096131,0.00254895635447315,0.0064558845412999,0.0267645313523549
