Unknown,Source001,Source002,Source003,Source004,Source005,Source006,Source007,Source008,Source009,Source010
0.0163240159256123,0.193150325274239,0.151600875034145,0.122311187347738,0.176629235558526,0.256308376785353,0.012026806282348,0.00670319020542885,0.0265842187773465,0.0197441691341129,0.0186175996751514
