Unknown,Source001,Source002,Source003,Source004,Source005,Source006,Source007,Source008,Source009,Source010
0.0276284833953639,0.303932285999188,0.188495050311045,0.156105427073497,0.140499456629433,0.110967779986837,0.00529604720264966,0.0315510140897149,0.0112644132025467,0.0172065001466865,0.00705354196303845
