Unknown,Source001,Source002,Source003,Source004,Source005,Source006,Source007,Source008,Source009,Source010
0.0203502813283975,0.268454960003852,0.297743423088849,0.10577829639151,0.105348194038145,0.122675126477643,0.0237510942747107,0.0410457423736614,0.00309834218913077,0.0031989154111655,0.00855562442293421
