Unknown,Source001,Source002,Source003,Source004,Source005,Source006,Source007,Source008,Source009,Source010
0.0489375657926951,0.129731467264638,0.112306180564686,0.139081827734394,0.304909038595113,0.213971485841169,0.00607893662654278,0.00999635534605963,0.00119717175503585,0.0133767295804018,0.0204132408992648
