Unknown,Source001,Source002,Source003,Source004,Source005,Source006,Source007,Source008,Source009,Source010
0.0603961118291019,0.194506803340508,0.255521071087713,0.16235657169231,0.12592590484461,0.161689649034859,0.0109038257933373,0.00941073370023143,0.00645219948368583,0.00241369100264699,0.0104234381909965
