Unknown,Source001,Source002,Source003,Source004,Source005,Source006,Source007,Source008,Source009,Source010
0.00543430929105644,0.240982261889505,0.154009811989203,0.154112195606477,0.216708241228805,0.134187489286011,0.00438508634436055,0.00340985358023834,0.0477274980868429,0.0112185465880867,0.027824706109415
