Unknown,Source001,Source002,Source003,Source004,Source005,Source006,Source007,Source008,Source009,Source010
0.00214632365449002,0.13113763419868,0.117996743005446,0.216421679846201,0.292854080639844,0.14158986230983,0.0670860232430537,0.00874567792461339,0.0119987763821384,0.00653657536609769,0.00348662342960676
