Unknown,Source001,Source002,Source003,Source004,Source005,Source006,Source007,Source008,Source009,Source010
0.00891470926337577,0.134255249881221,0.113104664161248,0.144245115443118,0.315831161544501,0.192563808969911,0.00894246603276197,0.00682187508772947,0.0290685960268832,0.041446154745999,0.00480619884325058
