Unknown,Source001,Source002,Source003,Source004,Source005,Source006,Source007,Source008,Source009,Source010
0.0182128038245876,0.120922330534536,0.181707921763084,0.157151304289774,0.120841664262076,0.31937677915053,0.0229841938921344,0.0216782489207473,0.0134880399629531,0.0170394972149886,0.00659721618458899
