Unknown,Source001,Source002,Source003,Source004,Source005,Source006,Source007,Source008,Source009,Source010
0.0100548092093101,0.376296807867726,0.11227781847795,0.13201333536508,0.142421156922257,0.136990881366987,0.0111722566406808,0.0469909777262019,0.00141326202876843,0.000438160693667009,0.0299305337013718
