Unknown,Source001,Source002,Source003,Source004,Source005,Source006,Source007,Source008,Source009,Source010
0.0144150398863594,0.134856038605697,0.15986341312684,0.143749553411613,0.169573667987203,0.291957326868648,0.0286792634029446,0.0014194296575185,0.00590661538065893,0.0356919411395106,0.0138877105330079
