Unknown,Source001,Source002,Source003,Source004,Source005,Source006,Source007,Source008,Source009,Source010
0.00264008782417449,0.229808236313256,0.132540807331955,0.132331503307362,0.283178632219226,0.122140820828201,0.0463818355250013,0.00904797237181471,0.0163220333371198,0.0023345495743335,0.0232735213675562
