Unknown,Source001,Source002,Source003,Source004,Source005,Source006,Source007,Source008,Source009,Source010
0.00945766303547941,0.325195858567492,0.117152743796583,0.102296521860839,0.136043087337239,0.219311788437848,0.0168225504703962,0.0204014470936828,0.0236899889087681,0.0189628034752526,0.0106655470164209
