Unknown,Source001,Source002,Source003,Source004,Source005,Source006,Source007,Source008,Source009,Source010
0.0237172424421984,0.103423635976115,0.103901335727078,0.258470191481873,0.283095590173549,0.151109246641384,0.0192669382542562,0.0196071705257128,0.0100105850262665,0.0110881781493636,0.0163098856022024
