Unknown,Source001,Source002,Source003,Source004,Source005,Source006,Source007,Source008,Source009,Source010
0.0136679889919521,0.138069123280619,0.139315952055119,0.274450433224222,0.122946113964875,0.225218377475164,0.0187920784522427,0.0186671680642014,0.0139041364483045,0.00114498442680108,0.0338236436164982
