Unknown,Source001,Source002,Source003,Source004,Source005,Source006,Source007,Source008,Source009,Source010
0.0546760337247485,0.101515038019215,0.157027409199828,0.335954086465898,0.177431175934447,0.128072290380612,0.0200513822466379,0.00199766977914319,0.00856795838186918,0.0115821206507256,0.0031248352168756
