Unknown,Source001,Source002,Source003,Source004,Source005,Source006,Source007,Source008,Source009,Source010
0.00488961297326441,0.3147762705385,0.143947537356517,0.124122343427966,0.19131777367548,0.125836075001538,0.0136959729794614,0.0250763274198032,0.0147618045176205,0.0334465287791414,0.00812975333070911
