Unknown,Source001,Source002,Source003,Source004,Source005,Source006,Source007,Source008,Source009,Source010
0.00951871055324603,0.118065327585612,0.20937504057827,0.115544846624382,0.202399041125019,0.254615744086717,0.0154064837587409,0.00585003469524852,0.0399580041173555,0.00519897734541839,0.0240677895299906
