Unknown,Source001,Source002,Source003,Source004,Source005,Source006,Source007,Source008,Source009,Source010
0.0334500906342449,0.116587874780156,0.194200105293661,0.236017233298438,0.192030823701834,0.16116396292591,0.00604803154611163,0.00755147127615857,0.00784439300627434,0.0341845733827087,0.0109214401545018
