Unknown,Source001,Source002,Source003,Source004,Source005,Source006,Source007,Source008,Source009,Source010
0.0254095955839105,0.186066185838247,0.301856441649015,0.119963089965227,0.169489253477647,0.122625029069865,0.0124602475564475,0.00262818209084251,0.00561309284145441,0.0332544321413933,0.0206344497859518
