Unknown,Source001,Source002,Source003,Source004,Source005,Source006,Source007,Source008,Source009,Source010
0.0205170984288788,0.163928079817147,0.213947554600065,0.111640080117416,0.123858719723604,0.286625565741767,0.0234122223459007,0.00485808945447283,0.00957433253774955,0.0377367100761658,0.00390154715683236
