Unknown,Source001,Source002,Source003,Source004,Source005,Source006,Source007,Source008,Source009,Source010
0.0550678838751092,0.106569750520775,0.159490705553539,0.184712648445203,0.155686765804648,0.293540129675835,0.00688336498252836,0.00720071224396256,0.00190859839316382,0.0134241006292064,0.0155153398760296
