Unknown,Source001,Source002,Source003,Source004,Source005,Source006,Source007,Source008,Source009,Source010
0.00265668900908355,0.140331892450019,0.388360956847825,0.148502849705857,0.104413249965355,0.118391051030944,0.0318698131576799,0.00325146352806218,0.00482913974334912,0.0239333780656667,0.0334595164961585
