Unknown,Source001,Source002,Source003,Source004,Source005,Source006,Source007,Source008,Source009,Source010
0.017674092807938,0.332030103986042,0.157917792516551,0.116708084766901,0.120139519700442,0.173204499030064,0.0312180977731205,0.0159499920009774,0.0066226093612813,0.0195931629752419,0.0089420450814408
