Unknown,Source001,Source002,Source003,Source004,Source005,Source006,Source007,Source008,Source009,Source010
0.00249463890661037,0.163498354349289,0.114771525472858,0.248225329926021,0.1192365412158,0.254268249036032,0.016211278906388,0.00208377867442716,0.0436947932001528,0.0321491920390947,0.00336631827332701
