Unknown,Source001,Source002,Source003,Source004,Source005,Source006,Source007,Source008,Source009,Source010
0.0577470451013359,0.100223568713231,0.27783655078415,0.106310332810067,0.279501358668785,0.136128189023767,0.00437410628229533,0.0135865201766169,0.0165680444581639,0.00317431151088877,0.00454997247069919
