Unknown,Source001,Source002,Source003,Source004,Source005,Source006,Source007,Source008,Source009,Source010
0.0085463233092414,0.111762612224882,0.179617135375397,0.324072880743739,0.178484896326691,0.10606247532929,0.00169177929860202,0.0275048365176783,0.0241554410173583,0.030951276334711,0.00715034352240899
