Unknown,Source001,Source002,Source003,Source004,Source005,Source006,Source007,Source008,Source009,Source010
0.0266045453662702,0.128516500230396,0.301334851193129,0.1354939334915,0.223704821207269,0.110949893877706,0.00709844811700224,0.0170941655819067,0.0290564907800085,0.0086283917691838,0.0115179583856285
