Unknown,Source001,Source002,Source003,Source004,Source005,Source006,Source007,Source008,Source009,Source010
0.0238946599102414,0.278321231706089,0.189226389273319,0.208673366291062,0.118341756303844,0.105437256425685,0.00591092147498226,0.0231007220150551,0.00891327599207724,0.0359018130580855,0.00227860754955844
