Unknown,Source001,Source002,Source003,Source004,Source005,Source006,Source007,Source008,Source009,Source010
0.0126440124470951,0.246363155110391,0.134734540739807,0.173217340794583,0.123628371995387,0.222056591359832,0.000112402701073235,0.0397246737106898,0.0119830672076876,0.00894608778344805,0.0265897561500063
