Unknown,Source001,Source002,Source003,Source004,Source005,Source006,Source007,Source008,Source009,Source010
0.0208262657794656,0.206342191384128,0.217196031160524,0.185254893372105,0.118889769341785,0.172317114741459,0.0239482155121155,0.0131079607492176,0.00614502897556297,0.00715580865584605,0.0288167203277923
