Unknown,Source001,Source002,Source003,Source004,Source005,Source006,Source007,Source008,Source009,Source010
0.0332489437853666,0.266523485120051,0.154976138030928,0.166039251479055,0.11399467505009,0.198466450319876,0.00243261156306454,0.0141225540378665,0.0164192448357253,0.000903946073993901,0.0328726997039831
