Unknown,Source001,Source002,Source003,Source004,Source005,Source006,Source007,Source008,Source009,Source010
0.0159757310965961,0.176539412801163,0.181132456061334,0.2372281815178,0.185606616568724,0.119493333050978,0.00408582382187182,0.00778443983021759,0.0511413865942085,0.0122975832763481,0.00871503538075784
