Unknown,Source001,Source002,Source003,Source004,Source005,Source006,Source007,Source008,Source009,Source010
0.00607212029872737,0.150520395447482,0.296714881228553,0.104963086251464,0.202195193972513,0.145606443099988,0.000641464272794694,0.0486978567244922,0.0147366705405935,0.00259647681327396,0.0272554113501183
