Unknown,Source001,Source002,Source003,Source004,Source005,Source006,Source007,Source008,Source009,Source010
0.0272554509429792,0.11425971692213,0.306730859423264,0.145778771752918,0.158067625214517,0.175163026687171,0.0205991578764447,0.00222543309879852,0.011354024196977,0.0204497498717485,0.0181161840130521
