Unknown,Source001,Source002,Source003,Source004,Source005,Source006,Source007,Source008,Source009,Source010
0.014123877663838,0.251119916758207,0.126197113712234,0.274719910116778,0.114641195939645,0.133321863473136,0.035226670825967,0.02044669803287,0.00540574949103884,0.00348417641648558,0.0213128275698004
