Unknown,Source001,Source002,Source003,Source004,Source005,Source006,Source007,Source008,Source009,Source010
0.0202661436275184,0.206667861555503,0.25085803592867,0.104402030987584,0.197125970170707,0.140946101357536,0.00374959923280163,0.00163511246288908,0.0104035297514488,0.0630814618489236,0.000864153076418382
