Unknown,Source001,Source002,Source003,Source004,Source005,Source006,Source007,Source008,Source009,Source010
0.0081112632874265,0.266187142533349,0.196145296805613,0.113595125720757,0.158172426537774,0.165900008402506,0.0114791371502613,0.018032322216809,0.02695668147253,0.0166441998444513,0.0187763960285219
