Unknown,Source001,Source002,Source003,Source004,Source005,Source006,Source007,Source008,Source009,Source010
0.0068336516418792,0.16766666556462,0.102299919074133,0.145745630331352,0.188562725238899,0.295725059790995,0.00898352978001514,0.0214426187754428,0.0575559484969277,0.000669265766950899,0.00451498553878426
