Unknown,Source001,Source002,Source003,Source004,Source005,Source006,Source007,Source008,Source009,Source010
0.0207523346154031,0.178039790613321,0.240893354166675,0.159996937761892,0.133695566967774,0.187374350490339,0.00783784489556134,0.0625406062591812,3.49874945964451e-05,0.00709537520405303,0.00173885153120487
