Unknown,Source001,Source002,Source003,Source004,Source005,Source006,Source007,Source008,Source009,Source010
0.0339352448130462,0.290621985156365,0.128165548759809,0.139097363154211,0.198609227577567,0.143505875352048,0.00532363157001615,0.0239437094575945,0.00751805308894522,0.000113465887349643,0.0291658951830483
