Unknown,Source001,Source002,Source003,Source004,Source005,Source006,Source007,Source008,Source009,Source010
0.00313935373220785,0.102419360810237,0.117359753841012,0.133604631240476,0.302189432770067,0.244426821338208,0.00373988046471618,0.0116415567023575,0.0723522684098787,0.00724046722825421,0.00188647346258553
