Unknown,Source001,Source002,Source003,Source004,Source005,Source006,Source007,Source008,Source009,Source010
0.0264266844687282,0.106702134161567,0.178768564358753,0.135596784469629,0.268311597366601,0.210620919643451,0.00861394994723804,0.00577352170826067,0.00847851398860231,0.0177635272078312,0.0329438026793395
