Unknown,Source001,Source002,Source003,Source004,Source005,Source006,Source007,Source008,Source009,Source010
0.0295036079707689,0.120796666695595,0.141252118994142,0.302902041285238,0.108379322211874,0.226669850813151,0.0138849619485347,0.0136063215028456,0.020428584208019,0.00535576121713639,0.0172207631526955
