Unknown,Source001,Source002,Source003,Source004,Source005,Source006,Source007,Source008,Source009,Source010
0.00232181482009666,0.209214301634154,0.177263215645815,0.115542253319238,0.22376129659981,0.174218932800983,0.0020459974544942,0.0209264709611072,0.0564157931562201,0.00742399278328838,0.0108659308247934
