Unknown,Source001,Source002,Source003,Source004,Source005,Source006,Source007,Source008,Source009,Source010
0.0203095730470543,0.210504862841584,0.177458289472695,0.226248693018235,0.143980993435335,0.141807161232152,0.0133439629666595,0.0249501379885652,0.0375040406864824,0.00152504516011445,0.00236724015112414
