Unknown,Source001,Source002,Source003,Source004,Source005,Source006,Source007,Source008,Source009,Source010
0.0309481908854725,0.191695370074152,0.157779196575029,0.206666651759765,0.158747473891009,0.185111307700046,0.00462342960109137,0.0117737018430045,0.0259172732764595,0.0116163430188066,0.0151210613751655
