Unknown,Source001,Source002,Source003,Source004,Source005,Source006,Source007,Source008,Source009,Source010
0.000375471542848245,0.131604936771079,0.255900849515567,0.151721576472406,0.119700908568159,0.24107172867279,0.0501532597507032,0.0109494790083388,0.0131303721078237,0.00554144243825487,0.0198499751520312
