Unknown,Source001,Source002,Source003,Source004,Source005,Source006,Source007,Source008,Source009,Source010
0.0181405217462278,0.238204742320092,0.178182857743684,0.17511479755328,0.205520672746526,0.102976929636418,0.00799924665549477,0.0272703780671305,0.0144212677029719,0.0239894546995295,0.00817913112864551
