Unknown,Source001,Source002,Source003,Source004,Source005,Source006,Source007,Source008,Source009,Source010
0.0269448782965348,0.31719019449092,0.157925445360271,0.10181235678107,0.181259042410906,0.141812960956833,0.0306171154412364,0.00750073778789484,0.0147869357708865,0.0177261491638821,0.00242418353956535
