Unknown,Source001,Source002,Source003,Source004,Source005,Source006,Source007,Source008,Source009,Source010
0.0313936774474926,0.115010151995135,0.320737188512971,0.221914921802409,0.12759711266933,0.114740625020156,0.0339768023727349,0.0042010843941475,0.0139880822106403,0.00518405289564451,0.0112563006793402
