Unknown,Source001,Source002,Source003,Source004,Source005,Source006,Source007,Source008,Source009,Source010
0.00100623304525454,0.289951356301741,0.110329240295052,0.262904112362481,0.129182800321578,0.107632490719148,0.0328642393530501,0.00627687595428222,0.0321009289417714,0.0138912168928252,0.0138605058128166
