Unknown,Source001,Source002,Source003,Source004,Source005,Source006,Source007,Source008,Source009,Source010
0.000365722712902721,0.1340854706503,0.166986001007517,0.198564347898718,0.153723059060634,0.246641121382831,0.0210700593121362,0.0313904580904226,0.000455012243316444,0.0452851097717527,0.00143363786946933
