Unknown,Source001,Source002,Source003,Source004,Source005,Source006,Source007,Source008,Source009,Source010
0.0159907497798298,0.186051935760409,0.187755615877931,0.21585284599018,0.116036371577961,0.194303230793519,0.00420271134025077,0.0117747578112735,0.00567399276234023,0.0458010309315551,0.0165567573747506
