Unknown,Source001,Source002,Source003,Source004,Source005,Source006,Source007,Source008,Source009,Source010
0.0322759054919448,0.179716396590951,0.267949991869881,0.189298567109861,0.16199582664064,0.101039217788667,0.0309594693123987,0.0296085651272381,0.00030953737153822,0.00473500306953745,0.00211151962734273
