Unknown,Source001,Source002,Source003,Source004,Source005,Source006,Source007,Source008,Source009,Source010
0.00975995358506117,0.141468142179292,0.315739705716964,0.124363271019135,0.199806257856861,0.118622623227749,0.00141250919628845,0.0157502535920751,0.0360095840682156,0.0135922214132739,0.0234754781450858
