Unknown,Source001,Source002,Source003,Source004,Source005,Source006,Source007,Source008,Source009,Source010
0.0494373999437446,0.12952526359652,0.178467748140423,0.216212818099981,0.167988331007424,0.207805839155653,0.0145455226312643,0.0117073351688208,0.019218452336869,0.0050646262445066,2.66636747946275e-05
