Unknown,Source001,Source002,Source003,Source004,Source005,Source006,Source007,Source008,Source009,Source010
0.00463543039965734,0.133563670715081,0.242832082699674,0.135402660885006,0.218964837934265,0.169236747765974,0.0135596557015469,0.020961224947548,0.0163382892705847,0.0263306850938011,0.018174714586862
