Unknown,Source001,Source002,Source003,Source004,Source005,Source006,Source007,Source008,Source009,Source010
0.00550807305056441,0.16273959120503,0.187315788063044,0.113083361693396,0.189802785330461,0.247058473708069,0.012126419097339,0.0274004718879937,0.012056170007014,0.00124898634519251,0.0416598796118963
