Unknown,Source001,Source002,Source003,Source004,Source005,Source006,Source007,Source008,Source009,Source010
0.00615531581822163,0.166495316429135,0.100573040380852,0.207516507444639,0.30174708979586,0.123668045949514,0.0201950655232183,0.00125611239136524,0.00165170952990238,0.0127343206036647,0.0580074761336278
