Unknown,Source001,Source002,Source003,Source004,Source005,Source006,Source007,Source008,Source009,Source010
0.0494446135678278,0.117481044061849,0.15978478096359,0.371846866266683,0.101019566549819,0.14986774215806,0.00476673000615017,0.00708163741470599,0.00839100874613669,0.0270774443353059,0.00323856592987344
