Unknown,Source001,Source002,Source003,Source004,Source005,Source006,Source007,Source008,Source009,Source010
0.00575627449559276,0.202443778920538,0.122223967463573,0.225898586879243,0.248963205191501,0.100470461545144,0.0245317729329565,0.00053156506230844,0.00677606954935372,0.0151136616710583,0.0472906562887303
