Unknown,Source001,Source002,Source003,Source004,Source005,Source006,Source007,Source008,Source009,Source010
0.0224573977104276,0.136349315212066,0.372641321323361,0.152909598376218,0.121849325831756,0.116250439256598,0.00733705204695907,0.0166166212274225,0.0114215108800335,0.0245393153063172,0.0176281028288401
