Unknown,Source001,Source002,Source003,Source004,Source005,Source006,Source007,Source008,Source009,Source010
0.00693454980061245,0.231305017554196,0.186856725272304,0.184246955026193,0.145570567521543,0.152020734625764,0.0170427571711618,0.00579999859943944,0.00647562429853054,0.0527662125840813,0.0109808575461744
