Unknown,Source001,Source002,Source003,Source004,Source005,Source006,Source007,Source008,Source009,Source010
0.00157494288045856,0.263634263689593,0.119592580578936,0.240769171600125,0.14374858192342,0.132255402207926,0.0356572087581421,0.0126779458464893,0.00394510847210069,0.0319976623004946,0.0141471317423147
