Unknown,Source001,Source002,Source003,Source004,Source005,Source006,Source007,Source008,Source009,Source010
0.00295009688895183,0.171100444883527,0.113692171981895,0.161707037775901,0.304702865221442,0.148797480137234,0.00848134247174917,0.00187196746431306,0.0162720797226816,0.0620753976240078,0.00834911582829648
