Unknown,Source001,Source002,Source003,Source004,Source005,Source006,Source007,Source008,Source009,Source010
0.0203793020228684,0.195491289368696,0.209998422963912,0.147823795162336,0.226739096595247,0.11994739590981,0.0348098401729422,0.015021558281085,0.00240530674797203,0.00615934071625779,0.0212246520588746
