Unknown,Source001,Source002,Source003,Source004,Source005,Source006,Source007,Source008,Source009,Source010
0.0332824324807865,0.343539555936443,0.115640645374292,0.203795035538474,0.125239682199951,0.11178508095084,0.019992675091879,0.0199723856158485,0.00242479824970864,0.0110553911406131,0.0132723174211642
