Unknown,Source001,Source002,Source003,Source004,Source005,Source006,Source007,Source008,Source009,Source010
0.00987792528391351,0.205908303685501,0.140657569825682,0.153948908058585,0.117083151571387,0.282402066858846,0.0346930481156038,0.00453846312275665,0.0359217442081566,0.0103746470142046,0.0045941722553648
