Unknown,Source001,Source002,Source003,Source004,Source005,Source006,Source007,Source008,Source009,Source010
0.031463381316892,0.130151287052821,0.190453474599704,0.330949904318242,0.100876008236576,0.147569325792657,0.0136912767467112,0.0069410887409746,0.0128672075693396,0.0225198658617287,0.0125171797643539
