Unknown,Source001,Source002,Source003,Source004,Source005,Source006,Source007,Source008,Source009,Source010
0.0315492162621359,0.11141673204824,0.110460477201247,0.275998905080104,0.113292006545207,0.288831879125202,0.000604833691864395,0.00988181831729995,0.00391278530065338,0.0201122947982845,0.0339390516297619
