Unknown,Source001,Source002,Source003,Source004,Source005,Source006,Source007,Source008,Source009,Source010
0.0192275745387412,0.234025720220365,0.227729225992431,0.117390651243793,0.121369890089621,0.199484512453791,0.036935622146603,0.0109082518206731,0.0051022895418351,0.00606024441827573,0.0217660175338719
