Unknown,Source001,Source002,Source003,Source004,Source005,Source006,Source007,Source008,Source009,Source010
0.0219456380462988,0.221161857699948,0.154510417852026,0.146294629883303,0.150043638806822,0.227989455757901,0.00998436086861075,0.00861426851710925,0.00145893126205432,0.0348611056178671,0.0231356956880598
