Unknown,Source001,Source002,Source003,Source004,Source005,Source006,Source007,Source008,Source009,Source010
0.00285689470392975,0.123310660984272,0.328336918721612,0.129107671827223,0.197793026402396,0.121451722064497,0.0165565822199016,0.00535602036869842,0.0125406848388803,0.0557010099033547,0.00698880796523523
