Unknown,Source001,Source002,Source003,Source004,Source005,Source006,Source007,Source008,Source009,Source010
0.0104439053763776,0.151579070277762,0.12933496785402,0.126270411541175,0.266443316399289,0.226372233927754,0.00119621006199271,0.0181591357775502,0.0186667068780796,0.0106341123720959,0.0408999295339039
