Unknown,Source001,Source002,Source003,Source004,Source005,Source006,Source007,Source008,Source009,Source010
0.0166689195381025,0.110539026414543,0.261979639832877,0.21843628091817,0.187273590008752,0.121771462825658,0.00359103844664603,0.0470325549078306,0.00746103578416323,0.010911506664744,0.0143349446585137
