Unknown,Source001,Source002,Source003,Source004,Source005,Source006,Source007,Source008,Source009,Source010
0.0155945507821439,0.125379200267803,0.120233396472239,0.274163280833687,0.134982639903543,0.245241482522728,0.027704335891771,0.0016108148473862,0.00302690044293582,0.0249830976656956,0.0270803003700675
