Unknown,Source001,Source002,Source003,Source004,Source005,Source006,Source007,Source008,Source009,Source010
0.00707507488743238,0.134581836804158,0.212459776718392,0.181539118554594,0.174408882374397,0.19701038554846,0.0210936073947583,0.0220676699261946,0.010039016656528,0.0186459469459409,0.0210786841891458
