Unknown,Source001,Source002,Source003,Source004,Source005,Source006,Source007,Source008,Source009,Source010
0.0332155798735111,0.105981297521,0.111378595602908,0.107952130866703,0.158118931357565,0.416569044651824,0.0130322825523553,0.0114349926900652,0.0109421258902497,0.0310288938079427,0.000346125185875935
