Unknown,Source001,Source002,Source003,Source004,Source005,Source006,Source007,Source008,Source009,Source010
0.0184027316124126,0.154327038842516,0.120816484923142,0.349404042092901,0.133145141806633,0.142307292334808,0.0136974764599392,0.000396964323017387,0.032036271246945,0.023623440184975,0.0118431161727108
