Unknown,Source001,Source002,Source003,Source004,Source005,Source006,Source007,Source008,Source009,Source010
0.00157425207017237,0.104186356803541,0.123730422330772,0.237623582475647,0.189141839447299,0.245317798942742,0.0526298177739502,0.0346840834549854,0.00933750459607932,0.000152688759251736,0.00162165334556095
