Unknown,Source001,Source002,Source003,Source004,Source005,Source006,Source007,Source008,Source009,Source010
0.025986602767224,0.127073864367494,0.175974966024002,0.177149120761467,0.243623352459787,0.176178696387251,0.0122827589129406,0.014231312574887,0.010587233971402,0.0129240005953032,0.0239880911782432
