Unknown,Source001,Source002,Source003,Source004,Source005,Source006,Source007,Source008,Source009,Source010
0.00466029205071694,0.233767833306541,0.19745948766293,0.104208910564542,0.158126667311784,0.206437101154204,0.00938057394173368,0.0513113321425023,0.00483678266812854,0.00182416430385629,0.0279868548930623
