Unknown,Source001,Source002,Source003,Source004,Source005,Source006,Source007,Source008,Source009,Source010
0.00472995410529269,0.118840332146275,0.233166539066752,0.156340229281199,0.211381341871634,0.180271557634139,0.0250510931933477,0.0121179408233367,0.005145822281816,0.0415047718381492,0.0114504177580577
