Unknown,Source001,Source002,Source003,Source004,Source005,Source006,Source007,Source008,Source009,Source010
0.024869373181656,0.133982832407196,0.257782401855773,0.173097180179007,0.104307817886535,0.23082976767149,0.0329671818783642,0.0158887648416479,0.00460980082061941,0.0196798059914349,0.00198507328627758
