Unknown,Source001,Source002,Source003,Source004,Source005,Source006,Source007,Source008,Source009,Source010
0.0239615039542526,0.307848266018569,0.138505977747907,0.119888000793275,0.156971427246988,0.17678632819326,0.0112861459920271,0.0447301339718829,0.0144275366621228,0.00236053876252396,0.00323414065719055
