Unknown,Source001,Source002,Source003,Source004,Source005,Source006,Source007,Source008,Source009,Source010
0.0241238894254777,0.15945703537304,0.18972835759324,0.267422929666036,0.110717885765779,0.172673791601905,0.00613300818909266,0.00854996783828298,0.0146405412937465,0.0215131210883692,0.0250394721650309
