Unknown,Source001,Source002,Source003,Source004,Source005,Source006,Source007,Source008,Source009,Source010
0.0235540665813758,0.386523474623263,0.142618985039609,0.167323740238104,0.102520983587118,0.101012816511906,0.00209326963893821,0.0144617403309737,0.0077577020095364,0.0100134106204726,0.0421198108187033
