Unknown,Source001,Source002,Source003,Source004,Source005,Source006,Source007,Source008,Source009,Source010
0.0353985850211926,0.130383250331082,0.266368131044699,0.210570619791909,0.101955983396967,0.190722015435342,0.030072452829046,0.011967335623132,0.0113138966906277,0.00335395837162732,0.00789377146437431
