Unknown,Source001,Source002,Source003,Source004,Source005,Source006,Source007,Source008,Source009,Source010
0.0075297354637226,0.13713404686621,0.282502597996558,0.255768340448642,0.119450470671357,0.105144544017233,0.0218454062349782,0.00653372081512896,0.00798897048963286,0.00633378896500288,0.0497683780315345
