Unknown,Source001,Source002,Source003,Source004,Source005,Source006,Source007,Source008,Source009,Source010
0.0146719579662593,0.180794426930816,0.175442207324762,0.100624260658376,0.167388276620808,0.275750828465239,0.00691385597838487,0.0182253529025043,0.0433582444525428,0.00490754671898076,0.0119230419813278
