Unknown,Source001,Source002,Source003,Source004,Source005,Source006,Source007,Source008,Source009,Source010
0.006723809404129,0.125748691522133,0.299431343602502,0.231860430286156,0.125534562224632,0.117424972364578,0.0283223699166134,0.00128915863532071,0.0333768787516193,0.0226348272649547,0.00765295602736291
