Unknown,Source001,Source002,Source003,Source004,Source005,Source006,Source007,Source008,Source009,Source010
0.012547530622815,0.223282497239379,0.13847880397718,0.165761031444498,0.229042568171797,0.143435099167146,0.0357968824210364,0.00546091706080286,0.00117927453528893,0.0370405179943825,0.00797487736567432
