Unknown,Source001,Source002,Source003,Source004,Source005,Source006,Source007,Source008,Source009,Source010
0.0383180274249255,0.13360140309619,0.22102997676616,0.204349229921315,0.109692100778251,0.231327289438083,0.00377776674535103,0.030669335582972,0.00112993420788888,0.0223074123947157,0.00379752364414681
