Unknown,Source001,Source002,Source003,Source004,Source005,Source006,Source007,Source008,Source009,Source010
0.00318994714040209,0.10285870804964,0.179638663580131,0.263118654804229,0.147061986696764,0.207321986869236,0.0205112823954168,0.0630543035962449,0.000579376260049469,0.00390896020415527,0.00875613040373151
