Unknown,Source001,Source002,Source003,Source004,Source005,Source006,Source007,Source008,Source009,Source010
0.0103768497131871,0.204892691412919,0.116912190796995,0.135687251499147,0.202046456060788,0.240461410230151,0.0140170123982921,0.0265500054350024,0.0102001516894312,0.0356947979025406,0.00316118286154653
