Unknown,Source001,Source002,Source003,Source004,Source005,Source006,Source007,Source008,Source009,Source010
0.0234173898662453,0.114645325773016,0.117494527753982,0.117039995132764,0.199318467178334,0.351501684161904,0.0342189573712595,0.00188905320424098,0.016782248113139,0.00522889284096797,0.0184634586041471
