Unknown,Source001,Source002,Source003,Source004,Source005,Source006,Source007,Source008,Source009,Source010
0.013281633249312,0.22073492779382,0.126609272984996,0.219332906352279,0.165815516473862,0.167507376395043,0.0123228843257198,0.00319017205986949,0.0202481510145836,0.0326310178815435,0.0183261414689717
