Unknown,Source001,Source002,Source003,Source004,Source005,Source006,Source007,Source008,Source009,Source010
0.0036044758002134,0.16693301946002,0.352657680575438,0.12267721397756,0.103163606630999,0.154568479355983,0.0376816012451895,0.0260423308267162,0.0178744870446909,0.0111797397617569,0.0036173653214331
