Unknown,Source001,Source002,Source003,Source004,Source005,Source006,Source007,Source008,Source009,Source010
0.00141563671506975,0.158065888545551,0.12108475123358,0.102772651231848,0.125005439964363,0.393071269024659,0.00405382829481979,0.00622274982067147,0.0360388541031031,0.0299424074733156,0.0223265235930203
