Unknown,Source001,Source002,Source003,Source004,Source005,Source006,Source007,Source008,Source009,Source010
0.0161517659278296,0.31583741562477,0.180116697494881,0.129226450582349,0.148632421055406,0.126187015242594,0.0201891272620648,0.00118811533456304,0.0287933486591172,0.00201153834349761,0.0316661044729276
