Unknown,Source001,Source002,Source003,Source004,Source005,Source006,Source007,Source008,Source009,Source010
0.00330824168514052,0.101274658954722,0.368927115650869,0.215250925797679,0.109734742884485,0.104812556712246,0.00649900922005146,0.0454345760226874,0.0151230253971677,0.0156577240018323,0.0139774236731207
