Unknown,Source001,Source002,Source003,Source004,Source005,Source006,Source007,Source008,Source009,Source010
0.0501639221542797,0.190052148874756,0.186410278906852,0.14985176142946,0.202037636389539,0.171648174399394,0.0287890365681351,0.00858573606120243,0.000712091116443011,0.00375579673035646,0.00799341736958323
