Unknown,Source001,Source002,Source003,Source004,Source005,Source006,Source007,Source008,Source009,Source010
0.0024575715009308,0.14141238847103,0.192180849305313,0.233846511976757,0.156464427885218,0.176095822361681,0.00566373745204182,0.0273462422517858,0.0361675178081317,0.0225654421341218,0.00579948885298811
