Unknown,Source001,Source002,Source003,Source004,Source005,Source006,Source007,Source008,Source009,Source010
0.00299306549737978,0.129394255571606,0.333484144058192,0.168870117139435,0.140378979150823,0.127872504079944,0.0277419348602097,0.0173101838427135,0.0287005959246374,0.0170683281577024,0.00618589171735721
