Unknown,Source001,Source002,Source003,Source004,Source005,Source006,Source007,Source008,Source009,Source010
0.0700569601764193,0.144749245385031,0.129753386153264,0.184319535659758,0.297165157541141,0.144012675260807,0.0115504344454371,0.00306310157473612,0.00802175014573365,0.00718897965112779,0.000118774006546071
