Unknown,Source001,Source002,Source003,Source004,Source005,Source006,Source007,Source008,Source009,Source010
0.00328070866814326,0.292332006384429,0.161013310203309,0.16511699960178,0.127935759490835,0.153601924319648,0.0457711724468991,0.0201562347854579,0.00338763617591755,0.0205443184489556,0.00685992947462658
