Unknown,Source001,Source002,Source003,Source004,Source005,Source006,Source007,Source008,Source009,Source010
0.00378989199673861,0.173611550657883,0.199249058954837,0.290411452885778,0.110964056475569,0.125763881025933,0.0135134377802975,0.0144594804014477,0.00628553645864762,0.0200364745428573,0.0419151788200113
