Unknown,Source001,Source002,Source003,Source004,Source005,Source006,Source007,Source008,Source009,Source010
0.0294816453982453,0.192182676088852,0.187702814550794,0.106394848162474,0.162690624136095,0.251029037061785,0.0342203177598037,0.00553026695311266,0.0106813719389073,0.00737676380412024,0.0127096341458108
