Unknown,Source001,Source002,Source003,Source004,Source005,Source006,Source007,Source008,Source009,Source010
0.0102705783778924,0.314538557055544,0.151062015357522,0.104826195477017,0.129562201958409,0.200011030151507,0.0271451057108726,0.0290370186226057,0.00205218121992885,0.0221537839796409,0.00934133208905956
