Unknown,Source001,Source002,Source003,Source004,Source005,Source006,Source007,Source008,Source009,Source010
0.0162089533572457,0.175105376410209,0.272648344380055,0.222924655671671,0.121857890117054,0.107463733421011,0.00103033561529001,0.00729096439976254,0.00240893260397904,0.00101512201368603,0.0720456920100366
