Unknown,Source001,Source002,Source003,Source004,Source005,Source006,Source007,Source008,Source009,Source010
0.0383762750531288,0.16780182203722,0.126440770239401,0.193700352174677,0.141293097988329,0.270763957560373,0.0289564553586329,0.00356321629577584,0.0201727721808388,0.00387083688644763,0.00506044422517605
