Unknown,Source001,Source002,Source003,Source004,Source005,Source006,Source007,Source008,Source009,Source010
0.00215138729905667,0.119315058832586,0.204189334517174,0.109077027025759,0.196108878472138,0.271309701152343,0.00521308720107107,4.10757134972996e-05,0.0435052297107615,0.0111102506152598,0.0379789694603537
