Unknown,Source001,Source002,Source003,Source004,Source005,Source006,Source007,Source008,Source009,Source010
0.00092901845737175,0.231312345668332,0.136436758470915,0.178647578120681,0.119700992339346,0.233902325400726,0.0144900100911654,0.0096244173392975,0.0111143288016202,0.0519977008727099,0.0118445244378351
