Unknown,Source001,Source002,Source003,Source004,Source005,Source006,Source007,Source008,Source009,Source010
0.0210891244396172,0.320200656219234,0.19577264551631,0.114362001312348,0.112312442854828,0.15735225409728,0.0214911056322305,0.0131448360378621,0.0073336794281111,0.0221654899792261,0.014775764482953
