Unknown,Source001,Source002,Source003,Source004,Source005,Source006,Source007,Source008,Source009,Source010
0.00821818816599593,0.260009914657079,0.102258981969392,0.138651628155402,0.123954246227827,0.2751252289903,0.00329762981052861,0.0089104158435849,0.00079043482607434,0.0163093683406864,0.0624739630131298
