Unknown,Source001,Source002,Source003,Source004,Source005,Source006,Source007,Source008,Source009,Source010
0.00937199718436352,0.12003252523339,0.210186426136598,0.150198238387662,0.192005868566865,0.227576941675485,0.0123609405215118,0.0271302572380629,0.0364648844844506,0.00716971782565737,0.00750220274595385
