Unknown,Source001,Source002,Source003,Source004,Source005,Source006,Source007,Source008,Source009,Source010
0.021975961169308,0.112108832856933,0.197034535711461,0.120237875350949,0.263516968225768,0.20710178785489,0.0342539621964872,0.000378167328927739,0.00225071080275142,0.0314132747064172,0.00972792379610844
