Unknown,Source001,Source002,Source003,Source004,Source005,Source006,Source007,Source008,Source009,Source010
0.00483789075254621,0.105901680936075,0.134762336141324,0.30216502792141,0.233500576559855,0.123670378441336,0.0117310038087077,0.0517600552907464,0.0156731999960185,0.00633703924395673,0.00966081090802453
