Unknown,Source001,Source002,Source003,Source004,Source005,Source006,Source007,Source008,Source009,Source010
0.00889118072508877,0.152880656306112,0.224655549768926,0.153845068013991,0.225030309003214,0.143588416907757,0.00874381133303022,0.042222145336699,0.00277699873278045,0.000835963969554454,0.0365298999028471
