Unknown,Source001,Source002,Source003,Source004,Source005,Source006,Source007,Source008,Source009,Source010
0.0414084085249313,0.146883061409772,0.124662909102522,0.137185692705343,0.272159355251233,0.219108981531129,0.0171133426538972,0.0189527148643428,0.00113328907232501,0.0136522315883237,0.00774001329617997
