Unknown,Source001,Source002,Source003,Source004,Source005,Source006,Source007,Source008,Source009,Source010
0.00433109922475884,0.191605851796313,0.24028310560045,0.149194733958169,0.21444154755631,0.104474761088758,0.0309178271918042,0.00458293448923969,0.00909982047425442,0.0224423942155145,0.0286259244044284
