Unknown,Source001,Source002,Source003,Source004,Source005,Source006,Source007,Source008,Source009,Source010
0.0112937821188684,0.126261139193569,0.134609421432849,0.262770183251418,0.251591556806961,0.124767699315203,0.0193252528053939,0.0062972219907701,0.0151537468480333,0.0449778354098355,0.00295216082709883
