Unknown,Source001,Source002,Source003,Source004,Source005,Source006,Source007,Source008,Source009,Source010
0.00540860645655954,0.207193419644089,0.131704109158366,0.194736495327289,0.172813716413716,0.193552259456541,0.0114462386769929,0.0218072248306923,0.0554688557282776,0.00539292273276593,0.000476151574711772
