Unknown,Source001,Source002,Source003,Source004,Source005,Source006,Source007,Source008,Source009,Source010
0.00544982474145888,0.147593405892437,0.119482695051124,0.130227970500483,0.156924695264487,0.345771233291468,0.0313239637343903,0.0467442409873989,0.0126512775304817,0.00367118490844809,0.000159508097822172
