Unknown,Source001,Source002,Source003,Source004,Source005,Source006,Source007,Source008,Source009,Source010
0.0260149309655441,0.138496473378114,0.152428400916421,0.248825843865819,0.209105666609249,0.151143615230397,0.0126465662793698,0.00542270260315865,0.0116818072880961,0.0433846991375381,0.000849293726293221
