Unknown,Source001,Source002,Source003,Source004,Source005,Source006,Source007,Source008,Source009,Source010
0.0044778975830076,0.401168720424333,0.133969446880515,0.110356445305323,0.114295738827248,0.140209648562581,0.0467300774245936,0.0158491293448267,0.0135321406453936,0.00526448290178892,0.0141462721003896
