Unknown,Source001,Source002,Source003,Source004,Source005,Source006,Source007,Source008,Source009,Source010
0.00984034803275687,0.179451258440509,0.194156496534068,0.148465509641566,0.226171878840211,0.151754856543646,0.0207752986314486,0.00957647284079073,0.0182860496429388,0.0255727045147014,0.0159491263373636
