Unknown,Source001,Source002,Source003,Source004,Source005,Source006,Source007,Source008,Source009,Source010
0.0111456533199742,0.136670556960441,0.170683278036196,0.149567635360854,0.258957993026355,0.184120536616153,0.00591421483833266,0.00879673203529586,0.0654579328152448,0.000453037977576735,0.0082324290135758
