Unknown,Source001,Source002,Source003,Source004,Source005,Source006,Source007,Source008,Source009,Source010
0.00936928046111155,0.301434431258942,0.107967936652182,0.253365776255149,0.127632114026589,0.109599741807138,0.00889075007242944,0.0337974615905425,0.0135421543152664,0.0138558151488187,0.0205445384118314
