Unknown,Source001,Source002,Source003,Source004,Source005,Source006,Source007,Source008,Source009,Source010
0.00421048173904792,0.113763294476414,0.296097780474665,0.127728043153413,0.105511641500477,0.256899240395032,0.0244241740357745,0.0130471755813902,0.00650073579690632,0.0130627874432875,0.0387546454035935
