Unknown,Source001,Source002,Source003,Source004,Source005,Source006,Source007,Source008,Source009,Source010
0.00142498384094267,0.226210162058835,0.144762830890985,0.199939038889261,0.133108252999472,0.195979715161447,0.0331504511003105,0.0171088221379815,0.00592523142307566,0.0368494518824503,0.00554105961523945
