Unknown,Source001,Source002,Source003,Source004,Source005,Source006,Source007,Source008,Source009,Source010
0.00234494206704371,0.15400417704571,0.371280645691757,0.12588120254925,0.121046217707706,0.127787757005578,0.00682995915379928,0.012539505314757,0.051058221732419,0.0199818543870388,0.00724551734494223
