Unknown,Source001,Source002,Source003,Source004,Source005,Source006,Source007,Source008,Source009,Source010
0.0304885516254079,0.144939219807625,0.15757601517449,0.323952502767661,0.119240210824839,0.154292051425385,0.00138357255025248,0.00175378978984143,0.00560816975381672,0.030537396481615,0.0302285197990665
