Unknown,Source001,Source002,Source003,Source004,Source005,Source006,Source007,Source008,Source009,Source010
0.0233402312014702,0.117838400037558,0.141885645576992,0.104462988137539,0.422471283587089,0.113341682660823,0.00636581312534689,0.0251048877797921,0.0227305102715573,0.0197017776566453,0.0027567799651882
