Unknown,Source001,Source002,Source003,Source004,Source005,Source006,Source007,Source008,Source009,Source010
0.0288137182107504,0.231279299107523,0.164363737021686,0.127405777077907,0.169067142406742,0.207884044386142,0.00304243114382634,0.00547868650181658,0.0469206688288813,0.00649642920872568,0.00924806610599969
