Unknown,Source001,Source002,Source003,Source004,Source005,Source006,Source007,Source008,Source009,Source010
0.0263476586091204,0.184008486833443,0.115842350831985,0.133829558750293,0.317400369290014,0.148919234294265,0.0255686809271224,0.000182879384387738,0.0256760347846174,0.00264491337516078,0.0195798329195912
