Unknown,Source001,Source002,Source003,Source004,Source005,Source006,Source007,Source008,Source009,Source010
0.0258178495071176,0.369283224328048,0.152576373795872,0.108768386036253,0.144904294575085,0.124467721264741,0.0038387929037062,0.0212401952552065,0.000617599714188761,0.0108969986493448,0.0375885639704362
