Unknown,Source001,Source002,Source003,Source004,Source005,Source006,Source007,Source008,Source009,Source010
0.0051257082977248,0.160777033606167,0.161456808066945,0.205850412731264,0.175945641563438,0.195970104032187,0.0456796462647785,0.0146178380229117,0.0105169627382267,0.0220778970797119,0.00198194759664633
