Unknown,Source001,Source002,Source003,Source004,Source005,Source006,Source007,Source008,Source009,Source010
0.0265546304677713,0.117276105783339,0.121173651795535,0.313415805986407,0.160974373101025,0.187160063333694,0.000802185989828023,1.72115293500192e-05,0.0124885476887156,0.042378837326479,0.0177585869978561
