Unknown,Source001,Source002,Source003,Source004,Source005,Source006,Source007,Source008,Source009,Source010
0.00186529106973115,0.208057313967086,0.229896219190975,0.144419503865977,0.128737046514413,0.188889916461549,0.00700846047900462,0.0242672150287776,0.0335914765986378,0.000698297328551968,0.0325692594952969
