Unknown,Source001,Source002,Source003,Source004,Source005,Source006,Source007,Source008,Source009,Source010
0.0137035536251586,0.160850668724972,0.290895675251151,0.117505676755515,0.209662758860117,0.121085220408246,0.00991779738277286,0.055498295163824,0.00150769861465338,0.00278932318467407,0.0165833320289171
