Unknown,Source001,Source002,Source003,Source004,Source005,Source006,Source007,Source008,Source009,Source010
0.0491800559862631,0.108260576223931,0.109784775415318,0.244807968065309,0.279137727187829,0.158008953107613,0.016957233232644,0.00464641392729302,0.0122602580458628,0.0166982878853735,0.000257750922563668
