Unknown,Source001,Source002,Source003,Source004,Source005,Source006,Source007,Source008,Source009,Source010
0.0239580661099109,0.14655006477004,0.410450356740089,0.130014163804143,0.109996946178362,0.102988468507367,0.00443607045952897,0.0154588412427604,0.00841544596301642,0.00332227833133506,0.0444092978934482
