Unknown,Source001,Source002,Source003,Source004,Source005,Source006,Source007,Source008,Source009,Source010
0.00807873730069969,0.261558522214695,0.100437664803698,0.114579211877209,0.29657758368729,0.126847017417109,0.0302907238835457,0.0394282851366654,0.0134531133093343,0.00245592309932088,0.00629321727043395
