Unknown,Source001,Source002,Source003,Source004,Source005,Source006,Source007,Source008,Source009,Source010
0.00114651495125671,0.204288591107806,0.229209864800842,0.233642382055988,0.116427464519217,0.116431697516146,0.00603699707175581,0.00484173530182846,0.0363357885351173,0.00291482529028731,0.0487241388497544
