Unknown,Source001,Source002,Source003,Source004,Source005,Source006,Source007,Source008,Source009,Source010
0.0102870819198365,0.114173894748536,0.203161795798829,0.260483516237015,0.179187197808467,0.142993595407153,0.0349448555935802,0.0120454390401476,0.000954399528436611,0.0361979651775479,0.00557025874045118
