Unknown,Source001,Source002,Source003,Source004,Source005,Source006,Source007,Source008,Source009,Source010
0.00434926027578839,0.184645326054129,0.16249144953528,0.167559057914013,0.181727148045655,0.203577018450923,0.022948837182171,0.00862245738840719,0.0206456792503595,0.039356524668256,0.00407724123501788
