Unknown,Source001,Source002,Source003,Source004,Source005,Source006,Source007,Source008,Source009,Source010,Source011,Source012,Source013,Source014,Source015,Source016,Source017,Source018,Source019,Source020,Source021,Source022,Source023,Source024,Source025,Source026,Source027,Source028,Source029,Source030,Source031,Source032,Source033,Source034,Source035,Source036,Source037,Source038,Source039,Source040,Source041,Source042,Source043,Source044,Source045,Source046,Source047,Source048,Source049,Source050
1.05177476650858e-05,0.11869994206807,0.129999866388098,0.102453992098995,0.107878078193082,0.440968121251755,8.25632929052823e-05,0.0026407789176376,0.00108822343773275,0.000250259301785021,0.00178090440615436,0.00512986807281461,0.00218452734202101,0.000151653437133432,0.00225300092973798,0.00247811706968015,0.0090017489366221,0.000942346983048895,0.00211885583389337,0.00292629279437992,0.00246303686855992,0.00596989325150389,0.000873714110019978,0.00260731281743601,0.000182019729927125,0.00209184612608852,0.0026226221058344,0.00617033981952027,0.000955121515219986,0.00203796213191463,0.0015465548816161,0.0117206973952337,0.000159531415010315,0.000364787621703084,0.000106117114371355,0.00263105732676621,0.0033977854453811,9.79360486409672e-05,0.00149448612461509,0.0015657640899846,0.000310055364860861,0.000124823960643298,0.00127753437955755,0.000432115979303537,0.00108732403551334,0.00172317866245596,0.00290103302125754,0.00157164685574513,0.000843789658670572,0.00652869442298155,0.00110155921645188
