Unknown,Source001,Source002,Source003,Source004,Source005,Source006,Source007,Source008,Source009,Source010,Source011,Source012,Source013,Source014,Source015,Source016,Source017,Source018,Source019,Source020,Source021,Source022,Source023,Source024,Source025,Source026,Source027,Source028,Source029,Source030,Source031,Source032,Source033,Source034,Source035,Source036,Source037,Source038,Source039,Source040,Source041,Source042,Source043,Source044,Source045,Source046,Source047,Source048,Source049,Source050
0.000346110441481395,0.108006453387628,0.117838120718882,0.160065571925996,0.139277991007555,0.37481186295994,0.00104797086779713,0.00331338891547721,5.52236044052309e-05,0.00190700315466394,1.09216385988477e-05,0.000570015098527089,0.00231830801793396,0.00165535440731917,0.00133817847810109,0.000527676931640715,0.00243329066758675,0.0043937008330088,0.00437097366258354,0.00183428234096118,0.00537130521125606,0.00230646683773134,0.00113659379291652,0.000881556180260911,0.00328785551992076,0.00449863572573078,0.00636043849700843,0.00231865266529616,0.000442843778010927,0.00139919631703443,0.00177484912441413,0.000986731029278158,0.00362110046989358,0.000943302609489292,0.00695997722004598,0.00195131601008885,0.00827288115833824,0.0019777448077524,0.000696500074264692,4.20331788651359e-06,0.00215577178796325,0.00456529809659137,0.00144782664687202,0.00140268807972602,0.00438920292215488,0.00135631527898117,0.000420832750071646,0.000239559600678349,0.000324463031945017,0.001424948069022,0.000958544329290071
