Unknown,Source001,Source002,Source003,Source004,Source005,Source006,Source007,Source008,Source009,Source010,Source011,Source012,Source013,Source014,Source015,Source016,Source017,Source018,Source019,Source020,Source021,Source022,Source023,Source024,Source025,Source026,Source027,Source028,Source029,Source030,Source031,Source032,Source033,Source034,Source035,Source036,Source037,Source038,Source039,Source040,Source041,Source042,Source043,Source044,Source045,Source046,Source047,Source048,Source049,Source050
0.00486198852412103,0.129010271511818,0.266484947463142,0.229620304042086,0.104795406331263,0.170089070651691,0.0019408106777966,0.000725561687343658,0.000202826481029535,0.0016533494043483,0.00311500224216249,0.00156333605420216,0.000231286753881933,0.00130529816016263,0.0113439392758034,0.00574646701176593,0.000125521040950558,0.00124500251913447,0.000386150749602767,0.00253886106533239,0.000924221393014706,0.000192392662506653,0.00260616169375698,0.00277975890726304,0.00112311215333185,0.00102658465805135,0.00375669684966857,0.000472435710176962,0.000351136467906008,0.000542421089572221,0.00643651133536974,0.000235042251539521,0.000559960288512641,0.0022429497283787,0.00504628041352274,0.00111996888859871,0.00187469694307044,0.00637336729628558,0.00135456441578516,0.00377151556964335,0.000280932725776207,0.00117142001982166,0.000377450076339732,0.000659830991026645,0.00130912330895345,0.000793959656542848,0.00270916076067386,0.0053496049390995,0.000444926880342895,0.00437954606572728,0.0027488642121031
