Unknown,Source001,Source002,Source003,Source004,Source005,Source006,Source007,Source008,Source009,Source010,Source011,Source012,Source013,Source014,Source015,Source016,Source017,Source018,Source019,Source020,Source021,Source022,Source023,Source024,Source025,Source026,Source027,Source028,Source029,Source030,Source031,Source032,Source033,Source034,Source035,Source036,Source037,Source038,Source039,Source040,Source041,Source042,Source043,Source044,Source045,Source046,Source047,Source048,Source049,Source050
0.00167257989754064,0.155894199867268,0.119916826575292,0.213138293241459,0.156172435723163,0.254878244592818,0.00170519253574533,0.000390009424213611,0.00285487312328309,0.00516220039447775,0.00130865409521263,0.000133854745663105,0.0034484208597575,0.00216278631583524,0.000783470418473962,0.000885468018534018,0.00174612091041747,0.00317535134076709,0.00155130869879366,0.0021024322921239,0.00176003304185239,0.00100040536299338,0.00341037463444319,0.000171887272048563,0.000747559623863221,0.000990779389387574,0.0074640628766848,7.29371229955386e-05,0.00024264401908042,0.000745584793843712,0.000566423226985876,0.0101510327473893,0.00191240188554683,0.000559104818717956,7.46540397727292e-05,0.00382596264666379,8.98690989136336e-05,0.016086640690198,0.00568216397770877,0.000166770430254397,0.00314223576137199,0.00105892031919183,0.00256431915132943,0.000103499181492416,0.002194585066023,0.000892323309188564,0.00081328394977899,0.00152464952911704,0.00148477477214374,0.000610897764463879,0.000806496425716061
