Unknown,Source001,Source002,Source003,Source004,Source005,Source006,Source007,Source008,Source009,Source010,Source011,Source012,Source013,Source014,Source015,Source016,Source017,Source018,Source019,Source020,Source021,Source022,Source023,Source024,Source025,Source026,Source027,Source028,Source029,Source030,Source031,Source032,Source033,Source034,Source035,Source036,Source037,Source038,Source039,Source040,Source041,Source042,Source043,Source044,Source045,Source046,Source047,Source048,Source049,Source050
0.00288393580121014,0.111811295683238,0.153907009997611,0.130445429466336,0.34453333615104,0.159302928701775,0.00522311088153986,0.00217198718601886,0.000880776124848245,0.000108112877725254,0.00197322053960209,0.000781238939321946,0.00153761116665091,0.00183838463951654,0.00179956163435862,0.000979215433363585,0.00182973654274961,0.00329397326263264,0.00327126884646769,0.00305953003075952,0.00607522269939955,0.000133440482984099,0.00233036729978446,0.0047789318674077,0.000634804205041451,0.00282423928953711,0.000744941914541557,9.79636789665714e-05,0.000375122813692876,0.00062834292298636,0.00271960444581808,0.00166956947453123,0.00152518844681912,0.00156920773024031,0.000206211177575209,0.00020959373796715,0.00108394022906196,0.00120373130668254,0.0143635237666902,0.00143392713207771,0.00963419032679665,0.00010771979795084,0.00069809055273959,0.00375730303292981,0.000244470040139461,0.00109405129517631,0.00192616831971707,0.000231110579383213,0.00164400608541762,0.000673512583584835,0.00374983885759385
