Unknown,Source001,Source002,Source003,Source004,Source005,Source006,Source007,Source008,Source009,Source010,Source011,Source012,Source013,Source014,Source015,Source016,Source017,Source018,Source019,Source020,Source021,Source022,Source023,Source024,Source025,Source026,Source027,Source028,Source029,Source030,Source031,Source032,Source033,Source034,Source035,Source036,Source037,Source038,Source039,Source040,Source041,Source042,Source043,Source044,Source045,Source046,Source047,Source048,Source049,Source050
0.00238064057779508,0.132875562068864,0.139950969467859,0.14574732950343,0.182574498874827,0.298851640085021,0.000546726792681037,0.000121126519445703,0.00174075582188265,0.00427437340491422,0.00212304236151897,0.000909511279834488,0.00375402936873477,0.00402758915485996,0.00360887836165362,0.000430812193616572,0.000475983929068354,0.00203542669823353,0.00167920492744504,0.0006084264651654,0.00227877794761189,0.000762657717761615,0.00210412528244005,0.000603486608205737,0.00122085698981645,0.00107951024218872,0.000440674542674527,0.00429886274567555,0.00537241870049878,0.000964761073697414,0.00213412060134897,0.000306355323219649,0.00417750343190856,0.0024076008844376,0.00246387010199825,0.000174990553097938,0.00207472666581686,0.00222215238329894,0.0027557269973508,0.00705400213163028,0.00386342488864523,0.00295921213266649,0.00150219218142109,0.00221067173679647,0.000995410816831224,0.00174739785603978,0.00409266745251682,0.000213381107856484,0.00509838099849259,0.0013613950888832,0.00234215695832262
