Unknown,Source001,Source002,Source003,Source004,Source005,Source006,Source007,Source008,Source009,Source010,Source011,Source012,Source013,Source014,Source015,Source016,Source017,Source018,Source019,Source020,Source021,Source022,Source023,Source024,Source025,Source026,Source027,Source028,Source029,Source030,Source031,Source032,Source033,Source034,Source035,Source036,Source037,Source038,Source039,Source040,Source041,Source042,Source043,Source044,Source045,Source046,Source047,Source048,Source049,Source050
0.0013942753525126,0.220719380683234,0.24519011372005,0.156059900039375,0.12195531075674,0.156075294800601,0.00454658062231109,0.000574752169980352,0.00475012916078339,0.00251570247302814,0.00403723289560526,0.00349239182889273,0.00050276481075557,0.00958497083321809,0.000725109539322657,0.00413904547867849,0.00695534381203503,0.00270032418456954,0.00201709742018761,0.000559026731144722,0.000932614229008438,0.00543311710062417,0.000654275930111783,0.00343058055146925,0.00200823520167046,0.00207472149557736,0.000153415709463616,0.00121608272241665,0.000738125634561727,0.00202561027046672,9.22595094161962e-05,0.000115591674615961,0.000211379709511272,0.000220625706897011,0.00100871306882675,0.0017786602551728,0.00180578470607397,0.000514092110391147,0.00138164808107901,0.00311958074492725,0.000306723103041415,6.01922109098977e-05,0.00729687355421872,0.00075009344248919,0.00049113168564838,0.000391773218328167,0.00539383545322025,0.00213125703038237,0.000597064752490396,0.00281266250765561,0.00235853131630871
