Unknown,Source001,Source002,Source003,Source004,Source005,Source006,Source007,Source008,Source009,Source010,Source011,Source012,Source013,Source014,Source015,Source016,Source017,Source018,Source019,Source020,Source021,Source022,Source023,Source024,Source025,Source026,Source027,Source028,Source029,Source030,Source031,Source032,Source033,Source034,Source035,Source036,Source037,Source038,Source039,Source040,Source041,Source042,Source043,Source044,Source045,Source046,Source047,Source048,Source049,Source050
0.00127024584233969,0.187021727594309,0.12673918017674,0.219110229804807,0.198035382712446,0.169093479711698,0.00182598444132185,0.00347358596350468,7.12723850738276e-06,0.000198023538953188,0.00181093828865279,0.00275459314424927,0.000559500072568827,0.000759923158796581,0.00109464098056476,0.00179569438274738,0.00274144597534386,0.00142955302254239,4.66329958615592e-05,0.00408515261110989,6.63454172213803e-05,0.00214431317960949,0.000168312949818485,0.0022995000474309,0.000457219332528866,0.000150504026934771,0.00327808062452139,0.00277086947217213,0.00596499708023891,0.000603856643412186,0.00457190420729252,0.000671488819328741,0.00161069410814435,0.00066042664653992,0.00311593161436257,0.00279598763305186,3.86149510937045e-05,0.000260819285163912,0.00678457347859588,0.00337293281807631,0.000909465456296026,0.00618819302680143,0.00149075356699396,0.0030349497608407,0.00111672789366841,0.0032512124327692,0.00200163367666461,0.00296359337009321,0.00163732852297736,0.00223897375941294,0.00952675454087978
