Unknown,Source001,Source002,Source003,Source004,Source005,Source006,Source007,Source008,Source009,Source010,Source011,Source012,Source013,Source014,Source015,Source016,Source017,Source018,Source019,Source020,Source021,Source022,Source023,Source024,Source025,Source026,Source027,Source028,Source029,Source030,Source031,Source032,Source033,Source034,Source035,Source036,Source037,Source038,Source039,Source040,Source041,Source042,Source043,Source044,Source045,Source046,Source047,Source048,Source049,Source050
0.005466238640843,0.124305472172307,0.129170247365807,0.345141552473796,0.161002625533895,0.140380102454194,0.00810922663080609,0.0031056138627407,0.000115046336444809,0.0010210837714385,0.00529149991800042,0.00145706026782139,0.00141459016611612,0.0001041531583491,0.00405940426131516,0.00414622386415231,0.000188934642173244,0.00239082173012221,0.00197683944844,0.000483389593268089,0.003963428042095,0.00167233118974492,0.000607819491885185,0.00165850491549179,0.00301781895900963,0.00356595166259275,0.00746872189399215,0.00011667332139691,0.000424236659891988,0.00116736535984692,0.000376805329409817,4.7985916333107e-05,0.00168954231187164,0.00408049631035913,0.000986098176132608,0.00346362422459876,0.000574613702302288,0.00130416418749532,0.00102490771330205,0.00353264922508875,0.00518095778083193,0.00248153123964393,0.000415179602242106,0.00118727003663512,0.001354312155956,0.00172606967359662,0.000433454813820787,0.00192944253818116,0.00178810836948838,0.000829958114703333,0.00259985079002876
