Unknown,Source001,Source002,Source003,Source004,Source005,Source006,Source007,Source008,Source009,Source010,Source011,Source012,Source013,Source014,Source015,Source016,Source017,Source018,Source019,Source020,Source021,Source022,Source023,Source024,Source025,Source026,Source027,Source028,Source029,Source030,Source031,Source032,Source033,Source034,Source035,Source036,Source037,Source038,Source039,Source040,Source041,Source042,Source043,Source044,Source045,Source046,Source047,Source048,Source049,Source050
0.0094363402419989,0.210101792088388,0.153561819932834,0.128488764866615,0.182480975520473,0.22536664759169,0.000284209443967687,0.000269984080108093,7.01712247643616e-05,0.00374493417482468,0.00684999553528877,0.0040769057787675,0.00462568605831998,0.00527033715015927,0.0002035840357341,0.00139964211208516,0.00203205193881671,0.0014996905872859,0.00243987084059157,0.00106795523477691,0.00132015802173375,0.000262905823747883,2.39878660425555e-05,0.000136267633312438,0.000161482508084877,0.00388067642571432,0.00376430578545598,0.000633516943575521,0.000706700184904645,0.00435516669862486,0.00150473208460928,0.00726227975409098,0.00194150916290816,0.00103070453727533,0.000723669699971534,0.000627591796877625,0.00169393663211595,0.000558518326535223,0.000993260593891006,0.000606440978994698,0.00339664934038132,0.0065468704722942,0.00426560506944377,0.000430734970091538,0.00185937014907518,0.00249784923655914,0.00107872346317695,0.000101855447374669,0.00089703139932715,0.00249538395521196,0.000970756601107901
