Unknown,Source001,Source002,Source003,Source004,Source005,Source006,Source007,Source008,Source009,Source010,Source011,Source012,Source013,Source014,Source015,Source016,Source017,Source018,Source019,Source020,Source021,Source022,Source023,Source024,Source025,Source026,Source027,Source028,Source029,Source030,Source031,Source032,Source033,Source034,Source035,Source036,Source037,Source038,Source039,Source040,Source041,Source042,Source043,Source044,Source045,Source046,Source047,Source048,Source049,Source050
0.00181116454825265,0.160116348325804,0.135845469228815,0.103325627798782,0.314179847334751,0.186532707311849,0.0028079814087059,0.000547928026550732,0.000289376465839185,0.000162713681400647,0.000246653017515178,1.78531515906751e-05,0.00366483953117508,0.00277545861783555,0.000369222841829978,0.00254408004238512,0.00313353053241539,0.00364896003862172,0.00719140028993262,0.00711425693915475,0.0010917083215615,0.00267311967802145,0.000617556188235431,0.00133854497077044,0.00537570378999801,0.00476299162302116,0.00167695864540848,0.00113872003880651,0.00617667812725791,0.00507123350847328,0.00074820504236613,0.00153107375323449,0.00156579913907409,0.000472523481845249,0.000854558535021364,0.00187863346725783,0.00206686472950163,0.00246126648865159,0.00466142519428612,2.58759905113498e-06,0.000656563428196003,0.000999941560194031,0.00476233814993444,0.00181930960622531,0.000377034780003008,0.00264671250747118,1.22640772457814e-05,0.000607790496323859,0.00208740869135077,0.00189486623352256,0.00164419901448407
