Unknown,Source001,Source002,Source003,Source004,Source005,Source006,Source007,Source008,Source009,Source010,Source011,Source012,Source013,Source014,Source015,Source016,Source017,Source018,Source019,Source020,Source021,Source022,Source023,Source024,Source025,Source026,Source027,Source028,Source029,Source030,Source031,Source032,Source033,Source034,Source035,Source036,Source037,Source038,Source039,Source040,Source041,Source042,Source043,Source044,Source045,Source046,Source047,Source048,Source049,Source050
0.000342515642827224,0.109165481527455,0.145257492870294,0.344820116947475,0.163688069698358,0.137068838956418,0.00312425460887711,0.00147830342475388,0.0011287261063172,0.00364501517886053,7.61298420509696e-05,0.0017247441920105,0.00125944872653831,0.000166858524139968,0.00186728783060462,0.00050570092982497,0.00141826585649421,0.0011939676929883,0.00596371157487916,0.000106453314081069,0.000431748956006007,0.00268509182827934,0.00283110231172263,0.00212065990440617,0.00169547667932616,0.00729988463655195,0.00250640488931574,0.0022051565529666,0.00136121788688262,0.00569657078449185,0.00394420916325648,0.00103321276216673,0.00484544218511248,0.00295519350807585,0.00160734798396416,0.000533881832038611,0.0020006115394886,0.00113856751119646,0.00145008979259899,0.0018371967693085,0.000445051189819393,0.00334348615580652,0.00228226345866424,0.00038777677406401,0.00309872824801879,0.00130431763012534,0.001179381224306,0.00176380500415145,0.00509380691455173,0.00576500837264316,0.0011559241054454
