Unknown,Source001,Source002,Source003,Source004,Source005,Source006,Source007,Source008,Source009,Source010,Source011,Source012,Source013,Source014,Source015,Source016,Source017,Source018,Source019,Source020,Source021,Source022,Source023,Source024,Source025,Source026,Source027,Source028,Source029,Source030,Source031,Source032,Source033,Source034,Source035,Source036,Source037,Source038,Source039,Source040,Source041,Source042,Source043,Source044,Source045,Source046,Source047,Source048,Source049,Source050
0.00330721904812657,0.109538126852833,0.165253375538722,0.354183918831717,0.15790253138262,0.113122047394109,0.00186051473688242,0.000412830261515318,0.00133565429347672,0.00212992975263762,0.0017939435755957,0.0016696123783238,0.000535667624173761,0.000902156742980619,0.000855553839766541,0.000238227707397561,0.000340972777049939,0.00521056214454722,0.0020170476628632,0.00247880508717756,0.00118071167457063,6.40190232622457e-05,0.00275565016990869,0.00369466995443559,0.00279913654507193,0.00619609561358261,0.00265817811894004,0.000799205059382892,0.00183272064117566,0.00740798644863617,0.0098369016999061,0.0011652529956912,0.00140603980206716,0.000699439667152258,0.000921485889311436,0.00156009004597833,0.00336900688311827,0.00135481738153538,0.00444940938555865,0.000277868148023796,0.000361930205196154,0.00123783773472723,4.56805561210304e-05,0.00152580959615332,0.0020012920500589,0.000310341407647791,0.00510334579698909,0.00706846325201369,0.00160298715317174,0.00115929707776434,6.56323903331258e-05
