Unknown,Source001,Source002,Source003,Source004,Source005,Source006,Source007,Source008,Source009,Source010,Source011,Source012,Source013,Source014,Source015,Source016,Source017,Source018,Source019,Source020,Source021,Source022,Source023,Source024,Source025,Source026,Source027,Source028,Source029,Source030,Source031,Source032,Source033,Source034,Source035,Source036,Source037,Source038,Source039,Source040,Source041,Source042,Source043,Source044,Source045,Source046,Source047,Source048,Source049,Source050
0.000438867380153438,0.178462713589095,0.118760313939812,0.176969779642111,0.174046553497736,0.251760639331246,0.000374368759953261,0.00499322858888591,0.00147713685495099,0.0055071175055036,0.00264322726929671,0.000130535270287595,0.000261990572311413,0.000386804512522341,0.00266921377108039,0.000780782216062833,0.00228838620145132,0.00279121580936224,0.00451979612378675,0.00124111582134776,0.00174902893897728,0.000865493085664257,0.00221496912525126,0.00223969696123389,0.000708470233000541,0.00112147382194444,0.000181654970330639,0.000943458151125625,0.00687442616234768,0.0118148335295545,0.00171247252689324,0.00209015848152252,0.00347624370620276,0.000904923525349509,0.000681185798982266,0.00192713844001056,0.00146942304994913,0.00383360668700652,0.00312629180525905,0.00270544395684704,0.00224801958069708,0.000556963879120141,0.00394518549284427,0.00329642053664581,0.000646327666490897,0.00106435815714859,0.000747824394148526,0.000539781146649052,0.00199626787942741,0.00340214973687689,0.000412521915542071
