Unknown,Source001,Source002,Source003,Source004,Source005,Source006,Source007,Source008,Source009,Source010,Source011,Source012,Source013,Source014,Source015,Source016,Source017,Source018,Source019,Source020,Source021,Source022,Source023,Source024,Source025,Source026,Source027,Source028,Source029,Source030,Source031,Source032,Source033,Source034,Source035,Source036,Source037,Source038,Source039,Source040,Source041,Source042,Source043,Source044,Source045,Source046,Source047,Source048,Source049,Source050
0.00179786878238825,0.243953909322455,0.226569487752456,0.200294721290416,0.127923892169818,0.101257989464854,0.00500139919933732,0.000141436615263657,0.0023842760364048,0.00308661821732225,0.000800456547598267,0.0004663887537631,0.00304407623939783,0.00189610051342996,0.0091988580040634,6.57089606806946e-05,0.00230919499441778,0.00238842084136696,0.00256181726841379,0.00126723375565557,0.00254021532206433,0.000209930394622713,0.00131572304968446,0.000333800320209437,0.00295055728182435,0.00180082425738703,0.00617825914792305,0.00274104609176533,0.00135504115848568,0.00218405457571465,0.00386782960571261,1.91925050335575e-05,0.000197977047868821,0.00118341011339464,0.00553561576773502,6.50576933477173e-05,0.005339566329018,0.00177553157882586,0.00141836823865499,0.00169308602749215,0.00243442386777241,0.00287098802327071,0.000369481155539951,0.00418359335973539,0.00252672592041812,0.00151154987018381,0.00186663744704853,0.000721312758949156,0.00225585798666405,0.00208692323887283,5.75651352770051e-05
