Unknown,Source001,Source002,Source003,Source004,Source005,Source006,Source007,Source008,Source009,Source010,Source011,Source012,Source013,Source014,Source015,Source016,Source017,Source018,Source019,Source020,Source021,Source022,Source023,Source024,Source025,Source026,Source027,Source028,Source029,Source030,Source031,Source032,Source033,Source034,Source035,Source036,Source037,Source038,Source039,Source040,Source041,Source042,Source043,Source044,Source045,Source046,Source047,Source048,Source049,Source050
0.00676270912684007,0.271891749349792,0.100772397750383,0.25368655735154,0.131980336313419,0.141668959234867,0.000670646380380995,0.00580885266592644,0.00162397737370643,0.000847254519626031,0.00215213929778954,0.00320543375607355,0.000794687261414765,0.00395114131455641,0.000353522470524294,3.90196825386498e-05,0.000235513308682921,0.00103279666220826,0.000866474752753954,0.00120863758975682,0.00607785353620499,0.00226111683933822,0.000847348475028851,0.00160929980404037,0.00155099787244696,0.000187398767004575,0.00668325454016519,0.00132111401717755,0.00185303123390765,0.00311965823638337,0.00182612677530599,0.00318773782198243,0.000701502613973362,0.00122186476554479,0.00119604050427818,0.00212179300112682,0.000224641864217997,0.0026116297074775,0.0011813530685812,0.00833705380084668,0.00398452983973418,0.00147312307586404,0.00237421153161275,0.00166127013564741,0.000172584845483915,0.000329483931361413,0.00334041745909202,0.00445213501586911,0.000631474730813091,0.00128401096111364,0.00262313506559656
