Unknown,Source001,Source002,Source003,Source004,Source005,Source006,Source007,Source008,Source009,Source010,Source011,Source012,Source013,Source014,Source015,Source016,Source017,Source018,Source019,Source020,Source021,Source022,Source023,Source024,Source025,Source026,Source027,Source028,Source029,Source030,Source031,Source032,Source033,Source034,Source035,Source036,Source037,Source038,Source039,Source040,Source041,Source042,Source043,Source044,Source045,Source046,Source047,Source048,Source049,Source050
0.00179040279920624,0.200576938560371,0.108926070482642,0.213752913262394,0.164930579343068,0.211813498351524,0.00400543935616479,0.00149961649175553,8.52957849262936e-05,0.00142977867434719,0.00106734585845915,0.00648486032285394,0.00504931257189317,1.68375814156602e-05,0.00681875282093853,0.002663329762489,0.000412713645966257,0.000872844989588336,0.00356246600924174,0.00135290861739679,0.000305226956319427,0.00219588762937599,0.000155598791251766,0.0041378499657427,0.000724520169180798,0.00287447153309657,0.00142303550325938,0.00162474136655484,0.00556920125970826,0.0042960517939753,0.00130126379680163,0.00207528120718978,0.000155436765252255,0.000880682975975669,0.000987867913922185,0.00225405669262138,0.000321070788247318,0.00112813021427442,0.00471196912540772,0.00132413578998894,0.000333805228125033,0.00151965197338865,0.002700422219844,0.0011736003321478,0.000856140153138547,0.00112000733160053,0.00451756240758384,0.0024721570923245,0.00344115437537028,0.0048416591925955,0.00146545416909237
