Unknown,Source001,Source002,Source003,Source004,Source005,Source006,Source007,Source008,Source009,Source010,Source011,Source012,Source013,Source014,Source015,Source016,Source017,Source018,Source019,Source020,Source021,Source022,Source023,Source024,Source025,Source026,Source027,Source028,Source029,Source030,Source031,Source032,Source033,Source034,Source035,Source036,Source037,Source038,Source039,Source040,Source041,Source042,Source043,Source044,Source045,Source046,Source047,Source048,Source049,Source050
4.9990282712486e-05,0.111128378956297,0.175108851981392,0.300272895731483,0.210758387562705,0.102731485768123,0.00454733403565752,0.00166712770356414,0.000879833259679798,0.00151596142827313,0.00371864206195479,0.00243643108315384,0.000209731852087207,0.000390837155265007,0.000674368687987233,0.000107090795853327,0.000661055937479563,0.00288306807760227,0.00420021553972329,0.00536476987021165,0.000424847912824367,0.00257236786467331,0.00226514956102008,0.00283677427768431,0.000542216339425679,0.000179572375526554,4.05696700230557e-05,0.000102092105520785,0.00100028882608112,0.00291984717384348,0.00105482009695128,0.00360505598675278,0.00139647227551539,0.0006381750349928,7.72978689059781e-05,0.00242276610769813,0.00664045488986745,0.000464824992272935,0.0100021111595854,0.00325827826936043,0.0015344896883099,0.0027668654057936,0.000556834374391065,0.00381754546778066,0.00223761941135456,0.000321906092776216,0.00782379426455454,0.00588449408146949,0.00115843940909743,0.000690154310976642,0.00145741693376531
