Unknown,Source001,Source002,Source003,Source004,Source005,Source006,Source007,Source008,Source009,Source010,Source011,Source012,Source013,Source014,Source015,Source016,Source017,Source018,Source019,Source020,Source021,Source022,Source023,Source024,Source025,Source026,Source027,Source028,Source029,Source030,Source031,Source032,Source033,Source034,Source035,Source036,Source037,Source038,Source039,Source040,Source041,Source042,Source043,Source044,Source045,Source046,Source047,Source048,Source049,Source050
0.00405996252696207,0.116593850116163,0.119011526481466,0.155409126964787,0.20981944761487,0.299166048822715,0.00555843922678432,0.00273666751251703,0.00288893045148789,0.000393041609739525,0.0021050635050599,0.000329311768588044,0.00772588167459198,0.00349343450695245,0.00204320331655429,0.00187589290771034,0.00298088656942364,0.00278929590024292,0.00217071035850426,9.42068567226534e-05,0.000826167185644112,0.00229902150940757,0.00893491925668446,0.00286322543700225,0.00256143965791083,0.000603554149869686,0.00186469960453992,0.00146599857442316,0.000923176037399033,0.00308420439677521,0.00755307406438746,0.000297931554989264,8.62057333121056e-05,0.000849279758822917,0.000524737123003751,0.000620684744566066,0.00424411351459039,0.00266084162446647,0.000385701816042871,0.000965933291710678,4.08919917972847e-05,0.00113157398588709,0.000812028732313374,0.00136249593053851,0.00350180373407248,0.00108463944401924,0.0046123255829746,0.000775292691784154,0.00110164907086147,3.16905090793073e-05,0.000685770599282942
