Unknown,Source001,Source002,Source003,Source004,Source005,Source006,Source007,Source008,Source009,Source010,Source011,Source012,Source013,Source014,Source015,Source016,Source017,Source018,Source019,Source020,Source021,Source022,Source023,Source024,Source025,Source026,Source027,Source028,Source029,Source030,Source031,Source032,Source033,Source034,Source035,Source036,Source037,Source038,Source039,Source040,Source041,Source042,Source043,Source044,Source045,Source046,Source047,Source048,Source049,Source050
0.00068535593551325,0.135468968430396,0.182293299188479,0.299739923517694,0.156370973977828,0.126126834885602,0.00135349425651944,0.00426374167515717,0.00292391884870819,0.000888932267958683,0.000665998501720277,0.00277723506901435,0.00615104166578466,0.000416417025211279,0.00439621231055158,6.30314693748358e-05,0.00149638520346301,0.00374771017622363,0.000603364900449859,0.00315595234384865,0.00272133391935745,0.00131533026431361,0.00181592770246963,0.00269653866676785,0.00268608787726523,0.000491946298512543,0.0024271099529884,0.00167300945463982,0.00220810587681908,0.000676532878085262,0.00180562022155164,0.00680856857184555,0.0013137846043011,0.00992864543599243,0.0050936390979456,0.00107385644976326,0.00197922236511595,0.000259015680559393,0.00140439055949772,0.000858113680444802,0.00137388239687552,0.00437631079478293,0.000412657172676814,0.00468311494784496,0.00254874187261988,0.000245323399932146,0.000483223882852643,0.000536647329844251,0.00219358828176347,0.000299181729768916,2.17569833032716e-05
