Unknown,Source001,Source002,Source003,Source004,Source005,Source006,Source007,Source008,Source009,Source010,Source011,Source012,Source013,Source014,Source015,Source016,Source017,Source018,Source019,Source020,Source021,Source022,Source023,Source024,Source025,Source026,Source027,Source028,Source029,Source030,Source031,Source032,Source033,Source034,Source035,Source036,Source037,Source038,Source039,Source040,Source041,Source042,Source043,Source044,Source045,Source046,Source047,Source048,Source049,Source050
0.00291084081579518,0.15761366671878,0.215830891778942,0.133059811878692,0.223296218484228,0.170199411139357,0.000566587885527802,0.00235075178407763,0.000115515360359379,0.00363819826109424,0.00439758462690439,0.00188311586245439,0.00137885116978923,0.00202132099854215,0.00115156959907424,8.2655879676554e-05,0.00307023827050806,0.00483214933609182,0.00162656147994885,0.00336383946428797,0.00274325127947891,0.0019290527053744,0.000940708842785971,0.000192183970706174,0.00271682233584544,0.00111412957471892,0.00177876504323051,0.00378110502951389,0.00109233981622923,0.00670743248916459,0.00462253327623423,0.000651113674062679,5.8265386543294e-05,0.00420965367861891,0.00079242342859172,0.00341936569430663,4.97792695079354e-05,0.000315592329519443,0.000358138134207634,0.000327300329952316,0.00134920334322396,0.0117412553676196,6.58743908843784e-05,0.00213518637225586,0.000273555308585224,0.00556556945715666,0.00251123143645529,0.000905466893806121,0.00151961024713198,0.00207573278070343,0.000667577319452773
