Unknown,Source001,Source002,Source003,Source004,Source005,Source006,Source007,Source008,Source009,Source010,Source011,Source012,Source013,Source014,Source015,Source016,Source017,Source018,Source019,Source020,Source021,Source022,Source023,Source024,Source025,Source026,Source027,Source028,Source029,Source030,Source031,Source032,Source033,Source034,Source035,Source036,Source037,Source038,Source039,Source040,Source041,Source042,Source043,Source044,Source045,Source046,Source047,Source048,Source049,Source050
0.00413300280938649,0.155046896181063,0.154861653790769,0.186139440670775,0.21137574211152,0.192576267245873,0.00754319028970012,0.000155688420957249,0.00594441110927213,6.96045795954894e-05,0.000356025982177955,0.00251755530592216,0.00301395339481218,0.00339521599577265,0.000336513802348179,0.000843291117717569,0.00116675578916203,0.00772361007136818,0.000287520896713085,0.00230312341818571,0.00216056844619767,0.000103011771869046,0.00341180761600971,0.000224075938244599,0.000358062768115374,0.00520699366361155,0.00295432191321268,0.00310136179063965,0.000324982225360624,0.000132112087905311,0.000698329393364193,0.00922132906870906,0.000832530011788637,0.00187416984912591,0.00189085491331474,0.00048566851450264,0.00131202686725929,0.00572504060596128,0.00032866509092913,0.000976869633533638,0.00211092620335487,0.00199181950214088,0.00112329729069785,0.000209998883652388,0.000301679771124222,0.00200414390984141,0.0028924319705459,0.000685731470870169,0.00127600717420577,0.00573227330752171,0.000559445363298911
