Unknown,Source001,Source002,Source003,Source004,Source005,Source006,Source007,Source008,Source009,Source010,Source011,Source012,Source013,Source014,Source015,Source016,Source017,Source018,Source019,Source020,Source021,Source022,Source023,Source024,Source025,Source026,Source027,Source028,Source029,Source030,Source031,Source032,Source033,Source034,Source035,Source036,Source037,Source038,Source039,Source040,Source041,Source042,Source043,Source044,Source045,Source046,Source047,Source048,Source049,Source050
0.0014028568386992,0.122708835876452,0.171644511657943,0.183984601951793,0.277960837335875,0.143701213177937,0.000163193646575812,0.000592609079057236,0.00026468652013684,0.000501980365706357,0.000582442746276349,0.00244663481562604,0.00114082496853755,0.00224838580491239,0.000685189771942095,0.00175039561363159,0.00127335978827201,0.00145985721624816,0.0025285480077363,0.000851378358764994,0.000725414148682206,0.00498775668012846,0.00493849587917605,0.00305254074547923,0.0008741113879936,0.000922755919008774,0.00108398465146359,0.00581015597586753,0.0118432741828163,0.00207800640051596,0.00367579984235309,0.000893131477354864,0.00597748143829416,0.00264206294511834,0.000884992597731178,1.00123855887224e-05,0.00404654531216555,0.00211859616631231,2.8075859031268e-06,0.000260750720910927,0.000370874617886814,0.00182898134978501,0.00257554776848868,0.00123633660863017,0.000934807036618822,0.00103034008068381,0.00271538921713393,0.00337738219927734,0.00062188198212859,0.00636229398087264,0.00422514517350728
