Unknown,Source001,Source002,Source003,Source004,Source005,Source006,Source007,Source008,Source009,Source010,Source011,Source012,Source013,Source014,Source015,Source016,Source017,Source018,Source019,Source020,Source021,Source022,Source023,Source024,Source025,Source026,Source027,Source028,Source029,Source030,Source031,Source032,Source033,Source034,Source035,Source036,Source037,Source038,Source039,Source040,Source041,Source042,Source043,Source044,Source045,Source046,Source047,Source048,Source049,Source050
2.46929209200146e-05,0.139466954833986,0.222232672590421,0.11494636349342,0.274471433544155,0.148882575538019,0.00896752059011644,0.00427449848694123,0.000828316788667334,0.00054806723712736,0.000984699425155565,0.00586953363203774,0.000217358577004852,0.00652860176368609,0.00131246660921722,0.000628979381869469,0.00255968597741818,0.000251605380995636,0.00615992380827567,0.0015084019682111,0.00336514344317019,0.000710508861052198,0.00315930540130857,0.0023396047663529,0.00236660091951709,0.00121206957965251,0.00116706894378381,0.00236235035911558,0.00442466835534179,6.35834910180656e-05,0.000779972989487991,0.00257181339662563,0.00276445648672093,0.000157554571361484,0.00130760780429312,0.0034681019932373,0.000276914167914988,0.00107238431876052,0.00197497498221766,0.000485411358591208,0.00431768246633632,0.00438370956136533,0.000779960113848059,0.00318471041235389,9.93162769627464e-05,0.000423296897709349,0.00343515972260688,0.00202890682922005,0.00291393835429387,0.000105440200454978,0.00163343042768106
