Unknown,Source001,Source002,Source003,Source004,Source005,Source006,Source007,Source008,Source009,Source010,Source011,Source012,Source013,Source014,Source015,Source016,Source017,Source018,Source019,Source020,Source021,Source022,Source023,Source024,Source025,Source026,Source027,Source028,Source029,Source030,Source031,Source032,Source033,Source034,Source035,Source036,Source037,Source038,Source039,Source040,Source041,Source042,Source043,Source044,Source045,Source046,Source047,Source048,Source049,Source050
0.001246978560801,0.103371969695986,0.388150268064841,0.111183852039934,0.1522791598684,0.14501475033084,0.000622614911616832,0.00632711583928585,0.00150674817183289,0.00193704711126828,0.000902705965544941,0.00188025555503546,0.0023959341519357,0.00210628859300343,0.000351794035057964,0.0105580801719225,0.00347012239157103,6.84661530048526e-05,0.00274505764936616,0.00275560155185633,0.000267126088373311,0.001034855811347,0.00308792112262313,0.00569436699191546,0.000127198067119728,0.00304769243890563,0.000790670105265882,0.000734160976195879,0.000345576924390827,0.00151951357639976,0.000544117694437717,0.00137576389201199,0.00821539321283425,0.00381010450945369,0.0016328497097111,0.00301242456885035,0.000507614575406443,0.000345409880157256,0.00339034726329904,0.000429331698924999,0.00428257670127889,0.00270414054805611,0.00222099737305416,0.00150723867437061,0.00377732003410546,0.00122957070482516,0.00306513816910535,0.000931453005397872,0.000358539295627503,0.00073433640218794,0.000401439171264312
