Unknown,Source001,Source002,Source003,Source004,Source005,Source006,Source007,Source008,Source009,Source010,Source011,Source012,Source013,Source014,Source015,Source016,Source017,Source018,Source019,Source020,Source021,Source022,Source023,Source024,Source025,Source026,Source027,Source028,Source029,Source030,Source031,Source032,Source033,Source034,Source035,Source036,Source037,Source038,Source039,Source040,Source041,Source042,Source043,Source044,Source045,Source046,Source047,Source048,Source049,Source050
0.00352510283454081,0.107835084680322,0.212851729097078,0.190024277025862,0.214079263037782,0.175209646158956,0.00142205139739878,0.000467321867468348,0.00109233850324354,0.00171235482577871,0.000166296898426114,0.0039627511684689,0.00237905612641332,6.76004814181239e-05,0.00141343304103137,0.00314320751968006,0.00160617960658251,0.000455869433465327,0.00816421860162282,0.00135880986960733,0.006370012490585,0.00147568453837339,0.00131731324926669,0.0054562916954661,0.000622736352884705,0.000663437709524767,0.00103107080802068,0.00345116450424606,0.00268695822650428,0.00578957067530758,0.000755487565438388,0.000131129651202125,0.00180125777102636,0.00410444851654777,0.000743808982541196,0.00180389720308913,0.000612029755688198,0.00109413468043704,0.00421563360402146,0.00344450162727374,0.00789784905201781,0.00108121874622185,0.000260591598154049,0.000886771028468959,0.0033970614313523,0.00216618818732659,0.000565647999784855,0.000734484021461155,0.000889846613254634,0.0012659164042557,0.00234726313511136
