Unknown,Source001,Source002,Source003,Source004,Source005,Source006,Source007,Source008,Source009,Source010,Source011,Source012,Source013,Source014,Source015,Source016,Source017,Source018,Source019,Source020,Source021,Source022,Source023,Source024,Source025,Source026,Source027,Source028,Source029,Source030,Source031,Source032,Source033,Source034,Source035,Source036,Source037,Source038,Source039,Source040,Source041,Source042,Source043,Source044,Source045,Source046,Source047,Source048,Source049,Source050
0.00159755192275112,0.113469469511176,0.106191510704064,0.31237634415372,0.163547617232445,0.204415058398594,0.000186522390273676,0.00536006576211631,0.00182046880715798,0.00430271942032947,0.00177179595722205,0.00238206124152457,6.87247712171419e-05,0.000228658123547637,0.000790835286949674,0.000656685302780152,0.00362043025416393,0.000848329763811718,0.00503157457648363,0.00559180269943786,0.000752550127973157,0.00107814130898361,0.00422323960950876,6.3237644318756e-05,0.00295980753823271,4.02661245668382e-05,0.000679269658205941,0.00143069366489678,0.00740240176211156,0.00155612734853688,0.00425493085039746,0.00154024990375935,0.00126577667859318,0.0037218956556729,0.00264387615529944,0.000942176335782343,0.0031706380127252,0.000149490567392858,0.000518630182629826,0.00108845494256184,0.000795460890852931,0.000659852328165758,0.000189943744926436,0.00202037154418665,0.00296578421842491,0.00234412616536668,0.00363792379593771,0.00177763481931579,0.00542647640714635,0.00427330011900203,0.00216904561475845
