Unknown,Source001,Source002,Source003,Source004,Source005,Source006,Source007,Source008,Source009,Source010,Source011,Source012,Source013,Source014,Source015,Source016,Source017,Source018,Source019,Source020,Source021,Source022,Source023,Source024,Source025,Source026,Source027,Source028,Source029,Source030,Source031,Source032,Source033,Source034,Source035,Source036,Source037,Source038,Source039,Source040,Source041,Source042,Source043,Source044,Source045,Source046,Source047,Source048,Source049,Source050
0.00618050355722491,0.157371365039176,0.120230930861869,0.118673246994118,0.369936330409209,0.133788126695628,0.000571015514269559,0.00123912477273651,0.000610437292398823,0.000226376939970397,0.000536467475505001,0.00413929114293205,2.05933806025248e-05,0.00214198890250504,0.00302751325339931,0.000237500214403541,0.0100516243499327,0.000948309797261405,0.0019303191832061,0.00372012899991319,0.00693755926241371,0.00351320778550949,0.00120613835481058,0.00193478084942712,0.00246702432500107,0.00176962259394305,0.00272026381415368,0.00131364861698669,0.000332707032765613,0.00037493355828676,0.00220084870195678,0.000223458910171611,0.00231174754876289,0.000133081783645545,0.000234914509039618,0.00613156943237243,0.00174248875489399,0.00234994322572989,0.000349076110104877,0.00233263724023882,0.000973534175157484,0.00167943897102849,0.00404149144842786,0.00126816620684298,0.000805221275759325,0.00323041945563629,0.00498410246802056,0.00362430381368601,0.000465400825012126,0.00226370289555422,0.000503371278399375
