Unknown,Source001,Source002,Source003,Source004,Source005,Source006,Source007,Source008,Source009,Source010,Source011,Source012,Source013,Source014,Source015,Source016,Source017,Source018,Source019,Source020,Source021,Source022,Source023,Source024,Source025,Source026,Source027,Source028,Source029,Source030,Source031,Source032,Source033,Source034,Source035,Source036,Source037,Source038,Source039,Source040,Source041,Source042,Source043,Source044,Source045,Source046,Source047,Source048,Source049,Source050
0.00054643781431374,0.257267649060893,0.178324923406522,0.240584363703444,0.112738754157756,0.111084309671385,0.000592179981710981,0.00283154682723458,0.00200178817694584,0.000622377216102104,0.00291690160429508,0.000792648964130951,0.000445392530434984,0.00165660892802778,0.000419142717620661,0.00105038365850106,0.00194357589956106,0.00134114615482924,0.000652679210026297,0.00291374232531731,0.000163820633697111,0.00718804566330536,0.000610327809496718,0.000640246452126897,2.43214804018796e-05,0.0070108280601758,0.00279725121125687,0.00281930644992025,0.000391640257807925,0.000838000882712653,0.00129551113934409,0.00739036631034646,0.00067565733823033,5.95517944795944e-05,0.00219952737807942,0.0015187451905355,0.000808858976170428,0.00131377627425098,0.00103231609156019,0.00644238449896615,0.000702544489985952,0.000380796983152276,0.00359219948529166,0.00541163044019153,0.00200066525629406,0.00139761913405238,0.00141661508187658,0.00333856281578709,0.00167727559621144,0.00237431416628767,0.011760740648953
