Unknown,Source001,Source002,Source003,Source004,Source005,Source006,Source007,Source008,Source009,Source010,Source011,Source012,Source013,Source014,Source015,Source016,Source017,Source018,Source019,Source020,Source021,Source022,Source023,Source024,Source025,Source026,Source027,Source028,Source029,Source030,Source031,Source032,Source033,Source034,Source035,Source036,Source037,Source038,Source039,Source040,Source041,Source042,Source043,Source044,Source045,Source046,Source047,Source048,Source049,Source050
0.00520553515583985,0.223430082207882,0.132438670946194,0.120451651645372,0.314801155047023,0.108878440153528,0.0033542774610821,0.000397532960830023,0.000450002105142607,0.000549496568466235,0.000770038564002236,0.00158013640255581,0.0016366048319008,0.00574913229931113,0.00146746198772698,0.0024231877479308,0.00210110582580852,0.00357883752447118,5.95947579360972e-05,0.00148480814908339,0.000729058488363855,0.00157020192372765,0.00426011576511413,1.03343550294753e-05,0.00246293874724743,0.000358384287008685,0.00212535811451325,0.00449129477285201,0.000360793200652717,0.00289124454689059,0.000562441972248175,0.000443632048270904,0.00226818026696733,0.00386577236177819,7.36844923130751e-05,0.00548058547231331,0.0024608598859857,0.000955835988452676,0.000919029276500435,0.001789552638307,0.00621543524944396,0.00313967446372688,0.00240089339611954,6.55240280695814e-05,0.00379882198237413,0.0010825609822165,0.00197680380598081,0.00136266843979946,0.00220849020368629,0.00160425689882237,0.0072578196031361
