Unknown,Source001,Source002,Source003,Source004,Source005,Source006,Source007,Source008,Source009,Source010,Source011,Source012,Source013,Source014,Source015,Source016,Source017,Source018,Source019,Source020,Source021,Source022,Source023,Source024,Source025,Source026,Source027,Source028,Source029,Source030,Source031,Source032,Source033,Source034,Source035,Source036,Source037,Source038,Source039,Source040,Source041,Source042,Source043,Source044,Source045,Source046,Source047,Source048,Source049,Source050
0.00230507516681142,0.335609962910251,0.122733179270234,0.143876670947008,0.149674087008423,0.148106099864083,0.00207498817509557,0.00254880639035001,0.00242479930873767,2.94085144075059e-05,0.00267934618336916,0.00182197617578241,0.0027237416358751,0.0018592884020504,0.00266127062944254,0.000939774772812292,0.00130791869720257,0.000974677156753054,0.000760079614822942,0.00102170127545527,0.00257452774364101,0.00247472479324839,0.000856611573419557,0.0055353288297247,0.00114124218832458,0.000294193833096648,0.00484607187523415,0.00726745995433002,0.00108364951384992,0.000619811659288758,0.00208665808100903,0.00516631425802631,0.00584707203458026,0.00839310731878601,0.000275178787374335,0.000278683200253556,0.000653287949846058,0.0011230360360295,0.00382431941064303,0.00106877521832188,0.00038800341071227,0.0021959450480175,0.000702430149514265,0.000907411831396532,0.00105587062306365,0.00225332495069423,0.00184541608928962,0.000268249538361668,0.00499705490308367,0.00159231467629371,0.00225107242157725
