Unknown,Source001,Source002,Source003,Source004,Source005,Source006,Source007,Source008,Source009,Source010,Source011,Source012,Source013,Source014,Source015,Source016,Source017,Source018,Source019,Source020,Source021,Source022,Source023,Source024,Source025,Source026,Source027,Source028,Source029,Source030,Source031,Source032,Source033,Source034,Source035,Source036,Source037,Source038,Source039,Source040,Source041,Source042,Source043,Source044,Source045,Source046,Source047,Source048,Source049,Source050
0.00328967358143529,0.203819918020669,0.260767673593884,0.215974650252468,0.110451949489937,0.108985808643042,0.00132519159799612,0.00059841887239127,0.00200157051546952,0.000300715406018192,0.000945802876486369,0.0008191926654361,0.00157769607079675,0.00161786576841275,0.000298645477486042,0.00164660451661439,0.00405307494801996,0.00248853535215414,0.000197054230343432,0.00112072054232015,0.00131413804414367,0.0087056766043539,0.00157336941170437,0.00271164653754406,0.00173718734478968,9.82669478248891e-05,0.000108579188763859,8.18223577659313e-05,0.00128044521730881,0.00513669027727358,0.000968239488032959,0.00223859802804781,0.00750678438894511,0.000902651451305204,7.18324518964291e-05,0.00216183913850329,0.00214874492758621,0.000472255929251728,0.0029682669177242,0.00286919120812953,0.00064788609110563,0.00527197249394099,0.00164156746791201,0.000504362807401395,0.000982913089121362,0.00239557253207107,0.0037343406743236,0.00899347318140469,5.70752337753381e-05,0.00714637035558706,0.00128747779108115
