Unknown,Source001,Source002,Source003,Source004,Source005,Source006,Source007,Source008,Source009,Source010,Source011,Source012,Source013,Source014,Source015,Source016,Source017,Source018,Source019,Source020,Source021,Source022,Source023,Source024,Source025,Source026,Source027,Source028,Source029,Source030,Source031,Source032,Source033,Source034,Source035,Source036,Source037,Source038,Source039,Source040,Source041,Source042,Source043,Source044,Source045,Source046,Source047,Source048,Source049,Source050
0.00399076787923111,0.186515389056142,0.109728532801773,0.259229986060261,0.157217968526733,0.18730812355509,0.00102393935823716,0.00136514013380784,0.00307617635002265,0.000658576685752908,0.00518448524472959,0.000124786248167593,0.00424984805407269,0.00237091876264229,0.000332310901623667,0.00097489288383381,0.00190888615458042,0.00505470731931257,0.00172728140040008,0.00395460572138112,0.00108784040688238,0.00132319917551225,0.00311538477548913,0.000554955807474234,0.000660634220465396,0.00134525908866882,0.00257768034138047,0.00020678940077029,0.000246951940833698,0.00249980468548747,0.000993217075785585,0.00218051962620071,0.00442554986218871,0.00128952143345272,0.00138289561830277,0.00470049541886372,0.00192036165282817,0.00011719131118041,0.00289783974865509,0.00810248101638066,0.00145781095701132,0.00496168985793117,0.00161595975212517,0.00357975057771912,0.000104327408605578,0.00350888653765498,0.000228815009145363,0.000839693042491768,0.00458662021959141,0.000703447056472713,0.000787103876653213
