Unknown,Source001,Source002,Source003,Source004,Source005,Source006,Source007,Source008,Source009,Source010,Source011,Source012,Source013,Source014,Source015,Source016,Source017,Source018,Source019,Source020,Source021,Source022,Source023,Source024,Source025,Source026,Source027,Source028,Source029,Source030,Source031,Source032,Source033,Source034,Source035,Source036,Source037,Source038,Source039,Source040,Source041,Source042,Source043,Source044,Source045,Source046,Source047,Source048,Source049,Source050
0.00352702543865039,0.271369313417873,0.11641888810249,0.218702861536182,0.180792739772599,0.112716197170857,5.55099685991875e-05,0.00557162606089682,0.00814134265670736,0.00171089030960264,0.00085328565370209,0.00074730622233906,0.000467752139723007,0.00158140614423156,0.00104569973148099,0.000227921380540415,0.0035258478501165,0.000876725474134454,0.00464474221690326,0.000657633865581251,0.00252238563663877,0.00149715140375281,0.000725175610185551,0.000786049045976262,0.000453314625888781,0.00503764052931316,0.00297445336362606,0.000320141509795381,0.000399862099927214,0.0026176735484062,0.00072770400838633,0.000774383926403038,0.00464580601805281,0.00101944104262556,0.00499057251004036,0.00109861650780966,0.000595821557489846,0.000595260297494004,0.00287282642583973,0.00215294786841819,0.00161127464882685,0.00534940949626971,0.000180214442132419,0.00399469437271074,0.00826110342928527,0.00570227517112422,0.00131129204550685,0.000879228380080834,0.000341567773758304,0.00083802039534885,0.00108897719567724
