Unknown,Source001,Source002,Source003,Source004,Source005,Source006,Source007,Source008,Source009,Source010,Source011,Source012,Source013,Source014,Source015,Source016,Source017,Source018,Source019,Source020,Source021,Source022,Source023,Source024,Source025,Source026,Source027,Source028,Source029,Source030,Source031,Source032,Source033,Source034,Source035,Source036,Source037,Source038,Source039,Source040,Source041,Source042,Source043,Source044,Source045,Source046,Source047,Source048,Source049,Source050
0.00170984478911543,0.14854390471115,0.215801148313516,0.14376770639718,0.128696738969505,0.263190501608648,0.00102468951275456,0.0059401015880711,0.00284625128432533,0.000134107298931846,0.00159722200340958,0.000182542929543247,0.000552466431920311,0.00611428398548917,0.000117677957721241,0.00143026813684835,0.000124679324023943,0.00236514158233145,0.00582804778029508,0.00213175396318889,0.00426122324358911,0.00129188247183671,0.000809875318951697,4.70814784533875e-05,0.0018236480734631,0.00122915748141461,0.000301821290863675,0.00131048387057636,0.0014697245630509,0.00439698187660866,0.000800806681164474,0.0011340900128536,0.0136449444418712,0.00957903738287409,0.000714391340173664,0.00123061095244759,0.000210156804922329,0.00221073682009842,0.000357875014151362,0.00450619776475267,0.000501407205187667,0.000706069115535822,0.000803512207333072,0.00317217775222199,0.00337469166128097,0.000853530835897788,0.000736678557620138,0.000802385401694215,0.00136751694048985,0.00372514521951767,0.000527079651133608
