Unknown,Source001,Source002,Source003,Source004,Source005,Source006,Source007,Source008,Source009,Source010,Source011,Source012,Source013,Source014,Source015,Source016,Source017,Source018,Source019,Source020,Source021,Source022,Source023,Source024,Source025,Source026,Source027,Source028,Source029,Source030,Source031,Source032,Source033,Source034,Source035,Source036,Source037,Source038,Source039,Source040,Source041,Source042,Source043,Source044,Source045,Source046,Source047,Source048,Source049,Source050
0.00407655843447547,0.25291580578543,0.111152216750955,0.152258304456957,0.106337622406372,0.277336050600285,0.00304072867851097,0.00425176926457309,0.00142176166831624,0.00313071245770122,0.000864248239487355,0.00342236218010016,0.00404945439435689,0.00308196235976882,0.00141843501551128,0.00321375879007881,0.00281444097057721,0.00449769314439673,0.00448654646604851,0.00188594838071951,0.000356877805043511,0.00187311615393297,0.00261856605372285,0.00172346374705,0.00130855933375504,0.000324749388536581,0.00368620237994503,0.00294895979444397,0.00026606915066167,0.000297982461214909,0.00624170299394429,0.000150941952114818,0.000516226661989845,0.0022503740067223,0.00342125347726665,0.00383993758808891,0.000481281362027565,0.00124852882664244,0.00308674447670613,5.97939065247e-05,0.000699537395210273,0.000402410219416312,0.00428246921247208,0.00422821257301098,0.00182139591896668,0.000456583034384946,0.000408838721240793,0.00228738885960482,0.00125017614310008,0.00149052793368397,0.000314748023952593
