Unknown,Source001,Source002,Source003,Source004,Source005,Source006,Source007,Source008,Source009,Source010,Source011,Source012,Source013,Source014,Source015,Source016,Source017,Source018,Source019,Source020,Source021,Source022,Source023,Source024,Source025,Source026,Source027,Source028,Source029,Source030,Source031,Source032,Source033,Source034,Source035,Source036,Source037,Source038,Source039,Source040,Source041,Source042,Source043,Source044,Source045,Source046,Source047,Source048,Source049,Source050
0.000907975163829506,0.129938402669244,0.290411382469324,0.111314770763139,0.134796024988366,0.233539419109927,0.00055319962826914,0.00182928617017876,0.000886351731924117,0.000346240052118332,0.00483204226497739,0.000272408659738621,0.00100699823675546,0.000776467739660326,0.00223803739922277,0.00126003359110638,0.00248004163716209,0.00504799794334124,0.000797998692056948,0.000717152097114024,0.00118133050160443,0.00369142659844656,0.0130731100567128,0.00315578469496367,0.00111047418931595,0.000199331786169839,0.00362656436917912,0.00281055874839666,0.00238461447005021,0.000106878004582057,0.00522335939191605,2.93851540734406e-05,0.00368497269190511,0.0107817186602808,0.000614057301995429,0.000312364143564233,0.0016433180362585,0.00270358239602609,0.0012154322276528,0.000964923991977767,0.000387681052833829,0.00119001009833081,0.0010212561757983,0.000611281550077578,0.000703123198834618,0.00483770985984636,0.00470362423136062,0.000155043541029858,0.00354556469618603,0.000355041988915665,2.42451842596677e-05
