Unknown,Source001,Source002,Source003,Source004,Source005,Source006,Source007,Source008,Source009,Source010,Source011,Source012,Source013,Source014,Source015,Source016,Source017,Source018,Source019,Source020,Source021,Source022,Source023,Source024,Source025,Source026,Source027,Source028,Source029,Source030,Source031,Source032,Source033,Source034,Source035,Source036,Source037,Source038,Source039,Source040,Source041,Source042,Source043,Source044,Source045,Source046,Source047,Source048,Source049,Source050
0.0068363294093447,0.115364457772994,0.220683122017557,0.133189086671552,0.307512935248071,0.123250398289825,0.00428485109882705,0.0022286892936211,0.00909014250762725,0.00206150300567843,0.000312078766217593,0.00164155317684072,0.00465350478399778,0.00302413697032061,6.50670679034326e-05,0.000858603977684567,0.00124038201614881,9.11809201161712e-05,0.000336322201340559,0.00102849913546264,0.000913846150156574,0.00262574624667301,0.00487264630880551,0.00157476812173569,0.00388341828264251,0.00185244378315876,0.00248707049527879,0.00163105882003403,0.00245804359134733,0.00398985288319671,0.00215101175563598,0.00398643526093231,0.00187267815197672,0.00171584961866527,0.000552038752666503,0.00218349429023695,0.000649688110718485,2.49820849878995e-05,0.000497591873423118,6.04061524162427e-05,9.31813907787156e-05,0.00089973302031362,0.00239424234132204,0.00290452523867977,0.0073565696024094,0.00207305749224914,0.00206452307439216,0.00182396405495378,0.00235039172717279,0.000276791775401549,2.71052165072233e-05
