Unknown,Source001,Source002,Source003,Source004,Source005,Source006,Source007,Source008,Source009,Source010,Source011,Source012,Source013,Source014,Source015,Source016,Source017,Source018,Source019,Source020,Source021,Source022,Source023,Source024,Source025,Source026,Source027,Source028,Source029,Source030,Source031,Source032,Source033,Source034,Source035,Source036,Source037,Source038,Source039,Source040,Source041,Source042,Source043,Source044,Source045,Source046,Source047,Source048,Source049,Source050
0.00241223695537997,0.163320357878142,0.208806806168467,0.156194401038972,0.116640507149916,0.255037927764503,2.77587400210601e-05,0.000127850575615721,0.00467812377972403,0.00495164035116995,0.000807835780376324,0.000213879737180843,0.00113693278332428,0.00372828750242669,0.00482040825746335,0.000672926399242918,0.00064951432379367,0.00169787447850894,0.0016420137100317,0.00200807889417596,0.00155891814912138,0.00322579519233853,0.00321937824138804,0.00523460474953994,0.00408284839439823,0.00198275242608743,0.00485610718567257,0.00104701834913063,0.00224849991627978,0.000361932600024278,0.00155558872548093,0.00589498848845949,0.00164029375983328,0.000317735970574249,0.0028666517196293,0.00253482992795422,0.000966017011538005,0.00371461387583631,0.00112752150310003,0.00365268148599593,0.00289444682524142,0.000884200874385103,0.0015171895920086,0.00049018297152544,0.000856595268105012,0.00229223780079513,0.00263230320882589,0.00217332261294692,0.000634995976025106,0.00259513538971659,0.00136524953960681
