Unknown,Source001,Source002,Source003,Source004,Source005,Source006,Source007,Source008,Source009,Source010,Source011,Source012,Source013,Source014,Source015,Source016,Source017,Source018,Source019,Source020,Source021,Source022,Source023,Source024,Source025,Source026,Source027,Source028,Source029,Source030,Source031,Source032,Source033,Source034,Source035,Source036,Source037,Source038,Source039,Source040,Source041,Source042,Source043,Source044,Source045,Source046,Source047,Source048,Source049,Source050
0.000696133382496436,0.143445999921032,0.252771092484244,0.101977984718855,0.298022206572206,0.103782716303663,0.000262809506588619,0.00275569676580827,0.00153240596571004,0.00115378715533167,0.00202032728838141,0.00230535033937337,0.00485839756450822,0.00263310027699192,0.000533771760236006,0.00202545253430472,6.72718845691116e-05,0.000170509243535963,0.0030873100533769,0.00524955801254411,0.00204805424932279,0.000547528648550695,0.00896791246043555,0.000550766359645858,0.000349996806706401,0.000372336129266881,0.00409800411921608,0.00427013033807441,0.00109642217610148,0.00101554203198209,0.00174155671417923,0.000361232125027208,0.000466688971479824,0.00397504463828506,0.00458575323577147,0.00114582928638119,0.000744657778147531,0.000988811090405948,0.00360170333997853,0.00606213613639553,0.00273763841275432,0.00504540820987389,0.00170940352535571,0.00190035794125222,0.00104969099367506,0.00017364840328796,0.001755395510394,0.00572982997787189,0.00128104710800509,0.000919851099513327,0.00135574044890595
