Unknown,Source001,Source002,Source003,Source004,Source005,Source006,Source007,Source008,Source009,Source010,Source011,Source012,Source013,Source014,Source015,Source016,Source017,Source018,Source019,Source020,Source021,Source022,Source023,Source024,Source025,Source026,Source027,Source028,Source029,Source030,Source031,Source032,Source033,Source034,Source035,Source036,Source037,Source038,Source039,Source040,Source041,Source042,Source043,Source044,Source045,Source046,Source047,Source048,Source049,Source050
0.00547122804872542,0.185918379039555,0.155806353524011,0.101912394019496,0.169775224916635,0.286587648500304,0.00336808206067559,0.00167172057320876,0.00247569317765813,0.00662155579676032,0.00111457755453329,0.00070310591108079,0.00331522113601821,0.000816122646585732,0.000880731864227138,0.00567763731478491,0.00274531308553008,0.00238833484234511,0.000765602143375052,0.000806367829467999,0.0010325918199042,0.0047207229260543,0.0094309207196707,0.00112449625688321,0.000894579292187831,2.6443566643608e-05,0.00161752402318111,0.00347893409433689,0.00278673262763263,0.00461739431420546,0.000259583547373335,0.00238970583051484,0.00136814560719161,0.00417456388693438,0.00155037049917833,0.00209312337641649,0.00283560220824922,0.00330914869156119,9.97283337288311e-05,0.0014295212200007,0.000225086435791582,0.000347405697610728,0.000693562689087201,0.0034777103037259,8.89429590012844e-05,0.00275431599195552,0.00011994384770167,9.64946106044814e-05,0.000310175027694706,0.00158695946429843,0.00223827614570309
