Unknown,Source001,Source002,Source003,Source004,Source005,Source006,Source007,Source008,Source009,Source010,Source011,Source012,Source013,Source014,Source015,Source016,Source017,Source018,Source019,Source020,Source021,Source022,Source023,Source024,Source025,Source026,Source027,Source028,Source029,Source030,Source031,Source032,Source033,Source034,Source035,Source036,Source037,Source038,Source039,Source040,Source041,Source042,Source043,Source044,Source045,Source046,Source047,Source048,Source049,Source050
0.00706139791144425,0.132294185882692,0.164118843820698,0.14049075078128,0.290250354740564,0.172845864774766,0.000348694876216238,0.00281609528176143,0.00584582236417368,0.00192633408894377,0.0014547788435688,0.000122190475272589,0.00241675551095311,0.00614793783538174,0.0018236384922211,2.68665434427885e-05,0.000854494739180059,0.000515442770874179,0.000323450979727204,0.00291282012777042,0.00290129810004856,0.00494528855590636,0.000918435164212876,0.000770367898925508,0.000364967783376685,0.000537034345567888,0.000157272278955331,2.53877668423883e-05,0.000122911214571895,0.00334271343232836,0.00169416814640521,0.00787819465363581,0.00418231300878646,0.00270300147828182,0.00126189771620249,0.00543021093412365,0.00253620479815018,0.00179123192995844,0.0007440116045714,0.00272406043270019,1.69132659573576e-05,0.00302126422878893,0.00325573028051115,0.00401446248619298,0.000960133361532518,0.00354436068866126,0.00047132166115117,0.00138056369525245,0.00267457769590372,0.000941688453587737,9.12920979778388e-05
