Unknown,Source001,Source002,Source003,Source004,Source005,Source006,Source007,Source008,Source009,Source010,Source011,Source012,Source013,Source014,Source015,Source016,Source017,Source018,Source019,Source020,Source021,Source022,Source023,Source024,Source025,Source026,Source027,Source028,Source029,Source030,Source031,Source032,Source033,Source034,Source035,Source036,Source037,Source038,Source039,Source040,Source041,Source042,Source043,Source044,Source045,Source046,Source047,Source048,Source049,Source050
0.00744538873883545,0.102046046510356,0.310226844242472,0.180393108090419,0.18950579135325,0.117828209803502,0.000388048280298863,0.00019681304246913,0.000347117694483315,7.26913228381437e-05,0.00332223503269943,0.00612372452524654,0.000902031173636334,0.000494558438252077,0.00287670037016343,0.00258963780584312,0.00295805858618534,0.00480564848343374,0.000698033756152443,0.000254521636680065,0.00641175311337853,0.000324638652504121,0.00125713151853049,0.00153995087016819,0.000252381677328941,1.45969425529202e-05,0.00441450701782863,0.00118046710483261,7.73401422103533e-05,0.00181729798275107,0.003218890722672,0.00115338674328546,0.00221824931042383,0.0014057850250484,0.00128057296087332,0.000591991215639557,0.000844403119948088,0.0018881482944683,0.000807933702229998,0.0064851888467185,0.000282189139039562,0.000270949141221701,0.00575143736162928,0.00158117171895867,0.00508442652830973,0.000704796417855678,0.00228519797310817,0.00515162538355038,0.00140575248540916,0.00383417077610955,0.00298845922419738
