Unknown,Source001,Source002,Source003,Source004,Source005,Source006,Source007,Source008,Source009,Source010,Source011,Source012,Source013,Source014,Source015,Source016,Source017,Source018,Source019,Source020,Source021,Source022,Source023,Source024,Source025,Source026,Source027,Source028,Source029,Source030,Source031,Source032,Source033,Source034,Source035,Source036,Source037,Source038,Source039,Source040,Source041,Source042,Source043,Source044,Source045,Source046,Source047,Source048,Source049,Source050
0.00282447047077583,0.13651451256432,0.135867564356342,0.355066191133302,0.159982687397157,0.112569044548878,0.000480106534924139,0.00303999677887242,0.000392321338424215,0.000282192437412659,0.000693606075506248,0.00203198079207038,0.000376083976642161,0.000682237953795132,0.000520663985563137,8.94902548155735e-05,0.00930155647817571,0.00356623403350116,0.0028239850233099,0.00898603151747375,0.00136920086312541,0.00165746485090209,0.00123649985045389,0.00106058580576505,0.00371589931045197,0.000759232409167096,0.00349980036651307,0.00374784998123792,8.4364811131989e-06,1.46748493944293e-06,0.00146476832518425,9.51267652838033e-05,0.00249433180469797,0.00122287696651821,0.0016017557255316,0.0023312604787346,0.00347063356109023,0.00194651084993645,0.00455537420921619,0.00301919205877597,0.00291196510670178,0.00386502997899,0.000579313431550125,0.00719387970469671,7.94798958652256e-05,0.00221275496182325,0.000717138790356392,0.00143615469249446,0.00112126249357368,0.00072751780974658,0.00380627733430093
