Unknown,Source001,Source002,Source003,Source004,Source005,Source006,Source007,Source008,Source009,Source010,Source011,Source012,Source013,Source014,Source015,Source016,Source017,Source018,Source019,Source020,Source021,Source022,Source023,Source024,Source025,Source026,Source027,Source028,Source029,Source030,Source031,Source032,Source033,Source034,Source035,Source036,Source037,Source038,Source039,Source040,Source041,Source042,Source043,Source044,Source045,Source046,Source047,Source048,Source049,Source050
0.000634679781284089,0.251739568080849,0.189177991767937,0.140838139204924,0.195015082107702,0.123229218838588,0.000775220678048422,0.00724874713951579,0.00282901995610223,0.00503008750336057,0.000436009819565875,0.00384761271390849,0.000122518333307713,4.23156435990992e-06,0.000607967579355057,0.00171436830800287,0.000224146818677044,0.00201076973655996,0.000418933268494118,0.00247446663259118,0.00056461169567334,0.00258440581337747,0.000686708923002629,0.00198777529563616,0.000443052277862509,0.00413548219032526,0.00102123425020249,0.000251775377623759,0.00656206264293959,0.00287210898431264,0.00170919269306285,0.00220042990883363,0.000591007315297457,0.000586317329014245,0.00172860734266566,0.000135318272182477,0.00529099465850334,0.00110701574226145,0.00147195258458067,0.00300424279318071,0.000319411595791925,0.00116409863935008,0.00766016592294749,0.00282198328546735,8.12301329258108e-05,0.003860328639082,0.00335387966085664,0.000323028546553767,0.00113480076972245,0.00940733845483138,0.00256065842879948
