Unknown,Source001,Source002,Source003,Source004,Source005,Source006,Source007,Source008,Source009,Source010,Source011,Source012,Source013,Source014,Source015,Source016,Source017,Source018,Source019,Source020,Source021,Source022,Source023,Source024,Source025,Source026,Source027,Source028,Source029,Source030,Source031,Source032,Source033,Source034,Source035,Source036,Source037,Source038,Source039,Source040,Source041,Source042,Source043,Source044,Source045,Source046,Source047,Source048,Source049,Source050
0.00210902540850795,0.232970213118777,0.282398151112273,0.109912008785788,0.145903448831603,0.128816178151558,0.00443926903117495,0.000244671951908771,0.00331630359800465,0.00219675101472343,0.00735518754157486,0.00175371634374577,0.000538520773034208,0.00012006496224493,0.0041039740758452,0.00354730164337108,0.0026499502527666,0.00194158430611676,0.00362157229795585,0.003777132172332,0.00113765227353846,0.00284926910147212,0.00132282201242564,0.000140809441959969,0.000849976330742624,0.00505507650845496,0.000375637459338535,0.00147694422967905,0.00856503299358853,0.0010609585036775,0.000617454626956421,0.00291477314312065,0.000947821096618546,0.000991748790565662,0.00462067497964857,0.000428760332799365,0.0029994326252578,0.000421020144725362,0.00156345518780198,0.000822967104444604,0.000970780227546616,7.93769960584962e-05,0.0012464575437956,0.0025359817623112,0.00453959107551323,0.00166402053335405,0.00261466547896195,0.00174241999546276,0.00127310469430086,9.12385022483048e-05,0.00236505093032358
