Unknown,Source001,Source002,Source003,Source004,Source005,Source006,Source007,Source008,Source009,Source010,Source011,Source012,Source013,Source014,Source015,Source016,Source017,Source018,Source019,Source020,Source021,Source022,Source023,Source024,Source025,Source026,Source027,Source028,Source029,Source030,Source031,Source032,Source033,Source034,Source035,Source036,Source037,Source038,Source039,Source040,Source041,Source042,Source043,Source044,Source045,Source046,Source047,Source048,Source049,Source050
0.00147077113253156,0.11194728135323,0.12910203700005,0.157542365242974,0.219717722556543,0.281690593847203,0.000811302067384655,0.00272225258354885,0.000108745274800772,0.00343064850098244,0.00215146697739225,0.000781044053486664,0.000299538394680202,0.000770472503785076,0.00326101409420459,0.00100424988712925,0.000298052837785971,0.00171101791480809,0.000557933283859822,0.00171001218435005,2.13046145419492e-05,0.00263335129491675,0.00671758447639952,0.000699259913340315,0.00429971771878826,0.00108780997439173,0.000848832795530237,0.00167733207287938,0.000669674299517425,0.000550732402462042,0.000213135479076483,0.00279148504638688,0.00295911381111676,0.00127001130319507,0.000410341898588311,0.0016289103923006,0.00388124824200836,0.00176428361831837,0.000667189100147955,0.00277671288063501,0.00175969768548559,0.00225196920612501,0.000785408876449799,0.00517427148620425,0.0067489401637477,0.00214366478005632,5.07818881563039e-05,0.00121720856354272,0.00884624677356511,0.00646200895819687,0.00590324859319866
