Unknown,Source001,Source002,Source003,Source004,Source005,Source006,Source007,Source008,Source009,Source010,Source011,Source012,Source013,Source014,Source015,Source016,Source017,Source018,Source019,Source020,Source021,Source022,Source023,Source024,Source025,Source026,Source027,Source028,Source029,Source030,Source031,Source032,Source033,Source034,Source035,Source036,Source037,Source038,Source039,Source040,Source041,Source042,Source043,Source044,Source045,Source046,Source047,Source048,Source049,Source050
0.00074746087751605,0.185642730758486,0.120657940590846,0.128731244909553,0.272298605472185,0.192669478268931,0.000919387709208663,0.000618526437270264,0.00217464342634988,0.000890830788876628,0.00272399310547183,0.00169315201846907,0.00127221403759565,0.0058035812137176,0.000316821245939447,0.00383457176501378,0.000332271941071924,0.00105890337274372,0.00147937132934672,0.00560423586533454,0.00836907986225995,0.00438947129273309,0.0014088210531866,0.00028428962540565,1.05539899497002e-06,0.0009773066712382,0.00134266799292338,0.00423361238366117,0.000157148008590766,0.000906504350926508,0.00358145339728308,0.0014827852704519,0.00217431569567273,0.000542768848913267,0.00517434692115663,0.00250259044048092,0.00165025997428258,0.00252485081025836,0.000659943717853034,0.00270524798687047,0.00102673614652932,0.00227025630869296,0.00065911870186704,0.000740721953687722,0.00197390734142919,0.00428861423383479,0.0014209015785438,0.00249405124724286,0.00377258145848193,0.0023341904372317,0.00448043575538965
