Unknown,Source001,Source002,Source003,Source004,Source005,Source006,Source007,Source008,Source009,Source010,Source011,Source012,Source013,Source014,Source015,Source016,Source017,Source018,Source019,Source020,Source021,Source022,Source023,Source024,Source025,Source026,Source027,Source028,Source029,Source030,Source031,Source032,Source033,Source034,Source035,Source036,Source037,Source038,Source039,Source040,Source041,Source042,Source043,Source044,Source045,Source046,Source047,Source048,Source049,Source050
0.000840882734966718,0.327919348684809,0.115489121429139,0.123192311009061,0.130204689684984,0.203194529192007,0.00316140100516359,0.0011344497410438,0.00125111865518403,0.00070437312429953,0.00343768818271157,0.000506927292828142,0.000851497945020468,0.000933340120743997,0.000448899965168696,0.00429591103064073,0.00140665021898897,0.00157226320321657,0.0040129765770077,0.000956077256125158,0.0012982892014947,0.000314228416875432,0.00317643979201805,0.00793540990626015,0.00481797953853282,0.00282396247866273,0.000361352615695771,0.00180242398526371,0.000978845885049761,0.00465656867062033,0.00080636768862432,0.00943682287661588,0.000225251547395527,0.00629448871663133,0.00748872194656052,0.000965298138495193,0.000309923248723641,0.00650934327568278,0.000237604635262799,0.000316541499369823,0.000373526924992915,0.00273312497531601,0.00449765892929867,0.000143019962883203,0.00101003551368608,0.00128675004113561,0.00188827346595651,0.000543722969726897,0.000809241082101557,0.000412777941116057,3.15470768414847e-05
