Unknown,Source001,Source002,Source003,Source004,Source005,Source006,Source007,Source008,Source009,Source010,Source011,Source012,Source013,Source014,Source015,Source016,Source017,Source018,Source019,Source020,Source021,Source022,Source023,Source024,Source025,Source026,Source027,Source028,Source029,Source030,Source031,Source032,Source033,Source034,Source035,Source036,Source037,Source038,Source039,Source040,Source041,Source042,Source043,Source044,Source045,Source046,Source047,Source048,Source049,Source050
0.00245565889938001,0.147759973858325,0.170123797228261,0.316672470795299,0.161323179042017,0.104120579076099,0.00491755951372659,0.000157769457263548,0.00156833308051508,0.00168292119090958,0.00427467537672145,0.000593294911111577,2.19568823597886e-05,0.00104392998984518,0.0014706395147823,0.000644112508412683,0.000452212165061489,0.00698745151801167,5.17117480139507e-05,0.000594285030624341,0.00126207444422563,0.000331822250422338,0.0032175243895596,0.00174424798335816,0.00458408288446146,0.00357977400777379,0.00073914897953366,0.00424141242112602,0.00181293650474039,0.00337682541508176,0.00279662392760406,0.000383690458855506,0.00226034953701332,0.00758350368262259,8.39314959751157e-05,0.00318119282610914,0.00250789039464569,0.00161181487500524,0.00067013402177389,0.0042478783843167,2.8410541246039e-05,0.0100437094096157,0.000720059918935868,5.00501133998227e-05,0.00338369620251177,0.000775753439347876,0.00221601701620402,0.000718267925504475,0.00394269405935628,0.000922059038439508,6.59116644953326e-05
