Unknown,Source001,Source002,Source003,Source004,Source005,Source006,Source007,Source008,Source009,Source010,Source011,Source012,Source013,Source014,Source015,Source016,Source017,Source018,Source019,Source020,Source021,Source022,Source023,Source024,Source025,Source026,Source027,Source028,Source029,Source030,Source031,Source032,Source033,Source034,Source035,Source036,Source037,Source038,Source039,Source040,Source041,Source042,Source043,Source044,Source045,Source046,Source047,Source048,Source049,Source050
0.00344516259340152,0.190588266641658,0.224044641912714,0.216893929757387,0.14813947850423,0.120333683184012,0.00481517924692399,0.00110867963819787,0.00320899932190279,0.000710315894676522,0.0010557772073551,0.00158196118122306,0.00165667417980697,0.00353244191673276,0.00347883327350678,0.00178928066114364,0.000565778553721206,0.000168413099817774,0.000363482404946016,0.0104007135605977,0.00389354804092938,4.90811313223928e-05,0.00120189832870671,0.00302050563409129,4.72582652300506e-05,0.00015691645945568,0.00190412775664773,4.11140064768263e-05,0.000648361267881908,0.00110780995721662,0.000671715034254933,0.00371379592618915,1.90587011341061e-05,0.00297300466199124,0.00294543829721131,0.00184533639963516,0.00773310385493945,0.00291297402378365,0.00263033519183187,0.00018242732361978,0.00375983179124807,0.000253618632371722,0.00339394390803097,0.00443106657774864,0.000314889105877186,0.00212918982961574,0.00298159729074881,0.000367184821979662,0.000535002771621801,0.00209098958526687,0.00416318268898761
