Unknown,Source001,Source002,Source003,Source004,Source005,Source006,Source007,Source008,Source009,Source010,Source011,Source012,Source013,Source014,Source015,Source016,Source017,Source018,Source019,Source020,Source021,Source022,Source023,Source024,Source025,Source026,Source027,Source028,Source029,Source030,Source031,Source032,Source033,Source034,Source035,Source036,Source037,Source038,Source039,Source040,Source041,Source042,Source043,Source044,Source045,Source046,Source047,Source048,Source049,Source050
0.00334249784370866,0.127374868320428,0.107282910675425,0.145346133675934,0.408484591585906,0.111511495742308,0.000135694240798237,0.00336360026552332,0.00184487993310804,0.00285529234297467,0.00234692238515645,0.00971757231524952,0.00401347289457406,0.00416307440741867,0.00169824641146952,0.000275116460242965,0.000105101430751705,0.00847179489903784,0.0033443164936713,0.000981442006200522,0.000910666243603881,0.000636698664660218,0.0061118159312155,0.000718231287770675,0.00109738709663785,2.44606315035036e-05,0.00875879737408811,0.000181277878595823,0.000293667595200826,0.00158278251158532,0.00135269734882233,0.00106617714288436,0.00254081946483262,1.38725971231142e-05,0.00285225460041709,0.000940030420752195,0.000452888424261153,0.000752731603012047,6.9603003226125e-05,0.000416517045565997,0.00178359921405495,0.000502579833345281,0.00406507518693183,0.00408997212364582,0.00525677192512551,0.000355340289690803,0.00346544937428064,0.000983774776616211,0.0013664311646445,0.000200793157287595,0.000497811758732606
