Unknown,Source001,Source002,Source003,Source004,Source005,Source006,Source007,Source008,Source009,Source010,Source011,Source012,Source013,Source014,Source015,Source016,Source017,Source018,Source019,Source020,Source021,Source022,Source023,Source024,Source025,Source026,Source027,Source028,Source029,Source030,Source031,Source032,Source033,Source034,Source035,Source036,Source037,Source038,Source039,Source040,Source041,Source042,Source043,Source044,Source045,Source046,Source047,Source048,Source049,Source050
0.000444972616604785,0.183699097314529,0.205069608090663,0.202526381219589,0.139727946143703,0.168976967231516,0.00122186739843945,0.00146269254817489,0.00228466776411845,0.0027989619837927,0.00272877258905093,0.00158086513952698,0.00252935358328391,0.00134440392288238,0.00178650615736159,0.000120002429237784,3.72632717634178e-06,0.00165386951129749,0.00121093301460765,0.0028571667580031,0.0034129387875444,0.0034884497914254,0.00150350071547751,0.00638348980278154,0.00142507789806597,0.00665162657805183,0.0014155738417105,0.00251366455070121,0.00183012722541907,0.000386034838498721,0.00122085498979097,0.00299887176856873,0.000388307714098572,0.000457418322167645,0.0038264439804169,0.00518776070042262,0.000359037877962423,0.00430218753241166,0.00390018000327018,0.000273876798694282,0.00125865213568883,0.00241883729147866,0.00737981392107192,0.000802167289324445,0.00038213437167743,0.00713051994961338,0.000237591057709036,0.000738394144442182,0.000169153506348592,0.000924267213133293,0.00260428365847362
