Unknown,Source001,Source002,Source003,Source004,Source005,Source006,Source007,Source008,Source009,Source010,Source011,Source012,Source013,Source014,Source015,Source016,Source017,Source018,Source019,Source020,Source021,Source022,Source023,Source024,Source025,Source026,Source027,Source028,Source029,Source030,Source031,Source032,Source033,Source034,Source035,Source036,Source037,Source038,Source039,Source040,Source041,Source042,Source043,Source044,Source045,Source046,Source047,Source048,Source049,Source050
0.000370340625824508,0.203258319978731,0.175704396278226,0.175705718565474,0.153319021653525,0.192012543524044,0.00100068986599112,0.00398441500836269,0.000606203922724552,0.000176011917496305,0.000958167175834649,0.00239696799707087,0.00599942714227769,0.00329612502539162,0.000817346705559071,0.000986575843356984,0.00320742359888812,0.00269971980234109,0.00486499419915503,0.00329610174211721,0.00260719195950421,0.000533452181352965,0.00107862529825868,0.00389517886394613,0.00673282997154106,0.00285987911827402,0.000517525201760203,0.00114010416027093,0.000147044546861317,0.00134355854079619,0.000484402576314489,0.0012301817720128,0.00438044357339928,0.00154334159291615,0.00206734815915271,0.000511958558832194,0.00188089564545223,0.000315955246559965,0.00205593447633844,0.00186527919188243,0.00122701567449891,0.000836574333300089,0.000281303211005105,0.00220385969082007,0.000911323680477792,0.00196844402066805,0.00380784268973669,0.00232941531961089,0.0041142038111498,0.0103103713025794,0.000158005058335244
