Unknown,Source001,Source002,Source003,Source004,Source005,Source006,Source007,Source008,Source009,Source010,Source011,Source012,Source013,Source014,Source015,Source016,Source017,Source018,Source019,Source020,Source021,Source022,Source023,Source024,Source025,Source026,Source027,Source028,Source029,Source030,Source031,Source032,Source033,Source034,Source035,Source036,Source037,Source038,Source039,Source040,Source041,Source042,Source043,Source044,Source045,Source046,Source047,Source048,Source049,Source050
0.00040581366619351,0.100311443620512,0.228144659693899,0.191642463342304,0.245681297440121,0.134220135903164,0.000900081949987718,0.001119248921747,0.000728664840489447,0.00803589379446851,0.00476789285351734,0.00461718732868883,0.000415081041815991,0.000145201079833862,0.00520352864684751,0.000229272225017454,0.000398428249928515,0.00811567770703885,0.000247837061860978,0.00113638028839264,0.00101774392610115,0.0013406790696862,0.000621525415800387,0.000240889439985659,0.00106269178415906,0.000359439401914126,0.00296209221251979,0.002430326761743,0.00645821989261756,0.00108702382416246,0.00070858390041396,0.00321261006402441,0.00279929624214741,0.000934601318810248,0.000268374054119689,0.000742233927056442,0.00199633193013934,0.000207094263943726,0.000972682900503169,7.12233406204163e-05,0.00272532630981197,0.00134175009233075,0.00674757902096098,0.00269729291400684,0.00128216935108153,0.00391226615629032,0.00145359195542727,0.00193406738943291,0.000308754678008857,0.00258062500112543,0.00905672380522676
