Unknown,Source001,Source002,Source003,Source004,Source005,Source006,Source007,Source008,Source009,Source010,Source011,Source012,Source013,Source014,Source015,Source016,Source017,Source018,Source019,Source020,Source021,Source022,Source023,Source024,Source025,Source026,Source027,Source028,Source029,Source030,Source031,Source032,Source033,Source034,Source035,Source036,Source037,Source038,Source039,Source040,Source041,Source042,Source043,Source044,Source045,Source046,Source047,Source048,Source049,Source050
0.00239450661009304,0.120089972638936,0.275907211364294,0.138253057577155,0.212278070770953,0.153471687648662,0.000465825176272217,0.000615206435817619,0.00413772200673856,0.00250270585662709,0.000917776057183671,0.00101131861382918,0.00338338588367037,0.00237957092833282,0.00247610482382097,0.00140082046387929,0.00160547082904402,0.000930552701866987,0.00205484405102166,0.00173721939991579,0.0020048895115323,0.00773144737301439,0.000111493712253524,0.000990790170351124,0.00312021160503561,0.000528236228064404,0.000630663077560141,0.00195382408880431,0.000840352176695611,0.00195010401469045,8.27144610445195e-05,0.000693003075922684,0.00211347561966125,0.0015706639695556,0.00162555369413672,0.00293670023352313,0.00387629722224345,0.00155387884645025,0.000704659617692435,0.00209614322956012,0.00363616550940761,0.00337501854466846,0.00123755377938177,5.7934443905324e-05,0.0069921446324179,0.00784348668015337,0.000568809680515055,0.00340991649086298,0.000641742750630379,0.00268250898404433,0.00442658673810748
