Unknown,Source001,Source002,Source003,Source004,Source005,Source006,Source007,Source008,Source009,Source010,Source011,Source012,Source013,Source014,Source015,Source016,Source017,Source018,Source019,Source020,Source021,Source022,Source023,Source024,Source025,Source026,Source027,Source028,Source029,Source030,Source031,Source032,Source033,Source034,Source035,Source036,Source037,Source038,Source039,Source040,Source041,Source042,Source043,Source044,Source045,Source046,Source047,Source048,Source049,Source050
0.00100774640181614,0.188713728610107,0.302392506455309,0.119219298330722,0.17010899572593,0.119565470877933,0.0010898345191879,0.000390105836913664,0.00185211112350153,0.00041748431616855,0.00192090907326379,0.0048264895032781,0.000138157994725099,0.00369512268307721,0.00375308140299292,0.000347573835107453,0.00542746464941532,0.000558532975229505,0.000208481805916088,0.000354205078091566,0.00152510483893696,0.00495659326105833,0.00533846418900873,0.0060693308924997,0.000377224134065246,0.00791121580056728,0.000481128179262789,0.00133657412383201,0.00374147174358889,0.00347060390117699,0.00557077007578125,0.0011746174061533,0.00611377467150151,0.00367084256213779,0.00403860421150947,0.000153885799247295,0.00128383482574959,0.000962136957352062,0.00381130670179367,0.00320522266615639,0.000398895909729447,0.000261135606772244,0.000835357045647894,0.00148230681937263,0.000974395327280563,0.00129693348151532,0.00111993546818868,2.52621495458343e-05,0.00175885347410025,0.000457526154376132,0.000209390423406897
