Unknown,Source001,Source002,Source003,Source004,Source005,Source006,Source007,Source008,Source009,Source010,Source011,Source012,Source013,Source014,Source015,Source016,Source017,Source018,Source019,Source020,Source021,Source022,Source023,Source024,Source025,Source026,Source027,Source028,Source029,Source030,Source031,Source032,Source033,Source034,Source035,Source036,Source037,Source038,Source039,Source040,Source041,Source042,Source043,Source044,Source045,Source046,Source047,Source048,Source049,Source050
0.0033879090371055,0.138042852939528,0.336204535511478,0.115644131744084,0.111870691156268,0.198237788648642,0.00347122467373948,0.00302675024960754,0.00037997192016355,0.00530091386036891,0.00247347156865883,0.000266123652216413,0.00432654507383274,0.00349552460113153,0.00186155015859849,7.84424013762966e-05,6.36323169464484e-06,0.00144009797485644,0.000772865746358055,0.000372399166552983,0.00137067800569692,0.00375102501815721,0.00270924986965777,0.00636079261395767,0.00149854033354589,4.95805500008213e-05,0.00127296235021795,0.00110542989231682,0.000582914151096003,0.000561964353548909,0.00359647144769149,0.00221014270124668,0.00237015324513504,0.00905264966565071,0.00187143092195643,0.00921207040932146,0.000987105760550913,0.00151892920098969,0.00262908280651251,0.000539931162320256,0.000615452426299086,0.00153065288814707,0.000107204459494603,0.00221476461377717,0.00131331437088897,0.003019238201091,0.000373324161914727,0.00287435613385964,0.000156883495082822,0.00139869075674893,0.00248486071686341
