Unknown,Source001,Source002,Source003,Source004,Source005,Source006,Source007,Source008,Source009,Source010,Source011,Source012,Source013,Source014,Source015,Source016,Source017,Source018,Source019,Source020,Source021,Source022,Source023,Source024,Source025,Source026,Source027,Source028,Source029,Source030,Source031,Source032,Source033,Source034,Source035,Source036,Source037,Source038,Source039,Source040,Source041,Source042,Source043,Source044,Source045,Source046,Source047,Source048,Source049,Source050
0.0104871685834282,0.212927063795893,0.137435895586241,0.287211450313432,0.112753462998316,0.149672127306118,0.000441376677518368,0.00351868761980329,0.00166223256833367,0.00499806263898127,0.000824999298307372,0.00288770309225944,0.000524938543218892,0.00721985362434083,0.000735329274097897,0.00308499086045734,0.000415583666819475,9.77081553613707e-05,0.00137785246327581,0.00659475566061836,0.00323597334971698,0.000262887314718588,0.000204510614275748,0.000166358364650327,0.000102681951562264,0.0013306516416212,0.00189408605891686,0.001738400110424,0.00145304726924819,0.0015467527217686,0.00210255786524636,0.001039272979688,0.00601028140024654,0.00256617389926576,0.000320934121166111,0.000985456242252284,0.00514148734746557,0.00320249628818669,0.000220818420415177,0.00427235471299806,0.00253731182475313,0.00344729067707915,0.00127962898944944,0.00352667431335738,0.00132239498528092,0.000611361824528394,0.00170425661319969,0.00260981753478621,0.000216604575955917,6.68424436446768e-05,9.39081731014827e-06
