Unknown,Source001,Source002,Source003,Source004,Source005,Source006,Source007,Source008,Source009,Source010,Source011,Source012,Source013,Source014,Source015,Source016,Source017,Source018,Source019,Source020,Source021,Source022,Source023,Source024,Source025,Source026,Source027,Source028,Source029,Source030,Source031,Source032,Source033,Source034,Source035,Source036,Source037,Source038,Source039,Source040,Source041,Source042,Source043,Source044,Source045,Source046,Source047,Source048,Source049,Source050
0.00255537935561618,0.175790879312434,0.186213227412211,0.124326522391667,0.128204086444532,0.285465284439156,0.00248665178311573,0.00348472935223024,0.00249580609439323,0.000526075302771965,0.00112422920151219,0.00513448494244911,0.000526032473001722,0.000928066528127065,0.00152579593661666,0.000105907574814163,0.000639493350415081,0.000129639496187782,0.000829996500193084,0.00640266500884292,0.000550691532638406,0.00256058535145711,0.00261849681328138,0.000529021596321437,0.00575344295920336,0.00280111782590901,0.000563293641253033,0.00464442315447829,0.00130820302991833,0.000726168177043693,0.00223430384737615,0.00395535436784206,0.000294821013488047,0.0033571535993264,0.000334411288024457,0.00209522249944006,5.12934940702243e-05,0.00292132644723347,0.000996720619914977,0.0013796366526424,0.00644020277815407,0.00209866744215785,0.00821435105908274,7.32789450663299e-05,0.00519796178390821,0.00192028026759165,0.0023194198336639,0.00365631073329137,0.000537521178100625,0.000383169775657874,0.000588195392175922
