Unknown,Source001,Source002,Source003,Source004,Source005,Source006,Source007,Source008,Source009,Source010,Source011,Source012,Source013,Source014,Source015,Source016,Source017,Source018,Source019,Source020,Source021,Source022,Source023,Source024,Source025,Source026,Source027,Source028,Source029,Source030,Source031,Source032,Source033,Source034,Source035,Source036,Source037,Source038,Source039,Source040,Source041,Source042,Source043,Source044,Source045,Source046,Source047,Source048,Source049,Source050
0.00508890030105699,0.20224484599335,0.254317142454529,0.123833888000751,0.17913590075908,0.140468222792289,0.00209834320667934,0.00960146426651474,0.00187792105130705,0.00568604691854705,2.83416998725432e-06,0.00118193592800687,2.77714951380004e-05,0.000994494016382138,0.0019784943540021,0.00307038175596875,0.00406097052426597,0.00269646400901003,0.00116827874763294,0.00262463102664296,0.00116001151589861,0.00097936958559164,0.000116679696127789,0.000892939736400483,0.000199870304558737,0.000654199608943088,0.00401413369528015,0.00241731555082214,0.00101248566456472,0.00161444591604344,0.0011130240007942,0.000400169809410649,0.00325278024958901,0.000326832597845156,0.0150807287544021,0.000153100487702598,0.000976972598370238,0.00155892519054477,0.00222900317717288,6.57877932381876e-05,0.00131013680850482,0.000519355370788978,0.00248439234737205,0.00213967141416397,0.00243600669607404,0.0010554529522954,0.000542228378750059,0.00156009801871763,0.00590021353714779,0.000787717524460076,0.000887019247282425
