Unknown,Source001,Source002,Source003,Source004,Source005,Source006,Source007,Source008,Source009,Source010,Source011,Source012,Source013,Source014,Source015,Source016,Source017,Source018,Source019,Source020,Source021,Source022,Source023,Source024,Source025,Source026,Source027,Source028,Source029,Source030,Source031,Source032,Source033,Source034,Source035,Source036,Source037,Source038,Source039,Source040,Source041,Source042,Source043,Source044,Source045,Source046,Source047,Source048,Source049,Source050
0.00355680327080464,0.226786251315452,0.101967133799384,0.241173534193955,0.177785298309998,0.152287782381212,0.000101072903734433,0.00760213684349129,0.00129126657361211,0.00117046800215252,0.00144115753659375,0.00190751362482905,3.86304385248487e-05,0.00650409906991564,0.00338488504901925,0.0011690633148025,0.00783890588639134,0.000414427972428551,0.000376117501695506,0.0082642660152517,0.00283677587338806,0.00152154601919582,0.00190047278251471,0.000471545131341179,0.0025884401075133,0.00547822224351812,0.00283108927311651,0.000469088658196283,0.000958462871408756,0.00103917351093003,0.000800156335411432,0.000139599449979334,0.00144168500201086,9.94557067178559e-06,0.000175933724767226,0.00424505998133059,0.00101343633768277,0.00283890261400373,0.000472369021644266,0.00113876589340659,0.00118326124434989,0.000828136660179588,0.000859651405931185,0.00467055297067473,0.00663784061226858,0.00219953968780782,0.000514989337450222,0.000547142314885554,0.000196849455690518,0.00187809687952767,0.00305245502595572
