Unknown,Source001,Source002,Source003,Source004,Source005,Source006,Source007,Source008,Source009,Source010,Source011,Source012,Source013,Source014,Source015,Source016,Source017,Source018,Source019,Source020,Source021,Source022,Source023,Source024,Source025,Source026,Source027,Source028,Source029,Source030,Source031,Source032,Source033,Source034,Source035,Source036,Source037,Source038,Source039,Source040,Source041,Source042,Source043,Source044,Source045,Source046,Source047,Source048,Source049,Source050
0.00128533899430559,0.173013220686872,0.100433249187863,0.184454526796503,0.230712539877163,0.211386463451599,0.00767776890043527,0.000847947400059472,0.00248497359881978,0.00393955403572279,0.000276370986093818,0.00864491832650354,0.00109717668891691,0.00122026880964447,0.00151548492596073,0.00551443065601889,0.00401498225430898,0.0010247058132879,0.00468164859970386,0.000934460761055529,0.00106842831502302,0.00149807310145038,0.00292835836673782,0.00157549271073915,0.00352458448789921,0.00115655541575217,0.00164805948346733,0.00221694128252389,0.000372856545538628,0.00159593851278543,0.000662799180951499,7.33333084326642e-05,0.00136246476229891,0.00638388792855546,0.00112545201659245,0.000216745981297313,0.00224093475038718,0.00194972865739038,0.00551286356164189,0.000912117562942211,0.00274688091397189,4.87330047387185e-05,0.00204167869917231,0.00510024958547026,0.00156280793631677,0.000908914719047381,0.00058410114398306,0.00138618272656124,0.0013468875915028,0.00091346215671952,0.000174454839271497
