Unknown,Source001,Source002,Source003,Source004,Source005,Source006,Source007,Source008,Source009,Source010,Source011,Source012,Source013,Source014,Source015,Source016,Source017,Source018,Source019,Source020,Source021,Source022,Source023,Source024,Source025,Source026,Source027,Source028,Source029,Source030,Source031,Source032,Source033,Source034,Source035,Source036,Source037,Source038,Source039,Source040,Source041,Source042,Source043,Source044,Source045,Source046,Source047,Source048,Source049,Source050
0.00187083807644075,0.154547524606344,0.124483393866357,0.310401659656852,0.177595564240366,0.132971857630081,0.000114254376988985,0.00123261491341988,0.00405386738001686,0.000510035947207042,0.00324058922523926,0.00210863212373219,0.00401706148912106,0.000830167764290822,0.00653656761378656,0.00144311031814369,0.00365391969279811,2.64845641699496e-05,1.09842553509512e-05,0.00392214528816794,0.000258231720133521,0.000157312906238408,0.00837955604710331,0.00105099273766038,0.00212421148112236,0.00170878044252341,9.37544403170652e-05,0.000500752122646432,0.00414537923253732,0.00172826629560765,0.00276205650716362,0.00160435946590513,0.00677750990312649,0.00107473288642567,0.000721646624406547,0.000121779119086708,0.00172910790192711,0.00108534069801971,0.000675626727368693,0.000527712269032319,0.0022442765615194,0.00128605673488394,0.00265188485755645,0.000255890178495179,0.00255965974574558,0.0032838753309357,0.004926689104162,0.000136071188623088,0.00421517591974929,0.00317869691481275,0.00446334090629072
