Unknown,Source001,Source002,Source003,Source004,Source005,Source006,Source007,Source008,Source009,Source010,Source011,Source012,Source013,Source014,Source015,Source016,Source017,Source018,Source019,Source020,Source021,Source022,Source023,Source024,Source025,Source026,Source027,Source028,Source029,Source030,Source031,Source032,Source033,Source034,Source035,Source036,Source037,Source038,Source039,Source040,Source041,Source042,Source043,Source044,Source045,Source046,Source047,Source048,Source049,Source050
0.00070672327320701,0.217935014513628,0.237592351208048,0.137676222753269,0.100619721627014,0.206176689898042,0.000821679078933816,0.00473103066884069,0.00074796383247261,0.0023897250846391,0.00880974872950281,0.00442384079245066,0.00240378310407422,0.000608231673108232,0.000924915897744962,0.00610262604750394,0.00246960108319301,0.000415813403964962,0.000262246011621172,0.00258452712453028,0.00146377550970415,0.00169279360236779,0.00133894376773924,0.000229589888582845,0.0012963948098811,0.00130340543161862,0.000695862623273006,0.00215622959706373,0.00344271692683622,0.000519870089427216,0.00399655071934483,0.000478324396115545,0.00136746369343007,0.00530565119691807,8.18689948059552e-05,0.00399384998747556,8.29228229753745e-05,0.00112838415802995,0.00230338161775389,0.00116545054158405,0.00220980973459347,0.00103106681659653,0.00240965231520067,0.00216803077897306,0.00287454682642124,0.00103970757231354,0.000790937190043618,0.00169081616952397,0.0123490317974294,0.000204919811890231,0.000785594806299594
