Unknown,Source001,Source002,Source003,Source004,Source005,Source006,Source007,Source008,Source009,Source010,Source011,Source012,Source013,Source014,Source015,Source016,Source017,Source018,Source019,Source020,Source021,Source022,Source023,Source024,Source025,Source026,Source027,Source028,Source029,Source030,Source031,Source032,Source033,Source034,Source035,Source036,Source037,Source038,Source039,Source040,Source041,Source042,Source043,Source044,Source045,Source046,Source047,Source048,Source049,Source050
0.00236983345280521,0.316825075406894,0.131030737079161,0.156773384397341,0.18265401470333,0.112716788413274,0.00640766357264447,0.00434544353352837,0.00337282930176531,0.000176541952078792,0.00157534458714805,0.00330505068575948,0.0024887754606229,0.000335439744369142,0.000479122407352949,0.000235740150667058,0.000239658484149211,0.000927123941125364,0.00046036726238523,0.000315195626255385,0.000662282338432243,0.00114540352939991,0.00161688136982077,0.00120008015081844,0.00048253166025969,0.00774519584161026,0.00376474621116597,0.000155450978959757,0.000902953365767196,0.00182596055887312,0.00367509148434097,0.00215156230103231,0.00399915018196506,0.000381390992002565,0.00142467612298402,0.00305911349068261,0.000278514236767426,0.0031027216514138,0.000773680398362721,0.00663890599811621,0.0067222925217096,0.000885749165277795,0.00124356258324138,0.0012420651238509,0.00245062345612242,0.000523764741641866,0.00107228056616963,0.00216771839007553,0.00507273039631388,0.00387554295753453,0.0027232470726305
