Unknown,Source001,Source002,Source003,Source004,Source005,Source006,Source007,Source008,Source009,Source010,Source011,Source012,Source013,Source014,Source015,Source016,Source017,Source018,Source019,Source020,Source021,Source022,Source023,Source024,Source025,Source026,Source027,Source028,Source029,Source030,Source031,Source032,Source033,Source034,Source035,Source036,Source037,Source038,Source039,Source040,Source041,Source042,Source043,Source044,Source045,Source046,Source047,Source048,Source049,Source050
0.00166480246505924,0.262435648863209,0.192280352170597,0.148223497684833,0.144021740627707,0.153038760653653,0.00291177590812482,0.00153185139474452,4.7401655993046e-05,0.00683336838595511,0.0015964143678089,0.000133608367078269,0.00195802396686402,0.000347001853035434,0.00720796064701139,0.0015909519656465,0.00135983806235958,0.000113038688150959,0.00286094329164616,0.00300855199721335,3.03545401891127e-05,0.00127653550050338,0.00137724250152068,0.00235638026252445,0.000537290229248148,0.00332526475827705,0.000908431627473874,0.00440520768466433,0.000165334235800524,0.00216116393468312,0.00152854683387666,0.00589929732776675,0.000199537279853649,0.000862899336141268,0.000377555705245946,0.000322592970111971,0.00500522125950744,0.00135723163947667,0.00422199545499499,0.000851003759813703,0.00498497357697701,0.00280434741095136,0.00110366010990194,4.34554680034893e-05,0.00413979985907262,0.00236234606974687,0.00210856653540124,0.00166344928872811,0.000539341767191363,0.00862532537435496,0.00129011468130599
