Unknown,Source001,Source002,Source003,Source004,Source005,Source006,Source007,Source008,Source009,Source010,Source011,Source012,Source013,Source014,Source015,Source016,Source017,Source018,Source019,Source020,Source021,Source022,Source023,Source024,Source025,Source026,Source027,Source028,Source029,Source030,Source031,Source032,Source033,Source034,Source035,Source036,Source037,Source038,Source039,Source040,Source041,Source042,Source043,Source044,Source045,Source046,Source047,Source048,Source049,Source050
0.00108537745023889,0.141661405762005,0.210489390640887,0.10798275511183,0.298686208685213,0.141180239800065,0.00349645340658922,0.00291092539331751,0.00110773980168887,0.00137818170697014,0.0045202996763892,0.00209227829031883,0.00020602913130435,0.00240725166829467,0.00215282037618856,0.00128057464145521,1.03937904006121e-05,0.00194616623595212,0.000929104079037014,0.00320084038194824,1.83243250835065e-05,0.00792067500996123,0.00191916095632929,0.000486225888986296,0.00263094298911207,5.39582518804197e-05,0.00395327931134875,0.000232240016883999,0.00189548403894885,0.0022907585307975,0.000864769274633959,0.000699837556580228,0.00361934948404245,0.00365958903234128,0.00660311854440216,0.000920868270772324,0.000710726043783507,0.000705356019469489,0.00133991790632774,0.00196473269126771,0.00272471618933715,0.00533392684587903,0.00927060019105499,6.79213508151683e-05,0.00193307652031749,0.000160209638190194,0.00329132046716133,0.00154245968198147,0.00100341065458112,0.000706256120927623,0.0027523521667082
