Unknown,Source001,Source002,Source003,Source004,Source005,Source006,Source007,Source008,Source009,Source010,Source011,Source012,Source013,Source014,Source015,Source016,Source017,Source018,Source019,Source020,Source021,Source022,Source023,Source024,Source025,Source026,Source027,Source028,Source029,Source030,Source031,Source032,Source033,Source034,Source035,Source036,Source037,Source038,Source039,Source040,Source041,Source042,Source043,Source044,Source045,Source046,Source047,Source048,Source049,Source050
5.35931365823524e-05,0.241725595302684,0.119081227547224,0.264244385843957,0.116686783591417,0.158262007714719,0.00032267753248921,0.0019836056526909,0.00294269664970828,0.00224174678619821,0.000547316877085785,1.23457076946473e-05,0.00126609079767458,0.000928504341116496,0.00352131910875207,0.00261192632000034,0.000591102787436562,0.00110787920137542,0.00314666435466575,0.00102136236718404,0.000950266625080971,0.00234668542286341,0.00140648518904243,0.00435101622228185,0.00301843824211496,0.00392875971506454,0.00545925963813672,0.00391435865894141,0.00205221429841169,0.00250062361450012,0.00264366845328102,0.00492373491553986,0.000699372616145899,3.31110913337772e-05,0.00263405452257041,0.00179455567607833,0.0137868490647224,0.000454554798812787,0.00330657155448019,0.00248655918749635,4.50690587404805e-05,0.00100904806740383,0.00266904119587466,0.00133627240093216,0.00052362114718244,0.000139355667383256,0.00163655303906867,0.000585298431362947,0.0048827699815248,0.00151790174864686,0.000665098134326191
