Unknown,Source001,Source002,Source003,Source004,Source005,Source006,Source007,Source008,Source009,Source010,Source011,Source012,Source013,Source014,Source015,Source016,Source017,Source018,Source019,Source020,Source021,Source022,Source023,Source024,Source025,Source026,Source027,Source028,Source029,Source030,Source031,Source032,Source033,Source034,Source035,Source036,Source037,Source038,Source039,Source040,Source041,Source042,Source043,Source044,Source045,Source046,Source047,Source048,Source049,Source050
0.00023487675725222,0.197385623478982,0.108214969943839,0.142758425329713,0.286447118234089,0.165193863013377,0.00134538551271403,0.00101910765074423,0.000650727939035944,0.00282490080153855,0.00302069566521448,0.00204767637090638,0.000353214227750455,0.000481095494818993,0.00341575554492187,0.00276558131905654,0.00538472975672391,0.00119082104560192,0.00637771653291835,0.00156261413320803,0.000264305813710115,0.000443937802322766,0.00182177984551273,0.00143537775916257,0.000248128214296833,0.000111515626301117,2.94443016929759e-05,0.000540139248746312,0.000894104373915906,0.00254904902625697,0.0031581137739608,0.0019489713652209,0.00217233285954387,0.000681234280408595,0.00612750470106901,0.00388476510818427,0.00536280358727607,0.00212635411742229,0.000471344385767985,0.00206217977574409,0.000263659131023221,0.00127122276318569,0.00114534174338096,0.00432375407961291,0.00157842856155848,0.00237796618943503,0.00300623332532485,0.0040166647666787,0.00457575549313567,0.00836101339586346,7.16758318789626e-05
