Unknown,Source001,Source002,Source003,Source004,Source005,Source006,Source007,Source008,Source009,Source010,Source011,Source012,Source013,Source014,Source015,Source016,Source017,Source018,Source019,Source020,Source021,Source022,Source023,Source024,Source025,Source026,Source027,Source028,Source029,Source030,Source031,Source032,Source033,Source034,Source035,Source036,Source037,Source038,Source039,Source040,Source041,Source042,Source043,Source044,Source045,Source046,Source047,Source048,Source049,Source050
0.0028028796897904,0.159296581898633,0.171912040836051,0.165102460571101,0.194403888186396,0.209285028507819,0.0026540786054799,0.000981856307082471,0.008479869959397,0.000253063857589363,0.00294888893707148,0.000265168699289093,0.000806655365036123,0.000165132425382875,0.000285704918796153,0.00713720879049386,0.00205633210527776,0.00381745500406909,0.00379105819207606,0.00333101847552499,0.00170470037119689,0.00110934141785495,0.000377076698713822,0.000148645730448003,0.00468734467252946,0.00580624209721286,0.000701569125412504,4.88977314851799e-05,0.000871754885114436,0.000567974947054139,0.00166926041868578,0.00115022003274227,0.000955523884298022,0.00901109618334028,0.000244991283354878,0.000380157634485016,5.9594187686505e-06,3.42062125423482e-05,0.000768712142950989,0.00193164149888066,0.00747406361803279,0.00136113611236499,0.00287718496481703,0.00217527705861658,0.0026128580278328,0.00453885696592446,0.00116162646118202,0.00210443846859894,0.00232328146658639,0.00046930229284301,0.000950286843773199
