Unknown,Source001,Source002,Source003,Source004,Source005,Source006,Source007,Source008,Source009,Source010,Source011,Source012,Source013,Source014,Source015,Source016,Source017,Source018,Source019,Source020,Source021,Source022,Source023,Source024,Source025,Source026,Source027,Source028,Source029,Source030,Source031,Source032,Source033,Source034,Source035,Source036,Source037,Source038,Source039,Source040,Source041,Source042,Source043,Source044,Source045,Source046,Source047,Source048,Source049,Source050
0.000630837650580581,0.178973434540476,0.228765830683296,0.142106848217614,0.103979535131328,0.246174351427286,0.00232667382552916,0.00220060575875767,0.00145245787080692,8.10453823194299e-05,0.00102442041456043,0.000380940166037629,0.000778189772074518,0.00243323316193457,0.00231813774687876,0.00158717287742302,0.00163723030114132,0.000425878504982871,0.00143604887822103,0.00261357101020411,0.00430078678507223,0.00311040609815684,0.00160252276936167,0.00176202661410001,0.000930699755823914,0.000168236802031075,0.00100175368646233,0.00234007344374126,0.000819654280893613,0.00421285240324789,0.00554326714410721,0.00047496673520719,0.000710967925281312,0.0115941170974502,0.00210136375783193,9.67560958973296e-05,0.0038870343558747,0.000608007657447555,0.00577444173356899,0.00149970280508777,0.00190083884278066,0.00177842498253185,0.000965858439137012,0.00389915440955633,0.00381309647080396,0.00197100633319018,0.00118106774295536,0.000782449788398286,0.00179931937654252,0.0053321759900904,0.00271052635591641
