Unknown,Source001,Source002,Source003,Source004,Source005,Source006,Source007,Source008,Source009,Source010,Source011,Source012,Source013,Source014,Source015,Source016,Source017,Source018,Source019,Source020,Source021,Source022,Source023,Source024,Source025,Source026,Source027,Source028,Source029,Source030,Source031,Source032,Source033,Source034,Source035,Source036,Source037,Source038,Source039,Source040,Source041,Source042,Source043,Source044,Source045,Source046,Source047,Source048,Source049,Source050
0.00242285899107882,0.259809468546296,0.194567071120217,0.206206633544574,0.124084237971098,0.115332588817814,0.00159790323135077,0.00191147518346763,0.000675949098372656,0.00148839551384549,0.00768857196784614,0.00573597138723804,0.000101470044531001,0.000433805111631112,0.0028384681494016,0.000902086055320088,0.00192309576761022,0.00108823764324132,0.000143092889471413,0.000917132697421944,0.000270472204900862,0.00222177895387229,0.00108136752464188,0.000823837294902398,0.000522932057942565,0.00450117893077849,0.000600323405233074,0.00066590195993252,0.002998136707793,0.00132348240408258,0.00534415778038335,0.00340354345559788,0.00334059463051998,0.000787612993649575,0.00175124789213353,0.000547760104427119,0.000906820956118321,0.000765600122590709,0.00095565247960983,0.00327387861226571,0.00377951848087219,0.00289836758657869,0.00736061694326705,0.00110725859844477,0.00340187037504108,0.00976590268446928,0.00174647239392884,1.84973121811573e-06,0.0014840474239854,0.000430337325562427,0.00206896425342822
