Unknown,Source001,Source002,Source003,Source004,Source005,Source006,Source007,Source008,Source009,Source010,Source011,Source012,Source013,Source014,Source015,Source016,Source017,Source018,Source019,Source020,Source021,Source022,Source023,Source024,Source025,Source026,Source027,Source028,Source029,Source030,Source031,Source032,Source033,Source034,Source035,Source036,Source037,Source038,Source039,Source040,Source041,Source042,Source043,Source044,Source045,Source046,Source047,Source048,Source049,Source050
5.73408062015138e-05,0.282578325862517,0.109484954050795,0.131546995239731,0.244765055447043,0.131624669399914,0.00401737209191564,0.0036554709201159,0.0019091911550461,0.00321720016565729,0.00419727465946113,0.00223987109245843,0.000590087444820851,0.000890237566171624,0.00218929288945161,0.000589621116148636,0.00124273363043746,0.000969447443370379,0.00273877973544709,0.00126501096899444,0.00252395523239519,0.00214406357705948,0.00232400011189563,0.00517341402368311,0.00208405183174068,0.000254460143857918,0.00250455269972272,0.00143491005792103,0.0048852167436688,0.00101450798248415,0.00154364393841204,0.00614908716562307,0.00291954527124173,0.00091402911215829,0.00266507676244062,0.00349694282940622,0.00230215710083848,0.000198116277303377,0.00340127478564216,0.000353146020772796,0.00106943529625083,0.00162976535804962,0.00151470398227237,0.00023603821616586,0.00161900620354202,0.00345096054687816,0.00281985090122848,0.000812005326022371,0.000604150942194555,0.00483712972334527,0.00335187015008488
