Unknown,Source001,Source002,Source003,Source004,Source005,Source006,Source007,Source008,Source009,Source010,Source011,Source012,Source013,Source014,Source015,Source016,Source017,Source018,Source019,Source020,Source021,Source022,Source023,Source024,Source025,Source026,Source027,Source028,Source029,Source030,Source031,Source032,Source033,Source034,Source035,Source036,Source037,Source038,Source039,Source040,Source041,Source042,Source043,Source044,Source045,Source046,Source047,Source048,Source049,Source050
0.00174467917480993,0.126839570685242,0.236486927795199,0.151647132175689,0.13064801162441,0.254378357719461,0.000626101522120242,0.00103854840185428,0.00584284572115356,0.00285059885975569,0.000364860653597575,0.000291662075462462,0.00145813419182129,0.00256511794351515,0.00298333181440446,0.00207648328710283,0.0040111010666303,0.00621702660709112,0.00199950066409662,0.00322182848815888,0.00262780811095562,0.00226334778038121,0.000973250155580723,0.00198850539664787,0.00453499212777988,0.00140483134043995,0.00337768744294529,0.00384157478456817,0.00100543671208511,0.000619808209875362,0.00353600238382903,0.000431559658251363,0.00680404759862599,0.00176617600674329,0.00176573754580924,0.00277302123823197,0.00137573248239286,0.00617395070967086,4.83689914372142e-05,0.000547007526682145,0.0017644532042986,0.00196704362925156,0.000115131293939034,0.000402703339226593,0.00146695304294669,0.0032858921439177,0.00116419325499594,0.00121911847145106,0.00312771564572664,0.000215921252695551,0.000120208047043064
