Unknown,Source001,Source002,Source003,Source004,Source005,Source006,Source007,Source008,Source009,Source010,Source011,Source012,Source013,Source014,Source015,Source016,Source017,Source018,Source019,Source020,Source021,Source022,Source023,Source024,Source025,Source026,Source027,Source028,Source029,Source030,Source031,Source032,Source033,Source034,Source035,Source036,Source037,Source038,Source039,Source040,Source041,Source042,Source043,Source044,Source045,Source046,Source047,Source048,Source049,Source050
0.00280224172056073,0.182523962166809,0.109606861728761,0.159135796887575,0.239380381290991,0.209352997925864,0.00180189123661529,0.00702131189282855,0.00215869376278054,0.0101584935583047,0.00313583820126746,0.000877757757571525,0.00145243786496034,0.00489372872420323,0.000490777105454147,0.00288712321768052,0.0028662924507496,0.0010082793404008,0.00245592426602665,0.00371380156049416,0.00107859306781582,0.000299464476147107,0.000109787694795353,0.00226470618854926,0.000357092615052746,0.000610815265070803,0.00168324873021739,0.000647398706265808,0.000517173438097577,0.00669641901138216,0.00475554055181377,0.00165693420648341,0.00161050449584853,0.00139955985602984,0.000583417932256386,0.000988847721465511,0.000214818893461743,0.00304282542334601,0.000881058100344084,0.00106682408168906,0.0013528662391747,0.000328414248979991,0.000312084517023775,0.00187153304649032,0.000599419579620977,0.00554933075679775,9.98224271478162e-05,0.000887882388749857,0.00445694378871315,0.00271668808884933,0.00363539180242171
