Unknown,Source001,Source002,Source003,Source004,Source005,Source006,Source007,Source008,Source009,Source010,Source011,Source012,Source013,Source014,Source015,Source016,Source017,Source018,Source019,Source020,Source021,Source022,Source023,Source024,Source025,Source026,Source027,Source028,Source029,Source030,Source031,Source032,Source033,Source034,Source035,Source036,Source037,Source038,Source039,Source040,Source041,Source042,Source043,Source044,Source045,Source046,Source047,Source048,Source049,Source050
0.000845093978952307,0.134783392259749,0.326842597471548,0.111052385006066,0.210175292654018,0.117146332608619,0.00161438924584421,0.00116153048547274,0.000532490073140825,0.00140697764138187,0.000476528926855313,0.000923343788006432,0.00195964842072282,0.00635948126267722,0.000774764008371256,0.000180033849303351,0.0047487649985333,0.00272772734763068,0.000313766521596053,0.00121617147262196,0.00351486159714645,0.00231910219713156,0.00419914836349673,0.000142374706489133,0.00386315394687883,0.00762502293936874,0.00212061795533839,0.0015432506996308,6.10026889810033e-05,0.00122381204226542,6.0850710078757e-05,0.00444834189186609,0.000257152745582763,0.000952271975425738,0.00566403311895607,0.000485437209416712,0.00163477572541696,0.0016580277713792,0.00371435191902711,0.000228778921090852,0.00051241513607429,0.00233927504600953,0.00333370892277724,0.00406351278624598,0.00911312277376181,0.000911923507490846,0.00180749908987999,0.00147742815700255,0.00143744165495392,0.00397630730735448,7.02844723716677e-05
