Unknown,Source001,Source002,Source003,Source004,Source005,Source006,Source007,Source008,Source009,Source010,Source011,Source012,Source013,Source014,Source015,Source016,Source017,Source018,Source019,Source020,Source021,Source022,Source023,Source024,Source025,Source026,Source027,Source028,Source029,Source030,Source031,Source032,Source033,Source034,Source035,Source036,Source037,Source038,Source039,Source040,Source041,Source042,Source043,Source044,Source045,Source046,Source047,Source048,Source049,Source050
9.23783507188405e-05,0.172937521553166,0.163109126481641,0.197770511767256,0.203460593007213,0.162722247190724,0.00115501002062222,0.000489406481823104,0.000742197302421128,0.00382374383972944,0.00105286972750413,0.000249393569997345,0.00105543965971783,0.00109719310762423,0.000306302516166254,0.0041241323341249,0.000557410439627513,0.0022150670503806,0.00382666619970475,0.00196867225563013,0.00683348778644873,0.00346743835008822,0.000844425404568836,0.000154486502161506,0.00401039136342146,0.000757623051118481,0.00123837999622136,0.000362092875229434,0.00331846333319582,0.00175901034693793,0.00123299910349654,0.00111018578296949,0.00280491000409487,0.00037118807348684,6.12774644208171e-05,0.00475174718993099,0.000202922371973596,0.00705887418020581,0.00103619773107262,0.00783631901983073,0.00101627078586059,0.00621158081685459,0.00161247324092252,0.00324127427226223,0.00410798469703434,0.00231397023947763,0.000565301599581537,0.0049520854861405,0.000522434029592497,0.00306834574060707,0.000419976305000001
