Unknown,Source001,Source002,Source003,Source004,Source005,Source006,Source007,Source008,Source009,Source010,Source011,Source012,Source013,Source014,Source015,Source016,Source017,Source018,Source019,Source020,Source021,Source022,Source023,Source024,Source025,Source026,Source027,Source028,Source029,Source030,Source031,Source032,Source033,Source034,Source035,Source036,Source037,Source038,Source039,Source040,Source041,Source042,Source043,Source044,Source045,Source046,Source047,Source048,Source049,Source050
0.00294479271964079,0.109088778148628,0.238085275124396,0.11128509924769,0.275200687610431,0.166340159868854,0.00450335215434858,0.00165714102666838,0.0052386337197303,0.000537389339243159,0.00277359746634045,0.00460982865140912,0.00145915706508279,0.00056623819354493,0.00118615324742845,0.000383462988995149,0.00142311416209196,0.0021361937873428,0.000428106122019107,0.000284500222525636,0.00336589872835792,0.0016704543774387,0.00185935083905177,0.00254573205522265,0.000843293869253574,0.00581083340754106,0.000929578765111253,0.00216180842220989,0.0035071604189289,0.00432700042267798,0.00027923342987187,0.00219931366320033,8.4502924272636e-05,0.00289838290074977,0.000462310856736473,0.000741378493732187,0.000164855975100634,0.00170006380702477,0.00517816216705763,0.000618174539838573,0.00387666446795042,0.00613893369600641,0.000488281019758918,0.00633444767223887,0.00182798160758962,0.00109908627730206,0.000538427745275243,0.0013932988784272,0.00132723271614108,0.00253137104112314,0.00296512394839684
