Unknown,Source001,Source002,Source003,Source004,Source005,Source006,Source007,Source008,Source009,Source010,Source011,Source012,Source013,Source014,Source015,Source016,Source017,Source018,Source019,Source020,Source021,Source022,Source023,Source024,Source025,Source026,Source027,Source028,Source029,Source030,Source031,Source032,Source033,Source034,Source035,Source036,Source037,Source038,Source039,Source040,Source041,Source042,Source043,Source044,Source045,Source046,Source047,Source048,Source049,Source050
0.0015956681583986,0.125626297659488,0.161087001711438,0.159122088472431,0.114454570792098,0.339710041364545,0.00090758869619311,0.000858458091448593,0.00191902172473275,0.00091834250443538,0.00108483395407533,0.000212620922337702,0.000605872341037107,0.000700826940101128,0.00117773795787062,0.0024684407746023,0.00126834379495325,0.00173306721182186,0.00127974806095837,0.00365271556291178,0.00204977117169908,0.00137665662473212,0.000291871645919913,0.000935078451571537,0.00211153564359486,0.00252246259818265,0.00474905012534332,0.00419143756569296,0.000161579032765041,0.00435769394259898,0.00213637944834255,0.00309028446723303,0.00201054804318523,0.00160035831021559,0.00434446558492948,0.000630425675414904,0.00546568524171164,0.00410321320053874,0.013740574837309,0.00639668754745613,0.00342286451898117,5.30919211785138e-05,0.00207603323567053,0.000570977029996079,3.67908604897203e-05,0.00122410390494934,0.000969412549446621,0.000988209806783344,0.000786661828586721,0.000908563393753135,0.00231424509585017
