Unknown,Source001,Source002,Source003,Source004,Source005,Source006,Source007,Source008,Source009,Source010,Source011,Source012,Source013,Source014,Source015,Source016,Source017,Source018,Source019,Source020,Source021,Source022,Source023,Source024,Source025,Source026,Source027,Source028,Source029,Source030,Source031,Source032,Source033,Source034,Source035,Source036,Source037,Source038,Source039,Source040,Source041,Source042,Source043,Source044,Source045,Source046,Source047,Source048,Source049,Source050
0.000673337295007183,0.188219294172541,0.13744336761042,0.163351190580607,0.170514685445845,0.240471462190588,0.00148868302716244,0.00323762436353753,0.000912097043864716,0.000527622519056821,0.000226347547354253,0.00647887528985989,0.00184616428122802,0.00168867216397445,5.46364270816856e-05,3.37501803064805e-06,0.000109442269012138,0.00130582388990585,4.21510775401811e-05,0.000279137998877183,0.000440070006391419,0.00356845937277773,0.00967460833149159,0.000142780946346964,0.00210441545702504,0.0033800889214231,0.000733638239100992,0.00236046377066593,0.00901266492890618,0.00345792389908011,0.000589878592280816,0.00240649725407405,0.00201175276807855,0.000235412012971584,0.00104157875453647,0.00255052866533908,0.0018138704205544,0.0097234107433956,0.00600950814733415,1.33017044607261e-05,0.000173505634827983,3.19195496508752e-06,0.00136331254411496,0.000991926127507625,0.00335992768621424,1.73317553907035e-05,0.00115666697245052,0.0038649977791925,0.00219959590891685,0.00506953634564564,0.00165516414304644
