Unknown,Source001,Source002,Source003,Source004,Source005,Source006,Source007,Source008,Source009,Source010,Source011,Source012,Source013,Source014,Source015,Source016,Source017,Source018,Source019,Source020,Source021,Source022,Source023,Source024,Source025,Source026,Source027,Source028,Source029,Source030,Source031,Source032,Source033,Source034,Source035,Source036,Source037,Source038,Source039,Source040,Source041,Source042,Source043,Source044,Source045,Source046,Source047,Source048,Source049,Source050
0.000732729831809396,0.184901981159168,0.148390554536076,0.115768791788706,0.252605702967056,0.198332969548995,0.00326349320540804,0.00115931694902935,0.000218639467362556,0.00126816912296185,0.000210611284333965,0.000880752353633177,0.00406397165965412,0.00275091839900399,0.00044199810985058,0.000510941951307201,0.00259142378512054,0.00253888938895755,0.000816801360017871,0.00870801600181979,0.000725455527335332,0.0068585021842562,0.000142585664867659,0.00911739306605929,0.000168909774680879,0.00408152079437547,0.00233922176778064,0.00207137449361033,0.00181690957477042,0.00279905852094759,0.00294905063395513,0.00722011620880494,0.00352493824232386,0.000545290446693347,0.00133262773268772,0.00173139359175701,0.00204166898583897,0.000847746491208014,0.00101491650112375,0.00239158039620406,0.00106760189135095,0.000410376774500949,0.000638217823361992,0.000360692640114114,0.000256744909094748,0.000391118777903955,0.00712647140687204,0.000524928751775432,0.00101405932230931,0.00233371444310562,0.00199913979006028
