Unknown,Source001,Source002,Source003,Source004,Source005,Source006,Source007,Source008,Source009,Source010,Source011,Source012,Source013,Source014,Source015,Source016,Source017,Source018,Source019,Source020,Source021,Source022,Source023,Source024,Source025,Source026,Source027,Source028,Source029,Source030,Source031,Source032,Source033,Source034,Source035,Source036,Source037,Source038,Source039,Source040,Source041,Source042,Source043,Source044,Source045,Source046,Source047,Source048,Source049,Source050
0.00189932328759756,0.161133108720719,0.135650888366501,0.146024181175791,0.345623524660522,0.111568297076467,0.00384538175550342,0.00287862278907944,0.000544329412184519,0.000599649191720486,0.003923914874886,0.000884219335230422,0.00129972617556144,0.000790922419127229,0.000281957328346404,0.000651948594477066,0.00162094073325029,0.00340724415302596,0.000273069872912581,0.00649983624247078,0.00128771004893189,0.000377291540827085,0.000738375909786499,0.00970440796676711,0.00201842879868956,0.000361507487217773,0.00107726843955616,0.000869650998226398,0.00148883251990437,0.000589257140222933,0.0010289429493222,0.00129449968978613,0.000611876243307218,0.00170816734587316,0.000317854799747988,0.0118609279626351,0.000142609668292296,0.000968424153350462,0.00705162154774415,0.00814685829192327,0.000273137992943686,0.000384602419203565,0.000852687463802431,0.00239703147191646,0.000981042927336786,0.00105078672855095,0.00277855752103836,0.000880518185551602,0.000563822180866525,0.00676672887699779,0.00202548456430648
