Unknown,Source001,Source002,Source003,Source004,Source005,Source006,Source007,Source008,Source009,Source010,Source011,Source012,Source013,Source014,Source015,Source016,Source017,Source018,Source019,Source020,Source021,Source022,Source023,Source024,Source025,Source026,Source027,Source028,Source029,Source030,Source031,Source032,Source033,Source034,Source035,Source036,Source037,Source038,Source039,Source040,Source041,Source042,Source043,Source044,Source045,Source046,Source047,Source048,Source049,Source050
0.00159446560842264,0.144966600047702,0.123657812847301,0.306850032224007,0.104919579273479,0.219605975607511,0.000743657732015488,0.00122589414843389,0.000449944406985588,0.00033196345616869,0.00428480335828069,0.000224302434950353,0.00721664059212484,0.00160557014673476,0.00417739392102108,0.00123335270666385,0.000567603852300369,0.00265434211365066,0.000575297243575258,0.000254646508538929,0.00707077926612681,0.00117381106677377,0.000883932493442633,0.000715420355097918,0.0016211029494468,0.00366524139479594,0.00109774773954922,0.00426461123865253,0.000173506287575841,0.00267222118680386,0.00352764841346203,0.00768228239112872,0.000985549414162676,0.00108717763293001,0.00213869048032384,0.00213861721274351,6.00457191591664e-05,0.00342872309078692,0.000343548652387821,0.000413242484006628,0.000392581335278308,0.000583107266578343,0.00125433596934193,0.00235207608948754,0.0024529670825904,0.00894796026428393,0.00157433470483222,0.000679423634235101,0.00209269080024033,0.00543290952873545,0.00195383562517265
