Unknown,Source001,Source002,Source003,Source004,Source005,Source006,Source007,Source008,Source009,Source010,Source011,Source012,Source013,Source014,Source015,Source016,Source017,Source018,Source019,Source020,Source021,Source022,Source023,Source024,Source025,Source026,Source027,Source028,Source029,Source030,Source031,Source032,Source033,Source034,Source035,Source036,Source037,Source038,Source039,Source040,Source041,Source042,Source043,Source044,Source045,Source046,Source047,Source048,Source049,Source050
0.00212843270902247,0.230545653016339,0.211582778224283,0.100765955019031,0.132071767800539,0.225033845939808,0.000236586799394348,0.00299307120488696,0.00236579434516024,0.000444911763550307,0.00602381527605514,0.00169931929189107,0.000265213020701249,0.00298026337527453,0.000968068085324627,0.00546976094318387,2.61996946795889e-05,0.000858926321422175,0.00320277700019336,0.000399339814929675,0.00554615782423766,0.00206001496852334,0.00173694170371873,0.000120564771463295,0.00373851492946898,0.003836608695639,0.00564919572100261,3.21338471945068e-06,0.00117125089844663,0.00410330149454982,0.000104948038438892,0.00397400289264847,0.00360532693107284,0.00372787216062896,0.000227286633475727,0.000437950099540469,0.0032236803489348,0.00177629014642027,0.00245209154393352,0.000763545363589393,0.000363285892499629,0.00292167290128598,0.000590606291165655,0.00449032591161352,0.00597797405483025,0.00055230698937865,0.00111067503187981,0.000266988079549207,0.00198985815436347,0.00213682061707978,0.00127824788023157
