Unknown,Source001,Source002,Source003,Source004,Source005,Source006,Source007,Source008,Source009,Source010,Source011,Source012,Source013,Source014,Source015,Source016,Source017,Source018,Source019,Source020,Source021,Source022,Source023,Source024,Source025,Source026,Source027,Source028,Source029,Source030,Source031,Source032,Source033,Source034,Source035,Source036,Source037,Source038,Source039,Source040,Source041,Source042,Source043,Source044,Source045,Source046,Source047,Source048,Source049,Source050
0.000462539861349438,0.139548315771608,0.232577332723685,0.262850720861126,0.158212687090129,0.106810943553453,7.4898311084297e-06,0.00148840038494665,0.00250572524679127,0.00190683022282556,0.000556683700536326,0.00285295669638101,0.00102812993014336,0.00141664467931897,0.00108819154659701,0.00303327633437654,0.0010818035307599,0.000153062585103315,0.00177538776307403,0.00342177218106405,0.00311554900104331,0.000548314238502676,0.00188204458459913,0.000244579999437527,0.00287580752723156,0.00266414114334555,0.00214998287039742,0.00204262192020544,0.00472409647026942,0.00125353646030318,0.00130224059173969,0.00627377366561359,0.002456543614937,0.00209443154094793,0.00157345595767711,0.0027286429726487,0.00163744045055693,0.00186537244613141,0.00152466113558393,0.00120373083735063,0.0135839778879976,0.000778484006450388,0.000213208902997377,0.000779226838915354,0.000508871698593644,0.000545202543748228,0.00147370835502781,0.00833352988619324,0.000903238394393862,0.00211804330012283,0.00382264626266168
