Unknown,Source001,Source002,Source003,Source004,Source005,Source006,Source007,Source008,Source009,Source010,Source011,Source012,Source013,Source014,Source015,Source016,Source017,Source018,Source019,Source020,Source021,Source022,Source023,Source024,Source025,Source026,Source027,Source028,Source029,Source030,Source031,Source032,Source033,Source034,Source035,Source036,Source037,Source038,Source039,Source040,Source041,Source042,Source043,Source044,Source045,Source046,Source047,Source048,Source049,Source050
0.000369593525528255,0.277061123070565,0.153409371697433,0.240757376715456,0.100915104313136,0.127857024203409,0.000785587850768052,0.00306311301246947,0.00133681366315192,0.00062416499325629,1.67379390564384e-06,0.0001971912720275,0.000180832676072604,0.00109248114871562,0.00277449001572752,0.000830915774741257,0.00668877157154346,0.000299526425634875,0.00118738608759534,0.000747229324883887,0.00492519305607625,0.000882110989705353,0.00612853949730641,0.00272491653178213,0.00771240798904958,0.00131965237631944,0.0041275191841878,0.00176985793369773,0.00201971793753314,0.000742607231705353,0.00183812441746527,0.00217495588634518,0.000141665050177894,0.000559039077812071,0.00211326509540036,0.00128679981957016,0.000629587568048914,0.000630467720665156,0.00131452660848691,0.00233377675808115,0.00178756754243508,0.00317088976663108,0.0116033381509823,0.004327523167474,0.000247815353151916,0.00481030175715207,8.38958248526461e-05,0.00588552566747323,0.00110874405184615,0.00112237050725079,0.000297526345312767
