Unknown,Source001,Source002,Source003,Source004,Source005,Source006,Source007,Source008,Source009,Source010,Source011,Source012,Source013,Source014,Source015,Source016,Source017,Source018,Source019,Source020,Source021,Source022,Source023,Source024,Source025,Source026,Source027,Source028,Source029,Source030,Source031,Source032,Source033,Source034,Source035,Source036,Source037,Source038,Source039,Source040,Source041,Source042,Source043,Source044,Source045,Source046,Source047,Source048,Source049,Source050
0.00414106491124023,0.160127419924082,0.271707845736385,0.104205780212252,0.167634365351304,0.196324588775977,0.00185634539254212,0.0025376404346724,0.000390816095302478,0.00474312996594301,0.00152123371733822,0.000669346369379613,0.00267762536694092,0.000100391011264977,0.00238774183418403,0.00305117827376822,0.00130091055033493,0.00380343571426244,4.87056784556964e-05,0.000858643288334714,0.006333769366868,0.00124123822304885,0.0021748379367148,0.00236721754553527,0.00534132024364914,0.00188495517799942,0.00281633029161018,0.000600019969431607,0.000784500147877959,0.00111360395597805,0.00197634797599914,0.000759603090978494,0.000681689112895555,0.00418877418271531,0.000152972205698246,0.00711170680142426,0.000209549235339332,0.000497539773254004,0.00111271606542157,0.00266581192577859,0.00528713945414954,0.00186146305381297,0.00212303012719033,3.87073909311721e-05,0.00154009104641604,0.000343343619312124,0.00356896995024254,0.00538944698789794,0.000208693301873101,0.00362079099487009,0.00191561224112238
