Unknown,Source001,Source002,Source003,Source004,Source005,Source006,Source007,Source008,Source009,Source010,Source011,Source012,Source013,Source014,Source015,Source016,Source017,Source018,Source019,Source020,Source021,Source022,Source023,Source024,Source025,Source026,Source027,Source028,Source029,Source030,Source031,Source032,Source033,Source034,Source035,Source036,Source037,Source038,Source039,Source040,Source041,Source042,Source043,Source044,Source045,Source046,Source047,Source048,Source049,Source050
0.000230362327271324,0.139480594414312,0.186211865916819,0.230378323040987,0.164222288281808,0.179706928346074,0.00220080644010667,0.00353043950802149,0.000922656338803923,0.00117889459252004,0.000705191325506941,0.00122273589630103,0.000774975048638086,0.00929495151336217,0.000500555888657254,0.002248512886652,0.00084120001098561,0.00316108022511104,0.00289440285997329,0.000279417315407223,0.00082870757422434,0.00161639349319642,0.00383559081299342,0.00158350455233798,0.000202282650157789,0.000484811711546287,0.00244641346864238,0.00208688639245282,0.00224906124561275,0.00204646096017628,0.00220371496905033,0.00274046424868695,0.00400837881784881,0.000219515215421882,0.000182312383553578,0.00207905517423338,0.000892550085476494,0.00148050265784998,0.00641380079166274,0.0023097108274487,0.00236582023796327,0.000550534412145982,0.00732896559482821,0.000765175295019268,0.00101135270111407,0.000476627709469951,0.00166266794268834,0.000301863910515193,0.0120080741713307,0.00306862528697243,0.000563992528061168
