Unknown,Source001,Source002,Source003,Source004,Source005,Source006,Source007,Source008,Source009,Source010,Source011,Source012,Source013,Source014,Source015,Source016,Source017,Source018,Source019,Source020,Source021,Source022,Source023,Source024,Source025,Source026,Source027,Source028,Source029,Source030,Source031,Source032,Source033,Source034,Source035,Source036,Source037,Source038,Source039,Source040,Source041,Source042,Source043,Source044,Source045,Source046,Source047,Source048,Source049,Source050
0.000444071847834946,0.11449204097661,0.129256793813803,0.406368421075,0.126283813517672,0.123598930616916,0.0012335054181935,0.00471437614266706,0.00242637867171494,9.73923298270791e-05,0.00273619232807138,0.00310465357313796,0.00236096479120228,1.25067074783327e-05,0.000388540650187654,0.00111374831822238,0.000608826637142694,0.00109009944426672,0.000997823804584759,0.00252418813635105,0.00146381944625437,0.000827016894970748,0.00817665566801302,0.00371280518655148,0.0105563469073235,0.00176864552658332,0.000185048791212435,8.71397649134643e-06,0.001416919229539,0.000664274391816761,0.00155693410285385,0.00318463151501416,0.00108277620582952,0.000654677848109539,0.00270045725309421,0.00278474604983884,0.00912149234637714,0.00148608471086596,0.00469974828513607,0.00628681424262116,0.00109667245945312,3.44693567290376e-05,4.06292989765968e-05,0.00352155872629828,0.00373790716263909,0.000971685913711908,0.00138591455843005,0.000935802967570374,1.15750745401308e-05,0.000346336914936501,0.00172557018733575
