Unknown,Source001,Source002,Source003,Source004,Source005,Source006,Source007,Source008,Source009,Source010,Source011,Source012,Source013,Source014,Source015,Source016,Source017,Source018,Source019,Source020,Source021,Source022,Source023,Source024,Source025,Source026,Source027,Source028,Source029,Source030,Source031,Source032,Source033,Source034,Source035,Source036,Source037,Source038,Source039,Source040,Source041,Source042,Source043,Source044,Source045,Source046,Source047,Source048,Source049,Source050
0.00046288650263412,0.208956777135002,0.127840772625305,0.283898913016114,0.171291442896242,0.108012094327337,0.00639437349986934,0.00767745231412597,0.000981981217604732,0.00542594087026302,0.00412638700660679,0.000737549678129646,0.0065500060072244,0.00402213216760178,0.0029828692974541,0.000548535366265651,0.000488205219466944,0.000369036151073077,0.00111914685282151,0.000504379354590596,0.00378835740017037,9.24015880960246e-05,0.00277036881288961,0.00174803579108967,0.00632996051825902,0.000783227845157483,0.00345912129346451,0.00349701037699735,4.72592564100219e-05,0.00166879385208774,0.000222188939681929,1.4376301413949e-05,0.000747435713284919,0.00280945968587159,0.00149580335502619,0.00453051179525487,0.00135144938254414,0.00266366694805765,0.00388389478286052,0.000171225015329249,0.00222799084439018,0.00122426556472183,0.000562785566330646,0.00169301852733837,0.00150901403012529,8.16676338750563e-05,0.0017732287902829,0.00536141378804348,0.000214322266785597,0.000837719502558117,4.91433258699565e-05
