Unknown,Source001,Source002,Source003,Source004,Source005,Source006,Source007,Source008,Source009,Source010,Source011,Source012,Source013,Source014,Source015,Source016,Source017,Source018,Source019,Source020,Source021,Source022,Source023,Source024,Source025,Source026,Source027,Source028,Source029,Source030,Source031,Source032,Source033,Source034,Source035,Source036,Source037,Source038,Source039,Source040,Source041,Source042,Source043,Source044,Source045,Source046,Source047,Source048,Source049,Source050
0.00177746224243789,0.256807524457301,0.120148036126782,0.130656149074991,0.260976134196008,0.131412156144918,0.000583419489338936,0.00111513294248977,0.00160452278342634,0.00115043999973897,0.00147042960232176,0.00154588209566355,0.00117379958017419,0.00142197211210707,0.00030017594511034,0.000327195216222416,0.000282965280078533,0.0018696498716989,0.000867360276122504,0.00362067945784237,0.000666786062681103,0.00470600625579086,0.00383414048485671,0.00119674000592417,0.001508347935648,0.00330542084375323,0.00290003208433852,0.00220991628804939,0.00127351857564737,0.00272845536509325,0.00114203527985076,0.00298102827943065,0.000783620706303512,0.000540306487480597,0.00102603125634584,0.00477549691242902,0.000892822314699909,0.00485351673434851,0.000382566060017133,0.000375052199917682,0.00394395027807869,0.00106695203734964,0.00353796209655035,0.00122176845646695,0.0106845962488843,0.00352257843881288,0.000103520971247892,0.0117123218824511,0.000568601354235972,0.00104369706956904,0.00140112413897344
