Unknown,Source001,Source002,Source003,Source004,Source005,Source006,Source007,Source008,Source009,Source010,Source011,Source012,Source013,Source014,Source015,Source016,Source017,Source018,Source019,Source020,Source021,Source022,Source023,Source024,Source025,Source026,Source027,Source028,Source029,Source030,Source031,Source032,Source033,Source034,Source035,Source036,Source037,Source038,Source039,Source040,Source041,Source042,Source043,Source044,Source045,Source046,Source047,Source048,Source049,Source050
0.00494828026025077,0.295567004241477,0.189902078151347,0.183202015637098,0.116052153305791,0.115276748664286,0.00214511827621885,0.00044870968176181,0.000311233034393112,0.000738785412560529,0.00155995798591696,0.00292528732194657,0.00166176405702222,0.00477498384068443,0.000173977873773121,0.00241239057228618,0.00254917844218427,0.00493854477002474,0.00290643314667412,0.00100576942328644,0.00376313600820292,0.00496473596981229,0.00558041932734079,0.00266959849107582,0.00218634470136817,0.00198812628649213,0.00153124877871461,0.00409034996164671,0.0019918561409666,0.00102827596323906,0.000462415700156831,0.00394498737828815,3.65088517971905e-05,0.0012624581508701,0.00123530675031114,0.000794166968081333,0.00330573050950167,0.000730164500214987,0.000332291944458277,0.00389339831457802,3.84761632925733e-05,0.00105797734380993,0.00396435942091642,0.00225653140952896,0.00280029397905381,0.000701803295054883,0.00259581053113864,0.00222996819968863,0.00197528197686758,0.000731991523576601,0.00235557136097103
