Unknown,Source001,Source002,Source003,Source004,Source005,Source006,Source007,Source008,Source009,Source010,Source011,Source012,Source013,Source014,Source015,Source016,Source017,Source018,Source019,Source020,Source021,Source022,Source023,Source024,Source025,Source026,Source027,Source028,Source029,Source030,Source031,Source032,Source033,Source034,Source035,Source036,Source037,Source038,Source039,Source040,Source041,Source042,Source043,Source044,Source045,Source046,Source047,Source048,Source049,Source050
0.000555819925110084,0.102433392111898,0.188870589789183,0.35118953126605,0.127629923226303,0.129876563606566,0.00279241303538135,0.000372178607687874,0.00122350136321807,0.00104329066434712,0.000466483316055256,0.00210206713431437,0.00167830074673825,0.00112609516039436,0.000454669615660127,0.00323911908490944,0.0067372194034725,0.0005495524172081,0.000445962773796551,0.00329676749913432,0.000185724973841323,0.000315004740206202,0.000686848858174666,0.00252962493270832,0.00364558847699031,0.00283966822905646,0.00567260534363947,0.00121992776944761,0.00525169219796881,0.00146890737394862,0.00609840258618548,0.00225516452535891,0.0102023206695901,0.00235107449756912,0.00306350102797757,0.00150866740289757,0.00125008267813647,0.000859626503678766,0.00141589587612086,6.42759235698681e-05,0.00302344784328881,0.000403826543251145,0.000168825262184861,0.000203209208769127,0.00211469317090267,0.000609629309954796,0.000599527558469825,0.0020437608864221,0.00448993005762114,0.00684784174632683,0.000527263078314425
