Unknown,Source001,Source002,Source003,Source004,Source005,Source006,Source007,Source008,Source009,Source010,Source011,Source012,Source013,Source014,Source015,Source016,Source017,Source018,Source019,Source020,Source021,Source022,Source023,Source024,Source025,Source026,Source027,Source028,Source029,Source030,Source031,Source032,Source033,Source034,Source035,Source036,Source037,Source038,Source039,Source040,Source041,Source042,Source043,Source044,Source045,Source046,Source047,Source048,Source049,Source050
0.00368910511744617,0.113098986910716,0.352615709040009,0.118085620315955,0.168380500053453,0.147819183679869,0.000866186931805043,0.00182811876357759,0.000914799546732204,0.00135719872424524,0.00127605092479314,0.00154488089867338,0.00141482704213318,0.00376521691227413,0.000626061041202558,0.000825791193280927,0.00104697786850163,0.00386369188012482,0.00114069645784047,0.000601164745958539,0.00857594130818303,0.00148042504462315,0.00263727247539328,0.00497044067181783,0.00189112221967617,0.00371964223578583,0.00157599245469815,0.00422257294885953,0.00160656146517809,0.00120639143160015,0.000784972532346363,0.00192570663809359,0.00435482638237564,5.65518742574664e-05,0.00126444336093399,0.000145660948990505,0.000427412087094039,2.79930796547592e-05,0.00069002495448418,0.00515566628150962,0.00111138119085505,0.00397546003102196,0.00289962686140479,0.00249493418082703,0.000185445786108816,0.00104476129834686,0.00303065026968322,0.00310683289362648,0.00293307450441739,0.00669988412535002,0.00103756041421399
