Unknown,Source001,Source002,Source003,Source004,Source005,Source006,Source007,Source008,Source009,Source010,Source011,Source012,Source013,Source014,Source015,Source016,Source017,Source018,Source019,Source020,Source021,Source022,Source023,Source024,Source025,Source026,Source027,Source028,Source029,Source030,Source031,Source032,Source033,Source034,Source035,Source036,Source037,Source038,Source039,Source040,Source041,Source042,Source043,Source044,Source045,Source046,Source047,Source048,Source049,Source050
0.000374989824954464,0.104283842446767,0.211422079911107,0.128132028728898,0.154715775524303,0.301446273388925,0.000456835815630578,0.00232143690021091,0.00174929398026165,0.000262195441242747,0.000265400488557396,0.00276320645059484,0.0038141179093155,0.000621794180984399,0.00510229623394176,0.00236767571755761,0.00189882233146059,5.90260954446793e-05,0.00582141673600229,0.00141220616688045,0.00707851107053876,0.00184074060417672,0.00146551548162705,0.00105103951826018,0.00612890015092003,0.00445726554550038,0.0016465627636194,0.00319027278010505,0.00341712021534236,0.00206884079855646,0.000980777689739077,0.00528312691226285,8.22754426202006e-05,0.00275545913171932,0.00197789858417078,0.00161322714075439,0.000670093822889365,0.0045212057008276,0.00442156300882113,0.000138388890979917,0.00152290684006545,0.00461729450651493,0.000549183746729853,0.000755255893060663,0.000144997498404022,0.0010299082386507,0.0009902908514635,0.00424365131259904,0.000678958168608639,0.000516633518902056,0.000871419898530254
