Unknown,Source001,Source002,Source003,Source004,Source005,Source006,Source007,Source008,Source009,Source010,Source011,Source012,Source013,Source014,Source015,Source016,Source017,Source018,Source019,Source020,Source021,Source022,Source023,Source024,Source025,Source026,Source027,Source028,Source029,Source030,Source031,Source032,Source033,Source034,Source035,Source036,Source037,Source038,Source039,Source040,Source041,Source042,Source043,Source044,Source045,Source046,Source047,Source048,Source049,Source050
0.00265027105864072,0.296415993593161,0.139628740178932,0.194752101557399,0.103163726645777,0.166039438024731,0.000491949888747189,0.00217966981517552,0.0010736856124223,0.000902385635181202,0.00303184034368964,0.00110650762930487,0.00116139336780672,0.00461373188318636,0.00258054861259083,0.000417073315359478,0.0002674645344181,0.00212811050878328,0.00120464528959017,0.00395258951477241,0.00196214172529019,0.00352811668320137,0.00163991237038137,0.000895095758251301,0.00124343385490903,0.00135223859701539,0.0006543361211654,0.0025498980623608,0.00150921127420403,0.00227381127635689,0.00344689285676295,0.000869468768409207,0.000963354335853882,0.00403281489946496,0.000663881604555748,0.00370115368600384,0.00606594229884096,0.000809181387837213,0.000505743133758393,0.000821726153717333,0.000725714151944153,0.0169980774064543,0.000727789738553353,0.000804115112042485,0.00278203970758147,0.00225405511172248,0.0041407335851963,0.0012196344499321,0.00212173308178304,9.05067105129388e-05,0.000885379086268286
