Unknown,Source001,Source002,Source003,Source004,Source005,Source006,Source007,Source008,Source009,Source010,Source011,Source012,Source013,Source014,Source015,Source016,Source017,Source018,Source019,Source020,Source021,Source022,Source023,Source024,Source025,Source026,Source027,Source028,Source029,Source030,Source031,Source032,Source033,Source034,Source035,Source036,Source037,Source038,Source039,Source040,Source041,Source042,Source043,Source044,Source045,Source046,Source047,Source048,Source049,Source050
0.000471541531665614,0.126209460350326,0.18649499562928,0.100247987777342,0.204070246337074,0.282977309905979,0.00116940203546753,0.00174565242327665,0.000732098848963903,0.000800014809735891,0.00641410945528704,0.00178345716835893,0.000671907248710199,0.00326567683362214,8.54062325822979e-05,0.00197087621796168,0.00362330787811474,0.000884500783119416,0.00174169029360011,0.000153271293513152,0.00040705482493284,0.00162987743203199,0.00121927529757121,0.00809820922303051,0.00363060032268474,0.00169363564938254,0.00290039102340086,0.000655682176771739,0.00255104701345843,0.00205398101307068,0.00340201845766997,3.89911954767318e-05,0.00197436718425067,0.00173275021562625,0.000559936890480827,0.0040493344541817,0.00138437427863867,0.000466691548158582,0.000386243528907197,0.000626984212448506,0.00340460810113293,0.00253902520604581,0.000701621085387515,0.00572055561473073,0.000696417467081109,0.0126539376759294,0.000184297022825692,1.36803460085439e-05,0.0023795624972296,0.00599804331464031,0.00073389267283439
