Unknown,Source001,Source002,Source003,Source004,Source005,Source006,Source007,Source008,Source009,Source010,Source011,Source012,Source013,Source014,Source015,Source016,Source017,Source018,Source019,Source020,Source021,Source022,Source023,Source024,Source025,Source026,Source027,Source028,Source029,Source030,Source031,Source032,Source033,Source034,Source035,Source036,Source037,Source038,Source039,Source040,Source041,Source042,Source043,Source044,Source045,Source046,Source047,Source048,Source049,Source050
0.00138834400171077,0.108879622429828,0.158933297519921,0.162705960637041,0.363744770339803,0.105736349073407,0.00131760255156042,0.00928237339931444,0.00288053637301678,0.000371941701692027,0.0025261415993819,0.000868428938588488,0.000341754556241794,0.00424825175912528,0.0024664947265987,0.00243701439894723,0.000822496464444704,0.000169599816410921,0.00512794409779158,0.00126795809499292,0.00376303421276949,0.00378519272890317,0.000686375232312545,0.00287082617867729,0.000183175584934811,0.000191710517850117,0.00364785305672614,0.00186569233597598,0.00465097789334875,0.00234688145141788,0.00199555626962924,0.00454805794614695,0.00319817242408836,0.00501462863037104,0.000375637348859699,0.000653211046956906,0.00241671269560407,0.00256185991740299,0.00105463248948029,0.00292254680635135,8.33509789379403e-05,0.000353241213067033,0.000270308486261199,0.000158519357973511,0.00536600533639807,0.00200896648511271,0.000580254015124357,0.00501765945273791,0.00103428806470408,0.000227199519432278,0.000650589842625854
