Unknown,Source001,Source002,Source003,Source004,Source005,Source006,Source007,Source008,Source009,Source010,Source011,Source012,Source013,Source014,Source015,Source016,Source017,Source018,Source019,Source020,Source021,Source022,Source023,Source024,Source025,Source026,Source027,Source028,Source029,Source030,Source031,Source032,Source033,Source034,Source035,Source036,Source037,Source038,Source039,Source040,Source041,Source042,Source043,Source044,Source045,Source046,Source047,Source048,Source049,Source050
0.000637267930141726,0.135111994398441,0.174467849161476,0.184246903485264,0.173072918320743,0.233100334634077,0.00273090412247703,0.00455801054282712,4.37046974778446e-05,0.00593631961742751,0.00615710274098956,0.00085532080661462,0.00142120171120335,0.00428074074043498,0.00114305224447247,0.00467749844241404,0.00027778158659642,0.00149900728453802,0.00108486557206262,0.00274623823911821,5.94969224263532e-05,0.000302012662393195,0.00439519288620261,0.0010073286475313,0.00105259121895554,7.57972118339617e-06,0.000461963943131693,0.00253251574348977,0.000658344154838733,0.000806597483380077,0.0111982603198633,0.000767008079578496,0.00384478978910612,9.16584715732398e-05,0.00747977229480318,0.00142143909236329,0.00167773840319853,0.0012948334751981,0.00273946953324447,0.00346545357503211,2.23864086310713e-06,0.0026081961600417,0.00120533879354794,0.00197991813647566,0.00191996390591154,0.000823511815508067,0.000514353393009784,0.000130780833799503,0.00110510273608196,0.00499182416033998,0.00140570872813173
