Unknown,Source001,Source002,Source003,Source004,Source005,Source006,Source007,Source008,Source009,Source010,Source011,Source012,Source013,Source014,Source015,Source016,Source017,Source018,Source019,Source020,Source021,Source022,Source023,Source024,Source025,Source026,Source027,Source028,Source029,Source030,Source031,Source032,Source033,Source034,Source035,Source036,Source037,Source038,Source039,Source040,Source041,Source042,Source043,Source044,Source045,Source046,Source047,Source048,Source049,Source050
0.00134030833040441,0.179578677069683,0.166178326744499,0.162832361097924,0.221923471737523,0.16948716335037,0.00206904608030368,0.00171073065041033,0.000259770183745585,0.00740145114122225,0.00181093648155631,0.000293427777048921,0.000698875625938938,0.000130703793227943,0.00373590845583592,0.000429993323679237,0.000806761915484883,3.32636361294347e-05,0.00321423795317873,1.63834500037922e-05,0.00038820585918253,0.000261954314042302,0.00196271877042085,0.00759502399841926,0.00231172613278045,0.0013042483030284,0.0059448636160153,0.00221836243361337,0.000674210750678904,0.00196328831230992,0.0109759814073804,0.00374879006871648,5.1352807310694e-05,0.000693639821016306,0.00396476031578737,0.00152912363921257,0.000566069451075119,0.00472301759210801,0.00144217530808672,0.000964241833974309,0.00106495348336255,0.00084683483337027,0.00396961789871301,0.000361935099689537,0.000203168054228559,0.000522627456369905,0.000374066552917667,0.00131704213820392,0.0125219312918106,0.000763492178647164,0.000818777479357132
