Unknown,Source001,Source002,Source003,Source004,Source005,Source006,Source007,Source008,Source009,Source010,Source011,Source012,Source013,Source014,Source015,Source016,Source017,Source018,Source019,Source020,Source021,Source022,Source023,Source024,Source025,Source026,Source027,Source028,Source029,Source030,Source031,Source032,Source033,Source034,Source035,Source036,Source037,Source038,Source039,Source040,Source041,Source042,Source043,Source044,Source045,Source046,Source047,Source048,Source049,Source050
0.0018683788370955,0.16646082652147,0.313465500560591,0.140800166825129,0.168232734431756,0.111040771661055,0.00143684699770204,0.00379585183494361,0.00027923981904917,0.00112736814114901,0.00168677101312285,0.00379501633696815,0.00142252694646,0.00408404316623555,0.00334043361313781,0.00683084154939834,0.000621163492299111,0.0042450888600871,0.000357433198451749,0.00046778029529043,0.00226680053375488,0.00427476512281724,0.000443176160421255,0.000583512815980865,0.00968054433812871,0.00198440018230256,2.35196774564866e-05,0.00103057983643998,0.00104554162234441,0.00148747648466561,9.43470399368673e-05,0.00154982673746831,0.00164448989366524,0.00132813736284063,0.00214322727377069,0.00134871909166334,0.00023716050934374,0.00315909136883371,0.00104915745349497,0.000111309312297732,0.000938641320872191,0.000810821682986681,0.00330800347678682,6.91113747512535e-05,0.00171544110213584,0.0044517342091604,0.00429003288176468,0.0111674171324961,0.00037206106010553,0.000455406838111391,0.00157676200181144
