Unknown,Source001,Source002,Source003,Source004,Source005,Source006,Source007,Source008,Source009,Source010,Source011,Source012,Source013,Source014,Source015,Source016,Source017,Source018,Source019,Source020,Source021,Source022,Source023,Source024,Source025,Source026,Source027,Source028,Source029,Source030,Source031,Source032,Source033,Source034,Source035,Source036,Source037,Source038,Source039,Source040,Source041,Source042,Source043,Source044,Source045,Source046,Source047,Source048,Source049,Source050
0.000456187364349048,0.137148112665114,0.110193307221747,0.149616321339484,0.160216870846337,0.342825387927319,0.00218308109719626,0.00291399801079461,0.00103377218782577,0.00319829319230145,0.00297947823883631,0.00359225849771428,0.000877627238283663,0.00235902296027692,0.000565350969665582,0.00336688815194255,0.00585972704165364,0.00348018470190416,0.00019652258327013,0.0005040545299917,0.00397343456403049,0.00082893107478073,6.1517672369725e-05,0.000157175462037307,0.00027000955235281,0.007681576229491,0.00809553621960157,0.00259630036045789,0.00314619850909127,0.000292569142142804,0.00101742920434584,0.00404474035737505,0.00193796204432367,0.000699282012471029,0.00682890616335962,0.000445947621753175,0.00118191225402024,0.00154769641177688,0.00328515543868704,0.0029027167124986,0.00383073722159308,0.00272613880135337,0.00129978192454463,9.85032065478551e-05,0.000912579431605947,0.000862091685048967,0.00305239817727825,0.000902022866813842,0.000933319645402542,0.000635107240843664,0.000185876025995039
