Unknown,Source001,Source002,Source003,Source004,Source005,Source006,Source007,Source008,Source009,Source010,Source011,Source012,Source013,Source014,Source015,Source016,Source017,Source018,Source019,Source020,Source021,Source022,Source023,Source024,Source025,Source026,Source027,Source028,Source029,Source030,Source031,Source032,Source033,Source034,Source035,Source036,Source037,Source038,Source039,Source040,Source041,Source042,Source043,Source044,Source045,Source046,Source047,Source048,Source049,Source050
0.000443993235090179,0.106027226928016,0.172378415791605,0.176497400491694,0.130498737864033,0.314598218924652,0.000188857381038143,0.00135587494270892,0.00368088357494853,0.00881084970806814,7.20661434923105e-05,0.000374667207164599,0.00304580229541981,6.0086690492459e-05,0.000648811487675513,0.00155502869729736,7.5310645341993e-05,0.000385682177027126,0.000531642496011237,0.00176230517682937,0.0057188542835376,0.00456741837085533,0.00206241799953997,9.21526923025157e-05,0.0010716294742656,0.00382154611482423,0.000484559315094891,0.00201206790181584,0.0073145083684391,0.000811919746082326,0.00182231945265426,0.000134267120902127,0.000883644527469012,0.00201120783173724,0.00158510469259516,0.00481519462956128,0.00347968518770833,0.000617070218436612,0.00665112170306519,0.00108458181712819,0.00227706090686034,0.000341425922364983,7.62528229463143e-05,0.00735776813816338,0.00290092934814985,0.00236361011316333,0.000446576376084587,0.0028493145690485,0.00458819401801833,0.000291193177313668,0.00247454130126616
