Unknown,Source001,Source002,Source003,Source004,Source005,Source006,Source007,Source008,Source009,Source010,Source011,Source012,Source013,Source014,Source015,Source016,Source017,Source018,Source019,Source020,Source021,Source022,Source023,Source024,Source025,Source026,Source027,Source028,Source029,Source030,Source031,Source032,Source033,Source034,Source035,Source036,Source037,Source038,Source039,Source040,Source041,Source042,Source043,Source044,Source045,Source046,Source047,Source048,Source049,Source050
0.00491907509131656,0.174392736533358,0.266147266547559,0.134899293918198,0.172905905068614,0.151654797932271,0.000903052978805367,0.00084685456942189,0.000939943229045048,0.00227543302662428,0.00145121270259778,0.00141779483363408,0.000621569014610917,0.000580550872797742,0.000274998368060658,0.00172516939827849,0.00055120882186105,0.00262526958113137,0.00202535710842182,0.00450792051958598,0.00431797161168542,0.00349323723575163,0.000230523980966513,0.000227737276888,0.00334358832676379,0.000139914905823962,0.00328398703889971,0.000680227347447848,0.00747040026881108,0.00954149534964178,0.00227595617597223,0.000488438536063655,0.00157902984766057,0.000138937726213165,0.00218192276547907,0.0021661682461581,0.00209890684875338,0.000751155222051843,0.000409153865999246,0.00182578003828114,0.0031535891832299,0.00372315152498336,0.00192643829841246,0.00167987719180239,0.00524373251928781,0.000837515774357618,0.00129748008351559,0.00106220132846847,0.00341564794828939,0.00306133375336953,0.00228908966277829
