Unknown,Source001,Source002,Source003,Source004,Source005,Source006,Source007,Source008,Source009,Source010,Source011,Source012,Source013,Source014,Source015,Source016,Source017,Source018,Source019,Source020,Source021,Source022,Source023,Source024,Source025,Source026,Source027,Source028,Source029,Source030,Source031,Source032,Source033,Source034,Source035,Source036,Source037,Source038,Source039,Source040,Source041,Source042,Source043,Source044,Source045,Source046,Source047,Source048,Source049,Source050
0.00158097213749414,0.105719401023381,0.142965348984152,0.326320492866542,0.122939547933846,0.202055209192079,0.00033317419119878,0.000661051731210259,0.000587524527658691,0.00603693182754541,0.0045715008957221,0.00177665450039751,0.00158647997797281,0.00433344862861165,0.000977861477998751,0.00130252566013463,0.00132196818901312,0.00229866285315787,0.000651014585567687,0.0014811137851611,0.000247260867975899,0.00079527996320369,0.00195221923743318,0.00304960483369055,0.00352248912158571,0.00115396611013417,0.000439144640374971,0.000983322124552316,0.000429945335811575,0.00332164494713681,0.00240516386760505,0.000681865051731726,0.00139267084158246,0.000718938169282176,0.0035631374143575,0.000434541851326535,0.002286278435854,0.000197888251482293,0.000431756499542411,0.000403045786686091,0.00679575625085114,0.00420504323739308,0.000372028146085081,4.66418716800705e-05,0.0128237358500176,0.00600006847331072,0.00275948917189476,0.001691863159566,0.00184134488417512,0.00381016505581761,0.00174281557901511
