Unknown,Source001,Source002,Source003,Source004,Source005,Source006,Source007,Source008,Source009,Source010,Source011,Source012,Source013,Source014,Source015,Source016,Source017,Source018,Source019,Source020,Source021,Source022,Source023,Source024,Source025,Source026,Source027,Source028,Source029,Source030,Source031,Source032,Source033,Source034,Source035,Source036,Source037,Source038,Source039,Source040,Source041,Source042,Source043,Source044,Source045,Source046,Source047,Source048,Source049,Source050
0.000802629600871764,0.13503778250902,0.252053936450432,0.180989505451589,0.165726212220649,0.16619256336831,0.000241225769822573,0.00513760676500736,0.00162277337881549,0.00294626667561895,0.00487227569761473,0.000473319179522101,0.00332634773154723,0.00198607229728844,0.00106282434672033,0.00280489290417138,0.000273269702165612,0.00116297323682769,0.00571314516679695,0.00209509784609877,0.00608394085600652,2.21702443557737e-05,0.00193603153800436,3.4726185184371e-05,0.000102305295958575,0.00283582611838723,0.00088008724944596,0.00236203332902632,0.000406818081233738,0.0123661580133907,0.000257899274401014,0.000528856441318431,0.000494557158404012,0.000162545014588015,0.00194763033315308,0.00155606258532873,7.51570898768259e-05,0.000615876600856408,0.00125431776378787,0.00498896421595375,0.00337386434450662,0.00129252289064094,0.00138019028417804,0.000251711245689909,0.00442614109616472,0.000865101281770689,0.000266111788069946,0.000138744234442307,0.00756084905546352,0.00515975490534099,0.00185232518618128
