Unknown,Source001,Source002,Source003,Source004,Source005,Source006,Source007,Source008,Source009,Source010,Source011,Source012,Source013,Source014,Source015,Source016,Source017,Source018,Source019,Source020,Source021,Source022,Source023,Source024,Source025,Source026,Source027,Source028,Source029,Source030,Source031,Source032,Source033,Source034,Source035,Source036,Source037,Source038,Source039,Source040,Source041,Source042,Source043,Source044,Source045,Source046,Source047,Source048,Source049,Source050
0.000432080773546682,0.125822205679426,0.126266430457515,0.234456576210777,0.193280275726658,0.220174511925624,0.00384809457011231,0.000514143282249641,9.39115132662401e-05,0.000213963345627588,0.000433352500483979,0.00420835443897453,0.00461034603211594,0.00447262458574572,0.00106383451544703,0.00406803123816651,0.000867751516690009,0.00108897753542011,0.00107899083462297,0.00252056257354829,0.000591458408217165,0.00111358509537765,0.0101025081932117,0.00193834047222647,2.29749344457319e-05,0.00285850415679988,0.000209784748451518,0.00226844218102974,0.00280243339709838,0.00148635402603741,0.000100303808264837,0.00725600920091345,0.00151022707546259,0.00446026170067971,0.0013442393719615,0.00119563558631416,0.00187379723066709,0.000485609780009576,0.00468694794295647,6.93502238779619e-05,8.65070111414318e-05,0.00091115624059295,0.000275666300422836,0.00137059160821877,0.00110718741510654,0.000435766134367034,0.00655583416862293,0.00132821616182356,0.00473099677680306,0.00132814152404378,0.00597814986883654
