Unknown,Source001,Source002,Source003,Source004,Source005,Source006,Source007,Source008,Source009,Source010,Source011,Source012,Source013,Source014,Source015,Source016,Source017,Source018,Source019,Source020,Source021,Source022,Source023,Source024,Source025,Source026,Source027,Source028,Source029,Source030,Source031,Source032,Source033,Source034,Source035,Source036,Source037,Source038,Source039,Source040,Source041,Source042,Source043,Source044,Source045,Source046,Source047,Source048,Source049,Source050
0.00132743301158216,0.240408567261768,0.128319507143677,0.141831668526898,0.123455790699632,0.265984466368024,0.000733292200602751,0.000338594706793032,0.00168061171539128,0.000943283509671321,0.000414644136277926,0.000673799957167354,0.00323986556875056,0.00799237190839905,0.000989865686563087,7.27296791448791e-05,0.000886589173772638,0.00335768564610928,0.000355336163471884,0.00137682937577434,0.00345305001304184,0.00213727966864483,0.000247660550064792,0.000549353051161618,0.000212170953229045,0.00495232631714138,0.00132066814385323,0.0103072150457734,0.00244770184549663,0.00183742758517327,0.0022625467321903,0.0023143074007838,0.000996104090234004,5.63614930307267e-05,0.00239636088476368,0.00462059342978286,0.00176069909479481,0.00110337453107789,0.000753706305001082,0.00674198686743182,0.0048577551272746,0.00102607870640873,0.00301212035302271,0.0038963400148767,0.0005842003664471,0.00021436971389052,0.000510928679362882,0.000674255339299309,0.00435697039868497,0.0026510827947141,0.0033620720638758
