Unknown,Source001,Source002,Source003,Source004,Source005,Source006,Source007,Source008,Source009,Source010,Source011,Source012,Source013,Source014,Source015,Source016,Source017,Source018,Source019,Source020,Source021,Source022,Source023,Source024,Source025,Source026,Source027,Source028,Source029,Source030,Source031,Source032,Source033,Source034,Source035,Source036,Source037,Source038,Source039,Source040,Source041,Source042,Source043,Source044,Source045,Source046,Source047,Source048,Source049,Source050
0.00328926846202972,0.115171623289617,0.282293948414453,0.1148944482884,0.199576185599271,0.18806379440826,0.0013050305594216,0.00134699950511077,0.000167995898553646,0.00135146548141706,0.00641847661563017,0.00443124509789227,0.00047187589949494,0.000414718442691161,0.000678455355083872,0.00190600183498591,0.00356866145894977,0.00034183701938942,0.00190460379047951,0.0121219126497776,0.000676170026443617,0.000434833302767053,0.000949395972312958,0.000227993673518788,0.00409874061303891,0.00171355627410712,0.00163768639373998,0.00199269951746044,6.02983589475079e-05,0.0020128469554242,0.00324315648509313,9.18833036682022e-05,0.00432284429098368,0.000307390847638552,0.00180890130344409,0.00299742434450933,0.00163994155948153,0.00117707057694013,0.00251532320902015,0.000546043045702001,0.000768417845122223,0.00166277035783279,0.00110981878952756,0.0044041433216141,0.00251189807772234,0.00639236572800502,0.00440976758460142,0.000427873486068772,0.00598398320767541,7.50130869866004e-05,8.12003896949196e-05
