Unknown,Source001,Source002,Source003,Source004,Source005,Source006,Source007,Source008,Source009,Source010,Source011,Source012,Source013,Source014,Source015,Source016,Source017,Source018,Source019,Source020,Source021,Source022,Source023,Source024,Source025,Source026,Source027,Source028,Source029,Source030,Source031,Source032,Source033,Source034,Source035,Source036,Source037,Source038,Source039,Source040,Source041,Source042,Source043,Source044,Source045,Source046,Source047,Source048,Source049,Source050
0.000649710800979752,0.208684988453452,0.181373159794446,0.162350397401174,0.123383188805371,0.224208265545556,0.00529769204075864,0.00277940605394812,0.00233289513098527,2.92503981475381e-05,0.00471394612379748,0.00388719460291246,0.00250061261912704,0.000153996534015066,0.000791420787898315,0.000211258943140728,0.00211033386866482,0.00498410428850603,0.00484785589930531,0.000189569936624055,0.000451895308092153,0.00376886114834079,0.00435437845262245,8.14107587855557e-05,0.00139008768524449,0.00198477766409185,0.000514175458447653,0.00241661554203319,0.000612088716459554,0.00313136791958688,0.000638419580761882,0.00537167506212357,0.00235056984752783,0.00186438870952525,0.00183809152820505,0.000328338928979099,0.00145131907110555,0.00277597377443321,0.000963831095101756,5.30941894476782e-05,0.00544591020433985,0.00165723902209267,0.0053531789598707,0.000620742734499645,0.00702293701750549,0.00151448684160059,0.000492438252487042,0.000888010097870285,0.000937465373229404,0.000349913415565908,0.00389706961121235
