Unknown,Source001,Source002,Source003,Source004,Source005,Source006,Source007,Source008,Source009,Source010,Source011,Source012,Source013,Source014,Source015,Source016,Source017,Source018,Source019,Source020,Source021,Source022,Source023,Source024,Source025,Source026,Source027,Source028,Source029,Source030,Source031,Source032,Source033,Source034,Source035,Source036,Source037,Source038,Source039,Source040,Source041,Source042,Source043,Source044,Source045,Source046,Source047,Source048,Source049,Source050
0.000336026281051852,0.145896930401449,0.342308261869063,0.104824112873467,0.181443541523718,0.125527153332302,0.000275616176909379,0.00983459105641598,0.000985982066324185,0.000774428159708249,0.000841893128610005,0.00307973457981034,0.00418648597097366,0.000809794956990611,0.00367425720256177,0.00209579363875525,0.00164437145128706,0.00248204422131112,0.00166461672164741,0.00401874698077828,0.00036887876179679,0.00128495472570815,0.000579270466642557,0.00346020659670354,0.00168408488074886,0.000975125827569439,0.00122657414277521,0.00349805647642911,0.000141347604540651,0.00141358227284063,0.00206799954147904,0.00401253829613133,0.0048841730922347,0.00711050606939972,0.00338943787940444,0.00126037791054569,0.0001830917545055,0.000719346339695242,0.000916391906985704,0.00124700452707938,0.00259385885578598,0.000231130897767182,0.00316554107767276,0.00237456310355151,0.00390970314621468,0.000207103834067772,0.00131212104322151,0.00295399675295576,0.00298579162431875,0.00262037164549708,0.000518486352596189
