Unknown,Source001,Source002,Source003,Source004,Source005,Source006,Source007,Source008,Source009,Source010,Source011,Source012,Source013,Source014,Source015,Source016,Source017,Source018,Source019,Source020,Source021,Source022,Source023,Source024,Source025,Source026,Source027,Source028,Source029,Source030,Source031,Source032,Source033,Source034,Source035,Source036,Source037,Source038,Source039,Source040,Source041,Source042,Source043,Source044,Source045,Source046,Source047,Source048,Source049,Source050
0.00269384443775632,0.127889574987781,0.33349292666672,0.181903392027897,0.134281056903204,0.1224330494144,0.000228281188514404,0.00502798264416101,0.00856196781181725,0.00183624305856957,0.000466191440849683,3.80558391808742e-05,0.000492691674009188,0.000600757192377514,0.00360345825253532,0.00142495525648541,0.00313310962270162,0.000280500220653024,0.00558083903783499,0.000161485982347057,0.00421315076171308,0.00152722069074551,0.00162622787172152,0.0062286650650424,0.00118443668404009,0.000819592504861845,0.00183578645472696,0.000971189074736965,0.00196525454074433,0.00149928521643073,0.000541107850176979,0.00158850637333553,0.000373330959856278,2.40029825029835e-05,0.00312823141272977,0.00330254584185437,0.000157945898413143,0.00196638393048302,0.00597628070905865,0.00125707103172164,0.00116016894364955,0.00107038356110423,0.00146214976803785,0.00490695539852568,0.00451095541907007,0.0017121938888342,0.00128043062249153,0.000407571157368996,0.0081483361963896,0.000276226551134779,0.000748048978704475
