Unknown,Source001,Source002,Source003,Source004,Source005,Source006,Source007,Source008,Source009,Source010,Source011,Source012,Source013,Source014,Source015,Source016,Source017,Source018,Source019,Source020,Source021,Source022,Source023,Source024,Source025,Source026,Source027,Source028,Source029,Source030,Source031,Source032,Source033,Source034,Source035,Source036,Source037,Source038,Source039,Source040,Source041,Source042,Source043,Source044,Source045,Source046,Source047,Source048,Source049,Source050
0.00069312112064026,0.231899085457204,0.107469335936633,0.211713960873828,0.1360984487435,0.212819168988836,0.000767575447910031,0.00441781976682675,0.00177729378288427,0.00152679848176774,0.0045652798448119,0.00193211296973578,0.00437644451932581,0.00448999270191004,0.000943283249347065,0.00168265553515156,0.00278949904643203,4.00858874754363e-06,0.00627517010989017,0.00038718778924317,0.00177051779812151,0.00173302396015923,0.00286337908922973,0.00256887198476404,0.00105772152808573,0.00125356709634016,0.000619220228953551,0.000255651764905041,0.00415807556574003,0.000484150116458494,0.000121307281131885,0.000959181747385703,0.00413896970611346,0.000382549132834464,0.00421246608944471,0.000693566320694212,0.00255041823372948,0.00256755130215165,0.00299981336808175,0.0016700728353525,0.00156044129386096,0.00346217522988482,0.00179679229107108,0.00113930525740974,0.00644020688050877,0.0033155730552827,0.000540614469314138,0.00448993378638389,0.00110202150316241,0.000644339798236579,0.00182027833058344
