Unknown,Source001,Source002,Source003,Source004,Source005,Source006,Source007,Source008,Source009,Source010,Source011,Source012,Source013,Source014,Source015,Source016,Source017,Source018,Source019,Source020,Source021,Source022,Source023,Source024,Source025,Source026,Source027,Source028,Source029,Source030,Source031,Source032,Source033,Source034,Source035,Source036,Source037,Source038,Source039,Source040,Source041,Source042,Source043,Source044,Source045,Source046,Source047,Source048,Source049,Source050
0.00106973090975828,0.125867508499023,0.347197185087777,0.153128194910737,0.157682413734182,0.116124697768282,0.00347042368333464,2.56781379529377e-05,0.00425714709937424,0.000986773713528967,0.00176118195164428,0.000395304494802119,0.00170776762420798,0.000343695870428365,0.000880511950182856,0.00580564421644359,0.00138043063926965,0.0139373704367401,0.0026103184036246,0.000890494513328295,0.000718794668498129,0.00113619547392773,0.0046730260925808,0.00320322838871167,0.0023621040847652,0.0016628541305676,0.00222001349640332,0.0036048724596871,0.00167248626398958,0.000285442009415577,0.00107357947708758,0.000101752219365037,0.00259091319202434,0.00031580515472045,0.0027939036284228,0.00557792829541383,0.00106494312826696,0.00342932546389299,0.00309666088437588,0.00258691525218232,0.00184861688576147,0.0019805562251766,0.000182897787314552,0.00357399922992167,1.49904918038169e-05,0.00017931184542366,0.00114110381776623,0.000191356051523194,0.00165346574974363,0.00150023477785183,0.00404024972879356
