Unknown,Source001,Source002,Source003,Source004,Source005,Source006,Source007,Source008,Source009,Source010,Source011,Source012,Source013,Source014,Source015,Source016,Source017,Source018,Source019,Source020,Source021,Source022,Source023,Source024,Source025,Source026,Source027,Source028,Source029,Source030,Source031,Source032,Source033,Source034,Source035,Source036,Source037,Source038,Source039,Source040,Source041,Source042,Source043,Source044,Source045,Source046,Source047,Source048,Source049,Source050
0.000961111264874771,0.100464330639473,0.285800346456276,0.305794261689526,0.107654530397278,0.100286530817446,0.000391774044020624,0.000687725829933011,0.00371522973142399,0.000675449936813143,0.00203346564368928,0.000497896194416431,0.00338763889142221,0.000697351179321974,0.000400630998021639,0.00191782464082911,8.33504979225735e-05,0.000318632802020979,0.000647517885465843,0.00484242940490173,0.00378030486638224,0.00898634590265276,0.00227065665028548,0.000867404045063577,0.00552351668415572,0.00248168191782809,0.00184435557977954,0.0013290754757739,0.00226232644503443,0.000513841102312137,0.000375942304591632,0.00406896227729171,0.000753480330507698,0.00851996699347831,0.00210125490896362,0.00087748207449291,0.000382073606827568,0.00384526508194731,0.00303078607177041,0.0031481080631829,0.00169484528476059,0.000349086749025641,0.00193805963546397,0.00173820797562262,0.00118944663728238,0.00749608791252604,0.00241548698559368,0.000798806126376656,0.00139513350355808,0.00139841631290336,0.00136556354948773
