Unknown,Source001,Source002,Source003,Source004,Source005,Source006,Source007,Source008,Source009,Source010,Source011,Source012,Source013,Source014,Source015,Source016,Source017,Source018,Source019,Source020,Source021,Source022,Source023,Source024,Source025,Source026,Source027,Source028,Source029,Source030,Source031,Source032,Source033,Source034,Source035,Source036,Source037,Source038,Source039,Source040,Source041,Source042,Source043,Source044,Source045,Source046,Source047,Source048,Source049,Source050
0.00102149123662859,0.25788863738,0.172622885635241,0.128376426947261,0.231755433491044,0.109356616546454,9.19769973946864e-05,0.000319574224527581,2.59585999593185e-05,0.00010154831883575,0.000915020620320561,0.00459878330880072,0.000972709663718397,0.0017046272387533,0.00486744725052288,0.0117331089573583,0.00771647302989848,0.000874283192317847,0.00127626973521881,0.00156907064228144,0.00101871165466235,0.000669409174895238,0.00604124771504938,0.000428398066468209,0.00155115063724379,0.000562993060048495,0.00234368662644205,0.000529509957764484,0.00091852058620724,0.00204664299473117,0.00313691116778014,0.00430604794590343,0.000215586005773048,0.00226725538254382,0.000472283872263691,0.000380946355059423,0.00722937582350705,0.00253195379999373,0.00368409906143924,0.00436814941315076,0.000952358535951077,0.00190057024529764,0.00151373625002159,0.0011490410213761,0.00339674535468645,0.00393276866509702,0.0024711987045109,0.000536122553874976,0.000140271050210059,0.000446473131141611,0.00106949217036918
