Unknown,Source001,Source002,Source003,Source004,Source005,Source006,Source007,Source008,Source009,Source010,Source011,Source012,Source013,Source014,Source015,Source016,Source017,Source018,Source019,Source020,Source021,Source022,Source023,Source024,Source025,Source026,Source027,Source028,Source029,Source030,Source031,Source032,Source033,Source034,Source035,Source036,Source037,Source038,Source039,Source040,Source041,Source042,Source043,Source044,Source045,Source046,Source047,Source048,Source049,Source050
0.000428362180938057,0.12453625466887,0.149287386820654,0.322142123797083,0.129191907544571,0.174842327168822,0.00162151635527309,0.00106753796879342,0.00832231124375424,0.00136258961204647,0.00213823306274979,0.000794836843398822,0.00405607806749862,0.0062550860487077,0.000817628913217589,0.00021952033138435,0.00878796570406794,0.000640023399354913,0.00023197216071153,0.00170445880168361,0.00483826294253263,0.00193966757696305,0.000118442991586871,0.00315654062199786,0.000528823041611473,0.000381159967210026,0.00111309790175806,0.00189172200464272,0.000970131312843008,0.00797336430441332,0.00569230615564285,0.000428360508524052,0.000235445725582569,0.00421987175948491,0.00511546537860111,0.00282029910813061,0.00153911343524187,0.00241529239800833,8.95407485958426e-05,0.00052182004182499,0.000583328822964402,0.000231498950729431,0.000357902117430641,0.00107468038439837,0.00205771646198671,0.0011589136225733,0.00489949502489342,0.00184929337003505,6.67741596056588e-05,0.000464329360473462,0.00281921910613324
