Unknown,Source001,Source002,Source003,Source004,Source005,Source006,Source007,Source008,Source009,Source010,Source011,Source012,Source013,Source014,Source015,Source016,Source017,Source018,Source019,Source020,Source021,Source022,Source023,Source024,Source025,Source026,Source027,Source028,Source029,Source030,Source031,Source032,Source033,Source034,Source035,Source036,Source037,Source038,Source039,Source040,Source041,Source042,Source043,Source044,Source045,Source046,Source047,Source048,Source049,Source050
0.00613119415671459,0.140983881639199,0.216598063710928,0.133089920194577,0.26990708941026,0.139421045045036,0.00664651196954514,0.00225499634055962,0.000539947586516312,0.00425346128881113,0.00699606040930854,0.00126351857890415,0.000899346739079954,0.000645098670952162,0.00103332788626489,0.00119614548961784,0.00144101838777224,0.000170910318463855,0.00039093766381808,0.000893872803568408,0.00191599634440893,0.000157956631138065,0.00588991143330634,0.00100487357309412,1.91558118137386e-05,0.00188084408074113,0.00107021164153997,0.00505868784934215,0.00157372930737833,0.00162852257254337,0.00484603028729506,0.00266809875819122,0.000806393657269402,0.000807436541292962,0.00801089853803575,0.000508788560275887,0.000888416957517443,0.000240217765435656,0.00022453086815863,0.00148566260265152,0.00143707725373471,0.0041115520790977,0.000121992406312713,9.5619340014478e-05,0.00119678443389547,0.00217344810353652,0.00132545200920463,0.00260542150461837,0.00879273370479527,0.0018408157489265,0.000856391344537002
