Unknown,Source001,Source002,Source003,Source004,Source005,Source006,Source007,Source008,Source009,Source010,Source011,Source012,Source013,Source014,Source015,Source016,Source017,Source018,Source019,Source020,Source021,Source022,Source023,Source024,Source025,Source026,Source027,Source028,Source029,Source030,Source031,Source032,Source033,Source034,Source035,Source036,Source037,Source038,Source039,Source040,Source041,Source042,Source043,Source044,Source045,Source046,Source047,Source048,Source049,Source050
0.000209278636254966,0.21001599077796,0.171969823609325,0.146940616956238,0.178555572432805,0.192517996223673,0.00909514518008826,0.000457981441333659,0.00117924169265088,0.000564866746727839,0.00408710207928209,0.00484813724976025,5.26636672281245e-05,0.000466337403009105,0.00318703771236468,0.0025226991415641,0.00195168073540159,0.00684869267203683,0.00464084243779348,0.00210970919888731,0.00148016040075137,0.00322234845079138,0.00135985259463661,0.000567750085008235,0.00228103651068799,0.000876209680500512,0.000887866341606451,0.001262452859267,0.000995120976783779,0.00269695152923411,0.00458885545436471,0.00158443046707712,0.00617458526128376,0.00067794239079411,0.000177229013229354,0.00741063972905415,0.00352971319626475,0.00130161279885471,0.000312034142198333,0.00391032168174643,0.000339495063971601,4.9730433944053e-05,0.00287323242686264,0.000548256465398463,0.000713121837064863,0.000353698033985647,0.00232112739252787,0.000287393257573008,0.000482783696299626,0.00258678443207219,0.00192584740178198
