Unknown,Source001,Source002,Source003,Source004,Source005,Source006,Source007,Source008,Source009,Source010,Source011,Source012,Source013,Source014,Source015,Source016,Source017,Source018,Source019,Source020,Source021,Source022,Source023,Source024,Source025,Source026,Source027,Source028,Source029,Source030,Source031,Source032,Source033,Source034,Source035,Source036,Source037,Source038,Source039,Source040,Source041,Source042,Source043,Source044,Source045,Source046,Source047,Source048,Source049,Source050
0.000976590956908531,0.268229469463725,0.203551984439785,0.182842790934503,0.137391964618901,0.107983790543085,0.00376456781096636,0.000395564601576694,9.68245034688167e-06,0.00220361657123492,0.00358379720150087,0.00120510030360091,0.000964710674025343,0.00184973378470111,0.00317763361298264,6.07249632253834e-05,0.00115352428779673,0.000465357646250853,0.00238661693876452,0.00034147084506557,0.00338739149229092,0.00256799610774749,0.00645679928377132,0.00546440419851307,0.000385216699249418,0.00265559305977089,0.000289661565999586,0.00296516847957645,0.00448376280559515,0.00235737801137914,0.000496453123632187,0.00119269081066506,0.000940307555495531,0.000218170775044835,0.000412410994895285,0.00102227961364897,0.000497224604067131,0.0130914314039704,0.00021262005509539,0.00283451449940873,0.00215891092093955,0.00173234063914863,1.34205360564576e-05,0.0018805622320929,0.00112051560106384,0.000555117928350491,0.00984711244564673,0.000262575642420081,0.000522395054829022,0.00681728869121803,0.000619592519470012
