Unknown,Source001,Source002,Source003,Source004,Source005,Source006,Source007,Source008,Source009,Source010,Source011,Source012,Source013,Source014,Source015,Source016,Source017,Source018,Source019,Source020,Source021,Source022,Source023,Source024,Source025,Source026,Source027,Source028,Source029,Source030,Source031,Source032,Source033,Source034,Source035,Source036,Source037,Source038,Source039,Source040,Source041,Source042,Source043,Source044,Source045,Source046,Source047,Source048,Source049,Source050
0.00167932205960615,0.226656237486483,0.153433713890527,0.220510140465707,0.190423550705466,0.108976357451817,0.0010460461572532,0.000905584453020846,0.00042976648924954,0.00198388408960561,0.00488486361906662,0.00249701511914743,0.00536841757321903,0.00251762337338119,0.000229006701377768,0.000985559581177344,0.000652713594531598,0.000237194796493281,0.00140357082795792,0.0003060185349313,0.00148921956903896,0.000837795663927278,0.00184261957130215,0.000155020330936042,0.00192214424389793,0.00373041314698578,0.00066194840340706,0.00256322413154422,0.00444074491256202,0.00468060429315039,0.00637749597548538,0.00447814959546667,0.00195651676326395,0.00238492498224224,1.32612588999481e-05,0.00191967295439736,0.00260870871641614,0.00172491933605095,0.00479812192705169,0.00167200264648302,0.00656439233612799,0.00100722439675234,0.000416483016729838,0.00232087182737833,0.00129000606560813,0.000637725353464537,0.000957919681066034,0.000605636862534145,0.00461679021167023,0.00117518225699021,0.00502367259915015
