Unknown,Source001,Source002,Source003,Source004,Source005,Source006,Source007,Source008,Source009,Source010,Source011,Source012,Source013,Source014,Source015,Source016,Source017,Source018,Source019,Source020,Source021,Source022,Source023,Source024,Source025,Source026,Source027,Source028,Source029,Source030,Source031,Source032,Source033,Source034,Source035,Source036,Source037,Source038,Source039,Source040,Source041,Source042,Source043,Source044,Source045,Source046,Source047,Source048,Source049,Source050
0.00118617534847506,0.113178131589561,0.201863760970347,0.351736564931689,0.11439024263611,0.118831299872293,0.00407229654958782,0.000146422946563887,0.000473622514874219,0.00155154623999071,0.00153989130744257,0.0020459304298559,0.00149899415172927,0.00216412316640364,0.00096955333854634,0.000296670185742756,0.00130113219213354,0.00141708759048345,0.00546707344281271,0.00638323567270239,0.000663349923293649,0.00257276489104443,0.00103147006768941,0.00202241016700935,0.00245270278971805,0.00320883412333386,0.00135914587825664,0.000448274212910287,0.000149168321592561,0.0154755974339606,0.00472482433446585,0.00224355017373954,0.000171465070674441,0.0037605788645162,0.000982907340840981,0.00269510400629355,0.0004361574406443,0.00137089228069598,4.40720032718077e-06,0.000745571829333764,0.00587717431981359,0.000890460410466557,0.00326671488953823,0.00154691752996072,0.00223903963886884,0.000723015034729331,4.33236686597472e-05,0.00517450420763685,0.00089170725085826,0.00079170103436427,0.00152251058741867
