Unknown,Source001,Source002,Source003,Source004,Source005,Source006,Source007,Source008,Source009,Source010,Source011,Source012,Source013,Source014,Source015,Source016,Source017,Source018,Source019,Source020,Source021,Source022,Source023,Source024,Source025,Source026,Source027,Source028,Source029,Source030,Source031,Source032,Source033,Source034,Source035,Source036,Source037,Source038,Source039,Source040,Source041,Source042,Source043,Source044,Source045,Source046,Source047,Source048,Source049,Source050
0.00102868714551961,0.354126160236377,0.112341182547532,0.133884644883227,0.108806190309905,0.190841822022958,0.000986703938098608,0.0001093630417142,0.00236782529947015,0.000431219955071037,0.000248986528260427,0.00195714455138087,0.000676956414613755,0.001658007603719,0.00017684876851949,0.000134062906932381,0.00214893346942706,0.00423722686301523,0.000324459313957206,0.00176376087041125,0.000872263358890572,0.00584440406823671,0.00191700296227389,0.00099758546744188,0.000370340090239964,0.00581870627542669,0.00473346777519922,0.000344067413093567,0.00014961472245232,0.00514384824709103,0.00330036606756952,0.00402635224967002,0.00359634235397493,0.00224858305765296,0.00743113506245628,4.16241821411003e-05,0.00220791732761472,0.00232530469640315,0.00129729007723019,0.00280385154549706,8.49237529905533e-05,0.000752607419394692,0.00638243730623338,0.00704236694457328,1.85865819919937e-05,0.000832938602767168,0.000666339876350563,0.000777610804107393,0.00374005390898198,0.00446737773556385,0.00151450339637909
