Unknown,Source001,Source002,Source003,Source004,Source005,Source006,Source007,Source008,Source009,Source010,Source011,Source012,Source013,Source014,Source015,Source016,Source017,Source018,Source019,Source020,Source021,Source022,Source023,Source024,Source025,Source026,Source027,Source028,Source029,Source030,Source031,Source032,Source033,Source034,Source035,Source036,Source037,Source038,Source039,Source040,Source041,Source042,Source043,Source044,Source045,Source046,Source047,Source048,Source049,Source050
0.00173515667777859,0.277566732668102,0.108130630177634,0.139925531623139,0.261276260033536,0.113100845497589,0.00309615229496452,0.00101593332001102,0.00120186895489494,0.00279833081253689,0.0022135173922422,0.00306423970761179,0.00098544610939721,0.00155495978909511,0.00870279572978486,0.0011562661927501,0.00203663471774529,0.0011939468138185,0.0031553766660368,0.00188264820751754,0.00805146725908684,0.00300724303073732,0.00094262406684166,0.000147104815205162,0.00155037616696093,0.000362852336368397,0.00326513409901906,0.00789983576753212,0.00118191935098508,0.00261971475209057,0.00402667934519914,0.001962271478135,0.00244731905832667,0.00438940655187372,0.00281641809982244,0.000173897446951586,9.15643171088124e-05,0.00050622464135462,0.00213986307304881,0.0047667254109506,0.000186935426406262,0.00155058868814358,0.000741593764140026,0.00075112412180163,0.00226126525384937,0.00242779724931274,0.00100766542481333,3.91099877962444e-05,0.000406750735420313,0.00224590257604776,0.000239352318484837
