Unknown,Source001,Source002,Source003,Source004,Source005,Source006,Source007,Source008,Source009,Source010,Source011,Source012,Source013,Source014,Source015,Source016,Source017,Source018,Source019,Source020,Source021,Source022,Source023,Source024,Source025,Source026,Source027,Source028,Source029,Source030,Source031,Source032,Source033,Source034,Source035,Source036,Source037,Source038,Source039,Source040,Source041,Source042,Source043,Source044,Source045,Source046,Source047,Source048,Source049,Source050
0.000946323284025525,0.141327864043144,0.354636208788954,0.149848373153693,0.141907782059795,0.112279771954415,0.00233745094182829,0.00415642977675849,3.08403787646971e-05,0.00289638897445436,0.00103706828766538,0.00107445955439333,0.00305228831532222,0.00193067397071468,0.00285581559984146,0.00444653038838765,0.00334378720603582,0.00285068080072456,0.0011696533093757,0.0020855572708389,0.00550158959856682,0.00375185719000685,0.00162903115731942,0.00329691815683571,0.00171629276719078,0.00115984026197253,0.000380802387646911,0.000905446318078645,0.00223913416629983,0.000962638446750917,0.00160977502704936,0.000493560859363796,0.00589820762540763,9.74651044440908e-06,0.0033289190524069,0.00259943452817798,0.00040349385924465,0.00190286198549075,0.00216605864836916,0.00236716451662044,0.00313928347282959,0.00324280089036768,0.000669449946107249,0.00230167412949216,0.00337461291738442,0.00250690410162186,0.00386171795294171,0.000674175788044913,0.000166643993280125,0.000746106513692495,0.0027799091718632
