Unknown,Source001,Source002,Source003,Source004,Source005,Source006,Source007,Source008,Source009,Source010,Source011,Source012,Source013,Source014,Source015,Source016,Source017,Source018,Source019,Source020,Source021,Source022,Source023,Source024,Source025,Source026,Source027,Source028,Source029,Source030,Source031,Source032,Source033,Source034,Source035,Source036,Source037,Source038,Source039,Source040,Source041,Source042,Source043,Source044,Source045,Source046,Source047,Source048,Source049,Source050
1.49118352349264e-05,0.202988459221882,0.144214384856362,0.3010809618113,0.111374191661144,0.140342002449312,0.00101210270005963,0.000620852911435585,0.000108330986395701,0.000266994841762609,0.000270254927581761,0.00390973293864641,0.000287841723555704,0.00786310097023246,0.00280095262524011,0.00104998531395194,0.000103989449428827,7.29472957739588e-05,0.00267892625128683,0.00027093895267061,0.000598641499256001,0.00198580956687011,0.00111880917103105,0.000805808070364932,0.000866499431529735,0.00177246797625878,0.001302498259524,0.000775851074059749,0.000345698787139169,0.000418870601971246,0.00736227947154537,0.00242034575915887,0.00168651260593221,0.00438228494408649,0.00472425635072797,0.00661555884850184,0.00033173537788448,0.00337379082977257,0.00239145731437836,0.00443612510223414,0.00106764412647182,0.00276152795154428,0.00341160637545008,0.000704246737604898,0.00703864496792169,0.0101205645101116,0.00120094609892996,0.00362490908982377,0.000326279709016885,4.79544852187243e-06,0.000691670219119028
