Unknown,Source001,Source002,Source003,Source004,Source005,Source006,Source007,Source008,Source009,Source010,Source011,Source012,Source013,Source014,Source015,Source016,Source017,Source018,Source019,Source020,Source021,Source022,Source023,Source024,Source025,Source026,Source027,Source028,Source029,Source030,Source031,Source032,Source033,Source034,Source035,Source036,Source037,Source038,Source039,Source040,Source041,Source042,Source043,Source044,Source045,Source046,Source047,Source048,Source049,Source050
0.000491627166631401,0.132818727857798,0.117758495596345,0.273788717585552,0.128305401720494,0.247328657239812,0.00461530360598565,0.000695297328333187,0.00185481713805648,4.15821384643801e-05,0.00320764880141024,0.00315487485976067,0.00123666726769944,0.000481012488460705,0.00322862812013667,0.00156953987969749,0.00526203635597613,5.05634746308655e-05,0.000175328098281682,0.00176404093423193,0.00276979959993509,0.00434374336064235,0.00170273134874251,0.000247539650604978,0.00112473959225621,0.000578304604375677,0.000278444147087134,0.00142813916325364,0.000433183549396134,0.00233741693406456,0.0015894694117545,0.000177363347607564,0.00407526709055657,0.00346448199722646,0.00215151899833062,0.00429514457859336,0.0029168902918233,0.00224017044746562,0.000693328972561847,0.00025713501259632,0.00578289076812993,0.00375133751023676,0.0011688003694409,0.000195737609413278,0.000120961224390913,0.01195749224712,0.000290211020166626,0.00319033509589987,0.000190577572197733,0.00109209190169733,0.00732578492467523
