Unknown,Source001,Source002,Source003,Source004,Source005,Source006,Source007,Source008,Source009,Source010,Source011,Source012,Source013,Source014,Source015,Source016,Source017,Source018,Source019,Source020,Source021,Source022,Source023,Source024,Source025,Source026,Source027,Source028,Source029,Source030,Source031,Source032,Source033,Source034,Source035,Source036,Source037,Source038,Source039,Source040,Source041,Source042,Source043,Source044,Source045,Source046,Source047,Source048,Source049,Source050
0.00128810450906159,0.116870331438019,0.137441997394556,0.173004530462055,0.130697196337919,0.341985944367451,0.000603948584924517,0.00079122494708341,0.00112440208091483,0.000336689446234994,0.000827100763742544,0.000602292677352629,0.00253860253514916,0.00442542721935456,0.00080477389271779,0.012947880260524,0.000896403963678517,0.00650325557876919,1.61680603529234e-05,0.0013933414979818,0.00254725456462942,0.00180913903062695,0.00108499999844986,0.0027566269163257,0.000588519562613349,0.000404690681292673,0.00532849949230352,0.000497028944673296,0.00398533558207008,0.000920473989481583,0.000778006188731392,0.000608667999725831,0.00245815353936061,0.00158346128297139,0.000688350100469514,0.000906504192195548,0.00317201366643258,0.00225072404563178,0.000751711295859278,4.52960563467615e-05,0.00191476448090152,0.00077484413131699,0.00472183093571253,4.52037524358961e-06,0.000206153850313519,0.00509640143304953,0.00364827582188181,0.00384984648235203,0.000962808623251194,0.00688035088766845,0.00367512983027521
