Unknown,Source001,Source002,Source003,Source004,Source005,Source006,Source007,Source008,Source009,Source010,Source011,Source012,Source013,Source014,Source015,Source016,Source017,Source018,Source019,Source020,Source021,Source022,Source023,Source024,Source025,Source026,Source027,Source028,Source029,Source030,Source031,Source032,Source033,Source034,Source035,Source036,Source037,Source038,Source039,Source040,Source041,Source042,Source043,Source044,Source045,Source046,Source047,Source048,Source049,Source050
1.09800453044234e-05,0.16186911149651,0.136212413996861,0.131184328517843,0.232818858837997,0.237915287150789,0.00478596251010944,0.00155204866765193,0.000124352305686441,0.000605506733415928,0.0012753375955669,0.000553574669594969,0.000600050528891783,0.00300421530348909,0.000985341321266878,0.00308779032018864,0.00448982096240748,0.000552886613343014,0.00428147966860157,0.00322685244689995,2.54959127760151e-05,0.00209779949012635,0.00232672795595821,0.00130209016505011,0.00193271972270281,0.00473904759969678,0.00381743558294243,0.000525798978827593,0.0014779353655371,0.00743305280632293,0.00611662053480353,0.000836615631884691,0.00205553342573875,0.00236288584890667,0.00117114757902532,0.000710083660426656,0.00152339684743479,0.000331157781755939,0.000890307049086335,0.00171043718513568,0.000194045823124546,0.00122584331318846,6.87696088553993e-05,0.00482976620707082,3.4682038508016e-05,0.00143871181734766,0.00679367089778879,0.000786629279088086,0.00707948503519609,0.00413432570274814,0.000891581460526818
