Unknown,Source001,Source002,Source003,Source004,Source005,Source006,Source007,Source008,Source009,Source010,Source011,Source012,Source013,Source014,Source015,Source016,Source017,Source018,Source019,Source020,Source021,Source022,Source023,Source024,Source025,Source026,Source027,Source028,Source029,Source030,Source031,Source032,Source033,Source034,Source035,Source036,Source037,Source038,Source039,Source040,Source041,Source042,Source043,Source044,Source045,Source046,Source047,Source048,Source049,Source050
0.000366650757991798,0.265845891875428,0.146745136619969,0.176839097901196,0.164490683402641,0.146079190200765,0.0021990687509476,0.00390678067539217,0.00964758062994508,0.00064088104569622,0.00113418394151079,0.000738547137903278,0.000442289413802269,0.00400007519571085,0.00616464452129124,0.0045561029229551,0.00274594401683067,0.00374254233925263,0.00202900947542292,0.000631568921714272,0.00480046824109416,0.000323063566003303,0.000766213579732005,0.00204202591328365,0.00107533009693954,0.000212105916951849,0.00139797220883794,0.00632926732845868,0.000305752273649224,0.00149484893508298,7.01768746888237e-05,0.000162039908008617,1.00246543421467e-05,0.00249412967691123,0.000681670010931853,0.00145611790482353,0.000394545356915468,0.000556317872951436,0.000623147297411001,0.00761819619603852,0.00334984516331085,0.000238061666535512,0.000771972746487987,0.00160106521814974,0.000978396660751673,0.0068726897235651,0.000740141028598687,0.00576829222162213,0.000203246429565303,0.00211208817121332,0.00160491741077683
