Unknown,Source001,Source002,Source003,Source004,Source005,Source006,Source007,Source008,Source009,Source010,Source011,Source012,Source013,Source014,Source015,Source016,Source017,Source018,Source019,Source020,Source021,Source022,Source023,Source024,Source025,Source026,Source027,Source028,Source029,Source030,Source031,Source032,Source033,Source034,Source035,Source036,Source037,Source038,Source039,Source040,Source041,Source042,Source043,Source044,Source045,Source046,Source047,Source048,Source049,Source050
0.00128986494294072,0.141208268434833,0.242916833330238,0.102323806043938,0.108352744016192,0.305198348174799,0.000933351177750409,0.000329274058492451,0.000590655864420854,0.00544116083111043,0.000986516104854264,0.000550978496896679,0.00334602014034439,0.00156550755421676,0.000559335233111988,0.0112810158141857,0.0016530505853287,0.0030418625219166,0.00186479937462156,0.000590718135415978,0.00201149644403984,0.00769953676554229,0.00236355821422238,0.00106405943599154,0.00238456225270257,0.00469975602726466,0.00264826366862678,0.00106049281632322,0.00271495611360873,6.8661964757847e-06,0.00234081327079266,0.00373523955020689,0.00139761106283958,5.66228709926207e-05,0.00319371164145748,0.000249051059391656,0.000863435444075702,0.000470749679197674,0.0023536926216974,0.00169245681156443,0.00135283331218175,0.00419436171485493,0.00151680132235774,0.00221029035998954,0.000160733177989587,0.00129830616597791,0.0057957700035751,0.000198249117802013,0.00272660345150599,0.000907587894922211,0.00260742069622187
