Unknown,Source001,Source002,Source003,Source004,Source005,Source006,Source007,Source008,Source009,Source010,Source011,Source012,Source013,Source014,Source015,Source016,Source017,Source018,Source019,Source020,Source021,Source022,Source023,Source024,Source025,Source026,Source027,Source028,Source029,Source030,Source031,Source032,Source033,Source034,Source035,Source036,Source037,Source038,Source039,Source040,Source041,Source042,Source043,Source044,Source045,Source046,Source047,Source048,Source049,Source050
0.00117094398424589,0.137119574578093,0.211825670260136,0.19428436013465,0.111141277320948,0.245629117706172,0.00324148287933032,0.000710396482024078,0.00165087751212738,0.000695102620459078,0.0020853679107924,0.00385202121125323,0.00111775372140635,0.00352465903071564,0.00121072155966118,0.00103648526681552,0.00189931916572487,0.00350928138347898,0.00200790648135851,0.0070317307748846,0.00114332715593003,0.00236639943774476,0.000542715160221028,0.00289706444406723,0.000677077670183836,0.00249848589991873,0.00266023914898384,0.0012923530378501,0.00219749766963482,0.000711348374880654,0.00410257710379855,0.00342412869633995,0.00546110119645457,0.00265945313629662,0.00172291479221146,0.00118716010493684,7.17397032836622e-05,0.00307163431851467,0.00127894013061901,0.0016117230884537,0.000799111772601218,0.00759469067607561,0.000175065249015822,0.0044712294582233,0.00163338353572246,0.00266797057450371,0.00119758641647146,0.00118463570314092,0.00263481182368848,0.000580735928564682,0.000738848607390215
