Unknown,Source001,Source002,Source003,Source004,Source005,Source006,Source007,Source008,Source009,Source010,Source011,Source012,Source013,Source014,Source015,Source016,Source017,Source018,Source019,Source020,Source021,Source022,Source023,Source024,Source025,Source026,Source027,Source028,Source029,Source030,Source031,Source032,Source033,Source034,Source035,Source036,Source037,Source038,Source039,Source040,Source041,Source042,Source043,Source044,Source045,Source046,Source047,Source048,Source049,Source050
0.00108770103350428,0.104219070737312,0.168702083624347,0.140167826609717,0.147729218881954,0.33918180014667,0.000883159100440003,0.000398692399046315,0.000603610022912966,0.00189086156267061,0.00134196378438697,0.000824304846878997,0.00340618321876208,0.00582611426436764,0.005132992126565,0.00521580689804493,0.000354415702873928,0.000414630977004672,0.000698490622467256,0.00891089516113303,0.00181911683343612,0.00130743693131807,6.51225163130524e-05,0.00162793323125063,0.0114484910278903,0.000713086090330528,0.00152645242187297,0.00271469454117896,0.000365889732562709,0.00585491806907557,0.00319935704872643,0.0028523065314429,0.00191026710368347,4.52784922004035e-05,0.00257920051528494,0.00103103838554375,0.000732231041894057,4.12217967856592e-05,0.00259757332487477,0.000665977283950814,0.000244540216379885,0.000719749416659476,0.00161495763065991,0.00597346712393881,0.000183293843416291,0.00234154722699546,0.0019831745002476,0.00276658382615666,0.00148051813464271,0.00145211268671838,0.00115264075351003
