Unknown,Source001,Source002,Source003,Source004,Source005,Source006,Source007,Source008,Source009,Source010,Source011,Source012,Source013,Source014,Source015,Source016,Source017,Source018,Source019,Source020,Source021,Source022,Source023,Source024,Source025,Source026,Source027,Source028,Source029,Source030,Source031,Source032,Source033,Source034,Source035,Source036,Source037,Source038,Source039,Source040,Source041,Source042,Source043,Source044,Source045,Source046,Source047,Source048,Source049,Source050
0.00466799799786451,0.106483536290061,0.18770272273809,0.100024157314486,0.160650588356698,0.345138995300665,0.00038779630890019,0.000950351227992409,0.00104037085799828,0.00120040635279156,0.00112472623154342,0.00565199106999309,0.00467543788609879,0.000399231391745635,0.00060964756493837,0.000157975961226636,0.00502995467983413,0.000881310724929886,0.00136499428812691,0.00590700000976281,0.0018567174201078,0.00211873107666308,0.00106609397383089,0.00488546696216624,0.0031483234045336,0.000280033872592855,0.00175981095432087,0.0010042462827084,0.00113922857676773,2.04077411697356e-05,0.001141201425597,0.00159045906140847,0.00407137935231041,0.00175578951323901,0.000650313952144313,0.00219155154754435,0.000412344337592411,0.00266881517484851,0.00166821956149331,0.000129578499102308,0.00317301357104179,0.00197693098360301,0.00190163309191943,0.0089715250439287,0.00100424101114027,0.000831065840881779,0.00436003951424301,0.0040338024613364,0.00024278656819002,0.00329670335169498,0.00260035331813269
