Unknown,Source001,Source002,Source003,Source004,Source005,Source006,Source007,Source008,Source009,Source010,Source011,Source012,Source013,Source014,Source015,Source016,Source017,Source018,Source019,Source020,Source021,Source022,Source023,Source024,Source025,Source026,Source027,Source028,Source029,Source030,Source031,Source032,Source033,Source034,Source035,Source036,Source037,Source038,Source039,Source040,Source041,Source042,Source043,Source044,Source045,Source046,Source047,Source048,Source049,Source050
0.00142181448014548,0.174552151686582,0.150773810542177,0.336014872485084,0.129260909488675,0.109398255797482,0.000130044405932499,0.000314461400521861,0.000274314777849095,0.00601086535131135,0.00558036410995909,0.00177092622268862,0.0016623204427353,0.00157422646571136,0.00304378169602792,0.000934963569592274,0.00182131426923139,0.00269519834718684,0.00182229973655284,0.000882677167402974,0.00573667782634683,0.000263872904400561,0.0019693461571512,0.000939533036220092,0.000473979608850251,0.00283678503745685,0.0004808624698308,0.00234173667007359,0.00102988260232826,0.0020409620782905,0.00193140720207499,0.00160620424949424,0.00302728663846827,0.000935031586289214,0.000124973306017555,0.0005931344132732,0.0040463344658214,0.0020069990635254,2.59353414789908e-05,0.00801879494606477,0.00166191584153413,0.00364506589719167,0.00159564033284904,0.00404050907438484,0.00446061333812057,9.33295912025587e-06,0.000622586068979238,0.00196611903804449,0.000603365992731105,0.00727222533847933,0.00375331407225948
