Unknown,Source001,Source002,Source003,Source004,Source005,Source006,Source007,Source008,Source009,Source010,Source011,Source012,Source013,Source014,Source015,Source016,Source017,Source018,Source019,Source020,Source021,Source022,Source023,Source024,Source025,Source026,Source027,Source028,Source029,Source030,Source031,Source032,Source033,Source034,Source035,Source036,Source037,Source038,Source039,Source040,Source041,Source042,Source043,Source044,Source045,Source046,Source047,Source048,Source049,Source050
0.000352774268915471,0.338264093134099,0.125602103990526,0.146537020013671,0.17889299774823,0.110703785113473,0.000830336427937267,0.00125935367903168,0.000365092414350626,0.00802197242539543,0.00108215308796989,0.000452826203734489,0.000357649627200041,0.000780287890336434,0.000215858153970016,0.000345108528325814,0.0073749458941754,0.000373782877769683,0.00337152620691981,0.00078883123407068,0.000194794909889359,0.000390064090408868,0.00597306079458433,0.00699167325106472,0.000631240746201708,0.00666489262822477,0.000224915691717351,0.000180520944183633,0.00357302186744782,0.00254973023650943,0.00375164458324217,0.00260675968008308,0.00189388522072648,0.000223414766678828,0.00293702457010457,0.00131591128334115,0.00356741377090046,0.0029032130723048,0.00147172415514892,0.00163146371011576,0.00533369056734745,0.00974277532572293,0.00151882300934314,0.00249447120237338,0.000644427124431246,0.00093997448980759,5.11397775824328e-05,0.000435482596264872,0.000347531112642807,0.00209522645676959,0.00074758944473361
