Unknown,Source001,Source002,Source003,Source004,Source005,Source006,Source007,Source008,Source009,Source010,Source011,Source012,Source013,Source014,Source015,Source016,Source017,Source018,Source019,Source020,Source021,Source022,Source023,Source024,Source025,Source026,Source027,Source028,Source029,Source030,Source031,Source032,Source033,Source034,Source035,Source036,Source037,Source038,Source039,Source040,Source041,Source042,Source043,Source044,Source045,Source046,Source047,Source048,Source049,Source050
0.000849613560278843,0.199080280521506,0.134106699493438,0.245161712190713,0.101155794339882,0.220495513454461,0.00223548016161673,0.000953520804094208,0.00156946839013292,0.00350800241135979,0.000450714367511284,0.0041550113892084,0.00122459410852577,0.00136182335514009,0.00184728333729912,0.00770650457980461,0.0041120072212624,0.00038719814480221,0.00121191757106241,0.00415954933528536,0.00425901881377486,0.000435104398327482,0.000395933600200738,0.00105196437449288,0.000779719486910803,0.00195083884390571,0.00215259233819278,0.00364201390878044,0.00500624640026573,0.000331455914334236,0.000226643354211722,5.97751176923914e-05,9.84209468101217e-05,0.00463617291187731,0.00219684031554132,0.00331725402557048,0.000701091657231576,0.00243736123966988,0.000931916364768223,0.00976260717447838,0.00343431066399211,0.00118121926488079,0.000656779578003472,7.19453124514754e-06,0.00122141245792959,0.000525726470682166,0.00158298899346412,0.00229512855599693,0.000212828225844202,0.000246751648564719,0.00852999968497553
