Unknown,Source001,Source002,Source003,Source004,Source005,Source006,Source007,Source008,Source009,Source010,Source011,Source012,Source013,Source014,Source015,Source016,Source017,Source018,Source019,Source020,Source021,Source022,Source023,Source024,Source025,Source026,Source027,Source028,Source029,Source030,Source031,Source032,Source033,Source034,Source035,Source036,Source037,Source038,Source039,Source040,Source041,Source042,Source043,Source044,Source045,Source046,Source047,Source048,Source049,Source050
4.68052841304947e-05,0.228558094098731,0.177379641003923,0.113621389424601,0.111229173444095,0.269211702028649,0.000363106504988357,0.0014243998324923,0.00272986870593159,0.00160686933045977,0.00373059781082083,0.00131519109119004,0.00762049854774591,0.000294584078217611,0.00155064396512112,0.0073547170693978,0.00529279021201817,0.00113426197694335,0.000864871252532912,0.000224331003353627,0.00053706980269075,0.000516736169527808,0.00339189669730962,0.000350855781460051,0.00341730542146106,0.00820247786149503,0.0010753225162435,0.00338934844870496,0.000713271400261278,0.00145096103411949,2.23042585057242e-06,0.000320738844784511,0.00258728693371187,0.00025728889704886,0.00152847797416461,0.00153450114170919,0.000975132563742077,0.00122029778806507,0.00187590607919385,0.00209835937182154,0.00220102514823386,0.0102714814222439,0.00104035762483733,0.00105890886735044,0.00249422280387711,0.00612555227276856,0.000299504578691046,0.00510406913502617,7.72898128197598e-05,0.000258978002624651,6.96085128176097e-05
