Unknown,Source001,Source002,Source003,Source004,Source005,Source006,Source007,Source008,Source009,Source010,Source011,Source012,Source013,Source014,Source015,Source016,Source017,Source018,Source019,Source020,Source021,Source022,Source023,Source024,Source025,Source026,Source027,Source028,Source029,Source030,Source031,Source032,Source033,Source034,Source035,Source036,Source037,Source038,Source039,Source040,Source041,Source042,Source043,Source044,Source045,Source046,Source047,Source048,Source049,Source050
0.00104461744262976,0.318966542560637,0.132919574812752,0.105469618966687,0.238764557202844,0.103879706457081,0.000411393655007636,0.00189147655179778,0.00517449756984874,0.000240640905095854,0.00850492832183448,0.00207862401378729,0.000196645260274756,0.000512479280253374,0.0016116250180572,0.00458097592809456,0.000582668447572289,8.52163520697015e-05,0.00040195333914756,0.00494981470195439,0.00220862235545471,0.00279473528154951,0.000813211449783574,0.000736356197514248,0.000556313322597089,0.00194647829288373,0.00234151203554885,0.00408472930309574,0.00082646309903307,0.00819601406735011,0.00156958822329934,0.000176650472073266,0.00195704685114071,0.000880424839680654,0.000199224128665912,0.00122295532594677,0.00147774931301246,0.00566333639315508,0.00182512605179178,0.00205555776680328,0.000711474547222396,0.0037780616983432,0.00582520288346289,0.00120351267668482,0.00322469473493105,0.00474492636656438,0.00111917264390277,0.000245123944428525,0.000385265716856588,0.00155279066937239,0.00341012256042569
