Unknown,Source001,Source002,Source003,Source004,Source005,Source006,Source007,Source008,Source009,Source010,Source011,Source012,Source013,Source014,Source015,Source016,Source017,Source018,Source019,Source020,Source021,Source022,Source023,Source024,Source025,Source026,Source027,Source028,Source029,Source030,Source031,Source032,Source033,Source034,Source035,Source036,Source037,Source038,Source039,Source040,Source041,Source042,Source043,Source044,Source045,Source046,Source047,Source048,Source049,Source050
0.00222115562484706,0.24235284448596,0.272047843080611,0.12704917886175,0.123300323239598,0.135249810332082,0.00118897148319305,0.00834732255934274,6.87834492942898e-05,0.00498327899197033,0.005432864740699,0.000283729176116345,0.00176988771658966,0.00257164917981372,0.000336556312960539,0.000324279573316518,9.60717811189394e-05,0.00400278117322961,0.00108409362083236,0.00420799350525936,0.000820318609891961,6.19704391307169e-05,0.000470104030037321,0.00122169909328842,0.00187379820501806,0.00168429233322593,0.00228904948999172,0.000937146499961844,0.00407778649155097,0.00134629860911203,0.00124504933870299,0.00142230090953276,0.00258772444730744,0.000245170719730013,0.00123448859128716,8.46886651926742e-05,0.000533482525036934,0.006586760627215,0.000432083746219037,7.82232947963197e-05,0.00050140253950502,0.0079362875609778,0.00173802965158295,0.00181313971378424,0.00109646420962104,0.0049552629217697,0.00915012600736841,0.000975826644028233,0.00191813291440989,0.00104860434245874,0.00271486793968114
