Unknown,Source001,Source002,Source003,Source004,Source005,Source006,Source007,Source008,Source009,Source010,Source011,Source012,Source013,Source014,Source015,Source016,Source017,Source018,Source019,Source020,Source021,Source022,Source023,Source024,Source025,Source026,Source027,Source028,Source029,Source030,Source031,Source032,Source033,Source034,Source035,Source036,Source037,Source038,Source039,Source040,Source041,Source042,Source043,Source044,Source045,Source046,Source047,Source048,Source049,Source050
0.00279954287119309,0.246648867199712,0.177099922526643,0.102943901018579,0.26544829053427,0.107859018720797,0.000637184551959841,0.000939515662575239,0.000972140634421176,0.00014255277775476,0.0010481757328655,0.00132286831674026,7.92654742501959e-05,0.00547510215903126,0.000394310246792731,0.00290193559845362,0.000814374225005162,0.00122445432548011,0.00806200363593287,0.00281260104135472,0.00203639701401278,0.00127742433062583,0.00167814112284703,0.000273744279740198,0.00425442417965372,0.000731474319277386,0.000765557504005132,0.000178758771601047,0.00276154718405049,0.00213847380411859,0.001088210838753,0.00134229846238746,0.00106624631947315,0.00199819369975869,0.00167617907017233,5.71907541742042e-05,0.00135485041464015,4.03035924910244e-05,0.000348451265835754,0.000541307740791313,0.00418819207052849,0.000968012399564006,0.000658647171777897,0.00228127950914386,0.00103380715352321,4.0718387582381e-05,0.00323759366891794,0.00451034353585261,0.0128958381912313,0.00032990173153809,0.0146204642581204
