Unknown,Source001,Source002,Source003,Source004,Source005,Source006,Source007,Source008,Source009,Source010,Source011,Source012,Source013,Source014,Source015,Source016,Source017,Source018,Source019,Source020,Source021,Source022,Source023,Source024,Source025,Source026,Source027,Source028,Source029,Source030,Source031,Source032,Source033,Source034,Source035,Source036,Source037,Source038,Source039,Source040,Source041,Source042,Source043,Source044,Source045,Source046,Source047,Source048,Source049,Source050
0.0013952047197665,0.123361099335057,0.178497560084652,0.238683640105336,0.226985204430648,0.132472496044307,0.0004434219180151,0.00460846956515235,0.00566719417598954,0.00144980881279865,0.00406424129685147,0.000436845515692688,0.0015100498841352,0.000994725343056978,0.00314808507383017,0.000913887654811428,0.00367476390371488,0.00860773973794013,0.00138785291074136,0.000604349566567884,0.00519524831454193,0.000756033054920003,0.00175898751374832,0.000455870370846897,0.000918740531907844,0.000480729757769892,0.000240816208723045,0.00319319286680956,0.00502921672738792,0.00153315865075653,0.00134386974442398,0.00156464834840453,0.0019525375296306,0.00123277422692584,0.00138365053761631,0.00627476409734396,7.69893426897392e-05,0.00099152537176364,0.00211005549967875,0.00083311452785933,0.00268319676371986,0.00391349856885227,0.000469977960493584,0.0028918369153508,0.00260258910764526,0.00110219486286133,0.000530144573381022,0.00393614235975839,0.000328588455720894,0.00176094604965822,0.00354832107974539
