Unknown,Source001,Source002,Source003,Source004,Source005,Source006,Source007,Source008,Source009,Source010,Source011,Source012,Source013,Source014,Source015,Source016,Source017,Source018,Source019,Source020,Source021,Source022,Source023,Source024,Source025,Source026,Source027,Source028,Source029,Source030,Source031,Source032,Source033,Source034,Source035,Source036,Source037,Source038,Source039,Source040,Source041,Source042,Source043,Source044,Source045,Source046,Source047,Source048,Source049,Source050
0.000359765859677595,0.258160521059171,0.216160398869587,0.128573068930049,0.1835705997483,0.113535411392893,0.00672390115413752,0.000833228081254022,0.000198056501311645,0.0048662842674388,0.000904604751125908,0.00250791073018869,0.00264859287938556,0.0021718587703661,0.00195269670811486,0.00189122719858807,9.41115161312685e-05,0.00727326068333501,0.00720380157740175,0.000743819029560914,0.00442305272327347,0.00094866435375593,0.001815949390682,0.0121343007754139,0.00190323546231787,0.00421822470836304,0.00342603866588224,0.000201958260697496,0.000635316341271225,0.00149409970167468,0.00518741248181469,0.00124758828489278,0.00165470797408767,0.00143960753072269,0.000723358342995357,0.000401434913072028,0.000798972706996674,0.00148842745647989,0.00127695147860283,0.00136420058434545,0.000681613622191008,0.000234053336588837,0.00138863452837633,0.00044185501039946,0.00206048826067979,0.000267334800774619,0.00334809341297659,0.000226580437753483,0.00376230998688277,8.51399436691775e-05,0.000347274814348228
