Unknown,Source001,Source002,Source003,Source004,Source005,Source006,Source007,Source008,Source009,Source010,Source011,Source012,Source013,Source014,Source015,Source016,Source017,Source018,Source019,Source020,Source021,Source022,Source023,Source024,Source025,Source026,Source027,Source028,Source029,Source030,Source031,Source032,Source033,Source034,Source035,Source036,Source037,Source038,Source039,Source040,Source041,Source042,Source043,Source044,Source045,Source046,Source047,Source048,Source049,Source050
0.00126337241288081,0.323533799513732,0.146958140501374,0.108364916093251,0.208521136780924,0.11262200711072,0.000987223160657401,0.00406807163841753,0.000693658442956492,0.0026021705146573,0.0069028459788247,0.00151598602304081,0.00350032782860766,0.00217728375892124,0.00443636939675567,0.000455449749438023,0.00578330765101227,0.00114985030762781,0.00176293564708469,0.00427772913072826,0.000286694744200173,4.29129321769865e-05,0.00596850854490961,0.00100505469143358,0.00278795474332411,0.0060523527690234,0.000543748179754492,1.8809030910497e-05,0.000448479000708038,0.00296658251657982,0.00211630939805619,0.000316611587863219,0.000416802981339466,0.000815755240676704,0.0046393551054365,0.00285850311719577,0.00319599076852033,0.000820163057722916,0.00123460422369075,0.000359705175944358,0.000751626145497746,0.00158828247643058,0.00282533980445666,0.00019664049169202,0.000556078622357521,0.00145800016911073,0.000109233154770092,0.00103448917806441,0.00196490988385587,0.000301318223440212,0.0107426023992465
