Unknown,Source001,Source002,Source003,Source004,Source005,Source006,Source007,Source008,Source009,Source010,Source011,Source012,Source013,Source014,Source015,Source016,Source017,Source018,Source019,Source020,Source021,Source022,Source023,Source024,Source025,Source026,Source027,Source028,Source029,Source030,Source031,Source032,Source033,Source034,Source035,Source036,Source037,Source038,Source039,Source040,Source041,Source042,Source043,Source044,Source045,Source046,Source047,Source048,Source049,Source050
0.000964610589623947,0.182157239554914,0.132373251264186,0.217053270457272,0.120209477859953,0.248206760863675,0.00279956210070508,0.00131699831830832,0.000998587386900421,0.000731643656815142,0.000737655303740779,0.00553648111822383,0.00283213643798409,0.00770091707750563,0.00401782792242884,0.000395254202313734,0.00518855896801698,7.47425171311158e-05,0.000593546583606943,0.0016266829970596,0.000619799075071836,0.000134446080945039,0.0023224994787902,0.00253316906510012,0.000260923593135579,0.000224633185517474,0.00758927718784201,0.000135426923939188,0.0027360843361091,0.00214223572481165,0.00200929558429285,0.000320393984408868,0.00524877438669308,0.00513543061775632,0.000659202443597143,0.000329909332915289,0.0028628935156576,0.00747148329871778,0.00233933216828721,4.15366229307339e-06,8.45388830154615e-05,0.00499648444486956,0.00329452114566639,0.000811905702750066,0.000147458357671863,0.000178648649179814,0.000964234310056968,0.000717758613144264,0.00024816967176315,0.00493945297187249,0.0030222584237641
