Unknown,Source001,Source002,Source003,Source004,Source005,Source006,Source007,Source008,Source009,Source010,Source011,Source012,Source013,Source014,Source015,Source016,Source017,Source018,Source019,Source020,Source021,Source022,Source023,Source024,Source025,Source026,Source027,Source028,Source029,Source030,Source031,Source032,Source033,Source034,Source035,Source036,Source037,Source038,Source039,Source040,Source041,Source042,Source043,Source044,Source045,Source046,Source047,Source048,Source049,Source050
0.00138680615489924,0.150827307287794,0.339800121643596,0.171775967811667,0.103577909185931,0.134018694071012,0.00184254748340336,0.00564066706210379,0.000998424644739783,0.00359437634946451,0.00220747602495876,0.0045621430550647,5.3032786905122e-05,0.000387816152783266,0.000363883317783614,0.000479676410346156,0.000549727349678475,0.000669645586932769,0.00167583542255104,0.00499642482320023,1.30939707029066e-05,0.00155556696721107,0.00594969701028772,0.00108847418814328,0.0019051270777296,0.00862346140144329,0.00302202816834189,0.000173278931448076,0.00054609949574569,0.00180800902723063,0.00140880222222307,0.000249062333895232,0.00292194098427528,0.00226882615961258,0.00194759687438918,1.67554140614374e-05,0.000601816009611858,0.0025187804925851,0.00519480142368566,0.00150583641063104,0.00214973739839051,0.00584996637346905,0.00251083738871783,0.00117689382901776,0.000572336931355927,0.00396493363379007,0.000813718262413851,0.000805871142639156,0.00552058165093989,0.000895043501847275,0.00301254269934926
