Unknown,Source001,Source002,Source003,Source004,Source005,Source006,Source007,Source008,Source009,Source010,Source011,Source012,Source013,Source014,Source015,Source016,Source017,Source018,Source019,Source020,Source021,Source022,Source023,Source024,Source025,Source026,Source027,Source028,Source029,Source030,Source031,Source032,Source033,Source034,Source035,Source036,Source037,Source038,Source039,Source040,Source041,Source042,Source043,Source044,Source045,Source046,Source047,Source048,Source049,Source050
0.000505185770470758,0.241028946176741,0.231483669455665,0.149537674021804,0.118176824360735,0.159772885985054,0.000350778873129668,0.00316365140340303,0.00193686397378202,0.0023320608009883,0.000828223863136177,0.00305207972280382,0.00136238077548527,0.000840435633521808,0.00371481679254866,0.00437422581166836,0.00122123055891245,0.00234966562120832,0.000131659410849268,0.00335180223254566,0.00247967696304256,0.0013826237369823,0.00536445934683571,0.00394922498784487,0.00313871059979486,0.000527879420829629,0.00127693918279915,0.000355336603878381,0.00111028758754952,0.000229935345213539,0.00243751565998374,0.000364112927371569,0.00358878810094063,0.000352182724455485,0.00284205763800715,0.000619773933688171,0.00105882557395333,0.00420744492890222,0.00071477230874143,0.00474910153229472,0.00401847695391697,9.17089089809307e-05,0.00284517838439731,0.00100922681091792,0.00186702108371211,0.000397452110891428,0.00146138091923865,0.00999854482895101,0.00160638728432314,0.00501970856209724,0.00142020380501074
