Unknown,Source001,Source002,Source003,Source004,Source005,Source006,Source007,Source008,Source009,Source010,Source011,Source012,Source013,Source014,Source015,Source016,Source017,Source018,Source019,Source020,Source021,Source022,Source023,Source024,Source025,Source026,Source027,Source028,Source029,Source030,Source031,Source032,Source033,Source034,Source035,Source036,Source037,Source038,Source039,Source040,Source041,Source042,Source043,Source044,Source045,Source046,Source047,Source048,Source049,Source050
0.000285912959835492,0.212650605468674,0.157467717503307,0.207652480865264,0.123809230617099,0.198419965545657,0.00105039797096451,0.000266388558905143,0.00887430109071257,0.000911377645136067,0.000309950303243494,0.00143431199916906,0.00172026383198725,0.00264036629946165,0.000760052137302345,0.00020743737356519,0.00095633281398771,0.000481862503153253,0.0011381460055575,0.00328758643561156,0.000607329094800533,0.00158026300637626,0.000384380519267185,0.00010455328973185,0.00463873380482313,0.000312053536219383,0.0113621886724838,0.00529183548932212,0.00120878684156014,0.0014515823534056,0.00103071578712093,0.000425305879289267,0.0003909419561707,0.00152615636451556,0.00226312194105317,0.000237501626582037,0.000956728563583251,0.000897687563879164,0.00157528740105984,5.96351482227837e-05,0.00222366469424623,0.00116951820033897,0.000925343953133306,0.00254204091855619,0.00336237190973582,0.00151297371671494,0.000159227454748571,0.0178034789696525,0.00282573618710229,0.00351334300190182,0.00333282422580979
