Unknown,Source001,Source002,Source003,Source004,Source005,Source006,Source007,Source008,Source009,Source010,Source011,Source012,Source013,Source014,Source015,Source016,Source017,Source018,Source019,Source020,Source021,Source022,Source023,Source024,Source025,Source026,Source027,Source028,Source029,Source030,Source031,Source032,Source033,Source034,Source035,Source036,Source037,Source038,Source039,Source040,Source041,Source042,Source043,Source044,Source045,Source046,Source047,Source048,Source049,Source050
0.00218581971383902,0.251915331756263,0.191111863055257,0.125732276526692,0.11327316888639,0.217967359775399,0.00483900305085408,0.00113963653667787,0.000614306640027883,0.000244593348004507,0.00290722521927201,0.00206211068434139,0.000921030167463356,0.0104223430541288,0.000779611703677054,0.00131128027065833,0.00138342940420021,0.00307191868342342,0.00244977661860097,0.00115450050287288,0.00166799241041154,0.00233855437608973,0.00454735847817358,0.001147940244883,0.00102426131438441,0.0015436016312374,0.000132362323518338,0.000176506824970697,0.00147810001750974,0.00204809555782876,0.00146101915882519,0.000756183303679325,0.000370198976475998,0.00349300979796666,0.00268980349608877,0.00267708476734674,0.000298205929941201,0.00305123279799499,0.00364059346220296,0.000131998212550369,0.0015583389349028,0.0037679229159213,0.00103718713389886,0.00280395074248506,0.00542880676024353,0.00234587162080181,0.00146225213687454,6.2411033179636e-05,0.0065578777587166,0.00157232691814811,0.00324236536470659
