Unknown,Source001,Source002,Source003,Source004,Source005,Source006,Source007,Source008,Source009,Source010,Source011,Source012,Source013,Source014,Source015,Source016,Source017,Source018,Source019,Source020,Source021,Source022,Source023,Source024,Source025,Source026,Source027,Source028,Source029,Source030,Source031,Source032,Source033,Source034,Source035,Source036,Source037,Source038,Source039,Source040,Source041,Source042,Source043,Source044,Source045,Source046,Source047,Source048,Source049,Source050
0.0052865335376971,0.240280434046881,0.1843755068543,0.227270435264543,0.113614894420111,0.134458729414165,0.00432832864056629,0.00322690602559685,0.00241990853009572,0.000871993603209215,0.00754878775175775,0.00167974287614477,0.00107020141425346,6.64620735709971e-05,0.00074270392580927,0.000292455111370244,0.00296615034956101,0.00167772981487254,9.82317357681816e-05,0.0011773001308969,0.00714933279031628,0.000949548512333927,0.00201139727857561,0.00236614179261764,0.0005333842982987,0.0033554305431103,0.00223618220358703,0.00409955020951169,0.000921184083353198,0.00179938903341707,0.00248538280133511,0.00213951245765542,0.000976883566138977,3.20264409834028e-05,0.00237661961707645,0.00416764462466529,0.00204148317294259,0.000215420674770543,0.00623534587870794,0.000672993355349129,0.000198529487059445,0.000103095041797057,0.00402353641786243,0.00243924931276151,0.000554826894568208,0.00138210740134406,0.00222273245935442,0.00202740321932714,0.00349729788489145,0.00152369891611005,0.00180923410900761
