Unknown,Source001,Source002,Source003,Source004,Source005,Source006,Source007,Source008,Source009,Source010,Source011,Source012,Source013,Source014,Source015,Source016,Source017,Source018,Source019,Source020,Source021,Source022,Source023,Source024,Source025,Source026,Source027,Source028,Source029,Source030,Source031,Source032,Source033,Source034,Source035,Source036,Source037,Source038,Source039,Source040,Source041,Source042,Source043,Source044,Source045,Source046,Source047,Source048,Source049,Source050
0.000361957355900961,0.346929809861944,0.122544590276831,0.134322481983928,0.113105258275154,0.183097859602143,0.00138471468337401,0.0060312256554018,0.000294717066346972,0.00643816182195632,0.000488689931419363,0.00130827397400151,1.61615192858354e-05,0.00037920904402744,6.98910913545466e-05,0.000670864643280906,0.00513179108744256,0.000933838340200996,0.000776858309615242,0.00133221935176154,0.00517508476317122,0.00392855345250631,0.000561651271820918,0.00758019346644317,0.000259262687578995,0.000682489550084579,0.00329771345132243,0.000264507993263496,0.00154399737766677,0.0029855809711801,0.000392661931395631,0.00124855926401417,0.000929282858980028,0.00566486660777835,0.00257552644665364,0.00411983401780535,0.00468839351430353,0.00120985933117932,0.00183029027457922,0.000651609599071584,0.000554547993761432,0.000283219693779398,0.000821846433187766,0.000607515093372232,0.00590052377437457,0.00177714303816936,0.000745529345938517,0.000524383419023654,0.00227392685803141,0.00415727137318686,0.00714560027100593
