Unknown,Source001,Source002,Source003,Source004,Source005,Source006,Source007,Source008,Source009,Source010,Source011,Source012,Source013,Source014,Source015,Source016,Source017,Source018,Source019,Source020,Source021,Source022,Source023,Source024,Source025,Source026,Source027,Source028,Source029,Source030,Source031,Source032,Source033,Source034,Source035,Source036,Source037,Source038,Source039,Source040,Source041,Source042,Source043,Source044,Source045,Source046,Source047,Source048,Source049,Source050
0.000464682608233099,0.31448950376204,0.135399402147794,0.112421809802537,0.108343782684618,0.229345501603012,0.000637403378881253,0.00036682212071205,0.0169535364079677,0.00302071039577735,0.00250550788211986,0.00109754036504279,0.00107154920996637,0.00203920144310391,0.00110594777542426,0.000855232301132782,0.00217510856153404,0.000107261679425351,0.00174605923018109,0.00147579431800518,0.000391364651238207,0.00230452227779596,0.00302687339229481,0.000847245963211266,2.76446830726787e-05,0.00115106787582002,0.00442994121737947,0.000215380855566808,0.00113048618757779,0.000538451062954192,0.00190831031090865,0.00402586536421722,0.00147188424613792,0.000101345510854008,0.00461923981803001,0.000198601409835944,0.000370074750085131,0.00242006105461268,0.0015856180807716,0.00818168025680252,0.000963001394436099,0.00053001229563519,0.000561785104621949,0.000729881523468812,0.00301811215665899,0.00524079992916561,0.000642942808170694,0.00109893691745882,0.00684224251115092,0.00238237708565689,0.00342189162690209
