Unknown,Source001,Source002,Source003,Source004,Source005,Source006,Source007,Source008,Source009,Source010,Source011,Source012,Source013,Source014,Source015,Source016,Source017,Source018,Source019,Source020,Source021,Source022,Source023,Source024,Source025,Source026,Source027,Source028,Source029,Source030,Source031,Source032,Source033,Source034,Source035,Source036,Source037,Source038,Source039,Source040,Source041,Source042,Source043,Source044,Source045,Source046,Source047,Source048,Source049,Source050
0.00514971041126911,0.108598155997429,0.182280537643672,0.2436854478747,0.207819009585264,0.157616848898936,0.00356780625391542,0.00334867270672925,0.00041319609866666,0.00239269926817772,0.000362548657647266,0.000851810740708731,0.00129655545245687,0.00250655983822054,0.00196730380467591,0.00156785891707248,0.00352536190762601,0.00216028081273049,0.00198747651707921,0.000397304181424081,0.00345328899655816,0.00156979244431296,0.000394483520301382,0.000224776432760734,0.00131414606606469,0.00582721028290345,0.00230250329250907,0.00119219997777351,0.00386550031317723,0.000500213832614117,8.39691858462021e-05,0.000456076519796215,0.00196169524421934,0.00176887542978397,0.000664185367748193,6.43995967506665e-05,0.00271852517630271,0.00148754368053882,0.00114500854610322,0.00287992747893962,0.00237563575293575,7.10072080279471e-05,0.0051541160505992,0.00728469804843316,0.000501930276733123,0.00179502929176527,0.00477999373024093,0.000938605561236421,0.00405950596021094,0.00311546312081289,0.00455454804560033
