Unknown,Source001,Source002,Source003,Source004,Source005,Source006,Source007,Source008,Source009,Source010,Source011,Source012,Source013,Source014,Source015,Source016,Source017,Source018,Source019,Source020,Source021,Source022,Source023,Source024,Source025,Source026,Source027,Source028,Source029,Source030,Source031,Source032,Source033,Source034,Source035,Source036,Source037,Source038,Source039,Source040,Source041,Source042,Source043,Source044,Source045,Source046,Source047,Source048,Source049,Source050
0.0011231763778396,0.139375135655891,0.224775752530305,0.138625366805754,0.242117322623122,0.155106422384928,0.000250053998915589,0.00105759951728424,0.00658223952166445,0.00144214800457983,0.000455267655528029,0.00193824434732595,0.00382710720252448,6.17502875687611e-05,0.000401129446972912,0.00214400126694736,0.00187562434477243,0.0013734178853662,0.00130335180194994,0.00318956086922044,0.00177411745062785,0.00195976181858268,0.00150472513799856,0.00807839218392767,0.00385877348971184,0.00471712842090497,0.000639827439406063,0.00657238127603308,0.00417319619141098,0.0036718372474213,0.00108990692443311,0.0016316613388335,0.00108737022846086,0.00188726008239689,0.00691087284412737,0.000640615876463156,0.00012379157145167,0.00344039930158545,0.00174705466197715,0.00097318401582107,0.00154241760425301,0.00022772936214834,0.000372567391875213,0.000876037366862096,0.00150265574360153,0.00176081264856521,0.000411004574883408,0.00180802164530203,0.00451374630446071,0.00263216731867861,0.000845910009334378
