Unknown,Source001,Source002,Source003,Source004,Source005,Source006,Source007,Source008,Source009,Source010,Source011,Source012,Source013,Source014,Source015,Source016,Source017,Source018,Source019,Source020,Source021,Source022,Source023,Source024,Source025,Source026,Source027,Source028,Source029,Source030,Source031,Source032,Source033,Source034,Source035,Source036,Source037,Source038,Source039,Source040,Source041,Source042,Source043,Source044,Source045,Source046,Source047,Source048,Source049,Source050
0.00053713690669009,0.121528484182586,0.372045369149523,0.15723823524036,0.1235902823866,0.125597629040932,0.000980723203993309,0.000226531568314723,0.00119356075099144,0.00187716030582744,0.0062738371593249,0.000307084088252223,8.38446593983278e-05,0.000812343777520363,0.000909199249887237,0.000936116956348438,0.000964517535346131,0.00420119888689055,0.00382935341953263,0.000659303632509288,0.00198036094821633,0.000226076544590839,0.00171934375959365,0.00303293681985419,0.00325923894293788,0.000499776618633213,0.00298410767110622,0.00316780341199948,0.000118564059040023,0.000118219171084442,0.00101810739007088,0.00234475611431088,0.000311509244003239,0.000475943419802188,0.0140514902916217,0.00209296821226192,0.00222891007472328,0.00193476969065907,0.00159170129950494,0.00305502099447301,0.00462593357878687,0.0110968144795591,0.00148819685383689,0.00492539645040039,0.000661469450199306,0.000392384643983899,0.000204708594777052,0.00411399136238373,0.00169665045895354,0.000520357851450438,0.000270579496354316
