Unknown,Source001,Source002,Source003,Source004,Source005,Source006,Source007,Source008,Source009,Source010,Source011,Source012,Source013,Source014,Source015,Source016,Source017,Source018,Source019,Source020,Source021,Source022,Source023,Source024,Source025,Source026,Source027,Source028,Source029,Source030,Source031,Source032,Source033,Source034,Source035,Source036,Source037,Source038,Source039,Source040,Source041,Source042,Source043,Source044,Source045,Source046,Source047,Source048,Source049,Source050
0.000381081811620409,0.133959876512964,0.123113116276169,0.253291582486948,0.257298969545308,0.132336455178611,0.000201612777757601,0.00139934952265481,0.00373679869859162,0.00164718844011337,0.00151191576850819,0.0015887559315011,0.000356059534536143,0.000982724137733788,0.00909158986462455,0.0059951375481039,0.00198087638464199,0.0015454057803322,0.00185912729472862,0.00337914980638692,0.00497748075561285,0.00189171531274988,0.00329793266433722,0.00116051241465381,0.00299299662323044,0.000413066460743856,0.00153128936404403,0.000879035423572545,0.000363799778707714,0.00600873342588418,0.00223698039717219,0.00341145937345494,2.2982572992023e-05,0.000117456493307041,0.00119929069210374,0.00223665706147223,0.00153935033196474,0.00458351857306666,0.0035183380444982,0.000835918308934965,0.00198999115225451,0.0025244731250964,0.000200765282595539,0.00333543067512554,0.00192656236365149,0.000223061241115717,0.00399105980782714,0.00274009439744856,0.00402775057013649,3.98492719403856e-05,0.000125674738469734
