Unknown,Source001,Source002,Source003,Source004,Source005,Source006,Source007,Source008,Source009,Source010,Source011,Source012,Source013,Source014,Source015,Source016,Source017,Source018,Source019,Source020,Source021,Source022,Source023,Source024,Source025,Source026,Source027,Source028,Source029,Source030,Source031,Source032,Source033,Source034,Source035,Source036,Source037,Source038,Source039,Source040,Source041,Source042,Source043,Source044,Source045,Source046,Source047,Source048,Source049,Source050
0.000540774546175706,0.165722763833302,0.229541748007308,0.107967375116133,0.231094806698437,0.165673306344819,0.00173738879631599,0.0015391805665062,0.00062466307975372,0.00188934918149964,0.00317302586438318,0.000875969814354566,0.00618093611027857,0.00358664872670687,4.95671236030126e-06,0.000306128354527394,0.00194794954695644,0.00693235988925234,0.00473069997745584,0.000942499417641032,0.00267211014467375,0.0022885689536494,0.00611555235382995,0.00299184810369453,0.00505659180190859,0.00122676230290535,0.000860757393549456,0.00323854857900285,0.00194577445987365,0.00227840232758942,0.00112118226076647,0.00239959023788323,0.00243917437389551,0.000107519519191996,0.00108065374790802,0.00045380447192082,0.0036432463306697,0.00153106041884643,0.00220873861329002,0.00206840615316676,0.00236296858108474,0.00146122963677728,0.000921183048570559,0.000631801166251084,0.000295381331135252,0.0014423206992806,4.82181891375486e-05,0.000154975841631654,0.00530909769868459,0.00638601753836316,0.000245983136699751
