Unknown,Source001,Source002,Source003,Source004,Source005,Source006,Source007,Source008,Source009,Source010,Source011,Source012,Source013,Source014,Source015,Source016,Source017,Source018,Source019,Source020,Source021,Source022,Source023,Source024,Source025,Source026,Source027,Source028,Source029,Source030,Source031,Source032,Source033,Source034,Source035,Source036,Source037,Source038,Source039,Source040,Source041,Source042,Source043,Source044,Source045,Source046,Source047,Source048,Source049,Source050
0.00284344331016626,0.154584496831654,0.164518970359909,0.122924789951491,0.136421915430875,0.321549827426071,0.000515916951343953,0.00251479470777998,0.00214640058494478,6.55329764968286e-05,0.000234695003684463,0.000387641780549366,0.00223671725573808,0.00214357601543219,0.00545313745576016,0.00379793959987507,0.000977504096650384,0.00043295867104891,0.000195724200557678,0.00376481836616875,0.00860879480553628,0.00082943134627778,0.00544673912380008,0.00122625428604638,0.000891052832633324,3.84866806435977e-05,0.00378146640586332,0.00222978182159127,0.000735547280677806,0.00205008624910009,0.00280641096320317,0.00500665897088746,0.00321440508957891,0.000679769672586203,0.00183347132576227,0.000502365326686582,0.00194552420517237,0.000508950192987202,0.000106958893492093,0.00107220644429612,0.000358809858462533,0.0019409443988799,0.00204769408207833,0.00331780433381474,0.00303053145378406,0.00184457504140953,5.00418096876286e-05,0.00387570693561566,0.00191761322941805,0.00628213367596584,0.00410898228786453
