Unknown,Source001,Source002,Source003,Source004,Source005,Source006,Source007,Source008,Source009,Source010,Source011,Source012,Source013,Source014,Source015,Source016,Source017,Source018,Source019,Source020,Source021,Source022,Source023,Source024,Source025,Source026,Source027,Source028,Source029,Source030,Source031,Source032,Source033,Source034,Source035,Source036,Source037,Source038,Source039,Source040,Source041,Source042,Source043,Source044,Source045,Source046,Source047,Source048,Source049,Source050
0.000638733682425284,0.132473956745294,0.184539219044863,0.143997502836218,0.124647127502788,0.314342193870838,0.000954806270939749,0.00283655257778092,0.00337674715503077,0.000672427069059951,0.000124018780990398,0.000784249692436018,0.00128415774267281,0.000829704440923629,0.00306769730216953,0.00330810687181086,0.000666729918205286,0.00319761744203777,8.80132578854697e-05,0.00179560903724514,0.0088174316690988,0.00357069288541469,0.00228822474941239,0.00293569860210418,0.000168790451052539,0.0017364963356577,0.00518554142967146,0.00108518359171109,0.00100619340656074,0.000819037009613913,0.00188146494984843,0.00513765467147825,0.00766141806579307,0.00117702329139278,0.00160916075511045,0.0021153504928561,0.00268874396961766,0.00354719636572751,0.00797100905983272,0.000673908673978063,0.00109783694106936,0.0015012713691033,0.00409374565354189,0.000635116770804365,0.000223061963707962,0.000328087256057923,0.0025191874385145,0.00188651186088847,0.000548201411313203,0.000297889679444251,0.00116769798800866
