Unknown,Source001,Source002,Source003,Source004,Source005,Source006,Source007,Source008,Source009,Source010,Source011,Source012,Source013,Source014,Source015,Source016,Source017,Source018,Source019,Source020,Source021,Source022,Source023,Source024,Source025,Source026,Source027,Source028,Source029,Source030,Source031,Source032,Source033,Source034,Source035,Source036,Source037,Source038,Source039,Source040,Source041,Source042,Source043,Source044,Source045,Source046,Source047,Source048,Source049,Source050
0.00325688639276805,0.118958735003913,0.134956297579046,0.168956002183869,0.252783050696972,0.2243459145362,0.00298382552290652,0.00038556715747192,0.00321336101800254,0.000538743098032527,0.00355288513217932,0.00120523163666062,0.000223239920480826,0.00379336428283756,0.00524753783171742,0.00171553813684257,0.00414044428671107,0.00123973669974804,0.0013058490654724,0.00067807432101615,0.00082910444222755,8.95374974637363e-05,0.00246838630438334,0.000517668180649274,0.00125022329946443,0.00299598544579035,0.00308280410729711,0.000600224377113859,0.00210705746619179,0.00177699333308736,5.69892428004235e-06,0.00642486149854535,0.00450832194466332,0.000316133445573328,0.000357010069621169,0.00106688904978319,0.000676495645828162,0.00334324652503692,0.000826034071088143,0.000266690988333041,0.00182331168786447,0.00109015610694546,0.0011457960493652,0.00233646983231308,0.00546941577719262,0.000293625619816615,0.00386245052419894,0.00310367201977052,0.00750719979535272,0.00236660862815677,0.00401164283975458
