Unknown,Source001,Source002,Source003,Source004,Source005,Source006,Source007,Source008,Source009,Source010,Source011,Source012,Source013,Source014,Source015,Source016,Source017,Source018,Source019,Source020,Source021,Source022,Source023,Source024,Source025,Source026,Source027,Source028,Source029,Source030,Source031,Source032,Source033,Source034,Source035,Source036,Source037,Source038,Source039,Source040,Source041,Source042,Source043,Source044,Source045,Source046,Source047,Source048,Source049,Source050
0.001148065606642,0.14189593338574,0.120680409294148,0.232489600250454,0.200612683718686,0.204321373350973,0.000205498376163214,0.00303310109477875,0.00300524915564071,0.00479852695012732,0.00308145128794493,0.0010308165999697,0.00146823557042978,0.00573439424756495,0.00111602666024897,0.00439581047840476,0.0031261227166654,0.00265957163521697,0.00317402186695922,0.00144001561317714,0.00216524752194802,0.000706742838921874,0.00209243088475618,0.00181536946232538,0.00277145119213103,0.00306479427793536,0.00143051610234709,0.000404508499225601,0.00129564121863757,0.00247713995289475,0.00187409192084115,0.00207222115732935,0.00564072853808794,0.000568599507006477,0.000255339983416685,0.000443730550718144,0.000225382937385793,0.00166632908683385,0.00266074488122695,0.000584194676064445,0.00127230852421552,0.000653276909443654,0.00350078629795569,0.00656580375730595,0.000316360971081964,0.00526834345402154,4.5644760584907e-06,0.00282949397710432,0.00131641597648078,8.73250374393489e-05,0.00455320756892528
