Unknown,Source001,Source002,Source003,Source004,Source005,Source006,Source007,Source008,Source009,Source010,Source011,Source012,Source013,Source014,Source015,Source016,Source017,Source018,Source019,Source020,Source021,Source022,Source023,Source024,Source025,Source026,Source027,Source028,Source029,Source030,Source031,Source032,Source033,Source034,Source035,Source036,Source037,Source038,Source039,Source040,Source041,Source042,Source043,Source044,Source045,Source046,Source047,Source048,Source049,Source050
6.97126823409137e-05,0.11128641644727,0.253096115903244,0.100308308185713,0.149687953323833,0.285621206139939,0.000706512377218828,7.51832525507191e-06,0.000937892074764939,0.000480666653677131,0.00096304469568494,0.00348442006109824,0.00638313311500146,0.000531527295265694,0.00334276062054024,0.00124847975813235,0.000351303499820878,0.0066193281790187,0.00499831311372625,0.000192372076986689,0.00329278511218137,0.00504608844001529,0.000617795699771755,0.000193670491791086,0.00290578962001407,0.0042756438972026,0.00267017953108048,0.00195375692224177,0.000372482355027289,0.00459687528137165,0.0011738527509199,0.000907078261799893,0.00104063739440252,0.000729292898565332,0.00179879248740599,0.00237724592784188,0.000603557064764872,0.00138501701734127,0.00424421875148676,0.0042882597084513,0.000148215241101295,0.000678801903107666,0.00568864542601341,0.0040072704265274,0.000254296156587208,0.00491296142857164,0.00273941254090512,0.00241690536173381,0.00290009933658755,0.000374153183700751,0.00108923485295472
