Unknown,Source001,Source002,Source003,Source004,Source005,Source006,Source007,Source008,Source009,Source010,Source011,Source012,Source013,Source014,Source015,Source016,Source017,Source018,Source019,Source020,Source021,Source022,Source023,Source024,Source025,Source026,Source027,Source028,Source029,Source030,Source031,Source032,Source033,Source034,Source035,Source036,Source037,Source038,Source039,Source040,Source041,Source042,Source043,Source044,Source045,Source046,Source047,Source048,Source049,Source050
0.00330950144614406,0.230135207755622,0.213886278979257,0.121997232742578,0.107822059640502,0.226159220882041,0.00144279298469536,0.000281640800075535,0.000314004222004637,0.000291285530352766,0.00320686762687849,0.000839129813389752,0.00295187409228465,0.00383421140993047,0.00478250761093165,0.00150666595002355,0.000319799211198709,2.96709526834492e-05,0.000608796619769975,0.00279281021564833,0.00100027670801877,0.000422255437287172,0.00213694920997207,0.00164522408805124,0.00533610359594545,0.00146053588238114,0.00039971955199736,0.00129540325920175,0.000540679221383591,0.00236440018905023,0.000126752675700711,0.000282657260680259,0.00109005814485262,0.00441526264739026,0.00571524880527451,0.00152923140805115,0.00273428390406727,0.000501655320528055,0.0125768005934374,0.00256718896614433,0.00196350024950212,0.000930446442226555,0.000162252854518991,0.00538409055351505,0.0028677708317767,0.00137912300248028,0.0032750733628156,0.000424246868671873,0.00620200260492234,0.00210435830903184,0.000654889565111887
