Unknown,Source001,Source002,Source003,Source004,Source005,Source006,Source007,Source008,Source009,Source010,Source011,Source012,Source013,Source014,Source015,Source016,Source017,Source018,Source019,Source020,Source021,Source022,Source023,Source024,Source025,Source026,Source027,Source028,Source029,Source030,Source031,Source032,Source033,Source034,Source035,Source036,Source037,Source038,Source039,Source040,Source041,Source042,Source043,Source044,Source045,Source046,Source047,Source048,Source049,Source050
0.0010655198964929,0.266308809411063,0.21665347028102,0.104895768829596,0.126149208339161,0.185992743139159,0.00100946311754038,0.00325328066607017,0.00430468594929045,0.00172077364485232,0.000521428189687859,0.00133518663827638,0.00280029639285959,0.00221161992297117,0.000296010936322362,0.00189218696632946,0.00274436033172202,0.000989678257326037,0.00234045646111279,0.00337151525289638,0.000928234500903399,4.98425197124189e-05,0.00326938031069493,0.00336089612350275,0.00425905920054126,0.00589808788078811,0.0109621766297483,0.00115072813509784,0.00438160597568801,0.00155137863684222,0.000869312202962825,0.000247599840588665,0.000409707502643865,0.000834773767761796,0.00203434309964595,0.00115855046563269,0.00259730331217628,0.000124638336854223,0.00163479973856743,0.000108355681814428,0.000919905397779256,0.00090321861353508,0.00276294054173363,0.00291932190054431,0.00405904581120953,0.00123734366629648,0.002191793981424,0.00420383202849376,0.00379163525177793,0.000304797130800158,0.00101892919048821
