Unknown,Source001,Source002,Source003,Source004,Source005,Source006,Source007,Source008,Source009,Source010,Source011,Source012,Source013,Source014,Source015,Source016,Source017,Source018,Source019,Source020,Source021,Source022,Source023,Source024,Source025,Source026,Source027,Source028,Source029,Source030,Source031,Source032,Source033,Source034,Source035,Source036,Source037,Source038,Source039,Source040,Source041,Source042,Source043,Source044,Source045,Source046,Source047,Source048,Source049,Source050
0.00132258556279537,0.266721533873491,0.113954575634201,0.143149442492313,0.230065364440166,0.146109083559828,6.24414590003956e-05,0.000510495982146115,0.00233748360227607,0.00168101826529116,9.56271730666028e-05,0.000134567001875611,0.00403867791324335,0.00100733627481425,0.00152433568681059,0.00193776707063766,0.000196765828839969,0.00535855869339874,0.00215650042094099,0.0032867620228117,0.00111031561612393,0.00481266672332093,0.00419668808522447,0.000139015135224947,0.00796335275355929,0.000440121035458021,0.000712245098571793,0.000708447448382125,0.00210422440868771,0.00245348624622058,0.00123152684807431,0.000691782798774739,0.00074948297060021,5.98571663975779e-06,0.00013628419072551,0.00588718679703851,0.000304297173134461,0.0040512923820014,0.00124864178584473,0.00219662615293041,0.00106921350752301,0.000846691055160731,0.00461323770500828,0.000847350315149729,0.0031258456205952,0.000986094554435799,0.00239684670667624,0.00720425879162633,0.00702490373288618,0.00462586418351334,0.000465101502938729
