Unknown,Source001,Source002,Source003,Source004,Source005,Source006,Source007,Source008,Source009,Source010,Source011,Source012,Source013,Source014,Source015,Source016,Source017,Source018,Source019,Source020,Source021,Source022,Source023,Source024,Source025,Source026,Source027,Source028,Source029,Source030,Source031,Source032,Source033,Source034,Source035,Source036,Source037,Source038,Source039,Source040,Source041,Source042,Source043,Source044,Source045,Source046,Source047,Source048,Source049,Source050
0.000906540552898631,0.106824120984022,0.102248623996321,0.121455088847871,0.253104844157658,0.316367322014128,0.000903582857084701,0.00284702423180616,0.00155852585502982,0.00210900281525107,0.00123505159182837,0.00916153902452407,0.000439802927842411,0.00250389442742194,0.00807629752798898,0.00133134006472033,0.00443397613714093,0.0020388159534204,0.000203978924957212,0.00195406672584166,0.00106975941223257,0.00306035562966686,0.00316295955428143,0.000106798528280322,0.000386371664846636,0.0018017744682511,0.00299755400862272,0.000586656398001598,0.00119623814696188,0.00352562278519022,0.00266835650757039,0.00261753222869147,0.00254455960242764,0.00236967077893785,0.000783857719264799,0.00162510235029867,0.000358828226300165,0.0033821587095835,0.0083489305559566,0.000463236779390809,0.00143710346738092,0.000229064634115196,0.0014342509246423,9.16109400971074e-05,0.000165505000043498,0.00105672015057103,7.23698967788452e-05,0.00189655437401988,0.00576108974142649,0.0023899044072415,0.00270606279116932
