Unknown,Source001,Source002,Source003,Source004,Source005,Source006,Source007,Source008,Source009,Source010,Source011,Source012,Source013,Source014,Source015,Source016,Source017,Source018,Source019,Source020,Source021,Source022,Source023,Source024,Source025,Source026,Source027,Source028,Source029,Source030,Source031,Source032,Source033,Source034,Source035,Source036,Source037,Source038,Source039,Source040,Source041,Source042,Source043,Source044,Source045,Source046,Source047,Source048,Source049,Source050
0.00482558139502033,0.127614678966298,0.13798647157861,0.216404948586039,0.298103119475649,0.119890781393404,0.00144770068792733,0.00377042922674653,0.00322283396897538,0.0033536516694057,0.000145493290938478,0.00302460803319614,0.00659730534488219,0.00129753504367872,0.00160899632092768,5.4272349373728e-05,0.000474892510674893,0.00318206364728291,0.000687270277019863,0.00101444463811343,0.000799358379721117,0.00133291539973412,0.00129984194465886,0.00337486172766005,0.00131381723382432,0.00707536276421838,0.00195597212663335,0.0027685120073843,0.000794053594447358,0.0028769910977218,0.00176006072349873,0.00132242123125704,0.00499240017088212,0.00183770533769614,0.000207514556210233,0.00101070885613844,0.00486462734339573,0.000807426699131222,0.00138819816133341,0.00155535448374854,0.00049767721159284,0.00360167882053948,0.00299853155714477,0.00434604297043019,0.00196252058850508,0.00138783543158783,0.000421138957283981,0.000634981285309531,0.00289365136223253,0.000986213128129994,0.00222454644378518
