Unknown,Source001,Source002,Source003,Source004,Source005,Source006,Source007,Source008,Source009,Source010,Source011,Source012,Source013,Source014,Source015,Source016,Source017,Source018,Source019,Source020,Source021,Source022,Source023,Source024,Source025,Source026,Source027,Source028,Source029,Source030,Source031,Source032,Source033,Source034,Source035,Source036,Source037,Source038,Source039,Source040,Source041,Source042,Source043,Source044,Source045,Source046,Source047,Source048,Source049,Source050
0.00871513588906484,0.11206705977776,0.203750328203327,0.119691580485198,0.231626378421584,0.232864653112131,0.00160778322759514,0.000896567858673109,0.00372470848928768,0.00064598590595363,0.00142173948074071,0.00190065373060402,0.000331038116960935,0.000332311602057711,0.00385693957111167,0.00489534173232825,0.00114150476427906,0.0018532739105268,0.00435356967166504,0.000576557602359331,0.00299786110335376,0.000675756534324764,0.000211167961145308,0.00161154571806943,0.00439312390780851,0.0034718407202445,0.000233754822769355,0.00466779725311227,0.000149656400496845,0.0013278407264211,0.00289643867878133,0.00271839547475843,0.000472752780454841,0.00237947709174098,0.00138708628312915,0.000897170316574837,0.00464235077446574,0.0021959696921196,0.00282417022812073,0.00622047186692176,0.00237833849906305,0.000864956984006547,0.00589761017626429,0.000121252491870339,0.000174640168504451,5.07989305185323e-05,0.00113746876488168,0.00161699931785195,0.00111288530499137,0.00312180226605498,0.0008955072079716
