Unknown,Source001,Source002,Source003,Source004,Source005,Source006,Source007,Source008,Source009,Source010,Source011,Source012,Source013,Source014,Source015,Source016,Source017,Source018,Source019,Source020,Source021,Source022,Source023,Source024,Source025,Source026,Source027,Source028,Source029,Source030,Source031,Source032,Source033,Source034,Source035,Source036,Source037,Source038,Source039,Source040,Source041,Source042,Source043,Source044,Source045,Source046,Source047,Source048,Source049,Source050
0.00306375860039915,0.233710302950005,0.210468415767852,0.100979654347782,0.139271221418604,0.215570405515758,0.00306530116420396,0.000276132511901872,0.00172011284425034,0.000540162369359216,0.000588449329816822,0.00223099541426316,0.0070752875771748,0.00378817216895131,0.00120448740838732,5.45498590413328e-05,0.00277191846503038,0.00173321970995456,0.000478092344137171,0.00319998893227536,0.000766571615709309,0.000733114000718074,0.00654483575805646,0.0031160014470655,0.000691298975919317,0.00745279905603847,0.0013750323044802,0.000444098410324376,0.000348313143972604,0.00592495636001313,0.00120941234027571,0.000609831871846417,0.000275539250148986,0.00206624425295965,0.000245044554750498,0.00187018490320036,0.00040504527113345,0.00162390266296088,0.000223569956145814,0.00319946161962611,0.0030006365794802,0.00150629945298339,0.00063701936843315,0.000379070746851552,0.0033246977471859,0.000303928241394324,0.000499287605206794,0.00105091509958049,0.0102839769824091,0.00478878459860227,0.0033094971233807
