Unknown,Source001,Source002,Source003,Source004,Source005,Source006,Source007,Source008,Source009,Source010,Source011,Source012,Source013,Source014,Source015,Source016,Source017,Source018,Source019,Source020,Source021,Source022,Source023,Source024,Source025,Source026,Source027,Source028,Source029,Source030,Source031,Source032,Source033,Source034,Source035,Source036,Source037,Source038,Source039,Source040,Source041,Source042,Source043,Source044,Source045,Source046,Source047,Source048,Source049,Source050
0.000923626872868392,0.116180139234662,0.117917510268925,0.224711617155969,0.251141490178878,0.190049243161566,0.00108315694814708,0.000140017841743672,0.00286601068841099,0.000726671569016307,0.00137805855299926,0.000594732890132835,0.00517762049076058,0.0051367496916801,0.00295411581159218,0.0011110562126444,7.97681307913333e-05,0.00265398395629699,0.00463394961990091,0.00592082455413151,0.000948882719713982,0.00493321808047253,0.00162491064655868,0.00144725681022171,0.00311031652752725,0.00212293435739041,0.00101268719680064,0.000776026556022245,0.00847150494033032,0.000366988436765181,0.00149302229667977,0.000801658466414405,0.00197484528228411,4.70556949190893e-05,0.00111622682033794,0.00234417122895638,0.000390260195729727,0.000384938971209588,0.00406875460475128,0.000330384743542822,0.00108795309824883,0.00326743763165446,0.00151329312427103,0.00522712894427585,0.0020363235410791,0.00356431865595055,0.00427414999770157,0.000692258060286623,0.00236416138643514,0.00158455134862464,0.00124203580372762
