Unknown,Source001,Source002,Source003,Source004,Source005,Source006,Source007,Source008,Source009,Source010,Source011,Source012,Source013,Source014,Source015,Source016,Source017,Source018,Source019,Source020,Source021,Source022,Source023,Source024,Source025,Source026,Source027,Source028,Source029,Source030,Source031,Source032,Source033,Source034,Source035,Source036,Source037,Source038,Source039,Source040,Source041,Source042,Source043,Source044,Source045,Source046,Source047,Source048,Source049,Source050
0.000121868005325279,0.128636430349317,0.213530088716448,0.172680062434527,0.253956414132299,0.131197004367408,0.00127413809962172,0.00156439425911653,0.00157250187543061,0.000706210031891815,0.00274693620476651,0.00140739814774313,0.000329752773616377,0.00518233656699214,0.000775321284998702,0.00115546345932113,0.0001401610381744,0.000746322146279347,0.000911512861695348,0.00590140341003847,0.00128907147140212,0.00208076233763882,0.00244870762718211,0.00745429687812081,0.00248156248548925,0.0012223265572349,0.000620760349406463,0.00808597624533575,0.000615359616846568,0.000319051953628973,0.00170275708100563,0.000958057725444192,0.000504065716760742,0.000153092297271611,0.000848872849258468,0.00154256979090907,0.000920631270608588,0.00362913722106027,0.000907443141321934,0.0010845287909684,0.00114677388901927,0.00114248309421595,0.00162367981429222,0.000571842027063677,0.00511943571648166,0.00596431646536096,0.00409885896235419,0.0052895646521908,0.0100829296584421,0.000587647277846218,0.000967716870826674
