Unknown,Source001,Source002,Source003,Source004,Source005,Source006,Source007,Source008,Source009,Source010,Source011,Source012,Source013,Source014,Source015,Source016,Source017,Source018,Source019,Source020,Source021,Source022,Source023,Source024,Source025,Source026,Source027,Source028,Source029,Source030,Source031,Source032,Source033,Source034,Source035,Source036,Source037,Source038,Source039,Source040,Source041,Source042,Source043,Source044,Source045,Source046,Source047,Source048,Source049,Source050
0.00191679433365512,0.206672214870879,0.170688672751331,0.174315166027457,0.176548486355377,0.171775459994956,0.00252108789670279,0.000448174438321191,0.00319471016353873,0.00162537253670923,0.00178970131161967,5.04653475516206e-05,0.00054670381532362,0.00204204939975794,0.00330296029422167,0.000496995075371909,0.000196484839407525,0.003403782014443,0.00256420373921751,0.000398186111289851,0.00182434713409275,0.000761418815206426,0.000500224725486484,0.000693820140116087,0.00222024801210366,0.000781056126970772,0.00036435866801966,0.00114222209832388,0.00273230170432904,0.000892411436975697,0.0162391728411452,0.000954514702516934,0.004045705318373,0.000446640242212441,0.00643004140892026,0.00637025074966741,0.0033002081947407,0.00240273322035243,0.000852722500771438,0.00351136257825002,0.000194044184910358,0.00116655547818506,0.00741605464942701,0.000497100350364188,0.000509098045638977,0.00244077458293371,0.000357292634531133,0.00019634162254775,0.00553663235507914,0.000183441707292409,0.000539232453384575
