Unknown,Source001,Source002,Source003,Source004,Source005,Source006,Source007,Source008,Source009,Source010,Source011,Source012,Source013,Source014,Source015,Source016,Source017,Source018,Source019,Source020,Source021,Source022,Source023,Source024,Source025,Source026,Source027,Source028,Source029,Source030,Source031,Source032,Source033,Source034,Source035,Source036,Source037,Source038,Source039,Source040,Source041,Source042,Source043,Source044,Source045,Source046,Source047,Source048,Source049,Source050
0.00194577081885045,0.102739217745014,0.108578504065843,0.402337407902235,0.102115903570433,0.184228966716474,0.000162944335561152,0.00506369593256216,0.00167887982981688,0.00334538235624248,0.0018295835753528,0.00196838788422936,0.0012905540210595,0.000623992107770347,0.00194778373290496,0.00305479674462105,0.00205773399989569,0.000691454081216374,0.000561383866235938,0.000562480162326387,0.000702767376219864,0.00292677258032057,0.00071701781590757,0.000542199609751142,0.000588348749689873,0.00180865050369242,0.00263434451038477,0.000421786971969683,0.00027226497411266,0.00283708539679208,0.00264441508963391,0.000784429162529208,0.000849967646933561,0.00163393475097846,0.0108650766321633,0.00247848491665446,0.00590783274606357,0.00127687383059166,0.000991594378235159,0.000658727492876675,0.00214471235442723,0.0046195687255859,0.00576388107834845,0.00289893769946981,0.00131717419615116,0.00287825582182165,0.000730588082333887,0.000481906686657028,0.00190600705161088,0.00163144969236377,0.00730012002708412
