Unknown,Source001,Source002,Source003,Source004,Source005,Source006,Source007,Source008,Source009,Source010,Source011,Source012,Source013,Source014,Source015,Source016,Source017,Source018,Source019,Source020,Source021,Source022,Source023,Source024,Source025,Source026,Source027,Source028,Source029,Source030,Source031,Source032,Source033,Source034,Source035,Source036,Source037,Source038,Source039,Source040,Source041,Source042,Source043,Source044,Source045,Source046,Source047,Source048,Source049,Source050
0.000652021215202301,0.100949440619072,0.132942774079152,0.134215006574591,0.399596221527844,0.132296557199341,0.000305657837770775,0.00841579729669169,0.000466668488025782,0.00290503927235722,0.00242561695807308,0.00377094088354201,2.02558933023469e-05,0.000135648894440589,0.0119943098022803,0.00539642493643369,0.000346062216522091,0.000425990407221616,0.000708406838780793,0.000214797572400662,0.000936202369425369,0.000267629299302417,0.00165803954955682,0.00193691730672694,0.00180710135709732,0.00052865744194732,0.00125086351927506,0.00037438685378889,0.00128335991038242,0.000701252519997674,0.00170611968999501,0.00258187070780617,0.0111015894687958,0.00312777371668952,0.0018007694002303,0.000637983987741659,0.00129048179017107,0.0023300818791724,0.000201358145626945,0.00232810388857903,1.86979196110643e-06,0.000236114761597635,0.00167499246238016,0.00422478797665221,0.000370724500420453,0.00952570049087002,0.00232935051063987,0.000369954996392505,0.000424608462147949,0.00354337496645566,0.00126433976512928
