Unknown,Source001,Source002,Source003,Source004,Source005,Source006,Source007,Source008,Source009,Source010,Source011,Source012,Source013,Source014,Source015,Source016,Source017,Source018,Source019,Source020,Source021,Source022,Source023,Source024,Source025,Source026,Source027,Source028,Source029,Source030,Source031,Source032,Source033,Source034,Source035,Source036,Source037,Source038,Source039,Source040,Source041,Source042,Source043,Source044,Source045,Source046,Source047,Source048,Source049,Source050
0.00135085970957878,0.354769165679189,0.129653654628929,0.207917694627443,0.100820534333885,0.106838950730554,0.00252553871832744,0.000205698922652219,0.00506576528109654,0.000678724314262048,0.00295946293342632,0.00429209773404696,0.00119235881644051,0.00587074557613419,0.00899479577214301,0.00115572720284375,0.000301202193307897,0.00100366387389236,0.00160743522902425,0.00352313285598275,0.00133632555629961,0.00239203703180953,7.13827018335051e-05,0.00591183332711738,0.00355253808659198,0.00176037240311401,0.000931701119616015,0.00013512892079221,0.000715841270703987,0.00109848453851977,0.00141931889742523,0.00795641673219628,0.00201951530622684,0.00178216108635409,0.00139104181376403,0.000221580719848043,0.000561612305851956,0.00188783913077414,0.00189750657566434,0.00245999395372468,0.000442171919610367,0.00258449066842702,0.00153759927780973,0.000495606836976259,0.000908547204657867,0.00518877353761907,0.00103321279998442,0.000164977588041513,0.00145704710004297,0.00370358280674526,0.00225414964869885
