Unknown,Source001,Source002,Source003,Source004,Source005,Source006,Source007,Source008,Source009,Source010,Source011,Source012,Source013,Source014,Source015,Source016,Source017,Source018,Source019,Source020,Source021,Source022,Source023,Source024,Source025,Source026,Source027,Source028,Source029,Source030,Source031,Source032,Source033,Source034,Source035,Source036,Source037,Source038,Source039,Source040,Source041,Source042,Source043,Source044,Source045,Source046,Source047,Source048,Source049,Source050
0.00159170522010189,0.108604801417267,0.220489791288487,0.147529278656485,0.27083766067014,0.152538467967622,0.007743985639566,0.00194947080384408,0.000429329020632366,0.000775877968051079,0.00434768871230695,0.00798504083322527,0.000500599724447252,0.000174535975517343,0.00491289324412754,0.000641631039860578,0.00214802305551813,0.00262955630064362,0.000130276220312101,0.000297129623786718,0.00186736022366901,0.000643113496301356,0.000298438386910122,0.00348239075025413,0.000161288757313431,0.00127808433536579,0.010428862504536,0.00258388532912113,0.000934484686106028,0.00209043483287993,0.00495303727285586,0.000835941779028269,0.00257175241910643,0.00239573421848409,0.00455832010320715,0.00314159035838482,0.000523700793709169,0.000186314159687669,0.000793410700044045,0.00018782202454354,0.00329233014712926,0.00413439631547854,7.6576886588128e-05,0.000976457882821569,0.00142001463680151,0.00575790527212717,0.000181009741082122,0.000351860378820317,0.00220112500273495,0.000897757306231126,0.000536855916736365
