Unknown,Source001,Source002,Source003,Source004,Source005,Source006,Source007,Source008,Source009,Source010,Source011,Source012,Source013,Source014,Source015,Source016,Source017,Source018,Source019,Source020,Source021,Source022,Source023,Source024,Source025,Source026,Source027,Source028,Source029,Source030,Source031,Source032,Source033,Source034,Source035,Source036,Source037,Source038,Source039,Source040,Source041,Source042,Source043,Source044,Source045,Source046,Source047,Source048,Source049,Source050
4.96135537959706e-05,0.102564085361597,0.234471545386219,0.115526512808599,0.160775169290181,0.286662687153404,0.00211339589739512,0.00041141607554218,0.00192879370590322,0.000578079569846889,0.0012722619975099,0.000274535037822081,0.00351501976238082,0.00666793946331621,0.00706198444025855,0.00180481608460718,0.0102099509799039,0.00504400694274772,0.000163703183639324,0.00104996122216669,0.00127570512857049,0.00259588888346234,0.00123701967010684,0.00161536200027735,0.00179834407635913,0.00490984764646126,0.00140204016640137,0.000714345851690826,0.00289771066589051,7.2841940438915e-05,0.00325290319629586,0.00285368514317951,0.00623042696938311,0.00107600788471445,0.00449629839422353,0.00240592022599392,0.000183560684799886,0.000861336696564715,0.00151075246721569,0.000566127234546545,0.000267458230026054,0.00104483751301863,0.000285039172069889,0.00226648052548484,7.09191910917568e-05,0.000415402943927333,0.00262056162021865,0.00376376514222458,0.00194723024858879,0.00195548344552629,0.00126121912441117
