Unknown,Source001,Source002,Source003,Source004,Source005,Source006,Source007,Source008,Source009,Source010,Source011,Source012,Source013,Source014,Source015,Source016,Source017,Source018,Source019,Source020,Source021,Source022,Source023,Source024,Source025,Source026,Source027,Source028,Source029,Source030,Source031,Source032,Source033,Source034,Source035,Source036,Source037,Source038,Source039,Source040,Source041,Source042,Source043,Source044,Source045,Source046,Source047,Source048,Source049,Source050
0.00278491198392603,0.30042948130911,0.122168951827621,0.117285611469758,0.193564496587606,0.166551458805905,0.00132918531146825,0.000765034439970097,0.000994278488016114,0.00135101943460512,0.000493268449561089,0.00620765202609786,0.00147414316998158,0.0026784976289685,0.000559314099225961,0.00693285869839849,0.00200937211400375,0.00149857064510455,0.00179759097918518,0.00076868834820449,1.74348279532986e-05,0.000752085057541852,0.0111543170203152,0.00642997648275582,0.0032885856481127,7.89321760484261e-06,0.00126372176511902,0.00282950662683677,0.000321462176825856,0.000108390456097544,0.000569218086537864,0.00226080297936979,0.00397867980747339,0.00337925944172208,0.00383325244204757,0.0018380559304281,0.00117960497619122,0.00312352380060253,0.00220614239198266,0.0016692816477051,0.000940655134331317,0.00148164110355682,6.58341868788435e-05,0.00211177353499686,0.00361012024750675,0.00279732795284522,0.000701925142208328,0.00125481172994837,0.00358846981344274,0.000154174276395721,0.00143768627794872
