Unknown,Source001,Source002,Source003,Source004,Source005,Source006,Source007,Source008,Source009,Source010,Source011,Source012,Source013,Source014,Source015,Source016,Source017,Source018,Source019,Source020,Source021,Source022,Source023,Source024,Source025,Source026,Source027,Source028,Source029,Source030,Source031,Source032,Source033,Source034,Source035,Source036,Source037,Source038,Source039,Source040,Source041,Source042,Source043,Source044,Source045,Source046,Source047,Source048,Source049,Source050
0.000285233741539509,0.208474038982692,0.115578934773097,0.171292888690454,0.266289705949031,0.138364431604725,0.0027923968636941,0.000279714205839415,0.000185480797870048,0.00200203558566068,0.00276716760442049,0.00379693473711773,0.00678781904346592,0.00176040501766023,0.00112582884153319,0.00336023612323624,4.78575696859964e-05,0.00379503695132525,0.00283807016405014,0.001742227308103,0.000622452508512793,0.000275505440616635,0.00143362055485979,0.00158523438152231,0.00310835736668704,0.00144078262833436,0.00014053667805084,0.000441883603949917,0.00116581849297116,0.00916566454886089,0.00593781444912156,0.00188499865971044,0.00321753386269081,0.00160159330921358,0.000139666391136884,0.00172220050690777,0.000886443952758287,0.00617866837223277,6.00031013142859e-05,0.00250897875202054,0.00379554214553987,0.00217635764747622,0.000136857871656521,0.00292182683868151,0.000108002612738116,0.00158073624503276,0.00726312448560904,0.000231365476204931,0.0028744814563888,0.00176725848743134,6.02446165662364e-05
