Unknown,Source001,Source002,Source003,Source004,Source005,Source006,Source007,Source008,Source009,Source010,Source011,Source012,Source013,Source014,Source015,Source016,Source017,Source018,Source019,Source020,Source021,Source022,Source023,Source024,Source025,Source026,Source027,Source028,Source029,Source030,Source031,Source032,Source033,Source034,Source035,Source036,Source037,Source038,Source039,Source040,Source041,Source042,Source043,Source044,Source045,Source046,Source047,Source048,Source049,Source050
0.000251579461866814,0.22074441888153,0.178318387732178,0.123158576714154,0.145295917193005,0.232482699479132,0.000303908550447447,0.00219498451924325,0.00224345306897045,0.00249257203070694,0.000356701185938121,0.000195923170722533,0.00220823513632532,0.00374975885983885,0.00933014442251967,6.28570424860459e-05,0.000559788155263352,0.00113556009837813,0.00168743886579809,0.00522700017139207,0.00442464300467251,0.00371444677845323,0.000728973530339602,0.00188135075549043,0.000586280414966564,0.000862097461109073,0.00172884445749273,0.000714925931627172,0.00183231290386572,0.00316139416912336,0.00611206247276225,5.54986934298508e-05,0.000517511244737938,0.00725492303429386,0.000184899262948319,0.000611048497943738,0.00623375403921458,0.00278784986103876,0.000278535416549004,0.00139848211437781,0.0025033961871629,0.00407667427123021,0.00169629471208075,0.00140989228560961,0.000645628977400709,0.000411371271030158,0.00104250454280219,0.00193282706595283,0.000826776873896059,0.00228143135642818,0.00610346367207277
