Unknown,Source001,Source002,Source003,Source004,Source005,Source006,Source007,Source008,Source009,Source010,Source011,Source012,Source013,Source014,Source015,Source016,Source017,Source018,Source019,Source020,Source021,Source022,Source023,Source024,Source025,Source026,Source027,Source028,Source029,Source030,Source031,Source032,Source033,Source034,Source035,Source036,Source037,Source038,Source039,Source040,Source041,Source042,Source043,Source044,Source045,Source046,Source047,Source048,Source049,Source050
0.00865336553421838,0.150121916505908,0.178991764356461,0.125794248862905,0.140898948351706,0.30419312192302,0.000177425968457393,0.000512373458056783,0.00262028649587683,0.00272762403379953,0.00274554857586146,0.00180033623320666,0.000207290813109289,0.000140825512485114,0.000634469391376595,0.00118428439433129,0.00231296114134466,0.00120650935719942,0.00189923790514092,0.0014557985113667,0.00175049202999229,0.000706813842592266,0.000858712627973422,0.00142467747037366,0.00944972775473993,0.000640430054797864,0.000494529753264874,0.00112082926678167,0.00556886752318248,0.000957544773042727,0.00222009403253628,0.00313341923063194,5.94544672333427e-05,0.00296713638528931,0.000275724025054224,0.00195635565685886,0.00704724384085153,0.0013652435980665,0.000698088991865982,0.00027302954902113,0.000138249346383889,0.00587335580994745,0.00049969437358932,0.000580250126633036,0.00799587377220906,0.00279049179407633,0.00201365441573163,0.00115533830306951,0.000755595778116625,0.00417395593928125,0.00277678814098056
