Unknown,Source001,Source002,Source003,Source004,Source005,Source006,Source007,Source008,Source009,Source010,Source011,Source012,Source013,Source014,Source015,Source016,Source017,Source018,Source019,Source020,Source021,Source022,Source023,Source024,Source025,Source026,Source027,Source028,Source029,Source030,Source031,Source032,Source033,Source034,Source035,Source036,Source037,Source038,Source039,Source040,Source041,Source042,Source043,Source044,Source045,Source046,Source047,Source048,Source049,Source050
0.000863003755303745,0.193841639847492,0.120483579648599,0.172973325005587,0.275944358879597,0.136757096618725,0.00137736907711531,0.0017560602766299,0.00118690312862905,0.00500757393363107,0.00232133097397546,0.00278015685041861,0.00186196366127101,0.000537864087547717,0.00267664327505607,0.00329995725461794,0.000167047254945673,0.00877364989562125,0.000430173196805451,0.00368124866919815,0.000404486855486445,0.00137551293720147,0.000994443584820714,0.00280204060497884,0.00359777186228918,0.00235829469412706,7.07319220652728e-05,0.00667107796142674,0.00194035810097028,0.000429145868290439,0.00272861286952327,4.09998911102346e-05,0.00115873789650554,0.000319132291714478,0.00749935021497288,0.00168873015786192,0.000548539335357256,0.000477139928189596,0.00198929797635497,0.00114416434907571,0.000286676039541338,0.00621124661874997,0.000793173123031817,0.00168563382871882,0.000169870256453054,0.00372373605921522,0.00291224491340191,0.00141395975473521,0.0024618572939026,0.00104624993549442,0.00433583758366695
