Unknown,Source001,Source002,Source003,Source004,Source005,Source006,Source007,Source008,Source009,Source010,Source011,Source012,Source013,Source014,Source015,Source016,Source017,Source018,Source019,Source020,Source021,Source022,Source023,Source024,Source025,Source026,Source027,Source028,Source029,Source030,Source031,Source032,Source033,Source034,Source035,Source036,Source037,Source038,Source039,Source040,Source041,Source042,Source043,Source044,Source045,Source046,Source047,Source048,Source049,Source050
0.000488422966751049,0.215726309465473,0.105757892028153,0.144839370444696,0.274458108534146,0.159218319527532,0.00234554392669799,0.00129106117961112,0.00302681289326224,0.000184705425097056,0.00251724726383153,0.000991467109552818,0.00244090240319072,0.00130275212910282,0.00234391058167371,0.00224678507490168,0.00139578236767313,0.00251200269282051,0.000392197670747484,0.000286283090995091,0.00285050428590002,0.000946556122809886,0.00214325742836429,0.00371949288182726,7.29756657641815e-05,0.000808088436923841,0.000895043237643386,0.00624051547764438,0.000272407962540732,0.000245731708197151,0.000231319931966294,0.000139297274690519,0.000356505810988321,0.000408082070523216,5.78837776828088e-05,0.00523296330056261,0.000996728023155346,0.00494001267070743,0.00507341603976813,0.0039243487311684,0.00784007010182555,0.00377697134700146,0.00277970645790969,0.00459389915600752,0.00313087527137095,0.00227518058356249,0.000615320144393925,0.00138666811117183,0.00387722184483034,0.00281494407390974,0.00358813529327934
