Unknown,Source001,Source002,Source003,Source004,Source005,Source006,Source007,Source008,Source009,Source010,Source011,Source012,Source013,Source014,Source015,Source016,Source017,Source018,Source019,Source020,Source021,Source022,Source023,Source024,Source025,Source026,Source027,Source028,Source029,Source030,Source031,Source032,Source033,Source034,Source035,Source036,Source037,Source038,Source039,Source040,Source041,Source042,Source043,Source044,Source045,Source046,Source047,Source048,Source049,Source050
0.00236113350562604,0.179997531061571,0.130441159973659,0.281044828075942,0.204116789007246,0.104399691881582,4.20941434105457e-05,0.000521023507413273,0.00499490757398687,0.001321467537867,0.00198059436073162,0.00307641330523907,0.00159441770174653,0.000372829261308194,0.00170321609980505,0.000938380693282805,0.00284078306008667,0.00470323132633944,0.00536318100439425,0.00554311811930804,0.0060962627718738,0.00213810973052367,0.000897345038056752,0.000244958149092998,0.00107715146823423,0.00105533078760905,0.00166864353718705,0.00049264801556384,0.0015417066766613,0.000113264145957297,0.0020811505893355,0.00940512697725128,0.00299538747942727,0.00152843750552197,0.000390873819166937,0.0107604823263877,0.000165507247887108,0.00017008464740608,2.98640857967835e-05,0.000193232558748048,0.00172745243003449,2.50132390680156e-05,0.00280634491475806,0.00142227196776313,0.00299585890810294,0.00411106987645191,0.00070194560460068,0.000505053445265203,0.0016373646250392,0.0032015366830153,0.00046372954766698
