Unknown,Source001,Source002,Source003,Source004,Source005,Source006,Source007,Source008,Source009,Source010,Source011,Source012,Source013,Source014,Source015,Source016,Source017,Source018,Source019,Source020,Source021,Source022,Source023,Source024,Source025,Source026,Source027,Source028,Source029,Source030,Source031,Source032,Source033,Source034,Source035,Source036,Source037,Source038,Source039,Source040,Source041,Source042,Source043,Source044,Source045,Source046,Source047,Source048,Source049,Source050
0.00172575658266903,0.169485003496242,0.309384803746249,0.126013836346869,0.110822637705159,0.18429371870548,0.0035003684532154,0.00135299623960495,0.00380987772130927,0.00632019153005522,0.000876339853895996,0.00361994191161542,0.00105871033578758,0.000464409066581668,0.0013907881008176,0.00341101999191916,0.00753333437260316,0.000594190554067866,0.000321819273996654,0.00235166830702319,0.000978379906887094,0.00399415066844691,0.00198371754845117,0.00336096080466325,0.000794683099225772,0.00336538000535379,0.000174937191371,0.00267921178994522,0.00157630098543565,0.00518049439171024,9.48933602073983e-05,0.00154420816033046,0.00184310812764114,0.0049983010795727,0.00207947380185483,0.000759499272073974,0.00422527654791505,0.000108088820131081,0.000606283697111348,0.00143078497055574,0.00337793466853972,0.00475152171014385,0.00305825900609303,0.00022654118691102,0.000741994663757352,0.00341013512738527,0.000328290092108831,0.000395994927985636,0.00191039937788552,0.00124862208288439,0.000440760632259399
