Unknown,Source001,Source002,Source003,Source004,Source005,Source006,Source007,Source008,Source009,Source010,Source011,Source012,Source013,Source014,Source015,Source016,Source017,Source018,Source019,Source020,Source021,Source022,Source023,Source024,Source025,Source026,Source027,Source028,Source029,Source030,Source031,Source032,Source033,Source034,Source035,Source036,Source037,Source038,Source039,Source040,Source041,Source042,Source043,Source044,Source045,Source046,Source047,Source048,Source049,Source050
0.00204758831007958,0.206218238618751,0.177413643605544,0.245054243548824,0.134619628228296,0.136694245998584,0.00137299130617102,0.000306529409724791,0.00578699963595668,0.00139204792496952,0.00131809405063247,0.00174180203459027,0.00202435818268386,0.000249253118050389,0.00337708820182881,0.000232156613168035,0.00182656096738761,0.00219440808679557,0.000206722649931018,6.9620058207244e-05,8.69557163302995e-05,0.00655116551613352,0.000253574659128733,0.00211631191762744,0.000337259215336208,0.000175732022178825,0.00333754892338486,0.00219350155049547,0.00138045164935995,0.000112532804322634,0.0157462028485577,0.000535219726418152,0.00228361372682627,0.00342039877166484,0.00140031797213232,0.00166319286805594,0.0045672675011696,0.002133372579796,0.000609532303097319,0.00253614720552741,0.00186815432769673,0.00108267147930741,0.00169518925731546,0.00647120109409452,0.00250115558960557,0.00492358340272346,0.000606862584780138,0.000226220712604083,0.000927086918206871,0.00217102385617008,0.00194033074977533
