Unknown,Source001,Source002,Source003,Source004,Source005,Source006,Source007,Source008,Source009,Source010,Source011,Source012,Source013,Source014,Source015,Source016,Source017,Source018,Source019,Source020,Source021,Source022,Source023,Source024,Source025,Source026,Source027,Source028,Source029,Source030,Source031,Source032,Source033,Source034,Source035,Source036,Source037,Source038,Source039,Source040,Source041,Source042,Source043,Source044,Source045,Source046,Source047,Source048,Source049,Source050
0.00201172432912468,0.120388519902951,0.129401214488333,0.109067613184389,0.237769048782204,0.303373603642123,0.00146228425970864,0.000133323062680149,8.20407902950948e-05,0.00121426655222291,0.00185262660073994,0.000356181760708521,0.00641055488025424,0.00428676547190114,0.000944252179548281,0.00493917944560253,0.00496428465099531,0.00398154434164014,0.00559920703726045,0.000128532164309585,0.00105717694713382,0.0057477204546436,0.00121293835088376,0.000300576844706844,0.000458056465848397,0.00981576846976569,0.00131039550494523,0.000283747497267907,0.00521977899872864,0.000935233528840394,0.000353568841141023,0.0011039987982557,0.00380961193142545,0.000567633965515521,0.000836803563731516,0.000764058265712393,0.00323571488353918,0.00128497857861898,0.000700276798657324,0.00126811185809493,0.00112631493453833,0.00247185702231087,0.00302257846217912,0.000532943225124066,0.00472994534554358,0.00177429421011478,0.0010417352956334,0.00101770686037726,0.00205826748955744,0.00101803516190241,0.00257340391827084
