Unknown,Source001,Source002,Source003,Source004,Source005,Source006,Source007,Source008,Source009,Source010,Source011,Source012,Source013,Source014,Source015,Source016,Source017,Source018,Source019,Source020,Source021,Source022,Source023,Source024,Source025,Source026,Source027,Source028,Source029,Source030,Source031,Source032,Source033,Source034,Source035,Source036,Source037,Source038,Source039,Source040,Source041,Source042,Source043,Source044,Source045,Source046,Source047,Source048,Source049,Source050
0.0021812071000006,0.201045693243729,0.14498065831015,0.288311331881966,0.132823418442656,0.132838898121499,0.00444270351162223,0.00386854035870815,0.000628128459316753,0.00110936714845767,0.00381185386708911,0.00923808348443998,0.00160742839374298,0.000592135202409245,0.00448542813465049,0.000676891627517016,0.0047447643891271,2.77634744650168e-05,0.00247522002685187,0.00295330820441733,0.00112565312996157,0.000614101714198668,0.00102829997041739,0.00323749479664477,0.00153618919319415,0.00252789101180625,0.00349588437546832,0.00120873146734213,0.00344071673304542,6.27411246692672e-05,3.07767279100097e-05,0.00396666668062285,0.00111263747213777,0.000374669691842821,0.000953737779978133,0.00125715821488839,0.00083167126658883,0.00449071268889174,0.00258253709894549,0.000838922839199595,0.00378838384452619,0.00269512691306902,0.00213600028142877,0.00183148571112083,0.00436950101137068,0.000313211985725134,0.000340835848683184,0.000400980274936109,0.00358550125231556,0.0022202331961137,0.000758722320141701
