Unknown,Source001,Source002,Source003,Source004,Source005,Source006,Source007,Source008,Source009,Source010,Source011,Source012,Source013,Source014,Source015,Source016,Source017,Source018,Source019,Source020,Source021,Source022,Source023,Source024,Source025,Source026,Source027,Source028,Source029,Source030,Source031,Source032,Source033,Source034,Source035,Source036,Source037,Source038,Source039,Source040,Source041,Source042,Source043,Source044,Source045,Source046,Source047,Source048,Source049,Source050
5.35618444139704e-05,0.20021499479775,0.164096105492966,0.132576737647366,0.140878328358361,0.262233833703558,0.00584365656045817,0.00109904471401164,0.00110641732833448,0.00170570027771948,0.00134029762835487,0.00193064272805839,0.000713171763942571,0.00253291659066801,0.00176043815775315,0.00218164163660216,0.00197576985722312,0.000799148905343586,2.22058427314782e-05,3.44527460630442e-05,0.00455953021052798,0.00157925593538949,0.00199668289740443,0.00128106981564425,0.000211525760603273,0.00250814576719347,0.00242500526483189,0.00365108320137163,0.00190361336505245,0.00151748439844886,0.00230682376944299,0.00644424335207879,0.00100413643468291,0.00364793086652314,0.00108385007141385,0.00066301355040839,0.000486333047863296,0.00214570216145322,0.00379924873607458,0.000763520674696166,0.00634032586863797,0.00176238621552881,0.00421925592079205,0.00146178850857939,0.00252681374370243,0.00179376345250215,0.000869770505317007,0.00721637598972526,0.00179616053143181,0.00376800649069776,0.00116808691030216
