Unknown,Source001,Source002,Source003,Source004,Source005,Source006,Source007,Source008,Source009,Source010,Source011,Source012,Source013,Source014,Source015,Source016,Source017,Source018,Source019,Source020,Source021,Source022,Source023,Source024,Source025,Source026,Source027,Source028,Source029,Source030,Source031,Source032,Source033,Source034,Source035,Source036,Source037,Source038,Source039,Source040,Source041,Source042,Source043,Source044,Source045,Source046,Source047,Source048,Source049,Source050
0.000533308107901798,0.164190666251915,0.125481917695083,0.316236851264438,0.116049377544584,0.17804118724398,0.00061703496878703,0.00149773658079698,0.00341180163412573,0.000783769327643534,0.000283795835812148,0.00460979769645809,0.000966164647685588,0.00252373278096496,0.00175723982627232,0.00109021996427114,0.00201793189587643,0.0058841105893948,5.16028753552053e-05,0.000947019174482162,0.000222757575907886,0.00323882968973454,0.000613210606831507,0.00419776973668261,0.00323742419348812,0.000107447546275539,0.0007247940456569,0.000794175823273536,2.82753280258835e-05,0.000767531531469947,0.00128818874123933,0.000140729505471982,0.00654085525048382,0.00100844637649164,0.0022858083408304,5.04846006109617e-05,4.02573879924757e-05,0.000405637143360364,0.00175176816282201,0.00518985204630295,0.00312103812900252,0.00272965858587625,0.00149043561242211,0.000892330159396336,0.0023797067427071,0.0120219291068933,0.000880861156344912,0.0020992507228066,0.00821915957441951,0.00238935693207415,0.00416676373927684
