Unknown,Source001,Source002,Source003,Source004,Source005,Source006,Source007,Source008,Source009,Source010,Source011,Source012,Source013,Source014,Source015,Source016,Source017,Source018,Source019,Source020,Source021,Source022,Source023,Source024,Source025,Source026,Source027,Source028,Source029,Source030,Source031,Source032,Source033,Source034,Source035,Source036,Source037,Source038,Source039,Source040,Source041,Source042,Source043,Source044,Source045,Source046,Source047,Source048,Source049,Source050
0.00309067377344191,0.194495960900616,0.118564235316515,0.268137847603074,0.179671807998111,0.139130148181684,0.00171360762120506,0.00102758641640526,0.00400272307498643,0.00196773145722921,0.00243525790887646,8.26114152549688e-05,0.00568001994295431,0.00222074164258099,0.00500184419984972,0.00129293028996029,0.00358488563118106,0.0027934063341499,0.00102861111739137,0.000133424347690127,0.00120785515422572,0.000235673581236001,0.000512800022964303,0.000984707827700656,4.33391662229398e-05,0.000138890673662583,0.00368016859145249,0.000207442579332422,0.000919321266564361,0.000868871864546601,0.000149293204640527,0.00191256681305132,0.00478409715868294,0.000938985223752749,0.000293414512171389,0.0030830636335375,0.00399681078538891,0.00230103008970531,0.00179137945556438,0.00104748429715809,0.00419809289492647,0.000511623976884079,0.0050580069442699,0.000460436099789139,0.00198029883444315,0.000869147440960908,0.0103447840523362,0.00283966587089951,0.00645817479252351,0.0010112914277874,0.0011152265904615
