Unknown,Source001,Source002,Source003,Source004,Source005,Source006,Source007,Source008,Source009,Source010,Source011,Source012,Source013,Source014,Source015,Source016,Source017,Source018,Source019,Source020,Source021,Source022,Source023,Source024,Source025,Source026,Source027,Source028,Source029,Source030,Source031,Source032,Source033,Source034,Source035,Source036,Source037,Source038,Source039,Source040,Source041,Source042,Source043,Source044,Source045,Source046,Source047,Source048,Source049,Source050
0.00094501977970373,0.15982479515888,0.13290120334786,0.20959485934804,0.256856213238742,0.140822928906478,0.000710966703115896,0.000984185305826677,0.000873489788135268,0.00189597385873439,6.19997793577227e-05,0.000915641301997616,0.00333360340769051,0.000531001810882049,1.39946702476615e-05,0.000311653377882671,0.00160070485004437,0.00476709542106917,0.000309889499747763,0.00206906211045043,0.000563058338667842,0.00751530285790199,0.00836326666131047,0.00299107145934936,0.00715673070572323,0.00471026779342725,1.72289909543778e-05,0.00205095396556145,0.00199889153642016,0.00485591280607203,0.00270831922656179,0.00430590757030664,0.000216023425007173,0.00255812203461739,0.00122108466412504,0.00108675362463424,0.00240475014933059,0.00189865531708267,0.00114059052890158,0.000967225211679514,0.000238322510101815,0.00226302110577311,0.00308227004835409,0.00012673556579264,0.000142744871353319,0.0102539339140125,0.000248834518424872,0.000508548970321269,0.00118334347573969,0.000502041795505606,0.00339580469210032
