Unknown,Source001,Source002,Source003,Source004,Source005,Source006,Source007,Source008,Source009,Source010,Source011,Source012,Source013,Source014,Source015,Source016,Source017,Source018,Source019,Source020,Source021,Source022,Source023,Source024,Source025,Source026,Source027,Source028,Source029,Source030,Source031,Source032,Source033,Source034,Source035,Source036,Source037,Source038,Source039,Source040,Source041,Source042,Source043,Source044,Source045,Source046,Source047,Source048,Source049,Source050
0.0011593558341261,0.130995037331815,0.209325455786319,0.108150165504474,0.24128367874398,0.210245662633413,0.00257375258204223,0.00601767983733074,0.00187918425688413,0.000499497106889277,0.00413745793606065,0.002439691729661,0.00403776392237999,0.000322363380273288,0.00325412697993138,0.00501637109012081,0.000553071507548209,0.000230802112922893,0.000957545775277377,0.00045650677834176,0.00385731689103195,0.00118658738499738,0.00193692978317226,0.000786671975322347,0.00507953607311245,0.00606308703653661,0.0019611519159464,0.000391603278088833,0.000663378537488066,7.06493859130278e-05,0.000117170651450104,0.000217009622053474,0.00464489174112963,0.00329190790936656,0.000407091669092321,0.000750588731327873,0.00109614748723922,0.00132366523318281,0.00541448720473058,0.00480953172200112,0.00134878536556985,3.15480875857895e-05,0.0031786866250447,0.00459247444553638,0.00210622053707091,0.00134868331546529,0.00123885388947356,0.0027113859677339,0.000403526056847503,0.000420240461250049,0.00501502018544917
