Unknown,Source001,Source002,Source003,Source004,Source005,Source006,Source007,Source008,Source009,Source010,Source011,Source012,Source013,Source014,Source015,Source016,Source017,Source018,Source019,Source020,Source021,Source022,Source023,Source024,Source025,Source026,Source027,Source028,Source029,Source030,Source031,Source032,Source033,Source034,Source035,Source036,Source037,Source038,Source039,Source040,Source041,Source042,Source043,Source044,Source045,Source046,Source047,Source048,Source049,Source050
0.00334046718829846,0.175133506324032,0.226808484395261,0.140380486057516,0.105612697780776,0.252064825442415,0.00193820902633428,0.00240280485986306,0.00130147223023553,0.0017523470089862,0.000846907611276167,0.00238822783559069,0.00142723874098644,0.000414778718333807,0.00165157807395286,0.000443507618921237,0.011116603533394,0.00226540572086895,0.00319927204652615,0.0026348760059762,0.003353190296873,0.00217676234146032,0.00122544859684261,0.00711107582378893,0.00137058543561147,0.000220560955634959,0.000631554178147055,0.00270834228217769,0.000938083056948649,0.000357393841649494,0.00278526162322477,0.00105708671936614,0.000421370692169828,0.00291499976804677,0.00090661584952696,0.000504480864891459,0.000334031094693889,0.00107575828293679,0.00352786511457104,0.000393892384847937,0.00615327606654587,0.00219912921920434,0.00354687439722508,0.00147609356716648,0.00493073803310046,0.00440040301027315,0.000639143329058366,0.00214954489739286,0.00137192416423372,0.000679977356605764,0.00131484053624002
