Unknown,Source001,Source002,Source003,Source004,Source005,Source006,Source007,Source008,Source009,Source010,Source011,Source012,Source013,Source014,Source015,Source016,Source017,Source018,Source019,Source020,Source021,Source022,Source023,Source024,Source025,Source026,Source027,Source028,Source029,Source030,Source031,Source032,Source033,Source034,Source035,Source036,Source037,Source038,Source039,Source040,Source041,Source042,Source043,Source044,Source045,Source046,Source047,Source048,Source049,Source050
0.000333658919793454,0.136941683141467,0.202271788227839,0.134912217488241,0.154737564782212,0.271136746360241,0.000749466440497523,0.00242973612303937,0.00218218650303929,0.00203073742117179,0.00298815778762941,0.00161038349591431,0.00517583750712371,0.00695353774582241,0.000747511784526033,0.00226927697948821,0.000958477536905357,0.000591108376227631,0.000608828328701068,0.00354346577140085,0.00249100755577083,0.00116628964872327,0.00158420372100872,0.0022828329890982,0.0065350595274011,0.00491797294950982,0.00115590980962557,0.00108808528635975,0.00206621065425263,0.00176255403129541,8.79610442508628e-05,0.000494760287847142,0.00347097912218757,0.000428116498542858,0.00300527982430532,0.000183091040374959,0.00691380305305422,0.00108173096876515,0.00368313979154705,0.00321249035750842,0.000119498222926603,0.000687735864632929,0.0037110031198081,0.00131439985902293,0.00115251054857032,0.00111639735177595,0.00373565142634132,0.0020760117972176,0.00285006410433269,0.00020362681861599,0.00224925200404626
