Unknown,Source001,Source002,Source003,Source004,Source005,Source006,Source007,Source008,Source009,Source010,Source011,Source012,Source013,Source014,Source015,Source016,Source017,Source018,Source019,Source020,Source021,Source022,Source023,Source024,Source025,Source026,Source027,Source028,Source029,Source030,Source031,Source032,Source033,Source034,Source035,Source036,Source037,Source038,Source039,Source040,Source041,Source042,Source043,Source044,Source045,Source046,Source047,Source048,Source049,Source050
0.00346102379934176,0.202325322662701,0.205118969420889,0.126730919838703,0.122157531434343,0.243667256643364,0.0012421070957529,0.00524924397117798,0.000521301493446672,0.000286872283680753,8.74596661874006e-05,0.00347495121606329,0.000838091353826101,7.915003223263e-05,0.000244357342874241,0.00630045157063547,0.00270310182021916,9.49893729587822e-06,0.00551027096398042,0.00132811279627498,0.00018665851459646,0.000489897286729313,0.000218750343238186,0.00458616616860253,0.00167618914017823,0.00360038183113395,0.00127371634590065,0.00562008188879874,0.00413116768377483,0.00135929292259109,0.00356196389296082,0.000762166080540218,0.00482840037748423,0.00176466713170761,0.000215922840810422,0.00312974140370839,0.00211433290914099,0.00442495407308247,0.000382038537164646,0.00281697712791112,0.0013674940127133,0.00221461203964127,0.00354476037375425,0.000416192300500607,0.00224586607489932,0.0010021172378866,0.000264262680308739,0.00566724207143569,0.00401917686728781,0.000349996987820261,0.000428818510707578
