Unknown,Source001,Source002,Source003,Source004,Source005,Source006,Source007,Source008,Source009,Source010,Source011,Source012,Source013,Source014,Source015,Source016,Source017,Source018,Source019,Source020,Source021,Source022,Source023,Source024,Source025,Source026,Source027,Source028,Source029,Source030,Source031,Source032,Source033,Source034,Source035,Source036,Source037,Source038,Source039,Source040,Source041,Source042,Source043,Source044,Source045,Source046,Source047,Source048,Source049,Source050
0.000365236400519453,0.151512359948309,0.167875455628812,0.255505766879442,0.150595640992121,0.174510776551317,0.000246467794128729,0.0146262308536413,0.000153930345142078,0.001818541818494,0.000828382978517057,0.000694443804963237,0.00134897366707504,0.00396062685450323,0.00307385278478603,0.000365665016931628,0.00746597836375507,0.00414956295266913,0.00089633788122949,0.00158410146050868,0.00033498637018658,0.000907463142491217,0.0042950569277221,0.00285865099565549,0.000570356088043192,0.00553958849397511,0.000243341810533544,0.000724400963753311,0.00361604373310345,0.000550879741908622,0.000195141220424721,0.000693517799664484,0.000860998972804533,0.000790416970922623,0.000369937401305911,0.00171446227892101,0.00293298137213046,8.70227831217636e-05,0.00227233448017347,0.000874157034484156,0.000859133824798074,0.00236927179311721,0.00750943262955648,0.0058359715800146,0.00317272235019908,0.000439106735250798,0.000154305992108922,0.000661516748995997,0.00333183563492178,0.0016123750345122,0.00204425611833491
