Unknown,Source001,Source002,Source003,Source004,Source005,Source006,Source007,Source008,Source009,Source010,Source011,Source012,Source013,Source014,Source015,Source016,Source017,Source018,Source019,Source020,Source021,Source022,Source023,Source024,Source025,Source026,Source027,Source028,Source029,Source030,Source031,Source032,Source033,Source034,Source035,Source036,Source037,Source038,Source039,Source040,Source041,Source042,Source043,Source044,Source045,Source046,Source047,Source048,Source049,Source050
0.00620906671804208,0.15235119454406,0.167191864741697,0.259112723944599,0.197591951219371,0.123752265550273,0.00450623653715147,0.00155425339106722,0.00204831757794939,0.000604603483036585,0.000770027610954526,0.00562467127571064,0.00135383017623733,0.00190773684489829,0.000102277956441925,0.00727171466034502,0.00147964904166101,0.011756967391813,3.10016658870239e-05,0.000905275212805306,0.000216600525966293,0.00836717640129658,0.00317298393180883,0.00145994291513517,0.000728588879651391,0.000649812021352902,0.000373129183631996,0.00225589296085724,0.00233330346843692,0.00472106333172545,0.00100359779632739,0.000346370273328971,0.00148820588617591,0.000104653223550979,0.000275305129042127,0.00117981908022981,0.000134185494958284,0.000451655396417384,0.00139126323354769,0.00117894716538809,0.000206299209252678,0.00301782049427197,0.00254514328394523,0.00142485034543519,0.000986640986333658,0.0059934321974962,0.0028149990348998,0.000914017369275806,0.000358523823070554,0.000609645613369029,0.00317050179981965
