Unknown,Source001,Source002,Source003,Source004,Source005,Source006,Source007,Source008,Source009,Source010,Source011,Source012,Source013,Source014,Source015,Source016,Source017,Source018,Source019,Source020,Source021,Source022,Source023,Source024,Source025,Source026,Source027,Source028,Source029,Source030,Source031,Source032,Source033,Source034,Source035,Source036,Source037,Source038,Source039,Source040,Source041,Source042,Source043,Source044,Source045,Source046,Source047,Source048,Source049,Source050
0.000939376350124395,0.111014577976017,0.107261521704503,0.178441607447618,0.251539175642169,0.251743117229693,0.000579088286255882,0.00187223649166816,0.00206158657421939,0.00212724498651517,0.000800007004494994,0.000565887121895862,0.00123550558686985,0.000229525189086855,0.00204318705059173,0.00221575311913025,0.00401398264640074,0.00114193214463274,0.00428919279698236,0.00195365096813487,0.00106768360587629,0.00859378613814199,0.000483093349160425,0.000396335861288,0.00499863422261155,0.000386631895662476,0.00399240071317124,0.0025823014174591,0.000331940768414863,0.00178375104621628,0.00665413206361263,0.00619320194636529,0.00110465032327607,0.00258940899442253,9.20070124124282e-05,0.00824795957173118,0.000876871644448212,0.00116182271012268,0.00138618108801031,0.000234562074234375,0.00293467987736812,0.00157055338962015,5.66310965724773e-05,0.00226349291260682,0.00190980974458631,0.00367552595893579,0.000609855237960717,6.26367536352215e-05,0.00416251654675688,0.000511373035591426,0.0030174126827249
