Unknown,Source001,Source002,Source003,Source004,Source005,Source006,Source007,Source008,Source009,Source010,Source011,Source012,Source013,Source014,Source015,Source016,Source017,Source018,Source019,Source020,Source021,Source022,Source023,Source024,Source025,Source026,Source027,Source028,Source029,Source030,Source031,Source032,Source033,Source034,Source035,Source036,Source037,Source038,Source039,Source040,Source041,Source042,Source043,Source044,Source045,Source046,Source047,Source048,Source049,Source050
0.000258802337446905,0.176408051911523,0.17502148826,0.221200083838417,0.113045111576907,0.214325264413153,0.0022959549980067,0.0018328244731805,0.0101541230588425,0.0012795876872927,0.000828798157886356,0.0016938126142237,0.000101794180739053,0.00194298594872629,0.00197332129279181,0.00023480770360677,0.00174837034633926,0.0037277785225221,0.000278412277927316,0.00497406277659142,0.00662189969370798,0.00121180153818024,0.0015029322753506,0.00113374575687197,0.00262374387924562,0.00136383953550866,0.000364100117763253,0.000388719951881305,0.00193384600738054,0.000560352988742852,0.000819424607086494,0.00313576986344515,0.00129836238256093,0.00380348065859236,0.00246248050501611,0.00067001929716331,0.00161700796158636,0.00131698175288168,0.00659599219935874,5.53062929554482e-05,0.00396610523380596,0.00219345842642711,0.00167484756518417,0.000783018732276171,0.000488917340601168,0.000263644405516189,0.00535209980932672,0.000961332199784338,0.00708019699719479,0.000397727789953236,0.00403340785852708
