Unknown,Source001,Source002,Source003,Source004,Source005,Source006,Source007,Source008,Source009,Source010,Source011,Source012,Source013,Source014,Source015,Source016,Source017,Source018,Source019,Source020,Source021,Source022,Source023,Source024,Source025,Source026,Source027,Source028,Source029,Source030,Source031,Source032,Source033,Source034,Source035,Source036,Source037,Source038,Source039,Source040,Source041,Source042,Source043,Source044,Source045,Source046,Source047,Source048,Source049,Source050
0.000112472795292324,0.20389512473608,0.150717073959109,0.162597070106912,0.143306664699931,0.239484066497967,0.000279164507803253,0.00256822137822826,0.00486191638462955,0.00161428619037735,0.000736115492276331,0.00195632289916615,0.000304343248141005,0.000708454675762113,3.5373491702463e-05,0.00100986241859667,0.000681571649233153,0.000317894670677202,0.000871615428019735,0.00264085879109864,0.00346187445827601,0.00415372540675627,0.00108022454068139,0.00538763547241444,0.00371901748737423,0.00182688092708301,0.00627917514763077,0.00221404902908484,0.00217450788773393,0.00402375783107431,0.000606434343422956,0.00101577754285887,0.00464125161483788,0.00214756074510474,0.00118515733340954,0.000337962523172199,0.00128339199666229,0.00352030342119926,0.000614725257610651,0.00459356183902184,0.00804778929139022,0.000956565892122195,0.00210517105383912,0.00128058556366456,0.00141126853945912,0.00652740452357896,0.00218033857045379,0.000163546892042311,0.00103898522353222,0.000652881376796129,0.0026700142467077
