Unknown,Source001,Source002,Source003,Source004,Source005,Source006,Source007,Source008,Source009,Source010,Source011,Source012,Source013,Source014,Source015,Source016,Source017,Source018,Source019,Source020,Source021,Source022,Source023,Source024,Source025,Source026,Source027,Source028,Source029,Source030,Source031,Source032,Source033,Source034,Source035,Source036,Source037,Source038,Source039,Source040,Source041,Source042,Source043,Source044,Source045,Source046,Source047,Source048,Source049,Source050
0.00255555539384287,0.194321710185915,0.155509260927518,0.174836224524057,0.225874979704916,0.149457824657595,0.00268057771595677,0.00572733650592706,0.00246034808413417,0.00319138788794496,0.00297573457474741,0.00200136558127842,0.000471063904245052,0.000579565051141284,4.10308944582461e-05,0.00205140050658943,0.00111707250252555,0.00989468757306381,0.000466156184299046,0.00442584974117506,0.00379843722736522,0.00240770283167592,8.85807754487951e-05,0.000755154857388295,0.000991447669951449,0.00528173233732352,0.00342577844792164,0.00109901716475519,0.00014541159535873,0.00139224702927828,0.00588193724277842,0.000570435906297296,0.00410857339768083,0.000775752238745596,0.000450216145648752,0.00408574126318486,0.000412012957349909,0.00215655333789548,0.000345458826460269,0.00339171870921471,0.00067404090942167,0.00144005870249344,0.000848240822696003,0.00383155757382718,0.00115467636916964,0.00369287222371389,0.00165929988898712,0.000841756436801745,0.00181348487849701,0.0017955809892492,4.53891420907599e-05
