Unknown,Source001,Source002,Source003,Source004,Source005,Source006,Source007,Source008,Source009,Source010,Source011,Source012,Source013,Source014,Source015,Source016,Source017,Source018,Source019,Source020,Source021,Source022,Source023,Source024,Source025,Source026,Source027,Source028,Source029,Source030,Source031,Source032,Source033,Source034,Source035,Source036,Source037,Source038,Source039,Source040,Source041,Source042,Source043,Source044,Source045,Source046,Source047,Source048,Source049,Source050
0.000621604926604413,0.137011587562684,0.250235087991218,0.125145011861114,0.222041000191889,0.165567312393095,0.00102819709380774,0.000586960163791522,0.00111920187841392,0.000969697222794181,5.85766386560484e-05,0.00144491873986371,0.00072877099588573,0.00169275737023978,0.00117604644738478,0.00219563489634247,0.00063858543338513,0.000968602573529521,0.000284807159785987,0.000189719231772772,0.00256449716253452,0.00243391474564597,0.00342637432159949,0.0105467573669255,0.00191180547928026,0.00674226977912363,0.00123946704285435,0.00258903983485732,0.000673815079254958,0.0120177404785986,0.00272495782217393,0.00126486238865132,0.000538671380558551,0.00282430556985901,0.00179412764256474,0.0007182626215252,0.000727027441388559,0.000467554501934998,0.00205988907273071,0.00150336274765826,0.0019356129554809,0.00300554353577664,0.00164845378680698,0.000420833221313763,0.00247314144769341,0.000219765961998043,0.00320751828015826,0.00527672941206238,0.00475595898790913,0.00207888859281129,0.0025047705660117
