Unknown,Source001,Source002,Source003,Source004,Source005,Source006,Source007,Source008,Source009,Source010,Source011,Source012,Source013,Source014,Source015,Source016,Source017,Source018,Source019,Source020,Source021,Source022,Source023,Source024,Source025,Source026,Source027,Source028,Source029,Source030,Source031,Source032,Source033,Source034,Source035,Source036,Source037,Source038,Source039,Source040,Source041,Source042,Source043,Source044,Source045,Source046,Source047,Source048,Source049,Source050
0.000840811818787597,0.189619542255394,0.225590854932426,0.153101839663884,0.191942932843672,0.139744830304623,0.00474843646766599,0.000826271973104222,0.00326850366471073,0.000959994163930476,0.000573623248154115,0.00360004523096051,0.00220987275501243,0.0140840731516717,0.00411930055087164,0.0013895862839771,0.000195296592348403,0.00233001888016427,0.00291115466104869,0.000417888809016577,0.000682772859775378,0.000142938987440365,0.00331704013467147,2.09230001891068e-05,0.00610880007903314,0.00629283631466201,0.00334272938203632,0.00154074386984353,0.000328569286349665,0.00260029768107413,0.00124341032591196,0.0036439974426186,0.000855961265126843,0.0009046587424057,0.00404107374638368,0.00168139097334199,0.000936465469594229,0.00190163231207541,0.000114350951697203,0.00292695894816113,0.000567011896544669,0.00163205754151737,0.00103384168442551,0.0022754154220865,0.000600314064727769,0.000790316441066672,0.00122140207132889,0.00351779769022933,0.000419467538613418,0.00181379180574091,0.00102615381990256
