Unknown,Source001,Source002,Source003,Source004,Source005,Source006,Source007,Source008,Source009,Source010,Source011,Source012,Source013,Source014,Source015,Source016,Source017,Source018,Source019,Source020,Source021,Source022,Source023,Source024,Source025,Source026,Source027,Source028,Source029,Source030,Source031,Source032,Source033,Source034,Source035,Source036,Source037,Source038,Source039,Source040,Source041,Source042,Source043,Source044,Source045,Source046,Source047,Source048,Source049,Source050
0.00473976016693701,0.124780341146071,0.18464344258228,0.146150031886325,0.14085323217495,0.303572952210373,0.000896130169195078,0.00186104102804578,0.00270778129883868,0.000325299714397203,0.00170317963275278,0.00196870440957479,0.000523372273840249,0.00391642428737766,0.000530392006849584,0.00414832552262188,0.00489021340471399,0.00256873383554258,0.0012508496030788,0.003312274361839,0.00161556400964108,0.000591757735475155,0.00116049472954116,0.000765755654863891,0.000270652949156815,0.000930391392891626,0.00111080364575286,0.00359054697776049,0.00353272412989895,0.00354024112352174,0.00216267444849744,0.00477415621369854,0.00172697188389668,0.000172987996188416,0.000356906640754589,0.000944677415039681,4.71897483438927e-05,0.00124849055233173,0.00948009413932279,0.000289664853490919,0.000355065174392275,0.00135328764089848,0.00309485441244741,0.00149902052371357,0.00347172514706648,0.00442138358348156,0.00459142528464539,0.00489315140124608,0.000768172430904918,0.0018596592469357,3.70271985946424e-05
