Unknown,Source001,Source002,Source003,Source004,Source005,Source006,Source007,Source008,Source009,Source010,Source011,Source012,Source013,Source014,Source015,Source016,Source017,Source018,Source019,Source020,Source021,Source022,Source023,Source024,Source025,Source026,Source027,Source028,Source029,Source030,Source031,Source032,Source033,Source034,Source035,Source036,Source037,Source038,Source039,Source040,Source041,Source042,Source043,Source044,Source045,Source046,Source047,Source048,Source049,Source050
0.0012836500443158,0.161753717836154,0.132367855129103,0.187586355903166,0.145845453634897,0.272446617496681,4.44436824794244e-05,0.00498533177534847,0.00328449010797942,0.00597476501106495,0.00442488691848716,0.000229190788578566,0.00111536099618218,0.000868523247733145,0.00321766349941773,0.00417920323056529,0.00297060884561188,0.0039757368880036,0.000691005450668238,0.000724499288802913,0.000380306448144668,0.00124560859406584,0.00235892167921098,0.00180950889836616,0.00054569548061063,0.00126951222048329,0.0019452867293087,0.00780762075793966,0.000702610264105369,0.000386990284676014,0.00358013671320413,0.000396553757676198,0.00224627591356338,0.00253436211445253,0.00496100400690614,0.00228736395614878,0.00467579038612757,0.00221527874178132,0.00112159179478798,0.000364290759999712,0.00087175805578035,0.00172529864012806,0.00573529138374755,0.00351730732485706,0.00209872507945633,0.00144451312957961,0.00133979436834496,0.000827545062073027,0.000276964326978164,0.000697313994779688,0.000661419357477373
