Unknown,Source001,Source002,Source003,Source004,Source005,Source006,Source007,Source008,Source009,Source010,Source011,Source012,Source013,Source014,Source015,Source016,Source017,Source018,Source019,Source020,Source021,Source022,Source023,Source024,Source025,Source026,Source027,Source028,Source029,Source030,Source031,Source032,Source033,Source034,Source035,Source036,Source037,Source038,Source039,Source040,Source041,Source042,Source043,Source044,Source045,Source046,Source047,Source048,Source049,Source050
0.0023609443166012,0.226208663071511,0.227802671459912,0.177070629574319,0.139860503333963,0.129057532560295,0.000712912290497472,0.00918190410320419,0.000144882966194243,0.00422598459547227,0.00111940286306983,0.00147153357823932,0.00139057651850076,0.00170023648583874,0.00066477193434368,6.10047706089842e-05,0.00574905184174235,0.000372630343470883,0.00144394436937744,0.00374731422005222,0.00169552733215132,0.00137770091475751,0.000907730768522485,0.00166200403425087,0.00124039767340791,0.00406580140576928,0.000783440816907056,0.00275314303026223,0.0013645185291179,0.000703640868208249,0.0022545726069862,0.00316660242075203,0.00236426812036718,0.00520101130060785,0.0016240261948441,0.00172688509829487,0.00389044779717973,0.000224116299499218,0.00864348656358506,6.57807141579479e-05,6.15575739608407e-05,0.00144241344924156,0.0014548329863875,0.000901529829376214,0.000352540590711283,2.90478350832053e-05,0.00166555689323633,0.00396414811281412,0.00159338495953624,0.00143786876765566,0.00703492131515442
