Unknown,Source001,Source002,Source003,Source004,Source005,Source006,Source007,Source008,Source009,Source010,Source011,Source012,Source013,Source014,Source015,Source016,Source017,Source018,Source019,Source020,Source021,Source022,Source023,Source024,Source025,Source026,Source027,Source028,Source029,Source030,Source031,Source032,Source033,Source034,Source035,Source036,Source037,Source038,Source039,Source040,Source041,Source042,Source043,Source044,Source045,Source046,Source047,Source048,Source049,Source050
0.000302084756105346,0.192218947537791,0.112584888396099,0.236987875616557,0.182631801845226,0.175576486604327,0.000785127094213934,0.00231689985760744,0.00140839342952368,0.00107562881171826,0.000736087857970087,0.00332725254611158,0.00204148916077473,0.00279899706370955,0.00506333280360529,0.000645737664791823,0.00338485645440322,0.000396545127946532,0.000654245771948864,0.00195781305008247,0.00154757429367887,0.000303405095024234,0.00185582429247301,0.00178205852098575,0.00072089793948974,0.00480383148990395,0.0043129744264302,0.00274221239229849,0.00386118260180824,0.00222775204634098,0.000639198122683382,0.00117404848480191,0.0018247617663314,0.00602273955307506,0.000556461871744881,0.00661589894431051,7.43287870815712e-05,0.000484368131432984,0.00728459271955251,0.001761486454959,0.00606671889005726,0.0013690395578234,0.000225825289704164,0.000352507536665899,0.00240862820973892,0.00580695307784384,0.00149534797763162,0.000416553421200399,0.00318004067901539,0.000134199008866423,0.0010540969665332
