Unknown,Source001,Source002,Source003,Source004,Source005,Source006,Source007,Source008,Source009,Source010,Source011,Source012,Source013,Source014,Source015,Source016,Source017,Source018,Source019,Source020,Source021,Source022,Source023,Source024,Source025,Source026,Source027,Source028,Source029,Source030,Source031,Source032,Source033,Source034,Source035,Source036,Source037,Source038,Source039,Source040,Source041,Source042,Source043,Source044,Source045,Source046,Source047,Source048,Source049,Source050
0.00399097088664241,0.167618250323618,0.113231268588589,0.131989367135867,0.235969315569837,0.251191798382088,0.00272835316616447,9.03185421195203e-05,0.00633159874454153,0.000301709500745131,0.00199862129386363,0.000281592404307997,0.000244326351088235,0.00115306285516601,0.00110603299602963,0.00254080311784466,0.00284306341928252,0.000701977708682549,0.00121230644346961,0.00112419301618314,0.000646802703226784,0.00514048304344444,0.00192264514506897,0.00447109820176251,0.0012375203350105,0.000712154338074544,0.000829793080977347,0.00034073396929825,0.00247347545300135,0.00838592287836045,0.000509857815955114,0.00278007973697836,0.00063141653993184,0.0014090128798681,0.000855845711740551,0.00174274232946771,0.00255416936379477,0.00276038493030349,0.000911798959723511,0.00115518332529996,0.00351243844924023,0.00865411228906335,0.000649885642659039,0.00627303155519765,0.00106847656031278,0.000336416854376528,0.00584082040437182,0.00184620492555837,0.000607698285606908,0.00225012914864861,0.000840734697545103
