Unknown,Source001,Source002,Source003,Source004,Source005,Source006,Source007,Source008,Source009,Source010,Source011,Source012,Source013,Source014,Source015,Source016,Source017,Source018,Source019,Source020,Source021,Source022,Source023,Source024,Source025,Source026,Source027,Source028,Source029,Source030,Source031,Source032,Source033,Source034,Source035,Source036,Source037,Source038,Source039,Source040,Source041,Source042,Source043,Source044,Source045,Source046,Source047,Source048,Source049,Source050
0.00260595303270888,0.164971797074964,0.292924615196409,0.185666468320269,0.151632587067267,0.104804532341091,0.00162588358854147,0.00399145373718454,0.00768488803667445,0.00184999034068035,0.00926554999166911,0.00372860622587788,0.000524206825079908,0.0057536582243233,0.00109555027737333,0.000744204574029457,0.00121865735694727,0.000645392933022831,0.00112728190104502,0.00155774629433233,0.00301106301643569,5.6680907235483e-05,0.000294256621634166,0.000652376002446976,0.00730982499194027,0.000161348860189575,0.00480926102425908,0.00209947737671266,0.000141598583254297,0.00412344849207139,0.000737992523772615,0.000735069541291214,0.000621309821190383,0.000168467647527107,0.000447675252328605,9.07403986664874e-05,0.00388725951104735,0.000500902540135239,0.00262027260470472,0.00197802439600828,0.00044495713894125,0.00333697610981519,0.0028383087543229,0.00107863644602397,0.00339121873130943,0.000620003391517729,0.000925668761076233,4.99294308855322e-05,0.00432811566486158,0.00311698506955213,0.00200312704935234
