Unknown,Source001,Source002,Source003,Source004,Source005,Source006,Source007,Source008,Source009,Source010,Source011,Source012,Source013,Source014,Source015,Source016,Source017,Source018,Source019,Source020,Source021,Source022,Source023,Source024,Source025,Source026,Source027,Source028,Source029,Source030,Source031,Source032,Source033,Source034,Source035,Source036,Source037,Source038,Source039,Source040,Source041,Source042,Source043,Source044,Source045,Source046,Source047,Source048,Source049,Source050
0.00151001079043034,0.174398112854098,0.110878958353844,0.103239421598938,0.296056236670038,0.215427270523081,0.00259758977527716,0.00143769298747863,0.00182026452636785,0.0011465196154015,0.00601746367087358,0.000303527124701028,0.000392890665813462,0.000412671387952736,0.00163883364348746,0.00351427080384788,0.00072148043839666,0.000638546281205663,0.000105966299363199,0.00264887501287187,0.00280138847084476,0.000184190559839223,0.00418402428790749,0.000497975777347702,0.00228837768662455,0.00701803340283828,0.00140273815905218,0.00348946203563874,0.00201982652994312,0.000832742468464927,0.000764975986414383,0.00313794569959589,0.000557142656948591,0.00240786082147462,0.00196981005141166,0.00421018653767431,0.000691869743111165,0.000841187410523188,0.000357995467997467,0.000485786730265818,0.0032361852224849,0.00278839868625525,0.00816771522333513,0.00262110168032099,0.00525118677885646,0.00302322910269236,0.000459837218458121,0.00575269921517276,0.000918609907075696,0.000365760715106136,0.00236515274285507
