Unknown,Source001,Source002,Source003,Source004,Source005,Source006,Source007,Source008,Source009,Source010,Source011,Source012,Source013,Source014,Source015,Source016,Source017,Source018,Source019,Source020,Source021,Source022,Source023,Source024,Source025,Source026,Source027,Source028,Source029,Source030,Source031,Source032,Source033,Source034,Source035,Source036,Source037,Source038,Source039,Source040,Source041,Source042,Source043,Source044,Source045,Source046,Source047,Source048,Source049,Source050
0.00143020900943413,0.360959156557718,0.130119128220529,0.140525000417641,0.129369734381528,0.139026980422584,0.00542772244468805,0.00702603471464761,0.00530237434765754,6.67336914040212e-07,0.00728723820803186,0.000393864176575422,0.000361211843455536,0.0012234082347641,0.000747648393417536,0.000335236774890764,0.000896057529044385,0.00364989616328208,0.00218581267392045,0.000793067430042573,0.00197167008777232,0.00235565136082916,0.000439916258450047,7.44518025275215e-05,0.00139001459038894,0.000218194087868021,0.00368358048137438,0.00296072384398521,0.00202305100660447,0.0047742406824695,0.00714784798401361,0.000432000215097052,0.000188961793801132,0.000138576381971316,0.00312439553091931,0.000131170175472199,0.00153616859490087,8.94102515361235e-05,0.000956965045165148,0.00200804572829839,0.00386108900667312,0.00224793546781236,0.00335053850880975,0.00506503794838621,0.000321190216284013,0.00735333437605926,0.000466066890365934,0.00178638333327821,0.0013746518028702,0.00120809426990672,0.000260192995343453
