Unknown,Source001,Source002,Source003,Source004,Source005,Source006,Source007,Source008,Source009,Source010,Source011,Source012,Source013,Source014,Source015,Source016,Source017,Source018,Source019,Source020,Source021,Source022,Source023,Source024,Source025,Source026,Source027,Source028,Source029,Source030,Source031,Source032,Source033,Source034,Source035,Source036,Source037,Source038,Source039,Source040,Source041,Source042,Source043,Source044,Source045,Source046,Source047,Source048,Source049,Source050
0.00239647833317488,0.164701655393866,0.209710704734271,0.307199980485112,0.114361961115693,0.104025698271058,0.000551269340593373,0.00304264738054714,0.0114017036195955,0.000433826067207818,0.000786479586913691,0.00215142210787941,0.00118530604926784,0.0021163518943593,0.015322964740242,0.00148662404070861,0.00364709494840587,0.00288177866477861,0.0034073107195484,0.000264899279275345,0.000227624392079898,0.00434790741150747,0.000606212905098485,0.000748829214238817,0.000920704708334948,0.0018117827356491,0.000512461398386838,0.00154832879144109,0.000176778309858479,0.000414919213811313,0.000387614552447686,0.00286459349025679,0.00107705727590181,0.00395384760404806,0.00106085146354411,0.000991806385666314,0.00395418330747058,0.000425438007860521,7.12826653772315e-05,0.00257748327443065,0.00113473855252132,0.00225489469831714,0.000545586331349894,0.00161019230726257,0.00200723696796538,0.00456168396440061,0.000275002084809994,0.000358347179658722,0.00511495763697832,0.000870188054262495,0.00151130834256547
