Unknown,Source001,Source002,Source003,Source004,Source005,Source006,Source007,Source008,Source009,Source010,Source011,Source012,Source013,Source014,Source015,Source016,Source017,Source018,Source019,Source020,Source021,Source022,Source023,Source024,Source025,Source026,Source027,Source028,Source029,Source030,Source031,Source032,Source033,Source034,Source035,Source036,Source037,Source038,Source039,Source040,Source041,Source042,Source043,Source044,Source045,Source046,Source047,Source048,Source049,Source050
0.00074616061413276,0.114250374151945,0.289354224847564,0.138438307690131,0.179878790612134,0.178078302698227,0.00145973642421731,0.00097631078226671,0.000328526592430798,0.00207522756234454,0.00199882113801676,0.00860345911319973,0.0009869586805106,0.00154485323153637,0.000742003535707072,0.00156513940871005,0.00329586285494426,0.00189388892723507,0.00727413965332024,0.00379626830938338,0.00106981057717721,0.00132097665485815,0.0048592536060202,0.00028962276357661,0.000190014093617352,0.00101897975720503,0.00247461305257834,0.000710478168988678,0.00111464042139,0.00396697949789766,0.00273611004213544,0.000754855220303343,0.000447768367712373,0.0132201580536192,0.00230451390903023,0.00266498751684424,0.00421546992841776,8.7462681556427e-05,0.000974269390033024,0.00309623861893155,0.000279635296516929,0.000167770359660358,0.00105634167989294,0.00153786043113522,0.00196463047217543,0.00211196883497819,0.00227734928201099,0.00137180767962871,0.00211003219538063,0.000632218790341957,0.00168582582843019
