Unknown,Source001,Source002,Source003,Source004,Source005,Source006,Source007,Source008,Source009,Source010,Source011,Source012,Source013,Source014,Source015,Source016,Source017,Source018,Source019,Source020,Source021,Source022,Source023,Source024,Source025,Source026,Source027,Source028,Source029,Source030,Source031,Source032,Source033,Source034,Source035,Source036,Source037,Source038,Source039,Source040,Source041,Source042,Source043,Source044,Source045,Source046,Source047,Source048,Source049,Source050
0.000439464697999293,0.126993212202669,0.10886257769195,0.385036988023997,0.144181342856403,0.134925879224982,0.000591974033631235,1.85018240392424e-05,0.00077466624150106,0.0011210115430632,0.00144339475151708,0.00158521316724935,0.00153623484583081,0.0013070781231914,0.000927471063277828,0.00725245341707828,0.00395490418098506,0.00404588829478775,0.000512861141644828,0.00184237961311544,9.63355500287069e-08,0.00158802083229205,0.00562179992620666,0.000568087725440538,0.000215993248520028,0.00209623926330149,0.000802830399085591,0.00308743014951257,0.00574303075335778,0.00522856532286683,0.00203859741907304,0.000887081113293329,0.00344667420132855,4.33996461169475e-05,0.000181947045241051,6.52914763668914e-05,0.00315617930954552,0.00232405804228377,0.000351885821677593,0.00987211929777831,0.00262569483524124,0.00128420586941084,0.00151827081064967,0.00106668950673392,1.08906189938763e-05,0.00230178485956031,0.0052935644545607,0.00235308950916438,0.00567540992853042,0.00224051467338763,0.000957060666016537
