Unknown,Source001,Source002,Source003,Source004,Source005,Source006,Source007,Source008,Source009,Source010,Source011,Source012,Source013,Source014,Source015,Source016,Source017,Source018,Source019,Source020,Source021,Source022,Source023,Source024,Source025,Source026,Source027,Source028,Source029,Source030,Source031,Source032,Source033,Source034,Source035,Source036,Source037,Source038,Source039,Source040,Source041,Source042,Source043,Source044,Source045,Source046,Source047,Source048,Source049,Source050
0.000129724046080992,0.338000466970506,0.11465344544633,0.191865962479336,0.11398669960514,0.141493425498688,0.000511115145867536,0.000645038867406537,0.00165264824102762,0.000409740950249746,0.00104301396630816,0.00329071573970257,0.00114837236559441,0.00322687282562425,0.000820149012772697,0.00179982924566168,0.00119903761615003,0.00424987609918443,0.00132724377842765,0.000350250936977874,0.0038087810640215,0.00436576305290451,0.00306463941459152,0.00118789101357456,0.000565832755532651,0.000346326629912536,0.0015721506234427,0.00259106887472981,8.21278249718228e-05,0.00600061436472372,0.00446735404609458,0.00226180317896997,0.00237430032764449,0.00198284964103799,0.000625860316626912,0.00533576537686779,0.00360341319188872,0.00044521006416674,0.00170159497749054,0.000812962182838734,0.00216733451294117,0.000892913312805832,0.0038266821759446,0.00408425596989029,0.000304467599350295,0.00745794849588896,0.00508516404453866,0.00396559139279861,0.000558385932678984,0.000929799718998888,0.00172751908509572
