Unknown,Source001,Source002,Source003,Source004,Source005,Source006,Source007,Source008,Source009,Source010,Source011,Source012,Source013,Source014,Source015,Source016,Source017,Source018,Source019,Source020,Source021,Source022,Source023,Source024,Source025,Source026,Source027,Source028,Source029,Source030,Source031,Source032,Source033,Source034,Source035,Source036,Source037,Source038,Source039,Source040,Source041,Source042,Source043,Source044,Source045,Source046,Source047,Source048,Source049,Source050
0.00312387764750795,0.170558339862273,0.181673968498161,0.177994793751986,0.23039215498796,0.13938074289962,0.00356240250937818,0.00243362977254382,0.00391167555080549,0.00277650185361886,0.000995275378522681,0.00231857565214376,0.000244750151189128,0.0052403380857168,0.00875363946412663,0.0045373325754158,0.00363887252009602,0.000837088726985781,0.000399633849012825,0.000440552176165003,0.000444724372909999,0.00247210533371764,0.00258252240427021,3.6342467378616e-05,0.000931091910247604,0.000133933822299132,0.000546138054381575,0.00266965447423476,0.000317187673454286,0.00107096083897044,0.00059917242436361,0.000608169395401861,0.000886159007938359,0.000457730234964158,0.0109857648375914,0.0013675805338187,0.00289639181707334,0.000724636844370833,0.00098000984874356,0.00627267635171804,0.00388127175808402,0.0011515248004373,0.000346849542940443,0.000124857986054106,0.00227298623742494,0.00255349489563386,0.000738085069544731,0.00129081491230441,0.00390092107326609,0.0020841916879599,0.00145790347527338
