Unknown,Source001,Source002,Source003,Source004,Source005,Source006,Source007,Source008,Source009,Source010,Source011,Source012,Source013,Source014,Source015,Source016,Source017,Source018,Source019,Source020,Source021,Source022,Source023,Source024,Source025,Source026,Source027,Source028,Source029,Source030,Source031,Source032,Source033,Source034,Source035,Source036,Source037,Source038,Source039,Source040,Source041,Source042,Source043,Source044,Source045,Source046,Source047,Source048,Source049,Source050
0.00115457195169315,0.15937196429537,0.1715747512424,0.230447453207764,0.162250298559971,0.176355532694496,0.000749571624152666,0.0044770593747726,0.00279427979786282,0.000114855915107404,0.00314703193561492,0.0024615396743758,0.00194894445718083,0.00162882427964949,0.00255014717599329,0.00259529956015696,0.000891653946634151,0.0013117213296038,0.000862009849730645,0.0046280343933254,0.000505514848569641,0.00560396649139318,0.000476354659888392,6.85498102620222e-05,0.00492099298354203,0.00311362971158584,0.000274130177191424,0.000283974511293493,0.00376068571428748,0.000328050543034361,0.00380026108212793,0.005545566752614,0.00312935160155508,0.00177439187750226,0.00340914377686971,0.000442804798747497,0.0018786246618024,0.000569135711364252,0.00760457009275867,0.00134469730436605,0.00362198985841026,0.00177249235359196,0.000392367164052792,0.00202183828672855,0.00115528818904304,0.000448339076894953,0.000860927833458194,0.00362873118336897,0.000242473938541181,2.10019706602764e-05,0.00568460776864018
