Unknown,Source001,Source002,Source003,Source004,Source005,Source006,Source007,Source008,Source009,Source010,Source011,Source012,Source013,Source014,Source015,Source016,Source017,Source018,Source019,Source020,Source021,Source022,Source023,Source024,Source025,Source026,Source027,Source028,Source029,Source030,Source031,Source032,Source033,Source034,Source035,Source036,Source037,Source038,Source039,Source040,Source041,Source042,Source043,Source044,Source045,Source046,Source047,Source048,Source049,Source050
0.00489216105852501,0.11798745023277,0.109439621607551,0.117506949097542,0.251211396304664,0.303854582757473,0.00187731364801051,0.00140861678994669,0.000242730350713318,0.00179482300725751,0.00065154204707268,0.000353934594051526,0.00748084267037106,0.00224309607896776,0.00032972482303939,0.00787541551653894,0.000438750627159496,0.00206591251399175,2.52812165209216e-05,0.00262550020560218,0.00389910750874887,0.000712493166590797,0.00476548518706612,6.36549061152423e-06,9.45193897850713e-05,0.00497567988817005,0.0012329475132654,0.000221533340189452,0.00290740350135564,0.000154912836490003,0.0011311309190478,0.000671028992975632,0.00126495612704821,0.000323810630950863,0.00257418873772383,9.52536524918062e-05,0.00513588779040616,0.0026905107024238,0.00136829365460257,0.000342249866073367,0.00477770016069745,0.00418202122249995,0.000864870226103199,0.00114388028247346,0.000751149227088821,0.0011238790491608,0.00678433747998654,0.000582891170890504,0.00045808538799069,0.00111565713626881,0.00934212461305403
