Unknown,Source001,Source002,Source003,Source004,Source005,Source006,Source007,Source008,Source009,Source010,Source011,Source012,Source013,Source014,Source015,Source016,Source017,Source018,Source019,Source020,Source021,Source022,Source023,Source024,Source025,Source026,Source027,Source028,Source029,Source030,Source031,Source032,Source033,Source034,Source035,Source036,Source037,Source038,Source039,Source040,Source041,Source042,Source043,Source044,Source045,Source046,Source047,Source048,Source049,Source050
0.000604363885490637,0.129891170498248,0.403959979912907,0.103896270084701,0.161961706391652,0.100290873112492,0.00025078054742291,0.000587114129333331,0.00657797236717931,0.000337717691121252,0.00332650534503346,3.16768179240493e-06,0.00126826368900192,0.000455401408926714,0.00152668263477642,0.00152625169267989,0.00352898801369308,0.000689152626039836,0.0014040731053821,0.00249542926285193,0.000356594426551764,0.00135946926295173,0.000642760095583118,0.00189828730600853,0.00101316841953761,0.000328547540685168,0.00658486057175333,0.00398760461277249,0.00277653819640772,0.00474422139384653,0.00584839572248355,0.000312505483477312,0.000577910693391269,0.0022076439985235,0.00307287404087317,0.0019185057892111,0.0027876806393702,0.000129050372263989,0.000103979809677776,0.00565778944929091,0.00238420480692619,0.00443453611412442,0.000532881278587979,0.00131782274027344,6.24486969455514e-05,0.00286141700797276,0.00692415263752742,0.0027208739562597,0.00630635814689374,0.00156330095074666,1.75175835614602e-06
