Unknown,Source001,Source002,Source003,Source004,Source005,Source006,Source007,Source008,Source009,Source010,Source011,Source012,Source013,Source014,Source015,Source016,Source017,Source018,Source019,Source020,Source021,Source022,Source023,Source024,Source025,Source026,Source027,Source028,Source029,Source030,Source031,Source032,Source033,Source034,Source035,Source036,Source037,Source038,Source039,Source040,Source041,Source042,Source043,Source044,Source045,Source046,Source047,Source048,Source049,Source050
0.00200176012693408,0.186365411828604,0.253486891269692,0.204904705226161,0.113699734291934,0.141543257383608,0.00126407338314945,0.00282181334284461,0.00206731770400925,0.000596538146486734,0.00152455934432955,0.000979450667578594,0.00130109335089619,0.00666612783231312,0.000597952668803685,0.000146656414490475,0.000502426565019919,0.000246572007671816,0.00284472722686668,0.00393563767695811,0.00234791684900152,0.000813552066273564,0.000540991906906878,0.0019767031213098,0.00950203498490984,0.00415948085515523,0.000791249582920501,0.00372791035651633,0.000789466942711272,0.00172527408586498,0.00566446885035917,0.00100919712990061,0.00430572018502873,0.00392459815517968,0.000454183875312621,0.00116501597958927,0.00539325760635733,0.000467014699642281,0.000284857076643257,0.000251367890592603,0.00336075236823855,0.000331290323152559,0.000536192354924736,0.000212221892278261,0.00110729577353957,0.0022636492070363,0.00689130722658706,0.000515438912797011,0.0011782682401183,0.00430216835355248,0.0025104466892474
