Unknown,Source001,Source002,Source003,Source004,Source005,Source006,Source007,Source008,Source009,Source010,Source011,Source012,Source013,Source014,Source015,Source016,Source017,Source018,Source019,Source020,Source021,Source022,Source023,Source024,Source025,Source026,Source027,Source028,Source029,Source030,Source031,Source032,Source033,Source034,Source035,Source036,Source037,Source038,Source039,Source040,Source041,Source042,Source043,Source044,Source045,Source046,Source047,Source048,Source049,Source050
0.00229376278129473,0.258882536204234,0.164700281207724,0.184481863643848,0.14636551230185,0.145569806642343,0.00376888153248164,0.00405514353229549,0.00195408840806292,0.000861290257936226,0.00773716768513388,0.000819808264437908,0.00138708748363653,0.00101551385582029,0.000599359629405662,0.000644750835128908,0.000139688389728728,0.00297402817350551,0.00413828051583757,0.00439962277593983,0.00586668690802042,0.00167145153710819,4.55039734466663e-05,0.000209239652935124,0.000981954297124285,0.00116179333301231,0.00437732487664978,0.000200651302149832,0.00310113132980822,0.00146626597557778,0.000654868409723369,0.00162208991893579,0.000602052579273831,0.000201199006494336,0.000363514291941073,0.00117385364461762,0.00302519525371829,0.000674385921925297,0.000616250228347369,0.000139045625735681,0.00184924260349361,0.00363169647819771,0.000424511129003033,0.00404748178222132,0.00041099227872901,0.000407213562680553,0.00162349366021634,0.0133020322924849,0.00112802438075615,0.00541530511473629,0.00281707453028995
