Unknown,Source001,Source002,Source003,Source004,Source005,Source006,Source007,Source008,Source009,Source010,Source011,Source012,Source013,Source014,Source015,Source016,Source017,Source018,Source019,Source020,Source021,Source022,Source023,Source024,Source025,Source026,Source027,Source028,Source029,Source030,Source031,Source032,Source033,Source034,Source035,Source036,Source037,Source038,Source039,Source040,Source041,Source042,Source043,Source044,Source045,Source046,Source047,Source048,Source049,Source050
0.00142612031485418,0.202544596228553,0.143414889181077,0.212190458262621,0.224762949786948,0.117087106540801,0.00108269030788985,0.00101070594316807,0.00838115339565921,0.00241924889601334,0.00120573014844693,0.000979754024935646,0.0011902505628976,0.00191918193633648,0.00035025954351019,0.0037226092282509,0.00516557855431876,0.00175659954599762,0.00113326221246272,0.00109535158738737,0.000525180855518203,0.000270543653107791,0.000417974525110108,0.00252181942217768,0.00173454351241958,0.00247880328188251,0.00310418943830875,0.000829300322156019,0.00209229964702296,0.00877850062513634,0.00298370355743041,0.00837220340497912,0.00163058326274203,0.00115708168757141,0.00203834303788612,0.000615486346173865,0.000546207449645255,0.00206311582120287,0.000559424155455086,0.00267412675798621,0.00183719941860734,0.000365299131242459,0.000368148598873063,0.000848704910336152,0.00087077111952444,0.00175592549719786,0.000739830466626313,0.00308624852177154,0.00145346056973662,0.00486830459001466,0.00557418021002837
