Unknown,Source001,Source002,Source003,Source004,Source005,Source006,Source007,Source008,Source009,Source010,Source011,Source012,Source013,Source014,Source015,Source016,Source017,Source018,Source019,Source020,Source021,Source022,Source023,Source024,Source025,Source026,Source027,Source028,Source029,Source030,Source031,Source032,Source033,Source034,Source035,Source036,Source037,Source038,Source039,Source040,Source041,Source042,Source043,Source044,Source045,Source046,Source047,Source048,Source049,Source050
0.000377140991760986,0.274972110718919,0.105306698283195,0.125478068014073,0.209907361902939,0.184335761080874,5.17374597655533e-05,0.00776603956571562,0.000701656019260708,0.00655074679774465,0.00338475045937177,0.000546529424755213,0.000165808619591328,0.000890618114445751,0.00161806280997623,0.000117869140480218,0.00283707155766741,0.00536117829488535,0.00162210572814945,0.00155938430353308,0.00167518647109184,0.00067677565136844,0.000153864731357015,0.00656292822655052,0.00110512258939963,0.000530169719853127,0.00022044835668892,0.0162757248982289,0.000294809777300535,0.00197903877482455,0.00215397279852508,1.91888719605363e-05,0.000357919628787642,0.000555645966034473,0.000513939035495687,0.000704378384876624,0.00158106409858064,0.0041228025742875,0.00176696893181557,0.000120547133627031,0.00701975982649412,0.00179018649338537,0.00260400614289477,0.00222553075973503,0.00326478631829119,0.000228446191265162,0.000706637650060554,0.00351921049192129,0.00204453599144765,0.00127211392798254,0.000403590298764667
