Unknown,Source001,Source002,Source003,Source004,Source005,Source006,Source007,Source008,Source009,Source010,Source011,Source012,Source013,Source014,Source015,Source016,Source017,Source018,Source019,Source020,Source021,Source022,Source023,Source024,Source025,Source026,Source027,Source028,Source029,Source030,Source031,Source032,Source033,Source034,Source035,Source036,Source037,Source038,Source039,Source040,Source041,Source042,Source043,Source044,Source045,Source046,Source047,Source048,Source049,Source050
0.0017306022678651,0.137691665240972,0.135329233748405,0.374618931302134,0.14253146897531,0.109828700733178,0.0064618178324193,0.00167085086538466,0.00360476843534369,0.00164008742865965,0.0019897395892207,0.00318075256388808,0.00363228987473064,7.80184677706408e-05,0.00185427765670807,0.000695830549477194,0.00298527449347093,0.000408690128271719,0.000379780737815273,0.000514588309420441,0.0031037514248053,0.00155672692552155,0.00299222963048008,0.00157736374677957,0.00244827320147217,0.001508085747985,0.000439995338378837,0.000399629334967377,0.0013710449445623,0.00102325564378569,0.000435955389145293,0.000881410690565923,0.00136752992065874,0.000138831760764569,0.00389019071630869,0.00179195699803218,0.000361718851839764,0.00295489250566135,0.00903884857235728,0.000809034333618428,0.00400885660365553,0.00177021934912718,0.00128693928526509,0.00815640396596266,0.000125913343539012,0.00154126726306009,0.00489885061137608,0.00194458831403305,0.00246622740997528,0.00129677157807044,0.00358586739779936
