Unknown,Source001,Source002,Source003,Source004,Source005,Source006,Source007,Source008,Source009,Source010,Source011,Source012,Source013,Source014,Source015,Source016,Source017,Source018,Source019,Source020,Source021,Source022,Source023,Source024,Source025,Source026,Source027,Source028,Source029,Source030,Source031,Source032,Source033,Source034,Source035,Source036,Source037,Source038,Source039,Source040,Source041,Source042,Source043,Source044,Source045,Source046,Source047,Source048,Source049,Source050
0.000469254681582895,0.100725547387725,0.296386948516362,0.226952510647013,0.153175071683068,0.122759921765832,0.0030243645202935,0.00012745272072722,0.00148006987474037,0.00216612861964765,0.000118371708719808,0.000959844723487595,0.00300942362695862,0.00108651589199462,0.00618678376695918,0.000120282015713897,0.000493879141010783,0.000847362899178083,0.000462703455886948,0.00149888706431583,0.00219323709044163,0.00357948077798502,0.000451287847649208,0.00295367140206293,0.00064605190492636,0.00393863812974891,0.00166564864504036,0.00179467642939131,0.00132137343392613,0.000894664920588695,0.00265224771172131,0.00155859208163626,0.00015805010256021,0.00460765292538395,0.00131600077646262,0.00555602264140207,0.00368910941365171,0.00188465799435095,0.00485200733808651,0.00134175226658207,0.000233260845353317,0.00104080612014776,0.00330157566252897,0.00447589770937849,0.00391086920355713,0.00225108417246083,0.00587749378986212,0.00507136420997985,0.0013013761573326,0.00285933977865138,0.000570783805932318
