Unknown,Source001,Source002,Source003,Source004,Source005,Source006,Source007,Source008,Source009,Source010,Source011,Source012,Source013,Source014,Source015,Source016,Source017,Source018,Source019,Source020,Source021,Source022,Source023,Source024,Source025,Source026,Source027,Source028,Source029,Source030,Source031,Source032,Source033,Source034,Source035,Source036,Source037,Source038,Source039,Source040,Source041,Source042,Source043,Source044,Source045,Source046,Source047,Source048,Source049,Source050
0.000204211333624609,0.22711400772061,0.21761384639997,0.141347728679959,0.126872255761311,0.187052161438149,0.00794414528562168,0.00178412239425226,0.00116525204379166,0.00222427682605111,0.00267477853991519,0.00449579108624002,0.000728685861628958,0.00121896682127156,0.000438689222425682,0.00245982537558129,0.00207158157478993,0.000200138520481107,0.00181725322477465,0.00172162605803144,0.00324443764469805,0.000548030231944641,5.01220996085711e-05,0.00120049351488913,0.00154457649293259,8.80932993518503e-05,0.00602079471405936,0.0016768659354658,0.00152312137832519,0.000423829183635799,0.000476648386533353,0.00234509485097181,0.00269001645410647,0.00662540459186952,0.00249794970912437,0.000313771280146728,0.00130810433054141,0.00147986337736324,0.00407248148067436,0.00336593686194981,0.000380027581968619,0.000864359839152601,0.00529676194433179,0.006002117144217,0.00471704817304484,0.000435120321201683,0.00067602404642695,0.00138239034284003,0.00286286428649642,0.000601073304732112,0.00413723302891473
