Unknown,Source001,Source002,Source003,Source004,Source005,Source006,Source007,Source008,Source009,Source010,Source011,Source012,Source013,Source014,Source015,Source016,Source017,Source018,Source019,Source020,Source021,Source022,Source023,Source024,Source025,Source026,Source027,Source028,Source029,Source030,Source031,Source032,Source033,Source034,Source035,Source036,Source037,Source038,Source039,Source040,Source041,Source042,Source043,Source044,Source045,Source046,Source047,Source048,Source049,Source050
0.00462449940512901,0.241836111595827,0.124579842413815,0.213939120759338,0.192772903329406,0.126872021901615,0.00177303090742618,0.000234884816622286,0.000622482329448509,0.00102512866780281,0.00143296478743078,3.18581650028716e-05,0.00426917289378711,0.000416104047486229,0.000663024644471951,0.000577382597263555,0.00158922772953489,0.000589439804634489,0.00357012424301952,0.00435149169296048,0.000655787318259863,0.00277505591991501,0.00139953073872301,0.00268250521214815,0.000943980770117506,0.00362842707420673,0.0050505751331796,0.000625586693870498,9.84456974364386e-05,0.00189685717815519,0.000769419780138076,0.00142585061931863,0.000116912701620422,0.00296295488296214,0.00192844251516991,0.00181939527671558,0.00599322739301269,0.00142335630209954,0.00361026476644777,0.00784180949926041,0.00274632356650406,0.00115139835180748,0.00273482024495746,0.0032892333975973,0.00559522185837509,0.00142410004473749,0.00535926982620557,0.000343859950347745,0.00101270163406653,0.00267991787128538,0.000243951049338061
