Unknown,Source001,Source002,Source003,Source004,Source005,Source006,Source007,Source008,Source009,Source010,Source011,Source012,Source013,Source014,Source015,Source016,Source017,Source018,Source019,Source020,Source021,Source022,Source023,Source024,Source025,Source026,Source027,Source028,Source029,Source030,Source031,Source032,Source033,Source034,Source035,Source036,Source037,Source038,Source039,Source040,Source041,Source042,Source043,Source044,Source045,Source046,Source047,Source048,Source049,Source050
0.00676074870760875,0.172230661562031,0.233975058399006,0.121980692218016,0.109112945487599,0.262700642333348,0.00322825864197599,0.00265215657284669,0.000552116289929278,0.00274179728159341,0.00166795204646988,0.00352968230205689,0.00417857029267709,0.00489041860965512,0.00180849808347357,0.00148307286599904,9.30791969594435e-05,0.000147328775445974,0.00131852762975842,0.00116147912641264,0.000891387343347591,0.00326591116790215,0.000447680516924175,6.34627899888523e-05,0.000865068073833698,0.000681049135499052,0.0017727801523387,0.00813441670519896,0.000648385770761801,0.00216818099588721,0.00943483000957966,0.00043669882632726,0.00191636123269886,0.000791129864791196,0.00098160468132321,0.000103665028720214,0.000899337163486389,0.000317110181046605,0.000324322289444274,0.00249317044629479,0.00402337846360032,0.000218258183660442,0.000152848435697809,6.88395788571181e-05,0.00215756858839354,0.00128574374421612,0.00294041144545143,0.00713863864518564,0.00130291027279835,0.00126563205582839,0.00659553178805397
