Unknown,Source001,Source002,Source003,Source004,Source005,Source006,Source007,Source008,Source009,Source010,Source011,Source012,Source013,Source014,Source015,Source016,Source017,Source018,Source019,Source020,Source021,Source022,Source023,Source024,Source025,Source026,Source027,Source028,Source029,Source030,Source031,Source032,Source033,Source034,Source035,Source036,Source037,Source038,Source039,Source040,Source041,Source042,Source043,Source044,Source045,Source046,Source047,Source048,Source049,Source050
0.00143368490745747,0.125083696955162,0.167549515055238,0.276010468683226,0.100052434693182,0.231303884613193,5.44830222385655e-05,0.000410000369527668,0.00349661761083823,0.00252678544557863,0.00333182877358327,0.00100600215136852,0.000518058524212514,0.00158067957720524,0.000157397265250754,0.000371230408469056,0.000946062043087324,0.000145800218192607,0.00195998189710591,1.89059226035684e-05,0.00278208596297567,0.00468530295981121,0.00062622335047351,0.000611359282838807,0.00240768829377504,0.000438110082770941,0.000496031595596583,0.000785848555577407,0.00152456621173528,0.00235094207974093,0.00704088899148633,0.000363082453951714,0.00335145764284094,4.57234614951734e-05,3.90365225518654e-05,0.00239886715435958,0.00140366131046223,0.000415502013329165,0.0034596428866063,0.00428825671521356,2.92909611870187e-05,0.00548349002166639,0.00209871256604951,0.00186228302718957,0.000532988291209184,0.0135789681767191,0.00109030094862882,0.00565643603034429,0.0094678086742948,7.85541186072898e-06,0.00272007022653898
