Unknown,Source001,Source002,Source003,Source004,Source005,Source006,Source007,Source008,Source009,Source010,Source011,Source012,Source013,Source014,Source015,Source016,Source017,Source018,Source019,Source020,Source021,Source022,Source023,Source024,Source025,Source026,Source027,Source028,Source029,Source030,Source031,Source032,Source033,Source034,Source035,Source036,Source037,Source038,Source039,Source040,Source041,Source042,Source043,Source044,Source045,Source046,Source047,Source048,Source049,Source050
0.00274039210969114,0.149055178029339,0.154261618371028,0.123991578009605,0.322334064370786,0.150357561219242,0.00191199632063811,0.00636455214684248,0.000731514906622981,0.000453372963151443,5.85963608467473e-05,0.00240763435398337,0.00148478494086776,5.00153860328233e-05,0.000759066611347833,0.00266517069535016,0.00310932529794988,0.00333787252051916,7.94732034648143e-05,0.000359294839813221,0.000974994354628027,0.00178254877595039,0.0058016171637569,0.0033105107897569,0.00384883411002127,0.00180532769505058,0.000361147379085222,0.000453859628936484,0.00369866504515695,0.0066418423456624,0.00333288567767752,0.00318833956923178,0.000830066083567395,0.0014621293088403,3.84753662571067e-06,0.00197890380060363,0.00470367838202283,3.27611477680212e-05,0.00146842171007137,0.00198090702153702,0.000283813366221325,0.000590630738208201,0.00154794027024483,0.000326725319895968,0.0024536872511878,0.00402970401039113,0.00256933405800463,0.000176962661745985,0.00830285357471067,0.00110958427670103,0.00443441428961579
