Unknown,Source001,Source002,Source003,Source004,Source005,Source006,Source007,Source008,Source009,Source010,Source011,Source012,Source013,Source014,Source015,Source016,Source017,Source018,Source019,Source020,Source021,Source022,Source023,Source024,Source025,Source026,Source027,Source028,Source029,Source030,Source031,Source032,Source033,Source034,Source035,Source036,Source037,Source038,Source039,Source040,Source041,Source042,Source043,Source044,Source045,Source046,Source047,Source048,Source049,Source050
0.000362604700533931,0.123544161044621,0.125193640176916,0.194246587080277,0.20237199076967,0.254643620928517,0.000340036277349168,0.000794954079232654,0.00216205759157861,0.00242600771764638,0.00247483605280739,0.00708641187102031,0.00449820846095172,0.000235700137703292,0.00277241298997868,0.00411280178829649,0.00148892134506355,0.00101864260709768,0.00589063272454663,0.000628639958692173,0.00104447901775217,0.0014715720813325,0.000529901433529385,0.00200218068116888,0.00422449439318378,0.00173474150032495,0.00173148305069972,0.000736865964720429,0.000223024215743832,0.000487723372513458,0.00484075491443119,0.00188854448619905,0.00283926700326662,0.00204768582246812,0.00320130500381564,0.00148475718245673,0.00421265295821644,0.000161229508190086,0.0077292497340248,0.000917767079897889,0.00205031554580142,0.0004534133196364,0.00493384741693389,0.000133680733689596,0.000247456351547681,0.00129211233576168,0.00165635060561103,0.000564583011540692,0.000690753512675682,0.00573488982766429,0.00244004963270334
