Unknown,Source001,Source002,Source003,Source004,Source005,Source006,Source007,Source008,Source009,Source010,Source011,Source012,Source013,Source014,Source015,Source016,Source017,Source018,Source019,Source020,Source021,Source022,Source023,Source024,Source025,Source026,Source027,Source028,Source029,Source030,Source031,Source032,Source033,Source034,Source035,Source036,Source037,Source038,Source039,Source040,Source041,Source042,Source043,Source044,Source045,Source046,Source047,Source048,Source049,Source050
0.00379674221660675,0.201986042275766,0.178135161370757,0.168935356244821,0.235684917689948,0.115258522418708,0.000382039544192285,0.00155164010378099,0.00104715008320783,0.000246209802224658,0.00281905027799515,0.000874039129837022,9.81262657315411e-05,0.00133220366254957,0.0118391156643866,0.00271841224689031,0.00378871854847507,0.00111750773094398,7.6772457935758e-05,0.00357810331768302,0.00083548587899843,0.003332206118724,0.00200899492476459,0.00124865544902343,0.0011828423651328,0.00237430050625219,0.000207098349089694,0.000455661463682907,0.00227527257428943,0.00159236181471235,0.000296135628286104,0.000288309762175934,0.000279207421805486,0.000795720235425487,0.00368406725013209,0.00197083030890921,0.000682280179559783,0.00325602889575746,0.00021507479741747,0.0115521160651255,0.000252689642532658,0.00315319514759922,0.00212250419946707,0.00152186526241213,0.0024982006279123,0.00471672632555221,0.000547768833740594,0.00304896739428042,0.00259462750008597,0.00295562503941725,0.00278934898529532
