Unknown,Source001,Source002,Source003,Source004,Source005,Source006,Source007,Source008,Source009,Source010,Source011,Source012,Source013,Source014,Source015,Source016,Source017,Source018,Source019,Source020,Source021,Source022,Source023,Source024,Source025,Source026,Source027,Source028,Source029,Source030,Source031,Source032,Source033,Source034,Source035,Source036,Source037,Source038,Source039,Source040,Source041,Source042,Source043,Source044,Source045,Source046,Source047,Source048,Source049,Source050
0.000757127251523763,0.132814934871237,0.130938104681621,0.22032409748497,0.313241376884048,0.102681486078125,0.00367693001473652,0.00511284631012677,0.00384686249479761,0.000878765593855813,0.00125294003071865,0.000662346982810389,0.00396540511220715,1.54470177317422e-05,0.00237925041535525,0.00439559712736925,0.00126368586991179,0.00147867824216451,0.000875884181676544,0.0021897312883938,0.00641470374119619,0.00104995929989159,0.00406084570357056,7.91226874400342e-06,0.00259876269856438,0.00263227719770439,0.000478823491547857,0.00136537082510552,0.000431224580564878,0.0068791290435863,0.000355166024108036,0.00116915597083541,0.000513232579742095,0.00613689841518323,0.00153350706867356,0.00426791146230422,0.00370659501949585,0.000434113902438549,0.00428999887299278,4.34596989866694e-05,0.00192680124425741,0.00275186513005793,0.00224499588255171,0.00147250905617495,0.000820901684549612,0.000208552949323436,0.000342347787413498,0.00273243412357518,0.00434653854904478,8.97899105255692e-05,0.0019427178839103
