Unknown,Source001,Source002,Source003,Source004,Source005,Source006,Source007,Source008,Source009,Source010,Source011,Source012,Source013,Source014,Source015,Source016,Source017,Source018,Source019,Source020,Source021,Source022,Source023,Source024,Source025,Source026,Source027,Source028,Source029,Source030,Source031,Source032,Source033,Source034,Source035,Source036,Source037,Source038,Source039,Source040,Source041,Source042,Source043,Source044,Source045,Source046,Source047,Source048,Source049,Source050
0.00798528951548678,0.105813599978525,0.169721879818551,0.158515330916526,0.151925831166689,0.31402335811971,0.00123322529419231,0.00138207295920773,2.91118017243095e-05,0.000325574208510514,0.00211792999853202,0.000423321656819026,0.000921609217167944,0.000218649120592459,0.00216171550116865,0.00183054744790179,6.26048718637541e-05,0.00265578697848078,0.00252540614152408,0.00359453365639497,0.0023041358971752,0.00143757862604957,0.000984942816337776,0.000643083821445165,0.000752662292649076,0.00265143509585289,0.000586598646159569,0.00119270249678566,0.00299550436397665,0.00407176476925901,0.000758914083461949,0.00196747374664599,0.000678171934190121,0.00717290925987187,0.00535185901709441,2.12980565890006e-05,0.00127028128209633,0.00351181241168016,0.00511057255439494,0.00492470317006183,0.00152981007573951,0.000343112336272039,0.000506099712084854,0.0023418535792022,0.000933428256235125,0.0027892319670209,0.00105016157203131,0.000470642031078544,0.00845252668528144,0.00374503427120997,0.00198231680249981
