Unknown,Source001,Source002,Source003,Source004,Source005,Source006,Source007,Source008,Source009,Source010,Source011,Source012,Source013,Source014,Source015,Source016,Source017,Source018,Source019,Source020,Source021,Source022,Source023,Source024,Source025,Source026,Source027,Source028,Source029,Source030,Source031,Source032,Source033,Source034,Source035,Source036,Source037,Source038,Source039,Source040,Source041,Source042,Source043,Source044,Source045,Source046,Source047,Source048,Source049,Source050
0.00084192468814688,0.172503172720719,0.124305813269842,0.283923089175015,0.147317404391283,0.171950520443141,5.57948522000442e-05,0.00091744252510152,0.00568839317071715,0.0049428193072401,0.0027718450037131,0.00200808492822157,0.00630309974141306,0.00204231401329633,0.00955158084424265,0.00267705047199839,0.00132339615423879,0.00238014329749423,0.000239027845822282,0.000909520871939392,0.00316051127603989,0.00473820975969322,0.00576452950179524,0.000252550476042678,0.00104741417737084,0.000269915265312817,0.00638607219341942,0.0010297946984731,0.00264056221158202,0.00054330957049676,0.000599697744687022,0.00010901403604789,0.00298116123985969,0.00233354640331425,0.000399280114586624,3.07421640092563e-05,0.000412485278164474,0.00088362580671436,0.00269638419308919,0.000265246675517919,0.00358720794746814,0.0011257410704032,0.00154795624561125,0.00290848395915938,0.00177053104934939,0.00285108577057176,0.00191204756355247,0.00208577189498879,0.00118589295423782,0.00063208720887882,0.00119670383377685
