Unknown,Source001,Source002,Source003,Source004,Source005,Source006,Source007,Source008,Source009,Source010,Source011,Source012,Source013,Source014,Source015,Source016,Source017,Source018,Source019,Source020,Source021,Source022,Source023,Source024,Source025,Source026,Source027,Source028,Source029,Source030,Source031,Source032,Source033,Source034,Source035,Source036,Source037,Source038,Source039,Source040,Source041,Source042,Source043,Source044,Source045,Source046,Source047,Source048,Source049,Source050
0.00255374066467058,0.103923201975517,0.17088220687968,0.229646097621873,0.283152400037133,0.112396093485797,0.00127138009563946,0.00114605272900034,0.000155117200376941,0.0020407032651191,0.000443051456641155,0.000338572093263335,0.0027806186063759,0.000511086391167947,0.00062852086753061,0.00395534602648219,0.00344840459066465,0.000719798429130378,0.00142241717375427,0.000588023205817438,0.00309627046375509,0.000201898776560989,0.000981863512177131,0.00306074578505483,0.00322391027454643,0.000550057700759204,0.00161569390335139,0.00235433358295179,0.00158445189213089,0.00254746138143198,0.00696209253682344,0.00504198372190017,0.00159520493446801,0.00185706302271327,0.000867801260221183,0.00162396216885003,0.00366237056033155,0.00338620848224886,0.00177002497391457,0.00113511603696116,0.000632275237831936,0.00254716510252024,0.00435534320699937,0.000651001345014994,0.00251905532700848,0.00281820813401577,0.000892733559953699,0.00179389068261875,0.00451786689328785,0.000793268916787531,0.0093578438271751
