Unknown,Source001,Source002,Source003,Source004,Source005,Source006,Source007,Source008,Source009,Source010,Source011,Source012,Source013,Source014,Source015,Source016,Source017,Source018,Source019,Source020,Source021,Source022,Source023,Source024,Source025,Source026,Source027,Source028,Source029,Source030,Source031,Source032,Source033,Source034,Source035,Source036,Source037,Source038,Source039,Source040,Source041,Source042,Source043,Source044,Source045,Source046,Source047,Source048,Source049,Source050
0.00307679386668333,0.113644548757829,0.215358103712273,0.133109280861864,0.246963430311296,0.190924636356737,0.00365607375303472,0.00323602876954067,0.000465326185251758,0.00109392321067042,0.00255982087716501,0.00200411831895901,0.000338788646673279,0.00237019940863803,0.00347678872561923,0.00172289530827633,0.00252899836100751,0.00056728044629149,4.20199682468774e-06,0.000228209348188723,0.00155440707567302,0.0019405304905392,0.00692840766745879,0.00309119872041624,0.00257909224323904,0.000952071201765955,0.00547694688002446,0.000204389519461888,0.00311624809380931,0.00377234266600468,0.00331077939640747,7.10994924949399e-05,0.000152620002333376,0.00441007231488997,0.00374113562048477,0.00271128210593024,0.000140870464345791,0.00125498512930664,0.000938848032529953,0.00321135001505609,0.00693332413044948,0.00397690999484183,3.73294112493832e-05,0.000274633435563526,0.000804949659427081,0.00156840501428657,0.00396604014112783,0.000535060047940236,0.000760123812168699,0.00342947242777612,0.00082562757017319
