Unknown,Source001,Source002,Source003,Source004,Source005,Source006,Source007,Source008,Source009,Source010,Source011,Source012,Source013,Source014,Source015,Source016,Source017,Source018,Source019,Source020,Source021,Source022,Source023,Source024,Source025,Source026,Source027,Source028,Source029,Source030,Source031,Source032,Source033,Source034,Source035,Source036,Source037,Source038,Source039,Source040,Source041,Source042,Source043,Source044,Source045,Source046,Source047,Source048,Source049,Source050
0.00198620136693986,0.16091418856115,0.302941887481809,0.174686498818444,0.121303591464841,0.140153833673756,0.00223599803612006,0.00109926981801789,0.00195984779431215,0.00820894440303174,0.00432160776423181,0.000552282168440024,0.000265842717529393,0.00159303579429312,0.00504382426017784,0.00123325686648482,0.00137526285307273,0.00148862878049688,0.000703267981579729,0.00253687754902546,0.000222781288642026,0.00746435506100133,0.000542673609161361,1.70830655472352e-05,0.0012191610326131,0.00224267284595641,0.00052492508393832,0.0017135920328509,0.00212491089633031,0.000706953601297351,0.00083139238843642,0.00136540173616458,0.00442766555782101,0.00530962662787619,0.000254768976945395,0.00103701754062471,0.000595643429535476,0.00133092961298861,0.00246754111754161,0.000841474153423827,0.00239891112743656,0.00439157772261092,0.000283615877181879,0.0141516631224228,0.00111878443087387,0.00274144762908414,2.25126437342018e-06,0.00197388252896367,0.000274502369891365,0.0013737004317659,0.00144494568294573
