Unknown,Source001,Source002,Source003,Source004,Source005,Source006,Source007,Source008,Source009,Source010,Source011,Source012,Source013,Source014,Source015,Source016,Source017,Source018,Source019,Source020,Source021,Source022,Source023,Source024,Source025,Source026,Source027,Source028,Source029,Source030,Source031,Source032,Source033,Source034,Source035,Source036,Source037,Source038,Source039,Source040,Source041,Source042,Source043,Source044,Source045,Source046,Source047,Source048,Source049,Source050
0.000203906373005159,0.209578613672998,0.185986083353524,0.120870846802044,0.197053340014051,0.186511116157383,0.0016022354862716,0.000265898575940815,0.00948538796952988,0.00195551820457185,0.00343918247186992,0.00273195791444523,0.00195621954024069,0.00588203968907512,0.0002238970642633,0.000466174724638937,0.000294280309905806,0.00123413067327546,0.00148630422157254,0.00448768639197155,0.00312605091364458,0.00203781232597318,0.000779954993993551,0.00521642258583619,0.001434369753323,0.00217893476283306,0.00491994093211426,0.00177755201969234,0.00208260162114956,0.00020684679108662,0.00268187190153028,0.000462504730139324,0.000565913751201456,0.00274399170506259,0.00154119966324931,0.00186119203785961,0.00287640201847941,0.00195929686030838,0.00336398168071182,0.00200642243670999,0.000104458591288148,0.000967355537551206,0.000495222273982633,0.00305872140245468,0.000421828609882766,0.00969774299668966,0.00114036138539923,0.0035784113551129,0.000283389787297236,0.000473929332079299,0.000240495632785862
