Unknown,Source001,Source002,Source003,Source004,Source005,Source006,Source007,Source008,Source009,Source010,Source011,Source012,Source013,Source014,Source015,Source016,Source017,Source018,Source019,Source020,Source021,Source022,Source023,Source024,Source025,Source026,Source027,Source028,Source029,Source030,Source031,Source032,Source033,Source034,Source035,Source036,Source037,Source038,Source039,Source040,Source041,Source042,Source043,Source044,Source045,Source046,Source047,Source048,Source049,Source050
0.00439250073532476,0.107368694076134,0.441693458524578,0.106985098327602,0.125230106191558,0.118722642880128,0.00125880967477549,0.000539183007759489,0.00364088957979447,0.000971365931318349,0.00030906248974925,0.00019538818522713,0.00130556279451298,0.0016681362704446,0.00103659973152825,0.000438521363682555,0.00120023004477991,0.000399409418272964,0.00141512292647139,0.00273154310522842,0.00372515981866171,1.08759125331763e-05,0.000216911002357866,0.00134958142108805,0.00360060056754919,0.004588048379333,0.00154721709009119,0.00167765159387953,0.00171980910649781,0.000896075854248683,0.00200581213978872,0.00122207188935518,0.00807828342156748,0.00231161467445544,0.00236564111930038,0.005311700223244,0.00506074205028629,0.00789835035166167,0.000933678052397474,0.00363821624213589,0.00183003380851633,0.00046425897447107,0.000379589170609597,0.00222949155354004,0.00573103686649185,0.00036701353987121,0.00181042608010211,0.00202255659409843,0.00372416385692312,0.000902806718619837,0.000878256667453706
