Unknown,Source001,Source002,Source003,Source004,Source005,Source006,Source007,Source008,Source009,Source010,Source011,Source012,Source013,Source014,Source015,Source016,Source017,Source018,Source019,Source020,Source021,Source022,Source023,Source024,Source025,Source026,Source027,Source028,Source029,Source030,Source031,Source032,Source033,Source034,Source035,Source036,Source037,Source038,Source039,Source040,Source041,Source042,Source043,Source044,Source045,Source046,Source047,Source048,Source049,Source050
0.00170306572719872,0.108270994002863,0.170155411367467,0.201971007813887,0.188497685588959,0.231104901226824,0.00359755726569979,0.00116414641625014,0.00195526313380671,0.000543827926328226,0.00102008694914369,0.00649448455460312,0.00367060640529078,0.00123112207144988,0.00547863297439084,0.00526484771038653,0.00127784189025553,0.000347284918319525,0.000220612809899038,0.00018952154797625,0.00228385894815508,0.00212742214472081,8.98456461336518e-05,0.00510229867139111,0.00021993411369656,0.00205415539108267,0.00070273075759016,0.00142007036260669,0.00556872632243056,0.0010989338926682,0.000775899147540423,0.00399662916122414,0.000800718186377972,4.48312984241172e-05,0.000110584334586934,0.000608085207215523,0.00082495345161423,0.0065872724608059,0.00265712944050922,0.000244524941637652,0.000848686374736598,0.00260455267615115,0.00124752033783691,0.00505447846984284,3.99958313767153e-05,0.000190392603213878,0.00333597399951093,0.00271596911924884,0.00876549749784156,0.00322192807211518,0.000497498836714974
