Unknown,Source001,Source002,Source003,Source004,Source005,Source006,Source007,Source008,Source009,Source010,Source011,Source012,Source013,Source014,Source015,Source016,Source017,Source018,Source019,Source020,Source021,Source022,Source023,Source024,Source025,Source026,Source027,Source028,Source029,Source030,Source031,Source032,Source033,Source034,Source035,Source036,Source037,Source038,Source039,Source040,Source041,Source042,Source043,Source044,Source045,Source046,Source047,Source048,Source049,Source050
0.000763250103785296,0.165503982927724,0.166397973455157,0.305120781985402,0.134631812896666,0.128345448735051,0.00149887438765548,0.000703893083804653,8.77759120745668e-06,0.000384656257574087,0.00560177407774437,0.000657882523825473,0.00097310427517065,0.000158221286091203,0.000435835252095917,0.00153736003050256,0.00365308860138874,0.00237395945004198,0.00041826625493539,0.000388948891559962,0.00351482877268098,0.0020562589512264,0.00482011424777776,0.000727282456174099,0.00325882046528686,0.00128967646067564,0.000724768665747493,0.00100800120731255,0.00436499089884618,0.00187418676965845,0.0026695473081938,0.00626536646192594,0.000939153655074982,0.00507160060655632,0.00245859287816657,1.92553587540962e-06,0.00249468007896381,0.00330707629382236,0.00353393899955005,0.00335044029187241,0.00317830889109215,0.00100571831971237,0.00244696225812854,0.000586853220714363,6.31356194967688e-05,0.00128974786473303,0.00217991947599819,0.00818759827762004,0.00574127535083181,0.000488062535125749,0.00154327511377569
