Unknown,Source001,Source002,Source003,Source004,Source005,Source006,Source007,Source008,Source009,Source010,Source011,Source012,Source013,Source014,Source015,Source016,Source017,Source018,Source019,Source020,Source021,Source022,Source023,Source024,Source025,Source026,Source027,Source028,Source029,Source030,Source031,Source032,Source033,Source034,Source035,Source036,Source037,Source038,Source039,Source040,Source041,Source042,Source043,Source044,Source045,Source046,Source047,Source048,Source049,Source050
0.0017246637505021,0.105885416466552,0.162464633181279,0.359736681596128,0.147070338152019,0.124842930604021,0.00447126340865611,0.000281084976975114,0.00434787960311957,0.00487762844543889,0.00248084739026171,0.00184449552558434,0.00510198952078936,0.00055117735020203,0.00254969581907386,0.00316320337263575,0.000897260489838224,0.00204105399678448,0.00625234877326701,0.000572519105509508,0.00143793269085027,0.00478063552927769,0.00109708972590015,0.00145281954371567,0.00138040925158177,6.38635011538637e-05,0.00202468236030878,0.00314271248047263,5.11096617557472e-06,0.000403807063350174,0.000319288372122167,0.000285581882404275,0.00276292810112226,0.00011141438919937,0.000240258374655916,0.00495314075501365,0.00449712034762174,0.00291469562652155,0.00306492458567118,0.00131547747055916,0.0018659226752871,0.0115544107088302,0.00141467435898129,0.000913283408428805,7.96870371256685e-05,0.00204928608243527,0.00191430460613132,0.000646432823777828,0.00130872524212668,0.000425204826193473,0.00041706368436647
