Unknown,Source001,Source002,Source003,Source004,Source005,Source006,Source007,Source008,Source009,Source010,Source011,Source012,Source013,Source014,Source015,Source016,Source017,Source018,Source019,Source020,Source021,Source022,Source023,Source024,Source025,Source026,Source027,Source028,Source029,Source030,Source031,Source032,Source033,Source034,Source035,Source036,Source037,Source038,Source039,Source040,Source041,Source042,Source043,Source044,Source045,Source046,Source047,Source048,Source049,Source050
0.00690873183388676,0.22558401413724,0.173162846852409,0.166381724464414,0.151887997783851,0.182983416762086,0.00624792941873675,0.00343397096820734,0.000592617905716035,0.00154267420628185,0.00144836738777654,0.000699514710460012,0.000156415388084729,0.00132870626675363,0.000518885868898959,0.00792200559240683,0.00271007307209486,0.000269204501164191,0.00353788158768732,0.00400344764656927,2.45830640864116e-05,0.000450189282666573,0.00203479971154996,0.00726178863814196,0.000741436811457457,0.00219856165791106,0.00251056195488377,0.00358204165103632,0.000629878361554297,0.00150440397794839,0.000845933171244014,0.000228648161831314,1.40336944508305e-05,0.00223526555570661,0.00151161967222861,0.000215835516560644,0.000771673435329855,0.00281022039333953,0.00158143460241426,0.000393771113556884,0.000312500889759483,0.000172211000007805,0.00623020078678701,0.00282264057816699,0.00293678402074063,0.00156945288784202,0.000710588652895876,0.0097216844220925,0.000315780629363149,0.00131873604421202,0.00102231330550869
