Unknown,Source001,Source002,Source003,Source004,Source005,Source006,Source007,Source008,Source009,Source010,Source011,Source012,Source013,Source014,Source015,Source016,Source017,Source018,Source019,Source020,Source021,Source022,Source023,Source024,Source025,Source026,Source027,Source028,Source029,Source030,Source031,Source032,Source033,Source034,Source035,Source036,Source037,Source038,Source039,Source040,Source041,Source042,Source043,Source044,Source045,Source046,Source047,Source048,Source049,Source050
0.000284217201134465,0.163539097352204,0.21198716589242,0.157676803994853,0.15329289680624,0.213504035954283,0.00262438492976499,0.000821693682938755,0.00128027205721011,0.000114707966497671,0.00410944134566161,0.00092011568935438,0.00310946058095163,0.00151187223925193,0.00229863948805216,0.00602107425147761,0.00120116993006694,0.00294089755742757,0.00168023003581293,0.00135581329903117,0.00257481699834772,0.000754873146264768,0.000583266517791806,0.00437290885401018,0.000255982668821677,0.000305163056325548,0.00106572200594261,0.0110014226416564,0.0057685964084851,0.00357290194023686,0.000749701411031761,0.00390448362851038,0.00370431673610108,0.00137463176776049,0.0012851911668549,0.00385517147380305,0.00153134523757656,0.0011442402343445,0.00114466397409496,0.00149700113481935,0.00405392147740896,0.00017810168934883,0.000684767421872301,0.00485108369992681,0.00143236565340102,3.82242653545449e-06,0.00156676219625635,0.000292214494104508,0.00119407293042269,0.00465601548005957,0.000366481273249878
