Unknown,Source001,Source002,Source003,Source004,Source005,Source006,Source007,Source008,Source009,Source010,Source011,Source012,Source013,Source014,Source015,Source016,Source017,Source018,Source019,Source020,Source021,Source022,Source023,Source024,Source025,Source026,Source027,Source028,Source029,Source030,Source031,Source032,Source033,Source034,Source035,Source036,Source037,Source038,Source039,Source040,Source041,Source042,Source043,Source044,Source045,Source046,Source047,Source048,Source049,Source050
0.00173946385521745,0.122203437397918,0.148159305782808,0.215466923305111,0.307562548414915,0.106607785099249,0.00417255611356713,0.000125968860247345,0.00670384790007243,7.71114954922855e-05,0.00264447727558618,0.00299101536532588,0.000506297800746138,3.01672218564704e-05,0.00219486713233928,0.001147590479199,0.00705271394338175,0.00364791946646981,0.00767516831692604,0.000872480575276378,0.000343607330848473,0.00286955030207942,0.00507636583327156,0.00136604977876244,0.00412465720617558,0.00171618584043594,0.00121308675344276,0.00718618062242258,0.00101311576311822,0.000282266903401486,0.000308920189343194,0.00116435588581788,0.00242463769306925,0.00392694530943471,0.00151221411877375,0.00174427318932046,0.00204373177475253,0.00137744722506646,7.15392725540554e-05,0.00106269239586538,0.000239508568933108,0.000173745911226383,0.00535970259948442,0.00143109020207534,0.00131233617201973,0.00186531899451798,0.000359542165061548,0.000227170230611756,0.00358913715834297,0.00207170020617168,0.00096127860189537
