Unknown,Source001,Source002,Source003,Source004,Source005,Source006,Source007,Source008,Source009,Source010,Source011,Source012,Source013,Source014,Source015,Source016,Source017,Source018,Source019,Source020,Source021,Source022,Source023,Source024,Source025,Source026,Source027,Source028,Source029,Source030,Source031,Source032,Source033,Source034,Source035,Source036,Source037,Source038,Source039,Source040,Source041,Source042,Source043,Source044,Source045,Source046,Source047,Source048,Source049,Source050
0.00178720339265508,0.167760236833111,0.13666357979805,0.140602484209583,0.13026039836861,0.324713300790645,0.00125263246691424,0.000283568863785457,0.00144475776568453,0.00056748187917386,0.000290117773621496,0.00288319639444353,0.00138543441531876,0.00248745090468009,0.00262217957458497,0.00432451010201738,0.00388863090201375,0.00253678228621964,0.00184273362496346,0.000242165026271789,0.00270931265400471,0.000977248932809564,0.00323918046856779,0.00387492794701905,0.00237400364305296,0.00484797930033123,0.0040501823191063,0.000809687209380226,0.000455208818774421,0.000923561856807231,0.00140230816754571,0.00606581592340464,0.0055297264333955,0.00260075349435291,0.00227929362899952,0.00108442034541219,0.00102129451297461,0.00110929876015944,0.00159858816385297,0.00184109936120297,0.000161717083602864,0.00192033698010362,0.00302089792661568,0.00202986470120294,0.00383970074393886,0.000306577187302065,0.0054483081659588,0.00198054419700334,0.000164540761237984,0.000340802145316822,0.00415397279421503
