Unknown,Source001,Source002,Source003,Source004,Source005,Source006,Source007,Source008,Source009,Source010,Source011,Source012,Source013,Source014,Source015,Source016,Source017,Source018,Source019,Source020,Source021,Source022,Source023,Source024,Source025,Source026,Source027,Source028,Source029,Source030,Source031,Source032,Source033,Source034,Source035,Source036,Source037,Source038,Source039,Source040,Source041,Source042,Source043,Source044,Source045,Source046,Source047,Source048,Source049,Source050
0.000212662762257199,0.116047797822512,0.451983054638629,0.105405990531102,0.118361847567843,0.108201309439915,0.00806363186501038,0.000911897087922661,0.000676698045947313,3.09165025330485e-05,0.00497025844299027,0.000331420209278914,0.000238234349588812,0.00140063657144017,0.000721581773188642,0.000645034661227937,0.000658980342579643,0.00516474051337821,0.000625980680233304,0.000136451238903791,0.00404511742543817,0.000409897351262834,0.00022743103965629,0.0135755384078943,0.000888837326935258,0.00475311782634863,0.00048709862217005,0.00332327079686105,0.00012506874823391,0.00086396983285417,0.00453358306232674,0.000850870824965967,0.00124547388141733,0.00188011651343679,0.00486448119706698,0.00183460524024368,0.000222295298276926,0.000196839380840838,0.00460387494791051,0.00284743158089849,0.000248116182590026,0.000448400044888973,0.00245780083941424,0.00137959119752965,0.00581222123188787,5.58540827895369e-05,0.00124608083846884,0.00129751041009664,0.000180078573237329,0.00887766334843363,0.00142863889914403
