Unknown,Source001,Source002,Source003,Source004,Source005,Source006,Source007,Source008,Source009,Source010,Source011,Source012,Source013,Source014,Source015,Source016,Source017,Source018,Source019,Source020,Source021,Source022,Source023,Source024,Source025,Source026,Source027,Source028,Source029,Source030,Source031,Source032,Source033,Source034,Source035,Source036,Source037,Source038,Source039,Source040,Source041,Source042,Source043,Source044,Source045,Source046,Source047,Source048,Source049,Source050
0.00530920325088511,0.176377630487547,0.23278306532569,0.18582441206625,0.138332932946114,0.166681959174398,0.000311018356216185,0.00123357090196373,0.000614174594150165,0.00100200424434007,0.00262621398860979,0.00426720444461779,0.0099791738106886,0.000424422413781507,0.00126530668913238,0.000219440399663396,0.000627185342598464,0.00189276330319688,0.000376884134833951,0.000335046332910359,0.00298222526512739,0.0004131059568635,0.00116315996022986,0.000507022619770704,0.00262469739486792,0.000142503690674905,0.00383348783930677,0.00138724476143641,0.000827572307360723,9.47963559424144e-05,0.00595384055453546,0.00217200372988091,0.0010310040032159,0.000123523871724166,0.000526715561339869,0.00236377573631972,0.00748046004930546,0.00135001099291866,0.00415393574185542,0.00943109086918058,0.00283222462423473,0.000172016654725307,0.00289118130230471,0.00263257787005917,0.00112950971234322,0.000677899586967595,0.000482387729529641,0.00413786075101469,0.00279139585021674,0.00222410876965858,0.000983047679500501
