Unknown,Source001,Source002,Source003,Source004,Source005,Source006,Source007,Source008,Source009,Source010,Source011,Source012,Source013,Source014,Source015,Source016,Source017,Source018,Source019,Source020,Source021,Source022,Source023,Source024,Source025,Source026,Source027,Source028,Source029,Source030,Source031,Source032,Source033,Source034,Source035,Source036,Source037,Source038,Source039,Source040,Source041,Source042,Source043,Source044,Source045,Source046,Source047,Source048,Source049,Source050
0.00170657426019743,0.18665082022462,0.148995711905142,0.111082488394622,0.215495127882927,0.237775851592688,0.00232114514079827,0.00214283037811436,0.0104183740754768,0.00618760706839389,0.00242556686099166,0.00325825360968883,0.000207072136438715,0.00225083524246763,0.000350764311353176,0.00246435999370101,0.000447670915519983,0.00330889192337617,0.00208473356411539,0.00318095293099679,0.00157747726372828,0.00276088499983207,0.00133803814305422,0.00538529876778657,0.000707509992669219,0.00183528303340953,0.0033089001006513,0.00393382871018651,0.00104592019402325,0.00217850508425782,0.00155312310683401,0.00029228752869625,0.000652796510002622,7.98730572614346e-05,0.000863711278704627,0.00606020155160148,0.000556845853064105,0.000333838792298499,0.00022395049675243,0.000651649009652296,0.00200982100154415,7.00180837109459e-05,0.00496746710605299,0.00473741280135423,0.00194616064382728,0.00114428887909229,0.00135173894939342,0.00125999843280712,0.00136851354966451,0.00219112314603853,0.000857901520417901
