Unknown,Source001,Source002,Source003,Source004,Source005,Source006,Source007,Source008,Source009,Source010,Source011,Source012,Source013,Source014,Source015,Source016,Source017,Source018,Source019,Source020,Source021,Source022,Source023,Source024,Source025,Source026,Source027,Source028,Source029,Source030,Source031,Source032,Source033,Source034,Source035,Source036,Source037,Source038,Source039,Source040,Source041,Source042,Source043,Source044,Source045,Source046,Source047,Source048,Source049,Source050
0.00286283745952343,0.251468433574433,0.212620046794095,0.133979629805204,0.201078657222921,0.100853232603347,0.00123014263556184,0.00454189870089865,0.000741566240779308,0.00234383354228293,8.20917746270063e-05,0.00147223825869716,0.00102726743419467,0.00494366252720403,0.000238076350406789,0.00123028885202388,9.63973460146053e-05,0.003182668038235,0.0063257986507863,0.0118976872736252,0.00122402238945974,5.25345309135709e-05,0.00185221625501638,5.16153414989807e-05,0.00746883794445059,0.00283308062813141,0.00721453057716426,0.00712862619866313,0.00135334449873458,0.00165620882729513,0.00010637024374183,0.00158095403831412,0.00257794767829602,0.000329153029058954,0.0025563503578245,0.000766914606114357,0.000197789245423966,0.000287751542654161,0.000852640040160735,0.000511554856955236,0.00440289898180168,0.00148738797286509,0.000421933394486143,0.000882174860595711,0.00447453760932207,0.000574211491919712,0.00185697486345106,0.000901491953716861,0.000209208627416024,0.00156048978741327,0.000409792542279858
