Unknown,Source001,Source002,Source003,Source004,Source005,Source006,Source007,Source008,Source009,Source010,Source011,Source012,Source013,Source014,Source015,Source016,Source017,Source018,Source019,Source020,Source021,Source022,Source023,Source024,Source025,Source026,Source027,Source028,Source029,Source030,Source031,Source032,Source033,Source034,Source035,Source036,Source037,Source038,Source039,Source040,Source041,Source042,Source043,Source044,Source045,Source046,Source047,Source048,Source049,Source050
0.0044339217213667,0.150236008696164,0.241317269834018,0.16355739273514,0.136122497095531,0.208766831639147,0.000463923630142174,0.00187180261205447,0.00209399487282673,0.000858296925555765,0.00485493260995663,0.00330959674453284,0.0023373186767037,0.000951805940330475,0.00287674847985881,0.00305027739113961,0.00352674712141726,0.00159111785121932,0.00182183781166329,0.00374592610580699,0.00118778980227901,0.000414350676939552,0.000269164499897168,0.000554984898080909,0.000645701926779546,0.00157886754014867,0.00204055657920994,0.000287707408038807,0.00250498042947552,0.000999828055588803,0.00136180571610754,0.0031143704198939,0.00085539591699924,0.00159961835257894,0.00367343657385621,0.00126117719033839,0.00492099512906006,0.00121763172852015,0.00243158226825594,0.00109131440273592,0.0060227962322053,0.00720305381143821,0.000837889344923185,0.000977125540905206,5.79770777255054e-05,0.00268995053356654,0.00273518441533581,0.00561112974457707,0.00135162598471727,0.000357777690587863,0.00235598161465902
