Unknown,Source001,Source002,Source003,Source004,Source005,Source006,Source007,Source008,Source009,Source010,Source011,Source012,Source013,Source014,Source015,Source016,Source017,Source018,Source019,Source020,Source021,Source022,Source023,Source024,Source025,Source026,Source027,Source028,Source029,Source030,Source031,Source032,Source033,Source034,Source035,Source036,Source037,Source038,Source039,Source040,Source041,Source042,Source043,Source044,Source045,Source046,Source047,Source048,Source049,Source050
0.00518037281209337,0.129480358318261,0.145735495591601,0.40515724055386,0.117254289667035,0.102372615869244,0.00225398212885998,0.000600736601511436,7.00844129872321e-05,0.000463899312662888,5.13284703580021e-05,0.0034035927045144,0.00174510042802927,0.00137017826070723,0.000157974904487184,0.0018041388416526,0.0034308327695675,0.00538511650420312,0.00244718544275703,0.000923384789247871,0.00698142059724341,0.0044539857516096,0.00266182074777418,0.000667286411409834,0.000153624548329406,0.000369405578913808,0.00442641118907991,0.000925789533143156,0.00137381686729888,0.00212610593810786,0.00446873226011941,0.00204180093225963,0.000854042886164598,0.00210191927122411,0.00081880484204908,0.00371985357442448,0.00126180573098377,0.00218445201477776,0.00117486413422776,0.00108071054707041,0.000329718147003899,0.00145089618534364,0.00706700725741583,0.00359721032536338,9.52092345733422e-05,0.00358582040890802,8.34275204789604e-05,0.00433772500082891,0.000421211900701997,0.00238369533873312,0.00351351694079874
