Unknown,Source001,Source002,Source003,Source004,Source005,Source006,Source007,Source008,Source009,Source010,Source011,Source012,Source013,Source014,Source015,Source016,Source017,Source018,Source019,Source020,Source021,Source022,Source023,Source024,Source025,Source026,Source027,Source028,Source029,Source030,Source031,Source032,Source033,Source034,Source035,Source036,Source037,Source038,Source039,Source040,Source041,Source042,Source043,Source044,Source045,Source046,Source047,Source048,Source049,Source050
0.000194368668233643,0.105818819081882,0.20733437857749,0.249045938878199,0.109569839442174,0.228231024020255,0.00231357945287711,0.00379755449102766,0.000562466184018613,0.00223025168209312,0.0105500258007212,0.00362135734760841,0.00140374333462398,0.00404510910877606,0.00265197773406154,0.000304113078033191,0.00251582600595458,0.00280061028837833,0.00106934124909535,0.00593370996645264,0.001224687560853,0.00391753328866328,0.000705726790710904,0.0012211482988601,0.000141008285114058,0.000235256963233501,0.00509090719668801,0.00284919713263122,0.000538458832427671,0.00076892085197925,0.00374790692395528,0.000502363258930263,0.000735265390883894,0.000799460303149714,0.00116557033637731,0.000413339764840974,0.0034013802285085,0.00105077371840473,0.000780921615211243,0.00459815443124153,3.39887787939047e-05,0.00239747058369712,0.0059330331860276,0.00214427041051118,0.000493583140659328,0.00346759407596782,0.00406595085403827,0.00150185699531683,0.00103757215581859,0.000951296398585064,9.13678559644266e-05
