Unknown,Source001,Source002,Source003,Source004,Source005,Source006,Source007,Source008,Source009,Source010,Source011,Source012,Source013,Source014,Source015,Source016,Source017,Source018,Source019,Source020,Source021,Source022,Source023,Source024,Source025,Source026,Source027,Source028,Source029,Source030,Source031,Source032,Source033,Source034,Source035,Source036,Source037,Source038,Source039,Source040,Source041,Source042,Source043,Source044,Source045,Source046,Source047,Source048,Source049,Source050
0.00145351367126267,0.122925436850066,0.236079972477087,0.181965987583559,0.114989434169615,0.244039168919674,0.00276421794861036,9.6874997057373e-05,0.00126084554852823,0.00134801555410885,0.000800061769399154,0.00167919103855808,0.000896995350512297,0.000406537845455197,0.000977353367605622,0.00101741050313731,0.000991622202978909,0.000562018039528484,0.000218982793934839,2.90737066229387e-05,0.00113118869067397,0.00126636708365511,0.00605727017739627,0.00028274295378444,0.000317731405743451,0.00254847018929107,0.00372108136828953,0.00410902274056205,0.00792167882918955,0.00205625801084862,0.00047149553956445,0.00270318106975997,0.00179504092682831,0.0010249225069561,0.00190916379678012,0.00628729823039161,0.00750636250205661,0.00564047964769074,0.000457277002615388,0.000526568321582149,3.29968980565126e-05,0.00157270385991901,0.00418982724843791,0.00529223027248107,0.000565223144795965,0.000740995733938398,0.00546322670549887,0.00195588042341266,0.00531757378438407,9.67727279245138e-05,0.00253625387019119
