Unknown,Source001,Source002,Source003,Source004,Source005,Source006,Source007,Source008,Source009,Source010,Source011,Source012,Source013,Source014,Source015,Source016,Source017,Source018,Source019,Source020,Source021,Source022,Source023,Source024,Source025,Source026,Source027,Source028,Source029,Source030,Source031,Source032,Source033,Source034,Source035,Source036,Source037,Source038,Source039,Source040,Source041,Source042,Source043,Source044,Source045,Source046,Source047,Source048,Source049,Source050
0.000987884064667409,0.23912811635728,0.101817602865714,0.187057119997626,0.212297624348697,0.159699536430683,0.000627315644979596,0.0103876825772448,1.10534510935744e-05,0.000374951059917515,0.00116047055500208,0.00349259292133765,0.000751200431170499,0.000548560232221967,0.000521153503537576,0.00161088447277898,0.0103153596379281,0.0027200300978869,0.00448792422941284,0.00476366848601906,0.00601488218668455,0.000172153527342411,0.000544636988451046,0.00103747507521074,0.0070706005628795,0.00102484412756763,0.000404734164832254,0.00105158473695339,0.000305995648636618,0.00186867959311889,5.14008589189606e-05,0.0022309391593847,0.00207655258005379,0.000146435466072133,0.000495021127670795,0.00395769708643065,0.000311901474013024,0.00355927329472832,0.00182665825201025,0.00374002130718323,0.000603942326452637,0.00312040405654035,0.000100898411571861,0.000758246817192646,0.00671155926124088,0.00063759803407211,0.000547721968833748,0.000132262188929115,0.00221648747157214,0.00434443827053321,0.000174222609719828
