Unknown,Source001,Source002,Source003,Source004,Source005,Source006,Source007,Source008,Source009,Source010,Source011,Source012,Source013,Source014,Source015,Source016,Source017,Source018,Source019,Source020,Source021,Source022,Source023,Source024,Source025,Source026,Source027,Source028,Source029,Source030,Source031,Source032,Source033,Source034,Source035,Source036,Source037,Source038,Source039,Source040,Source041,Source042,Source043,Source044,Source045,Source046,Source047,Source048,Source049,Source050
0.0013489231130886,0.147093869399415,0.154806113187323,0.191951608650552,0.147386936577054,0.258761472185656,0.00124289792993777,0.00707832120112932,0.00099133506783623,0.000909224700446149,0.00241019065725667,0.00201972772800708,0.000595346532031358,0.00112822753824499,0.00187773754145734,0.000384173140800183,0.010681029584628,0.00528512001914555,0.00116136861209246,0.000229132511471743,0.000655312680425573,0.00309576258533773,2.68625553066744e-05,0.000320936285878099,0.00561480126930577,0.00044581281119694,0.000993948461092792,0.00292706306167644,0.0014040942670608,0.000351386718371338,0.00185226755444714,0.00113076054520352,0.00504411749403825,0.000621750247882393,0.000814413341223792,0.00105881746911155,0.000667192380806943,0.00479445444512694,0.0014747959767,0.00271666967744942,0.00189283659945498,0.000547924187147776,0.00373726568365179,0.00528490141378457,0.00109464513846592,0.00251704014777185,0.00243543957509379,0.00536222424930616,0.00117943682784537,0.00100141137513389,0.00159289909712835
