Unknown,Source001,Source002,Source003,Source004,Source005,Source006,Source007,Source008,Source009,Source010,Source011,Source012,Source013,Source014,Source015,Source016,Source017,Source018,Source019,Source020,Source021,Source022,Source023,Source024,Source025,Source026,Source027,Source028,Source029,Source030,Source031,Source032,Source033,Source034,Source035,Source036,Source037,Source038,Source039,Source040,Source041,Source042,Source043,Source044,Source045,Source046,Source047,Source048,Source049,Source050
0.00184045573049832,0.134730908396036,0.290505939154623,0.214354265167285,0.10143985757502,0.158969029707036,0.00213418551788183,0.0010470187543341,0.000784027960457885,0.00119650309082431,0.00284732410974605,0.0014608563581512,0.000153444020998202,0.00725148352248277,0.0023596479203342,0.00160363648312759,0.00327128191953908,0.000260595454752496,7.70334006886652e-05,0.000709591057203175,0.00131971571948183,0.000354600357846368,0.00445338436515779,0.000564217791340527,0.00122338077415423,0.00517262514119846,0.00520389149319932,0.00547196078254578,1.37834761564366e-05,0.000510830973746043,0.00255478767263048,0.000277706410769974,0.000269326770921296,0.000578302314568072,0.00169653513654331,0.00975886685320579,0.00228406889128309,2.89093690896448e-05,0.00499850693124922,0.000433081948933531,0.00629825556517731,0.000136457735508167,0.00235212895395784,0.00371826181193283,0.000444477764346028,0.000677640252810866,0.00557363030962542,0.00252938612929461,0.000911447381642581,0.000455078458741967,0.00273766716192125
