Unknown,Source001,Source002,Source003,Source004,Source005,Source006,Source007,Source008,Source009,Source010,Source011,Source012,Source013,Source014,Source015,Source016,Source017,Source018,Source019,Source020,Source021,Source022,Source023,Source024,Source025,Source026,Source027,Source028,Source029,Source030,Source031,Source032,Source033,Source034,Source035,Source036,Source037,Source038,Source039,Source040,Source041,Source042,Source043,Source044,Source045,Source046,Source047,Source048,Source049,Source050
0.00590151214750267,0.304061933323912,0.105753407239936,0.18140229508811,0.150869545257895,0.157912819090147,0.0051294702569878,0.000527514458721416,0.0040424723436129,0.000258301453724819,0.000281888623680314,0.00254524831380829,0.00720922804174456,0.00120918990871153,0.000938511494479485,0.00276632990154605,0.00363308508982921,0.00188268124409158,0.00381512633462906,0.00141128909265873,0.000480600284170424,0.00158923281486746,8.2382134466259e-05,0.00110546869356845,0.00402769788521085,0.00140524275182463,0.00036885502849886,0.00331131529902549,0.00153138351578527,0.000100585142211403,4.66217468395167e-05,0.0038396275357437,0.00375701015499307,0.000938767855843406,0.00357493360961409,0.00146576941132141,0.000727789770965405,0.00107758035414198,0.00404018671632172,0.00182668493277107,0.000242639907153789,0.00338711747888919,0.000503975137231394,0.0017595378769025,0.00131616378750767,0.00188930642164565,0.000547484288125316,0.000509143031717335,0.00284135981230036,0.00596949049450063,0.00418419742011332
