Unknown,Source001,Source002,Source003,Source004,Source005,Source006,Source007,Source008,Source009,Source010,Source011,Source012,Source013,Source014,Source015,Source016,Source017,Source018,Source019,Source020,Source021,Source022,Source023,Source024,Source025,Source026,Source027,Source028,Source029,Source030,Source031,Source032,Source033,Source034,Source035,Source036,Source037,Source038,Source039,Source040,Source041,Source042,Source043,Source044,Source045,Source046,Source047,Source048,Source049,Source050
0.000762147889756606,0.151783360914665,0.308313053898865,0.127681135471056,0.194368991965072,0.117853457750343,0.00141144081990493,0.00375185161540316,0.0112958428596844,8.67728216050664e-05,0.001158849734004,0.000148204971992853,0.000329705424417021,0.000115815813122028,0.00358460326043385,0.00139078464024447,0.00176751575753099,0.000358505855392403,0.000279356847519946,0.00573761012110526,0.00155316836359435,0.00389554983254505,0.00322233217524083,0.00302342986329024,0.0100961736979219,0.000307629536018644,0.0046684979382087,0.00141679070123142,0.00163496908759728,0.0044497981258743,0.00120451974544565,0.00167951915498137,0.00489677798217191,3.28296540115611e-05,0.000811892002315232,5.36043694153053e-05,0.00247422506628646,0.0021880801150873,0.00137616772624432,0.00015239731915646,0.000986370138598121,0.000450863063539627,0.0053079087961766,0.00114829250929022,0.000980164202441483,0.00253287674999068,0.00169638110225702,0.000275591934104199,0.000216985260098521,0.00407228371735351,0.00101492163739485
