Unknown,Source001,Source002,Source003,Source004,Source005,Source006,Source007,Source008,Source009,Source010,Source011,Source012,Source013,Source014,Source015,Source016,Source017,Source018,Source019,Source020,Source021,Source022,Source023,Source024,Source025,Source026,Source027,Source028,Source029,Source030,Source031,Source032,Source033,Source034,Source035,Source036,Source037,Source038,Source039,Source040,Source041,Source042,Source043,Source044,Source045,Source046,Source047,Source048,Source049,Source050
0.00568452779684287,0.322391215004869,0.170412409595628,0.107890087303877,0.169908966037697,0.12939732205793,0.000883843211210383,0.00020349056345529,0.00314830820396356,0.000568558962295675,0.0016351434604318,0.000507624903702418,0.000214596757151496,0.000665023084006563,0.00023921469873993,0.00562204149376969,0.00235818226356015,0.000783358341103637,0.00156042485623616,0.00550450998947409,0.00400148478474295,8.80411331982809e-05,0.000615769042128816,0.00113720383018651,0.00309572597057455,0.0010226860312504,0.000532363394011583,0.00464493947324989,0.00170452301333751,0.00140012531258592,0.00822680498461802,0.00330806842578602,0.0063322161091968,0.00283054717614197,0.00307700632957291,0.000109242991992914,0.00192796438712671,0.00168675099539184,0.00468482518779916,0.000698326990504953,0.00609591134295715,0.00150947489009789,0.00170607774428222,0.00107886721091187,0.00080974284657662,0.000842514380402786,0.00117265949099638,0.00181833937353548,0.000311184571355941,0.000488499278020862,0.00346326472152137
