Unknown,Source001,Source002,Source003,Source004,Source005,Source006,Source007,Source008,Source009,Source010,Source011,Source012,Source013,Source014,Source015,Source016,Source017,Source018,Source019,Source020,Source021,Source022,Source023,Source024,Source025,Source026,Source027,Source028,Source029,Source030,Source031,Source032,Source033,Source034,Source035,Source036,Source037,Source038,Source039,Source040,Source041,Source042,Source043,Source044,Source045,Source046,Source047,Source048,Source049,Source050
0.00762860742813204,0.346421397418085,0.183250921222705,0.139392761907223,0.126364619298278,0.104570300153709,0.000540080632358591,5.33944166893794e-05,0.00131128019975809,0.000151919372656148,0.00245079768193311,0.00784403550475187,0.000358959248628838,0.00260050233980272,0.000814362498767681,0.000172245747518566,3.89646592182939e-05,0.000375795321612611,0.0156409787740189,0.0034687111216201,0.000264413778559012,0.000456027320320497,0.000920792612465543,0.000576634403566963,0.00807836367046109,0.000324096305978733,0.00375239033981513,0.000835963251756927,0.000574640298551316,0.000281252317816162,0.00102631108602452,0.000631155671378083,0.00378258460348847,0.000445331701849056,0.0037305481827099,0.00215881157263841,0.00148739251752674,0.000691325686554745,0.00323214185959721,0.00160451234220585,2.48845873423489e-05,0.00415982290965986,0.00169440102577452,0.00149399920438413,0.00133931765883216,0.000619776583678302,0.00203286527099502,0.000375778207270387,0.000895763072164551,0.00545507592014706,0.00360299108902037
