Unknown,Source001,Source002,Source003,Source004,Source005,Source006,Source007,Source008,Source009,Source010,Source011,Source012,Source013,Source014,Source015,Source016,Source017,Source018,Source019,Source020,Source021,Source022,Source023,Source024,Source025,Source026,Source027,Source028,Source029,Source030,Source031,Source032,Source033,Source034,Source035,Source036,Source037,Source038,Source039,Source040,Source041,Source042,Source043,Source044,Source045,Source046,Source047,Source048,Source049,Source050
0.000467204735195694,0.353186632965568,0.117554211217431,0.158369901735786,0.129343549515301,0.141545704565914,0.00687759454275375,0.0011502148886193,0.00136932403320367,0.00291424244426843,2.51327660704633e-05,0.00211141613299389,0.00196947018572753,0.00183890029947846,0.00228189758695647,0.00190115409378743,0.00630200909218596,0.0118293796449591,0.000741413861525808,0.002632270807757,0.000291225831440792,0.00325954229953191,0.00287220634041348,0.000575886315025762,0.0018540485464027,0.00668191620221083,0.000170476118535123,0.00192143963339962,0.00133224127058147,0.000918218717516662,8.34296691230339e-06,0.00343880289233374,0.000517115292851988,0.00263655453707875,0.000697076594950227,0.00891238072713474,1.75675106880247e-05,0.00226979429162184,0.0024054642031027,0.0001352693389179,0.000714997092772945,0.000727627174190911,0.000611194734044501,8.77957184193497e-05,0.0014802242720008,0.00158210359487812,0.00227598294208233,0.00547762246717085,0.000657793650417862,0.000567192851205461,0.00049027075668329
