Unknown,Source001,Source002,Source003,Source004,Source005,Source006,Source007,Source008,Source009,Source010,Source011,Source012,Source013,Source014,Source015,Source016,Source017,Source018,Source019,Source020,Source021,Source022,Source023,Source024,Source025,Source026,Source027,Source028,Source029,Source030,Source031,Source032,Source033,Source034,Source035,Source036,Source037,Source038,Source039,Source040,Source041,Source042,Source043,Source044,Source045,Source046,Source047,Source048,Source049,Source050
0.000582730311575605,0.215525050291442,0.150385514001072,0.214714819165232,0.154293194294848,0.165081422247406,0.00927961610041611,0.0012388373063696,0.00150811804534482,0.00242519614063517,0.000518004204024671,0.000812761573785594,0.00149527602151151,0.000586118570634276,0.00246693303674398,0.00426392413141606,0.00153995796857155,0.00101176013791096,0.00196735608687408,0.0052136409171351,0.00409399670011482,0.00164673793041252,0.00621796913937439,5.12518461959619e-06,0.00131278433383435,0.00252231097563629,0.00158794255956895,0.00308893495409203,0.000185515880192415,0.00125557081335664,0.00688802852624321,3.98464191978708e-05,0.000293225714877354,0.00186762638767667,0.00111265567035963,0.00329406470005768,0.00342313350328326,0.000359731562827092,0.000827214823778348,8.4454971778677e-05,0.00997792381556126,0.00293327768102147,0.000297757730360586,0.000390814597134519,0.00293861287142143,0.000298920633098599,0.00114582175795182,0.00110503401983508,0.0020546351491049,0.000258666448052525,0.00358143399222685
