Unknown,Source001,Source002,Source003,Source004,Source005,Source006,Source007,Source008,Source009,Source010,Source011,Source012,Source013,Source014,Source015,Source016,Source017,Source018,Source019,Source020,Source021,Source022,Source023,Source024,Source025,Source026,Source027,Source028,Source029,Source030,Source031,Source032,Source033,Source034,Source035,Source036,Source037,Source038,Source039,Source040,Source041,Source042,Source043,Source044,Source045,Source046,Source047,Source048,Source049,Source050
0.00267935415958079,0.27069251568525,0.149506519873523,0.15257803593146,0.112535807745577,0.21468712076419,0.0032188457136356,0.000745808690338394,0.000388199291382036,0.000905519284622763,0.00105658218028638,0.00171741045194333,0.00215776581120419,0.00209859119885104,0.0017244720869962,0.00602167343283973,0.00784166132891529,0.000728016428206609,0.00296947757657417,0.00240283819368202,0.00058246021663113,0.00409998124541955,0.00193544444368521,0.00643689365464993,0.00140155194619241,1.26401895713245e-05,0.00124190067137509,0.0027662147334704,0.00257695092829875,0.00223253190030433,0.00182550035306721,0.00578672754606044,0.00193618134259116,0.000309668457167772,0.00193270517433191,0.000757798513170705,0.00163063349725349,0.000254626177730674,6.26467162052159e-05,0.0021457971868696,0.00171023251584382,0.000981650253343853,0.000656623621867024,0.00247165809096704,0.00245103983023712,0.0032071900649482,0.00706897012599961,0.00279300169053914,0.000868767455660092,0.000892937413318116,0.000312858214171128
