Unknown,Source001,Source002,Source003,Source004,Source005,Source006,Source007,Source008,Source009,Source010,Source011,Source012,Source013,Source014,Source015,Source016,Source017,Source018,Source019,Source020,Source021,Source022,Source023,Source024,Source025,Source026,Source027,Source028,Source029,Source030,Source031,Source032,Source033,Source034,Source035,Source036,Source037,Source038,Source039,Source040,Source041,Source042,Source043,Source044,Source045,Source046,Source047,Source048,Source049,Source050
0.00114203417478801,0.193125638468247,0.129632205246318,0.114286212389717,0.217667547136434,0.245288396759284,0.00178914322991969,0.000883539454608761,0.000907468924401657,0.000109586779781522,0.00053893030803468,0.000146826348414037,0.000876767574020546,0.00452300453321471,0.00410148884345617,0.00203467484753951,0.00142790921082455,0.000246434590778063,0.00451894905694694,0.00303579872076586,0.000364363281594028,0.00547293785664651,0.00380209248372068,0.000668107648550702,0.000502860061142695,0.000361381217085816,0.000303974494140686,0.000644305679629156,0.000411831308398021,0.00116921895053984,0.003594460048238,0.00238938212684921,0.00668562675627213,0.00439473109376113,0.00196148319535112,7.97580781192079e-05,0.00347612370268031,0.000155799257573007,0.00233769160289192,0.00290260561548737,0.00312816493198738,0.00268054051062623,0.00329445102588067,0.00182488372326965,0.00600355934749989,0.00312237845610246,0.00181350612983786,0.000700036723304153,0.00379355480960671,0.00479012581023021,0.000887507475488503
