Unknown,Source001,Source002,Source003,Source004,Source005,Source006,Source007,Source008,Source009,Source010,Source011,Source012,Source013,Source014,Source015,Source016,Source017,Source018,Source019,Source020,Source021,Source022,Source023,Source024,Source025,Source026,Source027,Source028,Source029,Source030,Source031,Source032,Source033,Source034,Source035,Source036,Source037,Source038,Source039,Source040,Source041,Source042,Source043,Source044,Source045,Source046,Source047,Source048,Source049,Source050
0.000740917235671634,0.334226035509303,0.135701890662048,0.103557634991748,0.204531928232423,0.121982510604477,0.000767513090316364,0.00077272818716961,0.000422106118897132,0.000787426620297477,0.00104942487042161,0.000207837923278702,0.000535972377721075,0.00279555769360159,0.00290509317422982,0.00365268976570037,0.00207861319315894,0.00761907487679303,0.00184910339015981,0.00143789850668414,0.000236142213447802,0.00064859149455965,0.000275444879329405,0.000143698297265483,0.00116569573420375,0.00234698929863474,0.00240920663759145,0.000496986149594528,0.00150280410534382,0.00317511192546039,0.000453492807655841,0.00108837659136489,0.00697868813589086,0.00388767301849955,0.00100531745259503,0.000377116215690607,0.0015617856535823,0.00533038716626733,0.000873508094837404,0.000826762449595361,0.00897695224915702,0.00104228797615981,0.00304984884889633,0.00209797844698221,0.00097633944315404,0.00179894574254103,0.000494519610347479,0.0102509649653071,0.00172715829342395,0.00190082638536044,0.00527844269315904
