Unknown,Source001,Source002,Source003,Source004,Source005,Source006,Source007,Source008,Source009,Source010,Source011,Source012,Source013,Source014,Source015,Source016,Source017,Source018,Source019,Source020,Source021,Source022,Source023,Source024,Source025,Source026,Source027,Source028,Source029,Source030,Source031,Source032,Source033,Source034,Source035,Source036,Source037,Source038,Source039,Source040,Source041,Source042,Source043,Source044,Source045,Source046,Source047,Source048,Source049,Source050
0.000166023279483559,0.135865905472901,0.140023063884353,0.168461308564539,0.323414902381689,0.132234819696518,0.00120986544616664,0.000725299110316866,0.00683454688712179,0.0042349725835776,0.000766574522651813,0.00247599575755165,0.00213466006117443,0.00115629155275315,0.000513512136654947,0.00508511576510716,0.00805448265196566,0.000454683343809627,0.00321081242310473,0.00500631866228027,0.000978879390404871,1.55756402057862e-05,0.00313114244562914,0.00352569829155332,0.000405445536516939,0.00113758984754364,0.000502516123107007,0.00115892508660238,0.00188943204176522,0.000584171292177984,0.00139073670026458,0.00384022003274842,0.00350981186045853,0.00102645156018069,0.00608355600018102,0.00200934063407062,5.91132329239762e-05,3.8597649373267e-05,0.00138207992697501,0.00337141982347333,0.00110638367953601,0.00054487060396566,0.00708231713697047,0.00119153322212291,0.00625529112470428,0.000449708168519621,0.000494269688411586,0.0015573144236559,0.00157878298205189,0.00107594639975126,0.00059372527043475
