Unknown,Source001,Source002,Source003,Source004,Source005,Source006,Source007,Source008,Source009,Source010,Source011,Source012,Source013,Source014,Source015,Source016,Source017,Source018,Source019,Source020,Source021,Source022,Source023,Source024,Source025,Source026,Source027,Source028,Source029,Source030,Source031,Source032,Source033,Source034,Source035,Source036,Source037,Source038,Source039,Source040,Source041,Source042,Source043,Source044,Source045,Source046,Source047,Source048,Source049,Source050
0.00248341779328021,0.162969693900205,0.128638841919589,0.191549816606764,0.260822620734596,0.156019026838846,0.000156456965575918,0.00325283490077928,0.000110486948758931,0.00112073842637169,0.00257948422785292,0.00652033176217244,0.000630280761598162,0.00284956392678523,6.62001364912278e-05,0.00143183876152775,0.00687086460716275,0.00316855916604353,0.00132289556178328,0.00199254954342841,0.000460723487178274,0.000990571892613368,0.00400203425617235,0.000331465061620494,0.00367927039218685,0.00162762768544958,0.000933273561941008,0.00388976017374575,0.00412180733464513,0.000772703696635287,0.00206524073711907,0.00381677494809558,0.00321231546727554,0.000467630906357742,0.00888146821078797,0.00189543601137407,0.00309419251200174,0.000711018567126224,0.00112583367012198,0.0016159897772264,0.00337080236807177,0.00245132128493832,7.36338223370409e-05,0.000479384373525514,0.00123435952748239,0.00195340414705882,0.00206473413738738,0.000581346605848514,0.00288335012987476,0.00117554240267605,0.00148047936151325
