Unknown,Source001,Source002,Source003,Source004,Source005,Source006,Source007,Source008,Source009,Source010,Source011,Source012,Source013,Source014,Source015,Source016,Source017,Source018,Source019,Source020,Source021,Source022,Source023,Source024,Source025,Source026,Source027,Source028,Source029,Source030,Source031,Source032,Source033,Source034,Source035,Source036,Source037,Source038,Source039,Source040,Source041,Source042,Source043,Source044,Source045,Source046,Source047,Source048,Source049,Source050
0.000876730597371985,0.264147960319865,0.106433370856065,0.204584538504665,0.169082499810078,0.155751630509327,0.000520772251648599,0.000549522205124995,0.000741742485674888,0.00419371711289678,0.000122753258077811,0.00271273486924497,0.00285460210513799,0.000902567395292424,0.00749753976770751,0.00420631522146819,0.00278603602171058,0.000887622840260067,7.43650954990399e-05,3.37157553541475e-05,0.00279457047867158,0.0015874777333911,0.00129728003383424,8.57662079994484e-05,0.00393307980003255,0.0109578223002553,0.000665987319175427,0.0016182761111236,0.00405428371536152,0.00309014678712186,0.00011569110975894,0.00413561060181607,0.00291054518966069,0.00221039858238404,0.00123338461979566,0.00148381468566007,0.00236460593077646,0.000781772476579631,0.000211445292426432,0.000914244440593254,0.00577767096802262,0.00175109075182729,0.00119990895723178,0.00366671921609404,0.00204656702951097,0.00188188927199537,8.97158039100941e-05,0.000975409101249153,0.00268038766124213,0.000862674744613784,0.00366102609541491
