Unknown,Source001,Source002,Source003,Source004,Source005,Source006,Source007,Source008,Source009,Source010,Source011,Source012,Source013,Source014,Source015,Source016,Source017,Source018,Source019,Source020,Source021,Source022,Source023,Source024,Source025,Source026,Source027,Source028,Source029,Source030,Source031,Source032,Source033,Source034,Source035,Source036,Source037,Source038,Source039,Source040,Source041,Source042,Source043,Source044,Source045,Source046,Source047,Source048,Source049,Source050
0.00232602575426758,0.104990062373628,0.113983573406761,0.143923989015303,0.366267306025076,0.170835069179232,0.00180658788915304,0.00425398687095094,0.00396093643928382,0.000428296924126683,1.08030969590274e-06,0.00755850653832339,0.00130931829564261,0.000428966437846687,0.00337621692580238,0.000412281361913088,0.00485173011149907,0.00107657596845691,0.00064534877674636,0.00307468403880919,0.00117151892099785,0.00419753151080088,0.00445683837969835,0.00282110606046699,0.00170467243590993,0.000780193263106063,0.000593468466117305,0.00176118360319258,0.00216350501158997,0.00463910410580195,0.00100644699816738,0.00138444040285167,0.00262695395093988,0.000361269066314748,0.00482761010195692,0.00439549843966979,0.00110797630988497,0.00237652633045029,0.000675584703214909,0.00144087466319731,0.000931373142802997,0.000270473883828597,0.000400153862898398,0.00260280893579755,0.00223920039697108,0.000539423374417771,0.00200706271336462,0.00469530342362019,0.00252871573083232,0.00326598111253982,0.000516658056079225
