Unknown,Source001,Source002,Source003,Source004,Source005,Source006,Source007,Source008,Source009,Source010,Source011,Source012,Source013,Source014,Source015,Source016,Source017,Source018,Source019,Source020,Source021,Source022,Source023,Source024,Source025,Source026,Source027,Source028,Source029,Source030,Source031,Source032,Source033,Source034,Source035,Source036,Source037,Source038,Source039,Source040,Source041,Source042,Source043,Source044,Source045,Source046,Source047,Source048,Source049,Source050
0.000847425138145439,0.120459696089764,0.260102705656786,0.169881215706427,0.232932312045751,0.116624070501272,0.00607793297371383,0.00183283703829586,0.00308516281393011,0.000461560685585549,0.00639465040077053,0.00217483882393033,0.00053580306254768,0.00500434590000206,0.00095017951561246,0.00181449106491691,0.00090480787180546,0.000245814698181218,0.00136641663410887,0.00329539854242193,0.00297461372921691,0.0012476072493974,0.00185338089841582,0.00173026049170757,0.00143061390410285,0.00235891132398708,0.000670369158439719,0.00281253678883825,0.00614447312141762,0.0011734298816004,0.00396058926169151,0.000826547381854974,0.00293410048137426,0.00179937858726232,0.000793821119929236,0.00142336962602526,3.3961534755061e-05,0.00109050993106782,0.00547125003427877,0.00184573127069632,0.00438755082103562,5.33212373894088e-05,0.00036737201463422,0.00237741819022911,0.00354993994186702,0.00209689820091765,0.00225280258895954,0.00538258052608405,0.000489255479097049,0.000645923285896911,0.000829816773862003
