Unknown,Source001,Source002,Source003,Source004,Source005,Source006,Source007,Source008,Source009,Source010,Source011,Source012,Source013,Source014,Source015,Source016,Source017,Source018,Source019,Source020,Source021,Source022,Source023,Source024,Source025,Source026,Source027,Source028,Source029,Source030,Source031,Source032,Source033,Source034,Source035,Source036,Source037,Source038,Source039,Source040,Source041,Source042,Source043,Source044,Source045,Source046,Source047,Source048,Source049,Source050
0.00194678364848116,0.116248925025329,0.217439831891425,0.126011482419444,0.260333682156986,0.179966078506816,6.22700824725414e-05,0.00581114467335845,0.000777125765711955,0.000317566744567342,0.00224418447898161,0.00552864078221168,0.00287867104286707,0.00338732756358193,0.00089272124499333,0.00583693851513753,0.00412784136285743,0.00159964486561534,0.001746945018675,0.00154624346923648,0.00340677033572259,0.00128521226314223,0.000297759294955116,0.000675888242338141,0.00210179450738409,0.00594354156898652,0.00010948977889845,0.000269466260520969,0.00364593053127733,3.7105513106012e-05,0.000458730468044132,0.00255193888245109,0.00182062013997282,0.00717261264621087,0.00115974090062254,0.00113733034633604,0.00201251398381046,0.000508686454681032,0.00337686915178955,7.67222950823924e-05,0.000928613932712205,0.00508201853144853,0.000415715089841605,0.000317507261363634,0.00595545319028341,0.00137410897285668,0.000178868835855075,0.00078034225996344,0.00197911178463478,0.00175190487701244,0.00448358243994699
