Unknown,Source001,Source002,Source003,Source004,Source005,Source006,Source007,Source008,Source009,Source010,Source011,Source012,Source013,Source014,Source015,Source016,Source017,Source018,Source019,Source020,Source021,Source022,Source023,Source024,Source025,Source026,Source027,Source028,Source029,Source030,Source031,Source032,Source033,Source034,Source035,Source036,Source037,Source038,Source039,Source040,Source041,Source042,Source043,Source044,Source045,Source046,Source047,Source048,Source049,Source050
0.00051859743464907,0.133683923106251,0.187591539138895,0.158648284600411,0.300432752032101,0.119643501122343,0.00150180008746712,0.00242243508715324,0.00361131411634738,0.00132997277663418,0.00353568516116613,0.000431026862517126,0.00146799700689014,0.000917444236306342,0.00639840665934561,0.00649085375754233,0.00147501874299534,0.00171172397909931,8.69667008736487e-05,0.000288730354048621,0.00240604601797207,0.00270548058249416,0.000664046898391376,0.000680147877682793,0.00302481810281194,8.90227199278104e-05,0.00177733244343899,0.00233719029607344,0.000903635343455736,0.00321839184117704,0.000923357963556779,0.00254517486667559,0.00314252645208906,0.0046392649398255,0.000344138323150257,0.00990178449008253,0.00117064859380101,7.4524295218896e-05,0.00340878014290205,0.00251186179776896,0.00162504653397147,0.0036179378582752,0.00156445774402172,0.00247952267132524,0.000576027276141714,0.00235744623207183,0.00185285396751264,0.000711403863323139,0.000992438619671406,0.00350208330043394,0.0020646349817201
