Unknown,Source001,Source002,Source003,Source004,Source005,Source006,Source007,Source008,Source009,Source010,Source011,Source012,Source013,Source014,Source015,Source016,Source017,Source018,Source019,Source020,Source021,Source022,Source023,Source024,Source025,Source026,Source027,Source028,Source029,Source030,Source031,Source032,Source033,Source034,Source035,Source036,Source037,Source038,Source039,Source040,Source041,Source042,Source043,Source044,Source045,Source046,Source047,Source048,Source049,Source050
0.00176426886130375,0.163983559679938,0.15143704116563,0.118976627322941,0.327456104821258,0.138146667010233,0.00264823630570769,7.97280822949131e-05,0.000731639762633908,0.000594067664440461,0.0024779940756684,0.000360461827661113,0.00424092275044645,0.000408368137945789,0.00247982320850066,0.00490928995739732,0.0043629144497508,0.00192202974423631,0.000533429054437946,0.000522993323599003,0.00411524347850697,0.00156494769251696,0.00241396605246311,0.000324614028512602,0.00422647624871842,0.00112091006144548,0.0032821163805343,0.00362975813131082,0.0033546371694024,0.00228487975911456,0.00325555693238563,0.00182008341417842,0.000396908109638635,0.00278651220783602,0.000668893688435635,0.000708058148531011,3.06183329410654e-05,0.000925989940922008,0.00185599663288481,0.000705768016079152,0.00449419443109385,0.000922407712901799,0.000875858050307357,0.00113509762893422,0.00228573836577206,0.00100094132517752,0.00829438486877114,0.00573427299646779,0.000429312536184544,0.00371122011208115,0.00360847033992602
