Unknown,Source001,Source002,Source003,Source004,Source005,Source006,Source007,Source008,Source009,Source010,Source011,Source012,Source013,Source014,Source015,Source016,Source017,Source018,Source019,Source020,Source021,Source022,Source023,Source024,Source025,Source026,Source027,Source028,Source029,Source030,Source031,Source032,Source033,Source034,Source035,Source036,Source037,Source038,Source039,Source040,Source041,Source042,Source043,Source044,Source045,Source046,Source047,Source048,Source049,Source050
0.00166737508289261,0.16039846748091,0.109314616594136,0.271415919650754,0.11487883205979,0.24399216421441,0.00029326505289544,0.001448295163594,0.00419204086407035,0.00481998354922395,0.000776462797196427,0.000513405806283411,0.0015674450820263,0.00310402465468384,0.00325809528312132,0.00377639233353566,0.00245638332012773,0.000524718141101499,0.000576603544643898,0.00157096425364692,0.00127908950709137,0.00177219482355395,0.00318222789371605,0.000592026740613562,0.00150210573745451,0.00179084301255725,0.00290929746394625,0.00365314400903229,0.00874232614686353,0.000569883234609627,0.000355706782801026,0.00214267105265339,0.000266531631539676,0.00154081841824346,0.00458550488850512,0.003881973288792,0.000818338857199631,0.00283880767280976,3.51382446828157e-05,0.000137021438661814,0.00280654833509491,0.00208093578190371,0.000531964022120715,0.00306566233644494,0.000550239884036044,0.00433382689516992,0.000494064331583082,0.00174989882503865,0.00540784393681033,0.00573542733580075,0.00010248254162652
