Unknown,Source001,Source002,Source003,Source004,Source005,Source006,Source007,Source008,Source009,Source010,Source011,Source012,Source013,Source014,Source015,Source016,Source017,Source018,Source019,Source020,Source021,Source022,Source023,Source024,Source025,Source026,Source027,Source028,Source029,Source030,Source031,Source032,Source033,Source034,Source035,Source036,Source037,Source038,Source039,Source040,Source041,Source042,Source043,Source044,Source045,Source046,Source047,Source048,Source049,Source050
0.00347402661036483,0.162651155542436,0.179203142761691,0.233127256377384,0.140809658257428,0.184208787061061,0.00361435996807182,0.00278279168652456,2.74717292112084e-05,0.00398454555664013,0.00338720925047193,0.0029210840060932,0.00405191874441439,0.000209306785745521,0.000959132242846014,0.00172497842396171,0.00198166466313139,0.00154935122493735,0.0011856901620535,0.00317783187524164,0.00136633154090637,0.00130965916078359,0.000958413618476428,0.00299607918675634,0.000537368588606721,0.000285605307893236,0.000225507641626242,0.00435349344004066,0.00323800798232496,0.000244079507840652,0.00211140717510005,0.000647549652209523,0.00447945923324386,0.00479988134195753,0.000837081338909161,0.000869209702290915,0.00128493931509558,0.000824577362105685,0.00473647028056823,0.000618945401253575,0.000175447721655836,5.9392001064095e-05,0.00344096129582317,0.00239191859587031,0.0018325182839083,0.000399238715158781,0.00334918463626331,0.00524971203591734,0.00208169244232562,0.00913745041599124,0.000127054148323524
