Unknown,Source001,Source002,Source003,Source004,Source005,Source006,Source007,Source008,Source009,Source010,Source011,Source012,Source013,Source014,Source015,Source016,Source017,Source018,Source019,Source020,Source021,Source022,Source023,Source024,Source025,Source026,Source027,Source028,Source029,Source030,Source031,Source032,Source033,Source034,Source035,Source036,Source037,Source038,Source039,Source040,Source041,Source042,Source043,Source044,Source045,Source046,Source047,Source048,Source049,Source050
0.000737808555614464,0.117769451558129,0.291485905547865,0.139268292940784,0.186106492976771,0.165369856976451,0.000911930012699594,0.00358495163941583,0.00202705991292504,0.000917853413694243,0.000206281761912838,0.00368662034721914,0.00223828158766025,0.000844655001167712,0.00278838600084074,0.00235233046877466,3.60549036447325e-05,0.00393136782359547,0.000124690643623523,0.0027449801668215,0.000596070728904437,7.92971605420984e-05,0.00483120452884173,0.000920976937654939,0.000108369887306157,0.00131850274838005,0.00346593476397223,0.002552242854514,0.00320876429383505,0.0003660054061304,0.00261714009508037,8.84056280536834e-05,0.0019205906053228,0.0042244345707379,0.00599501958384855,0.000364324941372473,0.000356232117111615,0.00167909379110583,0.00160429338392085,0.00605055681516317,0.00130062696766659,0.00114111778654902,0.00104882471161724,0.00263891953931152,0.00219666813072684,0.0066687582173274,0.00123486788545936,0.00038490121621184,0.00444491011902589,0.000266318310745329,0.0091933740339509
