Unknown,Source001,Source002,Source003,Source004,Source005,Source006,Source007,Source008,Source009,Source010,Source011,Source012,Source013,Source014,Source015,Source016,Source017,Source018,Source019,Source020,Source021,Source022,Source023,Source024,Source025,Source026,Source027,Source028,Source029,Source030,Source031,Source032,Source033,Source034,Source035,Source036,Source037,Source038,Source039,Source040,Source041,Source042,Source043,Source044,Source045,Source046,Source047,Source048,Source049,Source050
0.00403470069663621,0.104909759531216,0.133172255445097,0.383286593677332,0.108230957562094,0.17040043378426,6.37811753311725e-05,0.00103849397657229,0.000896851534365219,0.000676528580300685,0.0019620231220682,0.00111014316875277,0.00106933933615917,0.00311203244834246,0.00348409572933295,0.00387578987132282,0.000792784391396144,0.00165484323436488,0.00221780773412585,0.000608821539164805,0.00447920035338791,0.000212992524771732,0.0024342700987877,0.00167459869109124,0.00165900886488002,0.00252380072371607,0.00314870704772794,0.000107636958969786,0.003393757827465,0.000564066213405597,0.00487814870827522,0.00346720400833825,0.00271534625499103,0.000137581382801891,0.00133495488991158,0.0020597074222494,0.0025151798710297,0.00756848212860773,0.000438335865998579,0.00566245177600706,0.00247417634249108,0.00105087215244915,0.000146343436152267,0.00177054807988525,0.000482147799515783,0.00288616745718241,0.00121186477419165,0.00332500513456399,0.00207920869692076,0.000223096304617428,0.00677710167138115
