Unknown,Source001,Source002,Source003,Source004,Source005,Source006,Source007,Source008,Source009,Source010,Source011,Source012,Source013,Source014,Source015,Source016,Source017,Source018,Source019,Source020,Source021,Source022,Source023,Source024,Source025,Source026,Source027,Source028,Source029,Source030,Source031,Source032,Source033,Source034,Source035,Source036,Source037,Source038,Source039,Source040,Source041,Source042,Source043,Source044,Source045,Source046,Source047,Source048,Source049,Source050
0.00230192524503373,0.301387842340877,0.103898804534635,0.141336815961563,0.10611320781988,0.247263329343045,0.0018102390664126,0.00124181877309255,0.00147906774837446,0.00174609408933521,0.00617001810661661,0.00136472792712692,0.0044403715006701,0.000867253194991968,0.000370555530522212,0.00105493373888989,0.0098228533554259,0.00301721470342983,0.00237192526470815,0.00264297940227109,0.00266974559295138,0.00197863707161283,0.00201525701391976,0.000379448526656584,0.000838811323131803,8.23464563111985e-05,0.0036172673222405,0.0036007593427313,0.000432409812347989,0.00248600006715429,0.00192301658043161,0.00121247233408229,0.00304635031295669,0.00100800801351703,0.00280207362238433,0.00353308921420453,0.000250446163547331,0.000581776120983194,0.00113415253956283,0.00212480870479989,0.00192010313981613,0.00119222612416356,0.00722616408754377,0.000456227136380374,0.00220661908955483,0.00337308748980032,0.00044938691957723,0.00017880903254268,0.00169769182744262,0.000901585016135573,0.0039792463546143
