Unknown,Source001,Source002,Source003,Source004,Source005,Source006,Source007,Source008,Source009,Source010,Source011,Source012,Source013,Source014,Source015,Source016,Source017,Source018,Source019,Source020,Source021,Source022,Source023,Source024,Source025,Source026,Source027,Source028,Source029,Source030,Source031,Source032,Source033,Source034,Source035,Source036,Source037,Source038,Source039,Source040,Source041,Source042,Source043,Source044,Source045,Source046,Source047,Source048,Source049,Source050
0.00377463016193939,0.173941182639492,0.209402162665595,0.152965365362992,0.232719959834646,0.130971329497275,0.00549972929698162,0.000487998933228789,0.00108255328063668,0.00134895219148968,0.000186915030490126,0.00105537624550571,0.00253478140540558,0.00761561209400184,0.000202165653929216,0.00764974450044663,4.40670458038701e-05,0.00301698355490485,0.00840133158668757,0.00038444528042,0.000913692543662557,0.00686336976673374,0.00426474308522639,0.000708611295821876,0.00141972352579472,0.00218521357448523,0.00241511630925925,0.000956648682038443,0.000429420318017866,0.000356912501336651,0.000771704376577224,0.000682815333607978,0.000569174018898363,0.000916477337529455,0.000863131308195346,0.0027383479507187,0.00417248369644487,0.00220987617112392,0.00188506360526123,0.00173531342223236,0.00152423960826773,0.000158628990297323,0.00315268407012405,0.00317780980055499,0.0021710466594649,0.000832501547734721,0.00117096610558036,0.00028133125437341,0.00176886997679213,0.00382882421704749,0.00158997268492515
