Unknown,Source001,Source002,Source003,Source004,Source005,Source006,Source007,Source008,Source009,Source010,Source011,Source012,Source013,Source014,Source015,Source016,Source017,Source018,Source019,Source020,Source021,Source022,Source023,Source024,Source025,Source026,Source027,Source028,Source029,Source030,Source031,Source032,Source033,Source034,Source035,Source036,Source037,Source038,Source039,Source040,Source041,Source042,Source043,Source044,Source045,Source046,Source047,Source048,Source049,Source050
0.000214290989992747,0.155408323899474,0.259410425204129,0.210982158594914,0.155171654686509,0.119027437614974,0.000935699084510113,0.00886544475184014,0.000448251261758661,0.00534659912825376,0.000490977164533032,0.0042055755378154,0.00474754877963158,0.00162272267221857,0.000201064903401929,0.00180018517711408,0.0052015326287316,0.00103150904079345,0.00305149381767729,0.00107635303785276,0.000164727450924893,0.00113215886841353,4.65039777580751e-05,0.000204562961329978,0.000180245950981764,0.0013641060801941,0.00285616594531413,0.000195222002867832,0.00126217159239539,0.00208979939189202,0.000203162736548872,0.00173280729015654,0.0070402429478012,0.00231870252832308,0.00165206997923565,0.00182183161929335,0.00015355466921586,0.00109628283108506,0.00529231047392994,0.0016013749685786,0.00254306304586896,0.00133647431767288,0.00121236319622625,0.0041608422540233,0.00569194823234362,0.0050037490829894,0.00186123207861784,0.0040676912312711,0.000776134561601634,0.00159849195433257,0.000100757802687459
