Unknown,Source001,Source002,Source003,Source004,Source005,Source006,Source007,Source008,Source009,Source010,Source011,Source012,Source013,Source014,Source015,Source016,Source017,Source018,Source019,Source020,Source021,Source022,Source023,Source024,Source025,Source026,Source027,Source028,Source029,Source030,Source031,Source032,Source033,Source034,Source035,Source036,Source037,Source038,Source039,Source040,Source041,Source042,Source043,Source044,Source045,Source046,Source047,Source048,Source049,Source050
0.000848182537613391,0.163440740226324,0.15579341062333,0.342553021133519,0.120753805934273,0.117459022082554,0.000901849789481333,0.00204212201232924,0.000343685925020982,0.000840801094320526,0.00480357911153482,0.00438820576499882,0.00093131162051046,0.00260737130386726,0.00217498246447907,0.000420132671375495,0.00109516859606339,0.000838526618557003,0.00146012900651558,0.00209488050647486,0.00219493633795889,0.000601285495654305,0.00453971564567341,0.00458078617158389,0.00355115634727995,0.00118258145456977,0.00296735527919104,0.00285096837305345,0.00211570044707336,0.00214811481859708,0.000167594060974101,0.00264509090654677,0.000828562653354062,0.00141586107677375,0.000203418082350567,0.00276329943476163,0.00182406757764575,0.000453139253371016,0.00198021685561366,0.0066630122278286,0.000703693404165907,0.00184529020360865,0.00673215995454092,0.000963104018940449,0.00257779440466064,0.000487274966768766,0.00203746056613069,0.00243007491915854,0.000803887553082915,0.00979024587223939,0.000161222613705826
