Unknown,Source001,Source002,Source003,Source004,Source005,Source006,Source007,Source008,Source009,Source010,Source011,Source012,Source013,Source014,Source015,Source016,Source017,Source018,Source019,Source020,Source021,Source022,Source023,Source024,Source025,Source026,Source027,Source028,Source029,Source030,Source031,Source032,Source033,Source034,Source035,Source036,Source037,Source038,Source039,Source040,Source041,Source042,Source043,Source044,Source045,Source046,Source047,Source048,Source049,Source050
0.0029326568367023,0.226925567079425,0.208470082813054,0.125145720743977,0.179630884216977,0.159827745146566,0.00013806760553008,0.00130618759645649,0.00155763621068158,0.00125994886513117,0.00383133655959378,0.000549868090180384,0.00118279471676841,0.00245585196916987,0.00119139136081306,0.000120388164796781,0.00220460571901853,0.00314538574668594,0.00132949932483754,0.00364150917170569,0.000251127777308889,0.00449087071463955,0.00134108653938699,0.000833195599052294,0.00381234911266911,0.00345364849632248,0.00515892815953721,0.00528957832717533,0.000188689502160507,0.00185747342025707,0.000799334028636275,0.000294461239209508,0.00138269030338641,0.00170505993224035,0.00795405401551722,0.00123952211849634,0.000607605987934467,0.00583174131837169,0.0004739774592087,0.00175895428517793,0.00315362385001078,0.000518300664897291,0.00318016955646457,0.00246048805854668,0.000730641677341141,0.000400261526150398,0.00425301714825382,0.0053107346870653,0.00400194179025004,0.000390495662521687,2.88491037383648e-05
