Unknown,Source001,Source002,Source003,Source004,Source005,Source006,Source007,Source008,Source009,Source010,Source011,Source012,Source013,Source014,Source015,Source016,Source017,Source018,Source019,Source020,Source021,Source022,Source023,Source024,Source025,Source026,Source027,Source028,Source029,Source030,Source031,Source032,Source033,Source034,Source035,Source036,Source037,Source038,Source039,Source040,Source041,Source042,Source043,Source044,Source045,Source046,Source047,Source048,Source049,Source050
0.00241126096322081,0.102206650415915,0.366690904287701,0.103193899394827,0.151987604524944,0.175920941376612,0.00427851914971971,0.00102283797536784,0.000675477644507019,0.000996344305899827,0.00356716369949189,0.000544509469207004,0.00134334699817259,0.000258196927611714,0.00390301396105533,0.00125322507505043,0.00298427905435271,0.00256519883401673,0.00447582062825862,0.00441208544870067,0.00309941137603497,0.00335260582337154,0.00261877796864408,0.00588605870920952,0.000849054838802585,0.000323654897513031,0.00110130813370853,0.000580712572621765,0.0134757085251139,0.00123831978370977,0.00067731821311942,0.00417311772128582,0.00561205661098461,0.00246098687683341,0.00037613322014799,0.00173448054848972,0.000503702300853262,0.00140537375402414,0.00108714701633414,0.00281308449844037,0.000746755755572153,0.000310029084132861,0.000280798029535803,0.000399485982991703,0.00158253920388117,0.000598407153749459,0.000306510257352641,0.00365324495224355,0.000318884336382201,0.00289888801039249,0.00084416370989044
