Unknown,Source001,Source002,Source003,Source004,Source005,Source006,Source007,Source008,Source009,Source010,Source011,Source012,Source013,Source014,Source015,Source016,Source017,Source018,Source019,Source020,Source021,Source022,Source023,Source024,Source025,Source026,Source027,Source028,Source029,Source030,Source031,Source032,Source033,Source034,Source035,Source036,Source037,Source038,Source039,Source040,Source041,Source042,Source043,Source044,Source045,Source046,Source047,Source048,Source049,Source050
0.0015156341215784,0.143570183258044,0.158752103179129,0.100098337244709,0.136899216456707,0.360680159861411,0.000217381860893844,0.00766248201927135,0.00395585854771835,0.00131511350127225,0.00401968705665445,0.000131098535374945,0.00573952429322371,0.00259597044270927,0.00156184606578887,0.00178979116998105,0.00122447772682249,0.00171615934954093,0.00164918088212428,0.00305363317497018,0.000201173795001023,0.00126073944766631,0.000515006431892452,0.00135058429121884,0.00520500738395795,0.00208419851103241,0.00107491568910796,0.000761123346010247,0.00248537844940515,0.00283221958292897,0.00113859430529566,0.000498210934638262,0.000813285321434307,0.00514727623895056,0.000420568016665023,0.00132694990562672,0.0014617642469745,0.000419081270289262,0.00740616016765986,0.00416861537233861,0.000735336471296491,0.00706018068474834,0.00280515530973885,0.000908249999444092,0.000184664940487921,0.000733915178625078,0.00156599398170855,0.00501317530443419,0.00056397188084345,0.000379784164319624,0.00133088062833496
