Unknown,Source001,Source002,Source003,Source004,Source005,Source006,Source007,Source008,Source009,Source010,Source011,Source012,Source013,Source014,Source015,Source016,Source017,Source018,Source019,Source020,Source021,Source022,Source023,Source024,Source025,Source026,Source027,Source028,Source029,Source030,Source031,Source032,Source033,Source034,Source035,Source036,Source037,Source038,Source039,Source040,Source041,Source042,Source043,Source044,Source045,Source046,Source047,Source048,Source049,Source050
0.000401496387009511,0.288496951923271,0.112566200667924,0.230004152556715,0.111413578539762,0.157519116312327,0.00348139804718355,0.000408970156811743,0.00655021500130903,0.0028909973725373,0.00215035606163204,0.00124820495677225,0.000631849015866405,0.00499179179047441,0.00389136269977024,0.00132196112345315,0.00412292278176683,0.00104373587421843,0.000366502489527013,0.000157498565818429,0.000513979568228397,0.000627505101725267,0.00658153895221747,0.00107076152002162,0.000653936832267666,0.00240489081503469,0.00235913627983486,0.00113192005730828,0.0013598800639474,0.00363197739244907,0.000269616969074999,0.000151323861085759,0.000807218645979827,0.00331783574264718,0.000165178623786261,0.0056957423945907,0.00437689668873053,0.00330021606632022,0.00632554645171274,0.000825516549215086,0.00245749170227078,0.00504088393551443,0.000582693784424776,0.00204440380867162,0.00219366794644239,0.000984810631516524,0.000738347982573808,0.0012956314313713,0.00385309776366536,0.000147911700366656,0.00143117841285395
