Unknown,Source001,Source002,Source003,Source004,Source005,Source006,Source007,Source008,Source009,Source010,Source011,Source012,Source013,Source014,Source015,Source016,Source017,Source018,Source019,Source020,Source021,Source022,Source023,Source024,Source025,Source026,Source027,Source028,Source029,Source030,Source031,Source032,Source033,Source034,Source035,Source036,Source037,Source038,Source039,Source040,Source041,Source042,Source043,Source044,Source045,Source046,Source047,Source048,Source049,Source050
0.000169276809439987,0.350831968790551,0.116785043726535,0.14234182958909,0.153511536269198,0.136529621624626,0.000604168876073338,0.00121717397090596,0.00765173142071354,6.5560511708901e-05,0.00323033338682406,0.00012620414792693,0.000644883440000625,0.00434624686618288,0.00198444978252894,0.000578746721950518,0.00151879283432473,0.000733861102962764,0.000616270271952951,0.000792560985169104,0.00105857504414177,0.0014946333883533,0.00380448338840681,0.000500159747429335,0.00159633023918912,0.0070310417506438,0.00546983789225734,0.003054246482291,0.00359230655246655,5.09944451959186e-05,0.00158498791819998,0.000503186008020809,0.00129579117468095,0.00112149523797091,0.00147984639096018,0.0078528513246789,0.00272153821404324,0.00151895644726643,0.000606875522512006,0.000154916101434105,0.00365821630448041,0.00174570780805255,0.00510845486310213,0.00202025040208539,0.000125940634923483,0.00227699300218106,0.00878413413922018,0.00043488859704313,0.000429142337950337,0.00318596987329951,0.00145698763885407
