Unknown,Source001,Source002,Source003,Source004,Source005,Source006,Source007,Source008,Source009,Source010,Source011,Source012,Source013,Source014,Source015,Source016,Source017,Source018,Source019,Source020,Source021,Source022,Source023,Source024,Source025,Source026,Source027,Source028,Source029,Source030,Source031,Source032,Source033,Source034,Source035,Source036,Source037,Source038,Source039,Source040,Source041,Source042,Source043,Source044,Source045,Source046,Source047,Source048,Source049,Source050
0.000649673821662125,0.114147199142749,0.350703446013091,0.157038811356928,0.110078907858408,0.168031635628824,0.000312419361536702,0.00185915444711331,0.00105669811180372,0.00851552840939094,0.00212284165941137,0.00167399350819425,0.00469796973324291,0.00528646713733766,0.00201580887899347,0.003054811652551,0.00242306224320264,0.000849227318718018,3.46352287832896e-05,9.38891493409447e-05,0.000499855922883871,0.00407275929047811,0.00107436988553284,0.00414598554919936,0.00168458665297321,0.0032174290472013,0.00120926920129939,0.00605786577264503,0.00435073670022578,0.00010028748085546,0.0012990811355669,0.00120514208854056,0.00309680486821902,7.6666813026164e-05,0.00319134875296683,0.000959499258426008,0.000300803630617571,0.0043543488399713,1.69382830590448e-05,0.00434614181391856,0.00363259498127643,0.00207595468667723,0.00109633152828378,0.00417902047185702,0.000110896886007385,0.000808373586701282,0.000257283453613071,0.000778923453114592,0.0037532940146248,0.000402110399990486,0.00299911488896525
