Unknown,Source001,Source002,Source003,Source004,Source005,Source006,Source007,Source008,Source009,Source010,Source011,Source012,Source013,Source014,Source015,Source016,Source017,Source018,Source019,Source020,Source021,Source022,Source023,Source024,Source025,Source026,Source027,Source028,Source029,Source030,Source031,Source032,Source033,Source034,Source035,Source036,Source037,Source038,Source039,Source040,Source041,Source042,Source043,Source044,Source045,Source046,Source047,Source048,Source049,Source050
0.00695584310844349,0.162877565075493,0.107529319065918,0.332689642857351,0.16150202842294,0.135401444578299,0.00106771455534501,0.00490756316844582,0.00299854502962147,0.00329095475332356,5.02428088589235e-05,7.85508032727604e-05,0.00305656298476218,0.00375464465847657,0.0015440227089407,0.000999001371756567,0.00138826245814118,0.0046598427220578,0.000601720130842382,0.00344347479945957,0.0058928077745053,0.00237033887786563,0.00135715624901928,0.000966214129438926,0.00650866477711927,5.55720844988031e-05,0.00100971054713625,0.00238327005151627,0.00374071643410997,0.000675250341107845,0.00148811421838294,0.00126135922753506,0.0010800627870796,0.0057428412376724,0.0011149337537424,0.00118176537259125,0.00356157739355821,0.00562871698916735,0.00069376427452668,0.00148141650676835,0.00228847073896223,0.000138516337153086,0.00191820450102291,0.000292497718854996,0.00330568957604143,0.00249906091223714,0.000459980010832682,2.85412900654841e-05,0.000597014888956218,0.00134618244452464,0.000134642492259399
