Unknown,Source001,Source002,Source003,Source004,Source005,Source006,Source007,Source008,Source009,Source010,Source011,Source012,Source013,Source014,Source015,Source016,Source017,Source018,Source019,Source020,Source021,Source022,Source023,Source024,Source025,Source026,Source027,Source028,Source029,Source030,Source031,Source032,Source033,Source034,Source035,Source036,Source037,Source038,Source039,Source040,Source041,Source042,Source043,Source044,Source045,Source046,Source047,Source048,Source049,Source050
0.0021957009332383,0.109579210366172,0.170346853674947,0.106884547256753,0.382014686054822,0.131174702647305,0.000776343005037079,0.000839787624059633,0.00289373200270673,0.00870523179169177,0.00191271248763102,0.00201367437416313,0.00148045380658658,0.000251979785551941,0.00278447237934603,0.00423961284391113,0.00139132706046493,0.0020770856660568,0.000713279505009666,0.00413807106782014,0.00477901318894991,0.000266967217240345,0.000910890049523072,0.00113348564521962,0.00342724026045142,0.000198787799843368,0.00033460095749677,0.00110795526990248,0.000220017177621821,0.000449616368691841,0.000949290498022964,0.000270401839414458,0.000866735363515616,0.000257072513813869,0.000984925184021136,0.00800194305206828,0.00059883431019759,0.00052698656626484,0.00561476412733436,0.00258477922352466,0.000277273586736414,0.000378177922828898,0.000412835462863987,0.00686362352963892,0.000671806660554579,0.00135076620567261,0.000394928140781565,0.00346019434265986,0.00270918347960331,0.0124331846639399,0.00115025505832664
