Unknown,Source001,Source002,Source003,Source004,Source005,Source006,Source007,Source008,Source009,Source010,Source011,Source012,Source013,Source014,Source015,Source016,Source017,Source018,Source019,Source020,Source021,Source022,Source023,Source024,Source025,Source026,Source027,Source028,Source029,Source030,Source031,Source032,Source033,Source034,Source035,Source036,Source037,Source038,Source039,Source040,Source041,Source042,Source043,Source044,Source045,Source046,Source047,Source048,Source049,Source050
0.000111166693900544,0.141516557994849,0.109120253945616,0.113200364435508,0.415916248215903,0.120246575408124,0.00650748470947144,0.00699857257730842,0.00322277355108914,0.0012062141046052,0.000115636435370653,0.000322922591701566,0.00171470019503033,0.00305763413312664,0.00213198142211317,0.00172792674239282,2.71455092391495e-05,0.00183371942750955,0.000324689489489437,0.00140090329453794,0.00101844474694663,0.00114091248138109,0.00245624431622128,0.0057564082266393,0.00353881075750831,0.000237980536446766,0.00504088035062153,0.00110557231694267,0.000565557130432982,0.00056095851649282,0.00179064392879125,7.866712208605e-05,0.00247036755686646,4.82852684626501e-06,0.00223795720951332,0.00225291984258886,0.002686115961435,0.00658363498344784,0.00529750906808298,0.0081005463526027,0.000272995824348438,4.71181371544909e-05,0.00160074112626945,8.49770464333973e-05,0.00204753070381133,0.000568624983631845,0.000316620700636127,0.00029001158724912,0.00802467662987692,0.00111675315381276,0.002001519297996
