Unknown,Source001,Source002,Source003,Source004,Source005,Source006,Source007,Source008,Source009,Source010,Source011,Source012,Source013,Source014,Source015,Source016,Source017,Source018,Source019,Source020,Source021,Source022,Source023,Source024,Source025,Source026,Source027,Source028,Source029,Source030,Source031,Source032,Source033,Source034,Source035,Source036,Source037,Source038,Source039,Source040,Source041,Source042,Source043,Source044,Source045,Source046,Source047,Source048,Source049,Source050
0.00421488931315515,0.208233747080214,0.172717379901908,0.125835294384786,0.259431061643118,0.133782516989973,0.0037459168335281,0.014900154798213,0.000484178995735581,6.2174523698207e-05,0.00531894970061531,0.000862527707038814,0.000923200389595755,0.000680776393814724,0.00025919591137408,0.00347176503139493,0.000736667826423677,0.000888417409948379,0.000318456429783682,0.00233803824399189,0.00211625213317051,0.00384561421068147,0.0024608159415129,0.00312183337318078,0.00107648726768485,0.00218675559645565,7.61715102273229e-05,0.000379390143981049,0.00151282744170371,0.00202222585402809,0.000254555528826493,0.00139737842634968,0.00229105143519383,0.000417922165838135,0.00213200514739989,0.00156229665603851,0.00279334797834165,0.000933346645383073,0.00192679103544408,0.00329050179712089,0.00312484173946602,0.000493529726377718,0.00232773947071012,0.00110775657300343,0.0048064230327307,0.00082082086460254,0.00209855125152974,0.00686256934377201,0.00295258541160824,1.0897216138107e-05,0.000391405573187496
