Unknown,Source001,Source002,Source003,Source004,Source005,Source006,Source007,Source008,Source009,Source010,Source011,Source012,Source013,Source014,Source015,Source016,Source017,Source018,Source019,Source020,Source021,Source022,Source023,Source024,Source025,Source026,Source027,Source028,Source029,Source030,Source031,Source032,Source033,Source034,Source035,Source036,Source037,Source038,Source039,Source040,Source041,Source042,Source043,Source044,Source045,Source046,Source047,Source048,Source049,Source050
0.000920551866172551,0.176796460221496,0.109736733492018,0.220554322681559,0.159300000573557,0.23361248303137,0.00178375722160452,0.00749692084971981,0.00762860529475147,0.00118891280176267,0.0011185315575389,0.00414162278549695,8.36883569593849e-05,0.00503047189756959,0.00274976044098958,0.000359181599315051,0.00693973992378916,0.0030928589146856,0.000953619119271283,0.00383240493554725,0.00379138348559948,0.000425409257675088,0.00182369929545224,0.0014036858884546,0.00451663843440927,0.00143144585286022,0.00087845709532276,9.93195651189274e-05,0.000375081744665901,0.00404883691063066,0.000430427159387466,0.000776286647857633,0.000349053226667732,0.00321518178829264,0.000865226387298822,0.00154471341392865,0.00146859252121699,0.00422750956509045,0.000876169360830438,0.00134349086830108,0.000174825625501351,0.00174716336681722,0.00262103341988073,0.00184966869540469,0.000315986333638684,0.000348019148268552,0.00212174017295539,0.000370684990773011,0.00353268801493289,0.00243696054260591,0.00326999365498673
