Unknown,Source001,Source002,Source003,Source004,Source005,Source006,Source007,Source008,Source009,Source010,Source011,Source012,Source013,Source014,Source015,Source016,Source017,Source018,Source019,Source020,Source021,Source022,Source023,Source024,Source025,Source026,Source027,Source028,Source029,Source030,Source031,Source032,Source033,Source034,Source035,Source036,Source037,Source038,Source039,Source040,Source041,Source042,Source043,Source044,Source045,Source046,Source047,Source048,Source049,Source050
0.00101204586891602,0.208495190656484,0.14337954592828,0.200518450073194,0.150684530365156,0.196922282976887,0.00104224434713422,0.00232293968917587,0.00435020270707472,0.00165353573347703,2.4433410319641e-05,0.00106884516202108,0.00115768387565201,0.000498062975657516,0.000528629539350416,0.000632349731422464,0.010635253667072,4.18844695493191e-05,0.00136954250074904,0.000710570463271973,0.00671213017269509,0.00623295081083511,0.0013308892423314,0.00289759237517759,0.00222951908402295,0.00126722604836265,0.00583810000458774,0.000550471667295081,0.000511350569583293,0.000693889382443735,0.00552701941288342,0.00446302202823949,0.00141735923209896,0.00100369196962164,0.000104919155624181,0.000666858364371136,0.000307104546641641,0.000566713941987866,0.00732455036197415,0.00158071913931682,0.000665936068935069,0.0014936379405061,0.0020528067994886,0.00319675374906655,0.00147377589756688,0.00257611564960625,0.000327870341126037,4.39025347648742e-05,0.00554830745685195,0.00361647110903566,0.000730120802114685
