Unknown,Source001,Source002,Source003,Source004,Source005,Source006,Source007,Source008,Source009,Source010,Source011,Source012,Source013,Source014,Source015,Source016,Source017,Source018,Source019,Source020,Source021,Source022,Source023,Source024,Source025,Source026,Source027,Source028,Source029,Source030,Source031,Source032,Source033,Source034,Source035,Source036,Source037,Source038,Source039,Source040,Source041,Source042,Source043,Source044,Source045,Source046,Source047,Source048,Source049,Source050
0.000538793330949446,0.123850028500926,0.135725038649561,0.208749734562942,0.287065844755174,0.144609353531397,0.000152427901822756,0.000883613029024798,0.00151741239654444,0.000626307427996816,0.000936512198241218,0.0047426692620624,0.00394783378530081,0.00121927295653409,0.00519383807459864,0.00354687862039375,0.00109424909798557,0.000876728811591454,0.004269067813109,0.00261070080211234,0.000255354831301788,0.00233924962890062,0.00306110451487074,0.00900004206118414,0.00338807265670705,0.00761383854866762,0.000428048530194257,0.000932346735784676,0.0015149564244815,0.00782977496109293,0.000206405184398081,4.46261957353027e-05,0.000918838036611187,0.000802808662057634,0.0014509821740215,0.000930361381518388,0.00121406901785433,0.00223096193194878,0.000656830226649209,0.00158221320250531,0.000699272152856981,0.00135063360319977,0.00230988304137486,0.00571967805332012,0.00159361849121425,0.000874069878606052,0.000668162566481401,0.000181532180974822,0.00710265532014683,0.000293844420654746,0.00064945987641761
