Unknown,Source001,Source002,Source003,Source004,Source005,Source006,Source007,Source008,Source009,Source010,Source011,Source012,Source013,Source014,Source015,Source016,Source017,Source018,Source019,Source020,Source021,Source022,Source023,Source024,Source025,Source026,Source027,Source028,Source029,Source030,Source031,Source032,Source033,Source034,Source035,Source036,Source037,Source038,Source039,Source040,Source041,Source042,Source043,Source044,Source045,Source046,Source047,Source048,Source049,Source050
0.00412998955378249,0.227811329324827,0.184636977666259,0.207442114282698,0.11824044989654,0.161869128829675,0.0127501352294775,0.000705852956469513,0.0031064249745285,0.000237725414463603,0.00410453406364096,0.000378562113961775,0.00169697469686076,0.000522015575308865,0.00617527544021765,0.000615418329060304,0.000250121141822537,0.000433064537130201,0.00126926535756765,0.0010640034783374,0.000699138987383135,0.00109944742622411,7.78223897661247e-06,0.00466633699614191,0.00194226072413444,0.000238430571087093,0.00339641037839648,0.000559946677597346,0.00691390661937743,0.00112073464511961,0.00328793577573458,0.000278020212988735,0.000891348270409415,0.000361456736131353,0.00390263741151029,0.00192332979004103,0.00379989827308341,0.00121936769350359,0.00122012728788933,0.000449721624226186,0.000287068219256208,0.00116231419867854,0.00741542432957036,0.000436413508343793,0.00356350611665716,6.26363225885976e-06,0.00634366491091052,0.00254815294342491,0.000455601249581617,0.00138464261276525,0.000979347075967
