Unknown,Source001,Source002,Source003,Source004,Source005,Source006,Source007,Source008,Source009,Source010,Source011,Source012,Source013,Source014,Source015,Source016,Source017,Source018,Source019,Source020,Source021,Source022,Source023,Source024,Source025,Source026,Source027,Source028,Source029,Source030,Source031,Source032,Source033,Source034,Source035,Source036,Source037,Source038,Source039,Source040,Source041,Source042,Source043,Source044,Source045,Source046,Source047,Source048,Source049,Source050
0.000705261748544274,0.127610649442925,0.224519243003745,0.287402915549613,0.138396895438006,0.122070296565711,0.00651654373730341,0.00237143786765016,0.00217618903810135,0.00110375194502295,0.00569806670700807,0.00184639138586878,0.00210283905589514,0.00106790641427028,0.00106823607698206,0.0106860366601251,0.000482186261908785,0.000421631960629731,0.00440905845075861,0.00676881821388914,0.00171801279832288,7.78754262868929e-05,0.00182050618961055,0.00225148592433977,0.00124577388557344,9.35919781644407e-05,0.000261751049442875,0.00450703379154058,0.00432257089151416,0.00411021224662039,0.00137777778559409,0.00141222337975734,0.0024048055581198,0.000429327607963671,0.000711422295813125,0.00015514884817688,0.00555812476834274,0.000845401138784482,0.000869668953304225,0.00279695245957721,0.00272911053390506,0.00157350578986484,0.000852790953439598,0.000128211231475597,0.00083134059162234,0.00160464754272309,0.00459770081273251,0.000366964795844879,0.00165626914790415,0.000848802051809167,0.000416634047871302
