Unknown,Source001,Source002,Source003,Source004,Source005,Source006,Source007,Source008,Source009,Source010,Source011,Source012,Source013,Source014,Source015,Source016,Source017,Source018,Source019,Source020,Source021,Source022,Source023,Source024,Source025,Source026,Source027,Source028,Source029,Source030,Source031,Source032,Source033,Source034,Source035,Source036,Source037,Source038,Source039,Source040,Source041,Source042,Source043,Source044,Source045,Source046,Source047,Source048,Source049,Source050
0.00259662633709396,0.120253050121395,0.280324292580073,0.187838686908847,0.159016625830918,0.152567344558766,0.000241339088354941,0.00438157583615534,0.00235694341491276,4.24054711831983e-05,0.00118349724253872,0.000966667049188889,0.000659905695569545,0.000104267828439845,0.000401193027009043,0.000268758662509292,0.000603082035514393,0.000116280593523432,0.00275082346795335,0.00348434002476172,0.00351589550060411,0.00262486390324778,0.00574575922801774,0.00146168970211925,0.00110357918797543,0.00566671452179195,0.00156379356253522,0.000785709067164474,0.00476131947174357,0.00939343414471793,0.000457872018559697,0.000605235950285716,0.00108232953546202,0.000978200583526768,0.00235904769830344,0.00383880846780633,0.000271874503605935,0.00199706941672193,0.00210630992211948,3.80953313096009e-05,0.00177007722030773,0.00277470908602878,0.00248616618646412,0.0029092588663801,0.000235055768323069,0.000733869506889438,0.00186765631827881,0.00447680370204584,0.00145613893804696,0.00720264994602111,0.0035723069688872
