Unknown,Source001,Source002,Source003,Source004,Source005,Source006,Source007,Source008,Source009,Source010,Source011,Source012,Source013,Source014,Source015,Source016,Source017,Source018,Source019,Source020,Source021,Source022,Source023,Source024,Source025,Source026,Source027,Source028,Source029,Source030,Source031,Source032,Source033,Source034,Source035,Source036,Source037,Source038,Source039,Source040,Source041,Source042,Source043,Source044,Source045,Source046,Source047,Source048,Source049,Source050
0.00182000932722953,0.248916977465056,0.17211670344067,0.191840665085977,0.12306731355703,0.164058340451267,0.000491395034508744,0.00143779373102393,0.00445964593671754,0.00474007659244749,0.00173393114066926,0.00129062079239105,0.00672944915277673,0.00326765326458813,0.000173521340042442,0.000713381930737816,0.000661357948834995,0.00115806169768417,0.00175344127199446,0.000878069707307638,0.00451302657877289,0.0028179435937589,0.00184632773846772,0.00346129357238732,0.010917147207909,0.0023085536312961,0.000607992221260158,0.000936373724972225,0.000358699524898447,0.000693863433093499,0.000873819386063979,0.00126125913801129,0.00146273516839614,0.00170187597286433,4.52968526682284e-05,0.00388172180721334,0.00400706213888022,0.00433331514346691,0.000936536683307405,0.00389676969572324,0.000272235538595838,0.000693578473537169,0.00339467786751199,0.00203497003076971,0.00185648966373287,0.000187147805028168,0.00157662395544779,0.00175622535983636,0.000127529755824209,0.00398661651860089,0.00194388294874975
