Unknown,Source001,Source002,Source003,Source004,Source005,Source006,Source007,Source008,Source009,Source010,Source011,Source012,Source013,Source014,Source015,Source016,Source017,Source018,Source019,Source020,Source021,Source022,Source023,Source024,Source025,Source026,Source027,Source028,Source029,Source030,Source031,Source032,Source033,Source034,Source035,Source036,Source037,Source038,Source039,Source040,Source041,Source042,Source043,Source044,Source045,Source046,Source047,Source048,Source049,Source050
0.000311513232755199,0.164497194437314,0.171413591254596,0.320244688518684,0.120072252335527,0.123772273453878,0.00485166117162308,0.00173974057268959,4.68709721398533e-05,0.0049111713912346,0.00263322594386548,0.000569733208686376,0.00288895439033988,0.00088607891942681,0.000592431449931365,0.00029826411174188,0.00212554672047902,0.00245390994574758,0.000745448516953252,0.00109614134984571,0.000809847878967542,0.000573733300737699,0.00789686903029201,0.000271368635420262,0.000604375178515781,0.00270120899374549,0.00476532263916019,0.0010992413412844,0.000554524645729614,8.65216789162354e-05,0.000139417701428771,0.000420592923993589,0.00356912813070822,0.00599849409139486,0.00484512511848535,0.00157997817160586,0.00314206479631872,0.000416081594729723,0.0065804482319962,0.00276214243997221,0.00570747465172103,0.000456877999845216,0.00079588393064433,0.00357483302646101,0.00501993651396585,0.00103293077037836,0.00249485641435028,0.00156785035029571,0.00388583930534632,0.000433831525131716,6.25070909977734e-05
