Unknown,Source001,Source002,Source003,Source004,Source005,Source006,Source007,Source008,Source009,Source010,Source011,Source012,Source013,Source014,Source015,Source016,Source017,Source018,Source019,Source020,Source021,Source022,Source023,Source024,Source025,Source026,Source027,Source028,Source029,Source030,Source031,Source032,Source033,Source034,Source035,Source036,Source037,Source038,Source039,Source040,Source041,Source042,Source043,Source044,Source045,Source046,Source047,Source048,Source049,Source050
5.20546031223561e-05,0.142734871542505,0.11134748254208,0.242595463861356,0.229501852315671,0.173820329738387,0.00127392617340668,0.00265881000943389,0.000600989690201471,0.000426306618716069,6.20615034947736e-05,0.0012313378102474,0.00189776423394524,0.00122320125667263,0.00314489406782849,0.00481586072843544,0.000229045822633015,0.00401324547112538,0.00144031947586786,0.00269320456135595,0.00549604304426485,0.000548859711191218,0.000737781093248092,0.000653288104268483,0.010018643434371,0.00272251444076135,0.000576643801543673,0.000866738871013033,0.00612812670151997,0.00302840891052399,0.000196208162569563,0.00396848832174564,0.0112940971404329,0.00146044948896068,0.00109177706099578,0.00260656833428623,0.000980756957539175,0.00554024489861757,0.00441472337888304,0.000531537652081335,0.00152561694111779,0.0020484469838344,0.000448760796785862,0.00224557971532217,0.00301463843775747,0.00103737477699619,0.000203438534110167,0.000358941045197901,8.59115946315493e-05,0.000107175260255267,0.000299194378687002
