Unknown,Source001,Source002,Source003,Source004,Source005,Source006,Source007,Source008,Source009,Source010,Source011,Source012,Source013,Source014,Source015,Source016,Source017,Source018,Source019,Source020,Source021,Source022,Source023,Source024,Source025,Source026,Source027,Source028,Source029,Source030,Source031,Source032,Source033,Source034,Source035,Source036,Source037,Source038,Source039,Source040,Source041,Source042,Source043,Source044,Source045,Source046,Source047,Source048,Source049,Source050
0.000891456691947971,0.188757647347892,0.129863357481152,0.163084512410247,0.143439407084548,0.274855075676161,0.00181191228228822,0.00118478376803897,0.00295450473468158,0.000815007641884436,0.00528207456021631,0.00159006704370436,0.000301616630944706,0.00225987909897587,0.000377392270697678,0.00413974462557945,3.28025135642362e-05,0.00148641613036582,0.00296430035847665,0.00270071456610069,0.00101556595431088,0.00501370795061968,0.00171333558099415,0.00018893800611404,0.0034154149133711,0.0049254278040944,0.00248412184447591,0.00421215144889377,0.000988708566807668,0.00413722742938654,0.00177703016360859,0.00358072515247229,0.00073624310313076,0.00153314814530126,0.00651308964255112,0.0035412174395468,0.00308323534266657,0.0023552778389757,0.00276659684146373,0.000493123965002981,0.00248259066067662,9.00771668494557e-05,0.000357350922951017,0.00137774226943335,0.000994727694159513,0.00124441821479755,0.00152166793590825,0.000668551356200648,0.00279951942041028,0.00474668712333234,0.000449707184026043
