Unknown,Source001,Source002,Source003,Source004,Source005,Source006,Source007,Source008,Source009,Source010,Source011,Source012,Source013,Source014,Source015,Source016,Source017,Source018,Source019,Source020,Source021,Source022,Source023,Source024,Source025,Source026,Source027,Source028,Source029,Source030,Source031,Source032,Source033,Source034,Source035,Source036,Source037,Source038,Source039,Source040,Source041,Source042,Source043,Source044,Source045,Source046,Source047,Source048,Source049,Source050
0.00025720656461533,0.103752013575644,0.388018429580981,0.144399552928722,0.133046004230073,0.130783999684579,0.00246043867216155,0.00199539256932683,0.000530289780005841,0.000664505994595855,0.00834737140513236,0.00146811212335207,0.00115608468559751,0.00414620703946535,0.00501836797550117,0.00031110456347053,0.00287578778294622,0.00044363475968507,0.00523933579652285,0.00413335911397013,0.000492255217713464,0.00117853505949159,0.00360131022044389,0.000104298420592987,0.00485381793176954,0.0024739236617748,0.00174666418940845,0.00214543809262242,4.52820488678063e-05,0.00317697233920309,0.00320909130954926,0.00177050569387629,0.000337979349057904,0.00365729331711894,0.000924037941682373,0.000273772205554702,0.00205859114056903,0.00204868498982742,0.00330968596733616,0.00416923438086669,0.000110390350927092,0.000243735977850586,0.00145096032062654,0.00047646268601698,0.00333113490093503,0.00297420230065486,0.00183725981296208,0.00349192940997963,0.00207589711743323,0.00245778790068517,0.00092566691825329
