Unknown,Source001,Source002,Source003,Source004,Source005,Source006,Source007,Source008,Source009,Source010,Source011,Source012,Source013,Source014,Source015,Source016,Source017,Source018,Source019,Source020,Source021,Source022,Source023,Source024,Source025,Source026,Source027,Source028,Source029,Source030,Source031,Source032,Source033,Source034,Source035,Source036,Source037,Source038,Source039,Source040,Source041,Source042,Source043,Source044,Source045,Source046,Source047,Source048,Source049,Source050
0.0013542571102573,0.197184666281345,0.229810428782315,0.144885407710684,0.163129528320963,0.164989968904693,0.000311348134236292,0.00177888661358699,0.000128266183409181,0.00130173239725304,0.00511928107222121,0.00104182304038821,0.000284636028309617,0.000773811498434137,0.00311713411380072,0.00459107003844619,0.00609685302157724,0.000307862366675452,0.00393330597753762,0.00342307330404703,0.00223118428481129,0.0016620446346141,0.000101273127936048,0.00277064189393182,0.00752980674623899,0.00350755367252896,0.00438386816037271,0.00166554501361791,0.00402367029929607,0.00132451535984006,0.00141496630543036,0.000535644282935788,0.00278794638282518,0.000233756284223289,0.00483888669559629,0.000354732319254537,0.00528489891600455,0.00370097721402819,0.000475155065724113,0.00294256335215415,8.071927588833e-06,0.000400168857916902,0.000167760592820233,0.000845782127158451,0.00806535596329871,0.000162957604755041,0.000511992216691254,0.00109831254529743,0.000537865341181929,0.000313355428055159,0.00255540648369138
