Unknown,Source001,Source002,Source003,Source004,Source005,Source006,Source007,Source008,Source009,Source010,Source011,Source012,Source013,Source014,Source015,Source016,Source017,Source018,Source019,Source020,Source021,Source022,Source023,Source024,Source025,Source026,Source027,Source028,Source029,Source030,Source031,Source032,Source033,Source034,Source035,Source036,Source037,Source038,Source039,Source040,Source041,Source042,Source043,Source044,Source045,Source046,Source047,Source048,Source049,Source050
0.00412089734176558,0.194588785295159,0.332576278300912,0.100382794074665,0.168013764548088,0.104438377781176,0.000542357227483121,0.000508597932618868,0.00489641611536956,0.000242717949496957,0.000258528742068688,0.00013084366651536,0.00409188400491716,0.00234174815029131,0.00360608464843561,0.0037548442648456,0.000327294507466841,0.0041137443287605,0.00314987787327849,0.00198611900333295,0.000696067588786019,0.00108810437639808,0.00310543190634695,0.000971228913632851,0.00178477999386048,0.00416387898629754,6.31202829212957e-05,0.00493822279427677,0.000411960379459316,0.00038258769605633,0.000321015711255854,0.00231838476422033,0.00026662438131551,0.00573441165259928,0.000430949523269355,0.00154541482453071,0.00506764092841468,1.02853147849866e-05,0.00426975039070565,0.000377151879526309,0.000748549284584755,0.00158596659568336,0.00549995024375574,0.000310793751785598,0.00716715349199126,0.00352985249494796,0.00442682675053013,0.0011967648665718,0.00116657542565337,1.75580792656807e-05,0.00233104096992544
