Unknown,Source001,Source002,Source003,Source004,Source005,Source006,Source007,Source008,Source009,Source010,Source011,Source012,Source013,Source014,Source015,Source016,Source017,Source018,Source019,Source020,Source021,Source022,Source023,Source024,Source025,Source026,Source027,Source028,Source029,Source030,Source031,Source032,Source033,Source034,Source035,Source036,Source037,Source038,Source039,Source040,Source041,Source042,Source043,Source044,Source045,Source046,Source047,Source048,Source049,Source050
0.000657411566039452,0.140139479893435,0.171608947214397,0.12989396799676,0.293598887307025,0.164758717588383,0.00250415745205282,0.000743265912601697,0.0038380790933804,0.00096104448836657,0.0034439678241151,0.000686851354450012,0.000119682182058515,1.71927637467963e-05,0.00116831022665155,0.000265618725986357,0.0043693287145893,0.00185368029112389,0.00380583921603137,0.0012675655321845,0.00109354252058173,0.00149800924895131,0.00330988538520287,0.000241873398095857,0.000874703326519953,0.00115491620378766,0.00400691576836135,0.0120669939969732,0.00127908553180311,0.00189404077593378,0.00272527930729724,0.000603387729237702,0.000371955278915925,0.00130896992717316,0.000436425553033506,0.00226355853875975,0.00554572679951453,0.000952637569743831,7.20147039938634e-05,0.00124077578415254,0.0020427116643,0.000665415621223939,0.0120230660880656,0.00550085610915087,0.000836542563096005,0.000172166883888357,0.00530956481230747,7.04868442746988e-05,0.00148599623943566,0.00308290136738722,0.000167599115459041
