Unknown,Source001,Source002,Source003,Source004,Source005,Source006,Source007,Source008,Source009,Source010,Source011,Source012,Source013,Source014,Source015,Source016,Source017,Source018,Source019,Source020,Source021,Source022,Source023,Source024,Source025,Source026,Source027,Source028,Source029,Source030,Source031,Source032,Source033,Source034,Source035,Source036,Source037,Source038,Source039,Source040,Source041,Source042,Source043,Source044,Source045,Source046,Source047,Source048,Source049,Source050
0.000573362598165555,0.168168733481267,0.1471440381732,0.165386812107874,0.11600651931278,0.303293896924879,0.000630382375297852,0.00213078288108216,0.000577763536661717,0.00584586851068176,0.000130476194230806,0.00149664767706461,0.00107478557662338,0.00169044817614051,0.00144517982839077,0.00101703941541523,0.00571407938236913,0.00503118456590622,0.00586130028994576,0.000269604202256236,0.00482537182630031,1.57394385427584e-06,0.000971634818469223,0.00199179333808912,0.00233315057082033,0.00179046978420858,0.00116321048803681,0.00252997760137523,0.00356031167743892,6.23308977294181e-05,0.00610468559518235,0.000176934680427791,0.00470476263616095,0.00119163861764333,0.000122325298578946,0.00124122409097979,0.00401374059766817,0.00123542506444135,0.00519827952655917,0.00141910613770327,0.00335989711313264,0.00101006352856924,0.00229264263533411,0.00436721676908794,0.00193540861559234,0.000308025066189895,0.00273882764371291,0.00129497942652606,0.000183493102061121,0.00319514205489258,0.00118745164300212
