Unknown,Source001,Source002,Source003,Source004,Source005,Source006,Source007,Source008,Source009,Source010,Source011,Source012,Source013,Source014,Source015,Source016,Source017,Source018,Source019,Source020,Source021,Source022,Source023,Source024,Source025,Source026,Source027,Source028,Source029,Source030,Source031,Source032,Source033,Source034,Source035,Source036,Source037,Source038,Source039,Source040,Source041,Source042,Source043,Source044,Source045,Source046,Source047,Source048,Source049,Source050
0.000650149085561915,0.148518794229118,0.122675888049894,0.100760025836313,0.191798431713504,0.336246860171171,0.00084040289527269,0.00658775144060539,0.00198912822844128,0.00178236384584168,0.00740123026350754,0.00011896522527749,0.000557234042592151,0.000129836088961476,0.00281763813437986,0.0104668403844034,0.000422963966428104,0.00300081911325885,0.000125059059154035,0.00173215174082045,0.0020939842329072,0.00201773490962614,0.00138406115640821,0.00675063995080534,0.00255103473126038,0.000880531911919558,0.00715849507731217,0.00273993849127092,0.000138140930698553,0.000611396990971563,0.00242910134720907,0.000882486844320604,0.00384957340410758,0.000563158460667943,0.00190272468361155,0.0018828264754342,0.00041897279776153,0.00182186505090153,0.00253512476283638,0.00269991504417114,0.000588053494319108,0.000538530613887167,0.00054946133902177,0.00025383774264434,0.00147578534253183,0.000393731918586706,1.264042098985e-05,0.00105278235530233,0.00655052000766182,0.00405205952235449,0.000598356473992719
