Unknown,Source001,Source002,Source003,Source004,Source005,Source006,Source007,Source008,Source009,Source010,Source011,Source012,Source013,Source014,Source015,Source016,Source017,Source018,Source019,Source020,Source021,Source022,Source023,Source024,Source025,Source026,Source027,Source028,Source029,Source030,Source031,Source032,Source033,Source034,Source035,Source036,Source037,Source038,Source039,Source040,Source041,Source042,Source043,Source044,Source045,Source046,Source047,Source048,Source049,Source050
0.000933191015464633,0.119269382209222,0.139063403846525,0.354011784894987,0.111621238090433,0.176034190958834,0.00131855550393853,0.00162407711387638,0.000464512257001957,0.00465827568179447,0.000227684129273035,0.00394826630194994,0.0027053434207621,0.00168274468258999,0.00469412292522557,0.00143147216431252,0.00176577567437244,0.00073811789920621,0.00200771967556092,0.000826166157594741,0.000215051464450128,0.00183404493577756,0.00287933989002125,0.00171956057291224,0.00429279576369856,0.00190019281082692,0.0117942615632224,0.000506933098954339,0.001967941784981,0.0010232971994699,0.000817369994335086,0.00417931289426646,0.00267597179748891,0.00391196376813705,0.00298010321370184,0.00327292341948649,0.00661267891236866,9.64515456910529e-05,0.00168599706031198,0.00454929502253894,3.79617350944321e-05,0.000653113025447392,0.00212128427122074,0.00132615552405393,0.000342045439875357,0.000524420814886154,0.000192270269666457,0.00375820941689974,0.000898777938377635,0.000536930741802933,0.00166731950711102
