Unknown,Source001,Source002,Source003,Source004,Source005,Source006,Source007,Source008,Source009,Source010,Source011,Source012,Source013,Source014,Source015,Source016,Source017,Source018,Source019,Source020,Source021,Source022,Source023,Source024,Source025,Source026,Source027,Source028,Source029,Source030,Source031,Source032,Source033,Source034,Source035,Source036,Source037,Source038,Source039,Source040,Source041,Source042,Source043,Source044,Source045,Source046,Source047,Source048,Source049,Source050
0.00571938592752417,0.16772838932055,0.218848118272086,0.238582041982445,0.118414619684454,0.156426830740465,0.00630650831456694,0.00632467337079257,0.000424426160572165,0.00558482541762203,0.00223719130854463,0.000217905764360761,0.00263695833503851,0.000326040560382334,0.00112409986091633,0.00572428732671989,1.09736189421889e-07,0.00297337786625473,0.000702800142221091,0.000661051739156869,0.000484395543557619,0.000547381219159873,0.00183776708956188,0.00347800512458598,0.00437561266904239,0.00121877288535839,0.00217231167064644,0.00312859141932581,0.000871511153302825,0.00102723586093939,0.000911329559403867,0.00077747154304763,0.000601707288183443,8.24241257481591e-05,0.00378283750414223,0.000132344161202348,0.00055502487071503,0.000423408061472351,0.00126042041549741,0.00262528478194695,0.00430499163089616,0.00102591183990118,0.0032205937981656,0.000142733736738233,0.00544467461979377,0.00064914171820005,0.00580839565640012,0.00257976717179334,0.00269674210987441,0.00271570804925956,0.000153860891275139
