Unknown,Source001,Source002,Source003,Source004,Source005,Source006,Source007,Source008,Source009,Source010,Source011,Source012,Source013,Source014,Source015,Source016,Source017,Source018,Source019,Source020,Source021,Source022,Source023,Source024,Source025,Source026,Source027,Source028,Source029,Source030,Source031,Source032,Source033,Source034,Source035,Source036,Source037,Source038,Source039,Source040,Source041,Source042,Source043,Source044,Source045,Source046,Source047,Source048,Source049,Source050
0.00219623257870763,0.176051378995449,0.224458349947683,0.183708522860109,0.198626111995041,0.117155636201719,0.00291448477434573,0.00700158489160693,2.3659888923174e-05,0.0015820251272502,0.000966522364188541,0.00241887600926188,0.000826428381109192,0.0040005871350902,0.00550063674753975,7.69989483681026e-05,0.00211815825819951,0.000162304274503773,0.000965816543532174,0.00205854643460012,0.000324712835118872,0.00326629668709598,0.00193757087670428,0.00510357128657886,0.00294535509206192,0.00252357451284304,0.000269733496390154,0.0104555071399147,0.00405416664662363,1.48589166306085e-05,0.00392556151337666,0.00127952800208191,0.00121917756188195,0.00397208360904091,0.00218807362762051,0.000728981110337962,0.000286852601902209,2.19852986761605e-05,0.000329021349374206,0.00194973943501859,0.00233068565417744,0.00154460336963048,0.00408916398638381,0.0050410784402214,0.00178864088733828,0.00167862150590536,0.000116984054984929,0.00058540128453697,0.000847425611307816,0.00171175889111071,0.00065642235790278
