Unknown,Source001,Source002,Source003,Source004,Source005,Source006,Source007,Source008,Source009,Source010,Source011,Source012,Source013,Source014,Source015,Source016,Source017,Source018,Source019,Source020,Source021,Source022,Source023,Source024,Source025,Source026,Source027,Source028,Source029,Source030,Source031,Source032,Source033,Source034,Source035,Source036,Source037,Source038,Source039,Source040,Source041,Source042,Source043,Source044,Source045,Source046,Source047,Source048,Source049,Source050
0.00283071384990979,0.16384279309237,0.13189482461353,0.229799009278959,0.114727532467803,0.259735840547338,0.00411284318008774,0.00434348573779005,0.00184692711003994,0.00109113083080118,0.00529601085446816,0.000399883168387113,0.000445552760402796,0.00270619757183751,0.00205171158813866,0.00843671338386855,0.00231343694383113,0.00145427209089985,0.00144063519158127,0.00217024199389446,0.000809363173571186,0.000439661051008263,0.000246802102188868,0.0012044744104417,0.0012343087913999,0.000325736759431902,0.00529809509858112,0.000474646554206617,0.000828077437732496,5.91102682050359e-05,0.00108147809719101,0.00351640263085235,0.000553816363372334,0.000733195769851942,0.00598102040287314,0.000994259553049827,0.00162810569648325,0.00412527541448108,0.00191848232248503,0.00177196491383449,0.00268137185066226,0.000132629131605684,0.000446344874644353,0.00778058243863963,0.000248590375254635,0.0018910690533164,0.00469041747152663,0.000190533649553292,0.00124914407901255,0.00463623808697293,0.00188904592163191
