Unknown,Source001,Source002,Source003,Source004,Source005,Source006,Source007,Source008,Source009,Source010,Source011,Source012,Source013,Source014,Source015,Source016,Source017,Source018,Source019,Source020,Source021,Source022,Source023,Source024,Source025,Source026,Source027,Source028,Source029,Source030,Source031,Source032,Source033,Source034,Source035,Source036,Source037,Source038,Source039,Source040,Source041,Source042,Source043,Source044,Source045,Source046,Source047,Source048,Source049,Source050
0.000570280947090341,0.155705216715986,0.204944280258229,0.218242160102023,0.129648755613699,0.191459587310064,0.00526976751154219,0.00210402492779191,0.000500393532439864,0.000430388065931238,0.000449486235309001,0.000593434219628627,0.000414656703794973,0.00273981979722761,0.000117937896401524,0.00439930022746346,5.88713287017896e-05,0.00558893068931123,0.00133582663844395,0.000756586892599216,0.00112953548537715,0.00259236094454937,0.00123656968354684,0.00351763984056386,0.00298910079018426,0.00350037120310811,0.00250997974790279,0.00647546631296555,8.17856800339625e-05,2.73079723709231e-05,0.000798425179875486,0.000720190286303273,0.00143762183670666,1.15202564598335e-05,0.00981862199407209,0.000229134189966803,0.00326066654517256,0.00320514084348297,0.00275905668153809,0.000879333887319208,0.00343488744319276,0.000190170608044383,0.00627839880338743,8.79814920029102e-05,0.00294611225645831,0.000850995846941482,0.00221850623252433,0.00239779387197862,0.00260636121562963,0.00200301064639322,0.00447624660827017
