Unknown,Source001,Source002,Source003,Source004,Source005,Source006,Source007,Source008,Source009,Source010,Source011,Source012,Source013,Source014,Source015,Source016,Source017,Source018,Source019,Source020,Source021,Source022,Source023,Source024,Source025,Source026,Source027,Source028,Source029,Source030,Source031,Source032,Source033,Source034,Source035,Source036,Source037,Source038,Source039,Source040,Source041,Source042,Source043,Source044,Source045,Source046,Source047,Source048,Source049,Source050
0.00162318795244931,0.154452101464946,0.308000844545495,0.195348679452412,0.140970499134625,0.101227875402521,0.000255118330376813,9.30990819847023e-05,0.00505837986874356,0.00531316151659248,0.000840743031562316,0.00019390521868534,0.000960208431635223,0.000153340171408529,0.00188177351555968,0.00562726269069893,0.00220563648561269,0.000517155173136697,0.00641134292639077,0.00183470377774873,0.00032178833036503,0.00500738223150912,0.000732945005330894,0.00193655355875685,0.00440340613658613,0.000786540993315663,0.00200473417688136,0.0016971782760937,0.00166838406895088,0.00109219137338783,0.00115390705081932,0.00276757415080315,0.000460552125191633,9.18700728399578e-05,0.00171016493742851,0.0060205908752137,0.00335769969402801,0.00865835578828985,0.000205088717849755,4.00517386215262e-05,0.000572651870747488,0.00609790741555804,0.00261802101024605,3.50807138605215e-05,0.000117929659474195,0.00165575589010794,0.0054872415218441,0.00250870483869879,8.38704456524722e-06,0.00106663876716714,0.00274570379288179
