Unknown,Source001,Source002,Source003,Source004,Source005,Source006,Source007,Source008,Source009,Source010,Source011,Source012,Source013,Source014,Source015,Source016,Source017,Source018,Source019,Source020,Source021,Source022,Source023,Source024,Source025,Source026,Source027,Source028,Source029,Source030,Source031,Source032,Source033,Source034,Source035,Source036,Source037,Source038,Source039,Source040,Source041,Source042,Source043,Source044,Source045,Source046,Source047,Source048,Source049,Source050
0.00262250883796145,0.228087728743343,0.144899740725497,0.196894017880938,0.212032880904621,0.118085631745602,0.00158390650346096,0.0028244863465577,0.0040227272703781,0.00314058160958388,0.00454557142409086,0.000578467856074428,0.0004309272454659,0.00664162352924372,4.24590543333211e-06,0.0012145514891902,0.00843781792791123,0.00231332912631103,0.000686546234115744,0.0016677891135413,8.57493090075259e-05,0.0012497944951309,0.000888485903585227,0.00324284201829008,0.00191582236496769,0.00705731589866885,0.00292994238756511,0.0035371776922938,0.00157419758129638,0.00148309247592966,0.00209748260300328,0.00147967243285105,0.00107712384434688,0.000123280109651907,0.00848147497209016,0.000953355736709689,0.000119802374821586,0.00245324804323027,0.00153013964410882,0.00199928423941736,0.000197369136122478,0.00109050259231683,0.00115800489762772,0.00185745179225928,0.000830298632163197,0.000351360176761618,0.000112855980761833,0.00105109722008481,0.00306924496351479,0.00360899951177257,0.00167845055032875
