Unknown,Source001,Source002,Source003,Source004,Source005,Source006,Source007,Source008,Source009,Source010,Source011,Source012,Source013,Source014,Source015,Source016,Source017,Source018,Source019,Source020,Source021,Source022,Source023,Source024,Source025,Source026,Source027,Source028,Source029,Source030,Source031,Source032,Source033,Source034,Source035,Source036,Source037,Source038,Source039,Source040,Source041,Source042,Source043,Source044,Source045,Source046,Source047,Source048,Source049,Source050
0.00201454228320282,0.103580083804438,0.337706719628702,0.167855519026541,0.113557931124632,0.177299746415688,0.000575999359762948,0.00120763180741036,0.00228868238064576,0.000314514842395694,0.000154151027776932,0.00283339466650087,0.00158340389186567,0.00131320471661912,0.000863253463729272,0.0018900013728874,0.00314071132481699,0.000215255196709188,0.00110477326346831,0.00386968301278559,0.000143972891555691,0.00163333313901436,0.00258326324286078,0.00427101892251566,0.00265972456028537,0.00131197410221531,0.000155287451322017,0.00117377261598443,0.00113546702106402,0.00205762939985604,0.00143816992930666,0.00249606489748682,0.000225132438863583,0.00272655791520155,0.00526426479868061,0.00592492014695135,0.0117135739133657,0.00101332363038747,0.00090399813219735,0.00171200676693232,0.000788245540397248,0.000311881222718399,0.00189906052316495,0.00167524058561076,0.0032234348776706,0.00342509568296092,0.000975459546508163,0.000171503740693362,0.00154792090967534,0.00787525699008707,0.00419424185388918
