Unknown,Source001,Source002,Source003,Source004,Source005,Source006,Source007,Source008,Source009,Source010,Source011,Source012,Source013,Source014,Source015,Source016,Source017,Source018,Source019,Source020,Source021,Source022,Source023,Source024,Source025,Source026,Source027,Source028,Source029,Source030,Source031,Source032,Source033,Source034,Source035,Source036,Source037,Source038,Source039,Source040,Source041,Source042,Source043,Source044,Source045,Source046,Source047,Source048,Source049,Source050
0.00127486647135423,0.217881819497626,0.182487978330715,0.126173275057001,0.270336469488026,0.103120457626631,0.00176335975286607,0.00197410286865921,0.00246708556380415,0.00505340761109814,0.000248946419789818,0.00160243507464152,0.00349840049822177,0.000154151749705735,0.00127917010505013,0.000900119935654875,0.00225314991694823,0.000732580031147781,0.00104227007230602,0.00134200612147245,0.00300672024451617,0.00176723330930772,0.00358188305307522,0.000880281336835125,0.0029421940482525,0.00345403990973388,0.00272810312338683,0.000121877405934827,0.00372255742718169,0.00397820645289697,0.0025399152561153,4.04074639382874e-05,0.000530977931546938,0.00331961641907891,0.000414761731190473,3.34319366609087e-05,0.000747370146978187,0.00194867165650016,0.00145108162345379,0.00716561846280061,0.0027134863888418,0.0040259909920493,0.00100879596510579,0.00401431644893427,0.000397334787649926,0.0048599201971056,0.0012987931432957,0.00206226670464144,0.00474867396602296,0.00113861086435783,0.00377080940989073
