Unknown,Source001,Source002,Source003,Source004,Source005,Source006,Source007,Source008,Source009,Source010,Source011,Source012,Source013,Source014,Source015,Source016,Source017,Source018,Source019,Source020,Source021,Source022,Source023,Source024,Source025,Source026,Source027,Source028,Source029,Source030,Source031,Source032,Source033,Source034,Source035,Source036,Source037,Source038,Source039,Source040,Source041,Source042,Source043,Source044,Source045,Source046,Source047,Source048,Source049,Source050
0.00145236826672706,0.107325593181432,0.216885897316736,0.150170680584613,0.136495060809302,0.289122768107917,0.00223415014691796,0.0022001912640125,0.00284995371404956,0.000657525585378633,0.000406005944425161,0.000120946136109714,0.000719887977364266,0.000588193924702711,0.00019824163826244,0.000139522319961501,0.0111834444098092,0.00197847551294857,0.00526377363332091,0.00868230591651699,0.00271190473837406,0.00405419740304981,0.010011992117687,0.000443626229468561,0.00218546021112806,0.000200102572919586,0.00084192836188485,0.00028168947632883,0.00088418140363495,0.00013405094631052,0.000336443828429931,0.00485123017911431,0.00579579296137854,0.00289816092761871,0.000790977976522124,0.000222245545813713,0.000746660747066149,2.16245105501454e-05,0.00038684365010656,0.00287126138826944,0.000121992914235856,0.00177170620600169,0.00232424140782331,0.00247599777711502,0.00449659512107137,0.0017032117255644,0.000965939737624543,0.000541822959227149,0.00424858955676456,0.00166572954294612,0.000338811485463005
