Unknown,Source001,Source002,Source003,Source004,Source005,Source006,Source007,Source008,Source009,Source010,Source011,Source012,Source013,Source014,Source015,Source016,Source017,Source018,Source019,Source020,Source021,Source022,Source023,Source024,Source025,Source026,Source027,Source028,Source029,Source030,Source031,Source032,Source033,Source034,Source035,Source036,Source037,Source038,Source039,Source040,Source041,Source042,Source043,Source044,Source045,Source046,Source047,Source048,Source049,Source050
0.00499734533843365,0.213530258294844,0.275365934573728,0.191884385421421,0.108828145931865,0.110391275778142,0.00328922857396731,0.000692624745724468,0.00262862362186695,0.00166088178560982,0.00708545775548184,0.00451476771679309,0.00207431746073102,0.000815072122555994,0.000377937600475748,0.000746535594349161,0.00708836853717729,0.00416203082320937,0.00119112520418597,0.00030418345303014,0.00417799716324903,0.000220339163131915,0.000385063330496385,0.00230848509138095,0.000903218804182565,0.00139275286411926,0.000160423454167247,0.0011814608247905,0.000237055341220444,0.00116052547232359,0.00345393491643073,0.00541938570461227,0.000650966820916151,7.96122933363717e-05,0.000302802185971678,0.000620455272334798,0.00202208319548674,0.00489761265466195,0.000761023803314391,0.00593524881342398,0.000616898489533232,0.00441244380391658,0.00253906821693869,0.00103029163239492,0.00373437530446645,0.00221149425403197,6.07310958100027e-05,0.000744627097312038,0.000319758480564264,0.00533020853300162,0.00110115558888742
