Unknown,Source001,Source002,Source003,Source004,Source005,Source006,Source007,Source008,Source009,Source010,Source011,Source012,Source013,Source014,Source015,Source016,Source017,Source018,Source019,Source020,Source021,Source022,Source023,Source024,Source025,Source026,Source027,Source028,Source029,Source030,Source031,Source032,Source033,Source034,Source035,Source036,Source037,Source038,Source039,Source040,Source041,Source042,Source043,Source044,Source045,Source046,Source047,Source048,Source049,Source050
6.52991889097675e-05,0.38824071263308,0.151241815531403,0.110035931504312,0.101803726652505,0.1486778136787,0.00130233110106173,0.00327224342492633,0.00023881588813192,0.00878537049132827,0.000423916527996415,0.000967388293482286,0.00197078933174846,0.00108890283313115,0.00222040419027562,0.00223317809615377,0.00231626548301206,0.00713045398272791,0.000739708943726579,0.00104143071581661,0.000560916191976869,0.00200623763935352,0.00217867197934293,0.00105614937408248,0.00219654118557121,0.000582502003019607,0.00161429004890881,0.00362498859630288,0.00036642790464537,0.0105466490312988,0.000133411765154207,0.00141415017496992,0.00698477841862852,0.00405264542427018,0.00226293537718515,0.000437482100774616,0.00169168864352505,0.00122831170944913,0.00185945149245016,0.000793772360796679,0.000696741730434638,0.000338420801972797,0.000904497458661899,0.00016420869488342,0.000822592721941728,0.00227345209511822,0.0025525548219844,0.00414490260893058,0.00287588253452033,0.00169626597768195,0.00414198063973501
