Unknown,Source001,Source002,Source003,Source004,Source005,Source006,Source007,Source008,Source009,Source010,Source011,Source012,Source013,Source014,Source015,Source016,Source017,Source018,Source019,Source020,Source021,Source022,Source023,Source024,Source025,Source026,Source027,Source028,Source029,Source030,Source031,Source032,Source033,Source034,Source035,Source036,Source037,Source038,Source039,Source040,Source041,Source042,Source043,Source044,Source045,Source046,Source047,Source048,Source049,Source050
0.00515367672299076,0.308988564826623,0.114572409387918,0.143929301462914,0.164707515722192,0.167802208600353,0.000262444062357111,0.00534411448330502,0.00158267728850776,0.0019107721665241,6.50914479022362e-05,0.000344091406766514,0.005675329868066,0.00350507969297873,0.00163786110281891,0.00455461391010058,0.00253728553397489,0.00192140282143636,0.000614646955771285,0.00108622874129766,0.00408316884852391,0.00230747709114776,0.000374327692158687,0.00447671865921236,0.00359055447145969,0.000631359168536486,0.000260575429320969,0.000901669710640924,0.00374350901180654,0.00015627152304382,0.0105625595814169,0.00287887892361425,0.000292720817731025,0.000104684283147916,0.000903071425585133,0.000856901908138804,0.00117309859676189,0.00291061754289259,0.000312590402795444,0.00484485416365303,0.0012424244318616,0.00132966227245739,5.18240604322866e-06,0.000299591337948701,0.00230253536437428,0.00071374911794108,0.00808342966273135,0.000632692434727038,0.00297990966254856,0.000390911638102289,0.00045898621487837
