Unknown,Source001,Source002,Source003,Source004,Source005,Source006,Source007,Source008,Source009,Source010,Source011,Source012,Source013,Source014,Source015,Source016,Source017,Source018,Source019,Source020,Source021,Source022,Source023,Source024,Source025,Source026,Source027,Source028,Source029,Source030,Source031,Source032,Source033,Source034,Source035,Source036,Source037,Source038,Source039,Source040,Source041,Source042,Source043,Source044,Source045,Source046,Source047,Source048,Source049,Source050
0.000217697946138277,0.279309547675064,0.176658216303147,0.17298497136243,0.105834777828658,0.165212486830702,0.00210182266182444,0.00173098209994682,0.00104100506832835,3.10418565914223e-05,0.000809654693375639,0.000319829423559616,0.00439462150713871,9.97217856135526e-06,4.65954917023073e-05,0.00224002698525065,0.000717350729843326,0.003256993290853,0.0021339459001047,0.00146049641087197,0.00231801183078144,0.0014843434121329,0.000614644804035169,0.00239751143919974,0.00447968361315812,0.000262273215927486,0.000235021600920953,0.000622426366005867,0.00012140584944366,0.000692632503751329,0.000447163137466867,0.00278925556714529,0.00257562370816338,0.00324508088740686,0.00296664240309796,0.00356604254314599,2.14340485415451e-05,0.00651889987224644,0.000256055337062768,0.00172674463977438,0.00466880332885241,0.00307476655381365,0.00392662225249873,0.0110085567429002,0.000518577625192867,0.000647797394793679,0.00153311591222653,0.00260793904234059,0.00396894317841064,0.00563893964892568,0.00455300529654627
