Unknown,Source001,Source002,Source003,Source004,Source005,Source006,Source007,Source008,Source009,Source010,Source011,Source012,Source013,Source014,Source015,Source016,Source017,Source018,Source019,Source020,Source021,Source022,Source023,Source024,Source025,Source026,Source027,Source028,Source029,Source030,Source031,Source032,Source033,Source034,Source035,Source036,Source037,Source038,Source039,Source040,Source041,Source042,Source043,Source044,Source045,Source046,Source047,Source048,Source049,Source050
0.000201194510736877,0.216926969275322,0.147464376553239,0.13025932592494,0.286772182944408,0.118577145302091,0.00292474826718044,0.00140593156901331,0.0018141313574,0.00121441249196249,0.000176704101880714,0.00265691869651525,0.00395848531225305,0.00143654257128017,0.00528412569966816,0.00152219090865506,0.00249946227043808,0.000685109315749593,0.00189178180619457,0.00105775571776244,0.000857182948666986,0.000887632277729121,0.00374615975819248,0.00451429181048756,0.0019854165010818,0.000560058452602998,0.00541131708491597,0.000484144025221043,3.06472829555534e-05,0.00774108473712089,0.00238073081762876,0.00327480465466484,0.00031855830510534,0.00568868851501265,0.00281092982874667,0.00583350328889757,0.000226046129024236,0.000869552726307206,0.00291136241559439,0.000208835074205205,0.00122401347690987,0.00411609332411616,0.000182770596724435,0.00284174377557009,8.58213578803892e-05,0.00376665405177573,0.00124807208143153,0.000511983373978555,0.00360921151099171,0.00261228410349432,0.000330911116275694
