Unknown,Source001,Source002,Source003,Source004,Source005,Source006,Source007,Source008,Source009,Source010,Source011,Source012,Source013,Source014,Source015,Source016,Source017,Source018,Source019,Source020,Source021,Source022,Source023,Source024,Source025,Source026,Source027,Source028,Source029,Source030,Source031,Source032,Source033,Source034,Source035,Source036,Source037,Source038,Source039,Source040,Source041,Source042,Source043,Source044,Source045,Source046,Source047,Source048,Source049,Source050
0.000736520783947835,0.129658480012148,0.255600940821502,0.128926069186867,0.224219932297953,0.16159457768153,0.00923908984505152,0.00115784700104098,0.00336800686344161,0.000872413678598857,0.000107506467835822,0.00375185740547463,0.0040279003743473,0.000662901140680965,0.00188370326218266,0.000526396875116431,0.00237039876461659,0.00053303705013695,0.00276627301234862,0.000411408892831852,0.0038070613554374,0.00121636932996285,0.000945847476272016,0.000334476763527906,9.68834019973108e-05,0.000101415025029383,0.00183505223255191,0.00329762288526727,0.00357126326623021,0.00300199290642021,0.0138080271690503,0.000171068679640214,0.000883190178496209,0.00154769755175844,0.00131322632414376,0.0015471743975719,0.00221922085898657,0.000753172229661641,0.00147993876111378,0.00364814332569712,0.00281952284337941,0.00246501689911153,0.000210994938509658,0.000478832845219725,0.00234732183225056,0.00104973698598183,0.000585496748050334,0.00131921935015033,0.00565835700126803,0.00440885103027522,0.000662543989334308
