Unknown,Source001,Source002,Source003,Source004,Source005,Source006,Source007,Source008,Source009,Source010,Source011,Source012,Source013,Source014,Source015,Source016,Source017,Source018,Source019,Source020,Source021,Source022,Source023,Source024,Source025,Source026,Source027,Source028,Source029,Source030,Source031,Source032,Source033,Source034,Source035,Source036,Source037,Source038,Source039,Source040,Source041,Source042,Source043,Source044,Source045,Source046,Source047,Source048,Source049,Source050
0.000145336473562709,0.100805216835438,0.171496488174736,0.10874159873408,0.135645840748764,0.383310855506983,0.000121327459889713,0.00317806881638934,0.00480399360001009,0.000386805505993079,0.000200945556699483,0.00726149646009682,0.000479028351764288,0.00229117323923386,5.05786459203717e-05,0.0048176799397423,0.00017275698660735,0.000948397141573889,2.17322625656325e-05,0.00408058380243601,0.00323738812943508,0.0016585545704107,0.0025036085995188,0.000321428234104194,0.00563907924861425,0.00216936748185039,0.0040988831655392,0.0058838663642949,0.00124325119108423,0.000291617975776157,0.00167108498910513,0.00101264955001125,0.000397298013186298,0.000444277011573096,0.0019050657585187,0.00249941056320125,0.000493069358218777,0.00113997983549177,6.25176726823011e-05,0.000898962008160808,0.000252434561739714,0.00476599907432843,7.14521345014953e-05,0.000635643486170901,0.00276596416700167,0.0090209763187119,0.000792822892722995,0.00743130818773856,0.00218461898805636,0.00340989724895524,0.00213761897681049
