Unknown,Source001,Source002,Source003,Source004,Source005,Source006,Source007,Source008,Source009,Source010,Source011,Source012,Source013,Source014,Source015,Source016,Source017,Source018,Source019,Source020,Source021,Source022,Source023,Source024,Source025,Source026,Source027,Source028,Source029,Source030,Source031,Source032,Source033,Source034,Source035,Source036,Source037,Source038,Source039,Source040,Source041,Source042,Source043,Source044,Source045,Source046,Source047,Source048,Source049,Source050
0.0013560836625039,0.308111281422014,0.154735640196297,0.101905269368164,0.230484289395438,0.104763519618087,0.000582953030000565,0.000405573604983163,0.00331422597010206,0.000853470840901525,0.00156990122717516,0.00479313942300149,0.000973819010682274,0.00032174067530632,0.00320190554947363,0.000934250491846938,8.61611598816074e-07,0.00231586630250647,0.00146665458476647,0.00105794288908519,0.000219607931226027,0.00103532040822099,0.00193271835971893,0.00535387423352816,0.000667840254109832,0.00143190557187654,0.000361720148011278,0.000818848545659279,0.00169717319233215,0.00282777373222345,0.00191917781965424,0.000136721745840541,0.000791602681676879,0.00169984416964296,0.00153803079202656,0.00649864967927341,0.00198025047210443,0.00446258068901077,0.000617895541217874,0.00303178398657131,0.0013538419721361,0.00290429353587502,0.000176209825096993,0.0060794615263791,0.00469299763230113,0.00471361828652838,0.00657489624876841,0.00247107020804698,0.0033693745201103,0.00105150382983654,0.00444102358706146
