Unknown,Source001,Source002,Source003,Source004,Source005,Source006,Source007,Source008,Source009,Source010,Source011,Source012,Source013,Source014,Source015,Source016,Source017,Source018,Source019,Source020,Source021,Source022,Source023,Source024,Source025,Source026,Source027,Source028,Source029,Source030,Source031,Source032,Source033,Source034,Source035,Source036,Source037,Source038,Source039,Source040,Source041,Source042,Source043,Source044,Source045,Source046,Source047,Source048,Source049,Source050
0.00170476684349803,0.150184802801296,0.233182673393021,0.169416045067157,0.119287802108301,0.227928676630225,6.33877287245058e-05,0.000107767333737493,0.00119016342990566,0.00223886761078896,2.6307821530546e-05,0.00126258990255693,0.00249777486870627,0.000326483043883857,0.00871275541288967,0.00261732027578029,0.000924407506406581,0.00258126454970157,3.70159434233614e-05,0.00444002349951856,0.000624619114931518,3.36066692857537e-05,0.0034426851964337,5.56558454136831e-05,0.000775505580537676,0.0032095638563345,0.00526745583619057,0.00291335706571598,0.000547044999369159,0.00118732243829538,0.000908264066059014,0.00311985288626413,0.00167366419858491,0.00357551343957176,0.00101131718911524,0.00329390291810587,0.000962164042997783,0.000266214519316834,0.00518800630723463,0.00210635611977634,0.0113721032391319,0.0028490357354402,0.0033583840274558,0.00192047488492296,0.00446340306943644,0.00182429840020921,0.000456650512389421,0.000320992433917863,0.00127513189962939,0.000998192329283436,0.00226836540759663
