Unknown,Source001,Source002,Source003,Source004,Source005,Source006,Source007,Source008,Source009,Source010,Source011,Source012,Source013,Source014,Source015,Source016,Source017,Source018,Source019,Source020,Source021,Source022,Source023,Source024,Source025,Source026,Source027,Source028,Source029,Source030,Source031,Source032,Source033,Source034,Source035,Source036,Source037,Source038,Source039,Source040,Source041,Source042,Source043,Source044,Source045,Source046,Source047,Source048,Source049,Source050
0.000189523545907764,0.287554245986766,0.157244255584033,0.137581152561779,0.147358563235161,0.170261782632261,7.25093832073494e-05,0.00099458464712143,0.00203428435928563,0.00294169280644544,0.00374747708769053,0.000753642051816596,0.000722956647203409,0.00162994874209855,0.00111714067034054,0.00225532112403212,0.0022267945679554,0.000992881154526911,0.00116605702697671,0.00445123360800538,0.00533623328672963,0.00149105982750242,0.00550708615309743,0.00894963387130259,0.00262398467866238,0.0117178726444087,0.00013394900075949,0.00241864030156178,0.00569729967735632,0.00129183618543167,0.00204587967275174,0.00024764161508707,0.00162723440607326,0.00347716371478246,0.00462009056077084,0.00035046947498498,0.000917378680715432,0.00347098387311526,0.000227371458132662,0.000626784344623649,0.00328246983308392,0.000752792502455533,0.00140037821467592,0.000308106766977918,0.0017648099302362,0.000699526083624754,0.000511175254336775,0.000246430074867824,0.00012321621897443,0.00257575239896096,0.000260701871342281
