Unknown,Source001,Source002,Source003,Source004,Source005,Source006,Source007,Source008,Source009,Source010,Source011,Source012,Source013,Source014,Source015,Source016,Source017,Source018,Source019,Source020,Source021,Source022,Source023,Source024,Source025,Source026,Source027,Source028,Source029,Source030,Source031,Source032,Source033,Source034,Source035,Source036,Source037,Source038,Source039,Source040,Source041,Source042,Source043,Source044,Source045,Source046,Source047,Source048,Source049,Source050
0.000539265342343131,0.136900180790339,0.194074471681161,0.19673863776446,0.104519420587078,0.267767289176962,0.00362873497736772,0.000608801344631182,0.00747585032241203,0.00219519179633397,0.00321744798535739,0.000154304517234414,0.000322362740701652,2.07414779443464e-05,0.000942402299923823,0.00115430065053786,0.00169327330831073,0.000886764289655838,0.000160523446970384,0.000546058179702808,0.00297397395236775,0.00066083417875033,0.000849725370100394,0.00178986274604764,0.00835285606509156,0.00135059984001745,0.00338437628868167,0.0018036126810252,0.00302151727150659,0.000507153308503558,0.00158400766265724,0.000165074557265755,0.00200368588084793,0.00203599401560975,0.00492184716614871,0.000961244695486516,0.000634598810595377,0.00101558426206881,0.00196933367082147,0.000528628141008052,0.00998652766435585,0.000393947583928371,0.00100978949220519,0.00470229567420695,0.0072370287059593,0.000680440559267095,0.000928879399599821,0.00378707058264012,0.00244594248299592,0.00201183562399063,0.00275570898682171
