Unknown,Source001,Source002,Source003,Source004,Source005,Source006,Source007,Source008,Source009,Source010,Source011,Source012,Source013,Source014,Source015,Source016,Source017,Source018,Source019,Source020,Source021,Source022,Source023,Source024,Source025,Source026,Source027,Source028,Source029,Source030,Source031,Source032,Source033,Source034,Source035,Source036,Source037,Source038,Source039,Source040,Source041,Source042,Source043,Source044,Source045,Source046,Source047,Source048,Source049,Source050
7.34987700286007e-05,0.270080083643309,0.151596996361832,0.147933398615585,0.132483740552255,0.197905780827019,0.00519425460158251,0.00158514906710915,0.00353794722143401,0.00394711728707793,0.00227110323596395,0.000510680454908695,0.0034080293398765,0.00336486633956307,0.000964791055502689,0.000766668037375313,0.00281181332760879,0.00156554604938513,0.000218092777209737,0.00131843813065025,0.00111522058008246,0.00881892614705066,0.00136048008631089,0.00356738088275597,0.00197294888989696,0.000965424994521497,0.00103481108251932,0.00384027201165276,0.00209437923938896,0.000916924701905183,0.00190576598449411,0.00194791555434712,0.0026317706212102,0.00336268065700405,0.00108719981023043,9.01423291232188e-05,0.000116037487820784,0.00240060960967832,0.00111049221699633,0.000378702892862964,0.000398512322538861,0.00567696114271582,0.000566633698545262,0.00158413075144497,0.00387933821778965,0.00282108326788461,4.75576570329652e-05,0.000947551842185047,0.00844589681889434,0.00012209614004304,0.00325415666579692
