Unknown,Source001,Source002,Source003,Source004,Source005,Source006,Source007,Source008,Source009,Source010,Source011,Source012,Source013,Source014,Source015,Source016,Source017,Source018,Source019,Source020,Source021,Source022,Source023,Source024,Source025,Source026,Source027,Source028,Source029,Source030,Source031,Source032,Source033,Source034,Source035,Source036,Source037,Source038,Source039,Source040,Source041,Source042,Source043,Source044,Source045,Source046,Source047,Source048,Source049,Source050
0.00304886946546142,0.112961414086033,0.100555361317986,0.330787959809315,0.108157698527068,0.247537566259598,0.00124004386229354,0.00150623432972752,0.00017763961768708,0.00356700166195111,0.000471221765011145,0.00199041083782165,0.00149985169028824,0.00362201022088422,3.27753628415595e-05,0.000765789338979665,0.00303630488488362,0.00199327974573665,0.000515108894771595,0.000647231352782439,0.00410414425836048,0.00607230350919003,0.00839361368142762,0.000129429619306693,0.00626885156715904,0.00301711064784921,0.00070160589153843,0.00147243629458945,0.0025641841235255,0.000791786771236426,0.00236900462495336,0.00687397807960906,0.00116554948794232,0.00067330275147848,0.00515150979672965,0.00250313042011626,0.000394419274655832,0.00111282595617799,0.00205765903607881,0.000401791949821795,0.00187592729363594,0.000593361960803566,5.38495841216335e-05,0.00293069874913314,0.00176011452306166,0.00130123899735043,0.00195193995084327,0.00503281982149293,0.00218630473918041,0.000245920974255434,0.00173541263325369
