Unknown,Source001,Source002,Source003,Source004,Source005,Source006,Source007,Source008,Source009,Source010,Source011,Source012,Source013,Source014,Source015,Source016,Source017,Source018,Source019,Source020,Source021,Source022,Source023,Source024,Source025,Source026,Source027,Source028,Source029,Source030,Source031,Source032,Source033,Source034,Source035,Source036,Source037,Source038,Source039,Source040,Source041,Source042,Source043,Source044,Source045,Source046,Source047,Source048,Source049,Source050
0.00109542315891413,0.122290246211815,0.151847193875863,0.270710807309942,0.249265004985259,0.10588674761712,0.00081596945986239,0.000768142773609515,0.00368385146674696,0.000837921548453447,0.000334849415663549,0.00161454974973533,0.00194233269290458,0.000946361698753776,0.00312253318451721,0.000527418387357946,0.000452534830683249,7.60823168346961e-05,0.00169503472232873,0.00546362254250846,0.00329433227326865,0.00463005589128472,0.00124348977946295,0.00026467020810076,0.0020221805129241,0.00246685882314289,0.0037882965626742,0.000511448461598526,0.000879438271500369,0.000434366243826614,0.00273902196450695,0.00101918377652098,0.00400594116072938,0.00252042287400401,0.000309051926268498,0.000868515027882177,0.00429876950681197,0.00518820437956765,0.000901647391062512,0.00120061817485967,0.00485507341618267,0.00206561694650646,0.00364683333164997,0.00337860929530045,0.00156877559818546,0.00471128676880353,0.00381833988758857,0.00118251355245409,0.00059658158842616,0.00651267105220589,0.00170055740382518
