Unknown,Source001,Source002,Source003,Source004,Source005,Source006,Source007,Source008,Source009,Source010,Source011,Source012,Source013,Source014,Source015,Source016,Source017,Source018,Source019,Source020,Source021,Source022,Source023,Source024,Source025,Source026,Source027,Source028,Source029,Source030,Source031,Source032,Source033,Source034,Source035,Source036,Source037,Source038,Source039,Source040,Source041,Source042,Source043,Source044,Source045,Source046,Source047,Source048,Source049,Source050
0.0160240535600568,0.165662180434396,0.166390992264201,0.259050329826618,0.130089431590309,0.178807065884475,0.000794756213640516,0.00166260316214333,0.00197687089687788,7.92205022045918e-06,0.000316050897707397,0.00513304854632539,0.000540660389620926,0.000152229239192674,0.00467802955521014,0.00351294762337757,0.000620094065005341,0.0010060622819323,0.0030832614660829,0.00168985422281531,0.000842637139251353,0.00218595217997161,0.000542507769251339,0.00303926586728875,0.00127125286776246,0.00340545073011045,0.00117213822146004,0.000487111260848954,0.00266322829320152,0.000311115354154325,0.00296674550498057,0.00134759918702245,0.00023172648429182,0.00290744445184869,0.00136555177198393,0.00196666555939991,0.00395622680189552,0.00614533676440486,0.00142063747681177,0.000184132682482403,0.00280462846839364,0.000105401459888946,0.000130783603136785,0.000468342820292289,0.000678853382130986,0.00345778341484227,0.00160321832895287,0.00556789872058984,0.000666255098078204,0.00355051458101914,0.0013551495840434
