Unknown,Source001,Source002,Source003,Source004,Source005,Source006,Source007,Source008,Source009,Source010,Source011,Source012,Source013,Source014,Source015,Source016,Source017,Source018,Source019,Source020,Source021,Source022,Source023,Source024,Source025,Source026,Source027,Source028,Source029,Source030,Source031,Source032,Source033,Source034,Source035,Source036,Source037,Source038,Source039,Source040,Source041,Source042,Source043,Source044,Source045,Source046,Source047,Source048,Source049,Source050
0.0039825992776875,0.115310060132494,0.185788568732117,0.258808726146522,0.176107883015584,0.163984761973282,0.00480830306331166,8.74208395945076e-05,0.000647112663904432,0.00222031231742537,0.00124393782981652,0.000836949366131559,0.00226933947724612,0.00113603171429586,5.19269661598488e-05,0.00386495980764589,0.000134434192108493,0.00427807230511014,0.00147768358046081,0.000768448611771943,0.000284181023764277,0.00361484932585959,0.00106609550679249,0.000145750927717842,0.000269395570447251,0.0035730621546392,0.00496259674550423,0.000350898857008748,0.00124559749558985,0.0001722998183641,0.00302944870352953,0.00445694437382306,0.00254336314184888,0.00527134787289365,0.00385433242970224,0.000611353891318597,0.000748472761804485,0.00244339136978684,0.00343616455281608,0.000141463756671535,0.0027031306166251,0.00877942031933322,0.00285427205271705,0.00522102860328831,0.0022383648337771,0.00184996321095167,0.00104812226681354,0.000343341330812077,0.00296285891286067,0.000269169252028458,0.00170178630823963
