Unknown,Source001,Source002,Source003,Source004,Source005,Source006,Source007,Source008,Source009,Source010,Source011,Source012,Source013,Source014,Source015,Source016,Source017,Source018,Source019,Source020,Source021,Source022,Source023,Source024,Source025,Source026,Source027,Source028,Source029,Source030,Source031,Source032,Source033,Source034,Source035,Source036,Source037,Source038,Source039,Source040,Source041,Source042,Source043,Source044,Source045,Source046,Source047,Source048,Source049,Source050
0.00229685702464918,0.182627380518344,0.218178900843097,0.122590162581815,0.267001761147416,0.109601794909327,0.000272979357627994,0.00471566906537866,0.00335491240243118,0.000563668731420205,0.00182770664129884,0.00235496004083484,0.00156062885515141,0.000159642136459757,0.00254877949573197,0.00374245747705849,0.00045617301994331,0.000676680758029335,0.000464255070797309,0.00203104478095212,0.00014632199367301,0.000209523860417254,0.0016781492646143,0.0025696345302652,2.49120035439999e-05,0.00296492726416453,0.000791544470217506,0.0105659381349769,0.000218668349795475,0.000319912672274872,0.000231320421388361,0.00588975856378162,0.00110223258636155,0.00204699984933097,0.000408842450424198,0.00051616918180876,0.000783509527502441,0.000317040737891569,0.00403732133653651,0.00109029058149404,0.000286706111772379,0.00216192121126923,0.00476072489661135,0.00309608016630171,0.00740440719650844,0.00652162557438959,0.000831774512805128,0.00512120778017566,0.000938555310982355,0.00152455715025012,0.00441300745070637
