Unknown,Source001,Source002,Source003,Source004,Source005,Source006,Source007,Source008,Source009,Source010,Source011,Source012,Source013,Source014,Source015,Source016,Source017,Source018,Source019,Source020,Source021,Source022,Source023,Source024,Source025,Source026,Source027,Source028,Source029,Source030,Source031,Source032,Source033,Source034,Source035,Source036,Source037,Source038,Source039,Source040,Source041,Source042,Source043,Source044,Source045,Source046,Source047,Source048,Source049,Source050
0.0024059226047016,0.213521700690499,0.196015249280991,0.117733485468177,0.156485789317044,0.216243775243289,0.00117142157199611,0.00289935120187972,0.00140824112068883,8.67372340146759e-05,0.00235302040537778,0.00149657950688492,0.00263856127777538,0.00679550303370346,0.000198192163818839,0.00115148057843416,0.00355094039673447,0.000966103951111667,0.00161928077914457,0.00868475426594969,0.000672113065030822,0.000744357754109202,0.00410846022603895,0.00301738933023692,0.000670793965776826,0.00184800566770768,0.00564718237276604,0.00256933983384882,0.000164318878604232,0.0033558699009971,0.000437084484951427,4.03786934303888e-05,0.00057139360957054,0.00281716425792717,2.43131267310505e-05,0.000969184004368393,0.000316164478483787,0.00468837819927735,0.00268149288202297,0.000977993220537265,0.00175787720887554,0.00223081695186564,2.07465288168459e-05,0.00035521944846938,0.00825304674518947,0.00283420229763911,0.00470917162114719,0.00231627621668295,0.0012799767622571,0.00209348123419815,0.000401716940225791
