Unknown,Source001,Source002,Source003,Source004,Source005,Source006,Source007,Source008,Source009,Source010,Source011,Source012,Source013,Source014,Source015,Source016,Source017,Source018,Source019,Source020,Source021,Source022,Source023,Source024,Source025,Source026,Source027,Source028,Source029,Source030,Source031,Source032,Source033,Source034,Source035,Source036,Source037,Source038,Source039,Source040,Source041,Source042,Source043,Source044,Source045,Source046,Source047,Source048,Source049,Source050
0.00739875255003572,0.114025419600234,0.296265562037321,0.194906264979204,0.152375701965354,0.142427051417887,0.00685147000928832,0.00184293152906368,0.00112623105775208,0.00171042359781972,0.000810212445713849,0.000906281569666845,0.00171820584213324,0.00122426711467764,0.000601795927503424,0.00392641646798126,0.00235758499259426,0.00491270433694426,0.00418336427777094,0.000570638861580353,0.00234158400819966,0.0028048807333868,8.35575319456496e-05,0.00331478658961047,0.00157574097351502,0.00127952850337467,0.000476872328213214,0.00182232044188982,0.00392407492805318,0.00694910520326858,0.000487460579610883,0.00402141713421205,1.20639959004704e-05,0.00131514322443348,0.00273687737997268,0.00300023912843026,0.000605782637834458,0.000385087442878508,0.00018890481908334,2.18946181582981e-05,0.00181810461039622,0.000535564427946327,0.000939280995436943,0.00171895648893543,0.00174009844063346,0.000229487698977804,0.000206796433294742,0.00199495000515927,0.00671856776990369,0.00377314127560492,0.0028364490712141
