Unknown,Source001,Source002,Source003,Source004,Source005,Source006,Source007,Source008,Source009,Source010,Source011,Source012,Source013,Source014,Source015,Source016,Source017,Source018,Source019,Source020,Source021,Source022,Source023,Source024,Source025,Source026,Source027,Source028,Source029,Source030,Source031,Source032,Source033,Source034,Source035,Source036,Source037,Source038,Source039,Source040,Source041,Source042,Source043,Source044,Source045,Source046,Source047,Source048,Source049,Source050
0.00711649610742307,0.163771416510709,0.224594022409219,0.109209736661154,0.169938211155344,0.232486613263574,0.000611641811535572,9.36537406638193e-05,0.000761692097441161,0.00222103469910121,0.000810311173720718,0.000966495650681855,0.000273662953384517,0.00461268416240622,0.00043888459613884,0.00256975782347998,0.00258956940576368,0.000342271482760055,0.00144323478081743,0.00135406520611973,0.00224909101380942,0.00631358019683322,0.000449792517641054,0.0003768770612899,0.00252155272627578,0.000242399164486356,0.00185686836740429,0.00389457190716878,0.00425194694847156,0.00133852132589543,0.00611384856207243,0.00147870491447009,0.00231098543000702,0.00094743430385064,0.000905600186448319,7.44469036371197e-05,0.00111543627794002,0.000434588112131243,8.29254545404152e-05,0.00893987481427621,0.000376172435601266,0.00944720802764585,0.000567692311792936,0.00238463460231414,0.00389362007173259,0.00283175484091533,0.000257904023231311,0.00038020327294854,0.00174056191920872,0.00473250562454468,0.00128324098997744
