Unknown,Source001,Source002,Source003,Source004,Source005,Source006,Source007,Source008,Source009,Source010,Source011,Source012,Source013,Source014,Source015,Source016,Source017,Source018,Source019,Source020,Source021,Source022,Source023,Source024,Source025,Source026,Source027,Source028,Source029,Source030,Source031,Source032,Source033,Source034,Source035,Source036,Source037,Source038,Source039,Source040,Source041,Source042,Source043,Source044,Source045,Source046,Source047,Source048,Source049,Source050
0.00410390588367269,0.251516482379749,0.184414574394662,0.191750288765525,0.102931341485344,0.16938731297472,0.00163502219617445,0.00520996057717365,0.000704626316728156,0.00169642936810923,0.00430696414635461,0.000922175090931208,0.00213566467519829,0.000719105455582975,0.00113392390539489,0.000750474131383506,0.000154730024909421,0.00207832175495841,0.00211302184829316,0.00237612338259798,0.00251356151642863,0.00240800809813927,0.00177281970978269,0.000676174754025706,0.000138988971149672,0.0102510643288552,0.00140326773592324,0.000130207280910805,0.00335891364967719,0.00394761800907135,0.0047519519947577,0.000897686858901963,9.20738779134266e-05,9.24999326342453e-05,0.000308425533675421,0.00168773974191922,0.00216287937962325,0.00415368374485166,0.000999965488507257,0.000244829377225902,0.00221508517243054,0.00269593511540362,0.00127258410365106,0.0120656235164347,0.00157128937708255,0.00398929041071055,0.000401651225989345,7.59262352045008e-05,0.00016685157806627,0.00218659668156372,0.0013263578420267
