Unknown,Source001,Source002,Source003,Source004,Source005,Source006,Source007,Source008,Source009,Source010,Source011,Source012,Source013,Source014,Source015,Source016,Source017,Source018,Source019,Source020,Source021,Source022,Source023,Source024,Source025,Source026,Source027,Source028,Source029,Source030,Source031,Source032,Source033,Source034,Source035,Source036,Source037,Source038,Source039,Source040,Source041,Source042,Source043,Source044,Source045,Source046,Source047,Source048,Source049,Source050
7.82091198253541e-05,0.115692002848017,0.139898756479763,0.182346957942024,0.208916898232589,0.253145384497606,0.00369041954941303,0.000594219741719402,0.00376822778804152,0.00162744816630581,0.000335265866249163,0.00140871331720897,0.00435422885245275,0.000106586730857259,0.000477480795025796,0.00108323854344072,0.00507043624066413,0.000122229432698978,0.000186634366342254,0.00103817279295758,0.000560254694213266,0.00350148697616813,0.00757685518945528,0.00226874338705156,0.000515612306544211,0.000192797839231068,0.00124773074153603,0.00697440397535539,0.00159857264388537,0.00115954826247039,0.00100362382591996,0.000431877203323715,0.00158424259429571,0.000254740238168962,0.00500497892059236,0.00524268021214469,0.00365447717607689,0.00026554738012207,0.00541747032023732,0.00302144001886962,0.00204755138345517,0.0033073635968071,0.000163843229849514,0.0017353001834527,0.00120612834705344,0.00272068445248775,0.00482008243907724,0.00121273007372236,0.00359614272842082,0.00103765539913321,0.002733922957676
