Unknown,Source001,Source002,Source003,Source004,Source005,Source006,Source007,Source008,Source009,Source010,Source011,Source012,Source013,Source014,Source015,Source016,Source017,Source018,Source019,Source020,Source021,Source022,Source023,Source024,Source025,Source026,Source027,Source028,Source029,Source030,Source031,Source032,Source033,Source034,Source035,Source036,Source037,Source038,Source039,Source040,Source041,Source042,Source043,Source044,Source045,Source046,Source047,Source048,Source049,Source050
0.000122074327647359,0.151669672510096,0.114035711847815,0.173763199267242,0.161727225068908,0.298804191305939,0.000642403812685005,0.000585041358555168,0.00234250446444299,0.00109373225417326,0.000224058449286064,0.00159364433268222,0.00213780607560696,0.0030359984548066,0.00410386878604826,0.00156674064342803,0.000391112043213906,0.00578914037167426,0.00393907115272476,0.000714336611091409,0.000416373392978445,0.00677910011680296,0.00100674546944551,0.00382384755422605,0.000220386872588809,0.0039651759266228,0.000828256537258003,0.00117376643583986,0.00121237222752244,0.00376811888477323,0.000447064211345297,0.00242510777075222,0.000675127740472835,0.00112509913313337,0.00208103205870434,0.000438789435932331,0.00942104713598868,0.00173736351522275,0.00446636079667606,0.00223940261660811,0.00258132881419582,0.00156300375375248,0.00507197927510484,5.11437433546348e-05,0.00234002179110447,0.000814922543566751,0.000999883402382857,0.00714051258735139,8.07969762330416e-05,0.000314745512763919,0.00250959062922942
