Unknown,Source001,Source002,Source003,Source004,Source005,Source006,Source007,Source008,Source009,Source010,Source011,Source012,Source013,Source014,Source015,Source016,Source017,Source018,Source019,Source020,Source021,Source022,Source023,Source024,Source025,Source026,Source027,Source028,Source029,Source030,Source031,Source032,Source033,Source034,Source035,Source036,Source037,Source038,Source039,Source040,Source041,Source042,Source043,Source044,Source045,Source046,Source047,Source048,Source049,Source050
0.000435439820550071,0.138310258914933,0.15817042920692,0.165749368922297,0.216086845191894,0.221683097763957,0.000898646804939012,0.00253405754534605,0.00465247013901816,0.0021387136894083,0.00117142155780772,0.0016546665565055,0.00076612046438913,0.0027576611454565,0.0013496093688144,0.00140389300921736,0.00434252099731379,3.05614231664356e-05,0.0025419166298644,4.05729093475828e-05,0.000716664054710406,0.0027207625381531,0.00101191591532108,0.000648243764543184,0.00205134535962459,0.000112411913480823,0.00353069678035842,0.00272210240792454,0.000507295051812072,0.00201534362110102,0.00267732951955351,0.000834348400392158,0.00325898747747031,0.00957316845916944,0.00147256513772548,0.00922626936203864,0.00156907360976589,0.000643284160024661,0.00360921608851842,0.00638744505151238,0.000158753015572185,0.00421459710572823,0.000224515027014946,0.00148900749618148,0.00204635685488681,0.00170856635247944,0.00202682521905515,0.000517523095890152,0.00207714062935357,0.0016147742941007,0.00191520017539274
