Unknown,Source001,Source002,Source003,Source004,Source005,Source006,Source007,Source008,Source009,Source010,Source011,Source012,Source013,Source014,Source015,Source016,Source017,Source018,Source019,Source020,Source021,Source022,Source023,Source024,Source025,Source026,Source027,Source028,Source029,Source030,Source031,Source032,Source033,Source034,Source035,Source036,Source037,Source038,Source039,Source040,Source041,Source042,Source043,Source044,Source045,Source046,Source047,Source048,Source049,Source050
0.00460737259775851,0.280489589678038,0.109577592445095,0.181310657491786,0.102684095044036,0.225938065341046,0.00225459528845861,0.000126690847197011,0.00312900054910369,0.000313614383646427,0.00235133690432514,0.000701612051362714,0.00478712697952269,0.000664649088105339,0.00123006478223962,0.000163523167131929,0.000953046225028581,0.00598917249549152,0.00147850157562452,0.00131506943701519,0.0003564311116517,0.00368254509653108,0.00135176934461481,0.00494101418896183,0.00300594220631271,0.00051199420992813,0.00149813281472915,0.000552404198825611,0.00169567173630255,0.00188081607248656,0.000807793180068415,0.00230726079032127,0.00212379201466046,0.000266131501994128,0.000767560277104924,0.00145850171914145,0.00345935448397654,0.000453918755290663,0.000948254825230042,0.00101532200141666,0.0110806656502994,0.000188741960680659,0.00132947940489378,0.00264419946792221,0.00176330144989119,0.00218677263508387,0.00471909400506414,0.000186849840292063,0.00129274987668677,0.00151207334124997,0.00994608546637567
