Unknown,Source001,Source002,Source003,Source004,Source005,Source006,Source007,Source008,Source009,Source010,Source011,Source012,Source013,Source014,Source015,Source016,Source017,Source018,Source019,Source020,Source021,Source022,Source023,Source024,Source025,Source026,Source027,Source028,Source029,Source030,Source031,Source032,Source033,Source034,Source035,Source036,Source037,Source038,Source039,Source040,Source041,Source042,Source043,Source044,Source045,Source046,Source047,Source048,Source049,Source050
0.000190647021735047,0.141922561007749,0.205955878255436,0.199253806486204,0.227725375689478,0.125142378561132,0.000163182046313965,0.00138657022714474,0.000200492712304907,0.000467574191832895,0.00130923598276699,0.00396110546569662,0.00273306315781207,0.00138943677587862,0.000774197858769416,0.00658952160437742,0.00160229120309632,0.000701920306327759,0.00484651608061368,0.00107896243602893,1.69827539637023e-05,0.00180570019570557,0.0108363790529706,0.00674074478967261,0.00186839655338961,0.000897468729825609,0.00189823108476779,0.00181649414909052,0.00327949925344487,0.00694154719632567,0.000542344259459541,0.00115196473686733,0.00423248198029062,0.00128946951164882,0.00073183655494124,0.00437487034286506,0.00104235311560864,0.000910292781311706,0.000769416484709833,0.00231509138142235,0.000391318468700802,0.00232525978983745,0.000372618389213045,0.00149535829220462,0.00369172137444395,0.0039148247870306,0.000145631180916413,2.1465432873451e-05,0.00148638018491889,0.00396853454277672,0.00133060557810301
