Unknown,Source001,Source002,Source003,Source004,Source005,Source006,Source007,Source008,Source009,Source010,Source011,Source012,Source013,Source014,Source015,Source016,Source017,Source018,Source019,Source020,Source021,Source022,Source023,Source024,Source025,Source026,Source027,Source028,Source029,Source030,Source031,Source032,Source033,Source034,Source035,Source036,Source037,Source038,Source039,Source040,Source041,Source042,Source043,Source044,Source045,Source046,Source047,Source048,Source049,Source050
0.00313506660327039,0.11777077526885,0.128391519780007,0.250024177283662,0.162789755376533,0.241023772290948,0.00217231517261847,0.00438212246613847,0.00114485512261547,0.000382648260296567,0.00785287686039244,0.000602036424240384,0.00714111499374035,0.000953642899833963,0.00188445823843698,0.00282803776218781,0.00413697238327371,8.23885883899523e-05,0.00081944163871247,0.000562932605900504,0.0053387572222542,0.000866688698579365,0.00189135997536265,0.00322313956748351,0.00023745698430439,0.00391315741391218,0.000542751882888337,0.0010067387835536,0.00300077527587511,0.00137788243463354,0.000778595553080468,0.00109587432155043,0.00195730358065348,0.00272352382428015,0.00407609284024464,0.000168241072412796,0.000347366198456347,0.000968061331338721,0.000643821246150111,4.22482611001557e-05,0.00136057867003881,0.000184553062915707,0.000920757329771381,0.00181979442190111,0.00277051319619663,0.00182248674239946,0.014440345788711,0.00117053716552234,0.00197239484729005,0.000293186931197755,0.000964105355893662
