Unknown,Source001,Source002,Source003,Source004,Source005,Source006,Source007,Source008,Source009,Source010,Source011,Source012,Source013,Source014,Source015,Source016,Source017,Source018,Source019,Source020,Source021,Source022,Source023,Source024,Source025,Source026,Source027,Source028,Source029,Source030,Source031,Source032,Source033,Source034,Source035,Source036,Source037,Source038,Source039,Source040,Source041,Source042,Source043,Source044,Source045,Source046,Source047,Source048,Source049,Source050
0.00520763258053523,0.342380091628234,0.171137617906556,0.10152345689431,0.135353856316278,0.149604977254621,0.000970403254604503,0.00151202794457793,0.00044502417395918,0.00314615520178208,0.00523806371303538,0.00139715232253466,0.00163553567840216,0.000147298352581787,0.00104858781875394,0.00905181102692195,0.00300316591813356,0.00113702974368244,0.000827472988597366,0.00080095886673468,0.000281100257655533,0.00142287981823312,0.00544245289190589,0.00164866217008237,0.00040907184698371,0.00508609875872106,0.0052656919717187,0.00138503295401003,0.000827669458946574,0.000367763680776946,0.000405315093908486,0.00143986223730961,0.00147245295254036,5.6737381083042e-05,0.00205602032118055,0.00537839758272203,0.00526752150220778,0.00235793110841359,0.00429842953967929,0.00171739963219594,0.000486455375161625,0.00391085400320536,0.00280033918677999,2.41148721646987e-05,0.00136958295884304,0.00090045399112823,0.000368379072265248,0.000590278539614293,0.0047427640333781,0.000431964033640652,0.00222000318870725
