Unknown,Source001,Source002,Source003,Source004,Source005,Source006,Source007,Source008,Source009,Source010,Source011,Source012,Source013,Source014,Source015,Source016,Source017,Source018,Source019,Source020,Source021,Source022,Source023,Source024,Source025,Source026,Source027,Source028,Source029,Source030,Source031,Source032,Source033,Source034,Source035,Source036,Source037,Source038,Source039,Source040,Source041,Source042,Source043,Source044,Source045,Source046,Source047,Source048,Source049,Source050
0.000842768552857871,0.22650912739088,0.146038774317933,0.182151474682423,0.241567067392566,0.103733556216198,0.00301921104559978,0.00251637198345212,0.0105258218470806,0.000803484346447686,0.0045008785476042,0.00602568772670349,0.000840431636655926,0.00707440537650299,0.000371141319332196,0.000556743089028764,0.00030596633460234,0.000868030325869311,0.000789381757371804,0.000618128774186828,0.00055684466155628,0.0039250063907897,0.000203313609315548,0.00218743370613919,0.00170533689852978,0.0011020644858259,0.000990925997239801,0.000312748101133308,0.0036353521818941,0.00241171062838223,0.000589427961880715,1.11734651149812e-05,0.000819409402127193,1.45519178939419e-05,0.0021776743016879,0.00337822003101185,0.00871509747244604,0.0076786555056991,0.00460646389331654,0.00016834243774865,0.000107831057210149,0.00359709572339894,0.000839900019786953,0.00154185822600084,0.00104047325861883,0.0011082649879591,0.000744899613372173,0.00104441063180208,0.00149890553937802,0.00355191358278608,7.62416466581754e-05
