Unknown,Source001,Source002,Source003,Source004,Source005,Source006,Source007,Source008,Source009,Source010,Source011,Source012,Source013,Source014,Source015,Source016,Source017,Source018,Source019,Source020,Source021,Source022,Source023,Source024,Source025,Source026,Source027,Source028,Source029,Source030,Source031,Source032,Source033,Source034,Source035,Source036,Source037,Source038,Source039,Source040,Source041,Source042,Source043,Source044,Source045,Source046,Source047,Source048,Source049,Source050
0.00135982018789088,0.10923794814964,0.108521630500263,0.338077677140046,0.12085529426619,0.223307449943861,0.000145384577876142,7.14549585382432e-05,0.00111810325467506,0.00588125924569009,0.00211874095119752,0.000196833303858892,0.0044396838355186,0.000221368589943031,0.000401023989227647,0.00897937298713589,0.00239159335401547,0.000573954734367316,0.000772074564413929,0.00520338280714797,0.00335878917216001,0.000213035874941885,0.00191422013944792,0.00203728498816505,0.000826328479526729,0.00307486910258951,0.00199961276332572,0.00139455751798522,0.00419705316359231,0.000169513713051271,0.000677258010274507,0.00119649019003586,0.00604386335708339,0.0049359911628827,0.00592014398434577,0.00292229312866318,0.00205405247471942,2.73289441318091e-05,0.00301612302302589,0.00262167425693313,6.17201134685075e-05,0.000396409605870533,0.00202778354022914,0.00240684124055284,0.0023986330616956,0.0045486003116226,0.000764014937192405,0.000620349479814434,0.000866277035151757,0.00167105647688087,0.00176377940914338
