Unknown,Source001,Source002,Source003,Source004,Source005,Source006,Source007,Source008,Source009,Source010,Source011,Source012,Source013,Source014,Source015,Source016,Source017,Source018,Source019,Source020,Source021,Source022,Source023,Source024,Source025,Source026,Source027,Source028,Source029,Source030,Source031,Source032,Source033,Source034,Source035,Source036,Source037,Source038,Source039,Source040,Source041,Source042,Source043,Source044,Source045,Source046,Source047,Source048,Source049,Source050
0.00152706975907922,0.201843738601504,0.125388351874165,0.277819748980743,0.153954848149992,0.140993312393594,0.00296027487907808,0.000635854876409837,0.000196770958541235,0.000551408460500815,0.000302474741396998,0.00379721313597169,0.0060106640048046,0.003812064390571,0.00447048284402239,0.000958839277448796,0.00031432078713161,0.0017485721258423,0.000324757945712649,0.00237231100806543,0.00390787987041538,0.00447264730597096,0.00078508490043213,0.0010363160231063,0.00142407690564742,0.0038223911906127,0.00112538070167139,0.00274483880327343,0.00135225088895668,0.00274695557512234,0.000467657362754796,0.0060824492591194,0.000367553905253221,0.00379775133569502,0.00115554830501843,0.00190528244005777,0.00294807910839437,0.000317336771436574,0.000438501217133617,0.00362292694540451,0.00159504320624694,0.00591962169788617,0.00165840032958866,0.00135039017064036,0.000532185192803957,1.94548397940338e-05,0.00272442490555515,0.00356508089436892,0.0036478435914962,0.00366492710340907,0.000818640058157437
