Unknown,Source001,Source002,Source003,Source004,Source005,Source006,Source007,Source008,Source009,Source010,Source011,Source012,Source013,Source014,Source015,Source016,Source017,Source018,Source019,Source020,Source021,Source022,Source023,Source024,Source025,Source026,Source027,Source028,Source029,Source030,Source031,Source032,Source033,Source034,Source035,Source036,Source037,Source038,Source039,Source040,Source041,Source042,Source043,Source044,Source045,Source046,Source047,Source048,Source049,Source050
0.00122798076487565,0.101396173090092,0.129697423481995,0.164058215970305,0.394750832569616,0.110097354887991,0.00393739862327917,0.000386766287995725,0.000660418999096955,0.000633617378870225,0.00154792857867899,0.00182353226574082,0.00932341614535652,0.00036210604876789,0.00126216443561314,0.00526258207108924,0.00518939595167071,0.00443082885071757,0.000525914690858712,0.00253689509089924,0.00232996487185693,0.00417851860431312,0.0027683554795355,0.00474603128124451,0.000583950178081989,0.00217198362125194,0.00205527259265077,0.000584601347080573,0.0015168693571571,0.00157233457822344,0.0037868293907372,0.00127274724667794,0.00363536673331687,0.00106480023046583,0.00279660658174122,0.00119563858231005,0.000966302644971606,0.00334394957415362,0.00254827635054769,0.000449538765820639,0.000962119331631641,0.00029994654578741,0.00173302058838392,0.00261462160704,0.000915121543580421,0.000311342229590554,0.000407567093163318,0.00206715990385621,0.00315583313511899,0.000606764522091128,0.00424761930410728
