Unknown,Source001,Source002,Source003,Source004,Source005,Source006,Source007,Source008,Source009,Source010,Source011,Source012,Source013,Source014,Source015,Source016,Source017,Source018,Source019,Source020,Source021,Source022,Source023,Source024,Source025,Source026,Source027,Source028,Source029,Source030,Source031,Source032,Source033,Source034,Source035,Source036,Source037,Source038,Source039,Source040,Source041,Source042,Source043,Source044,Source045,Source046,Source047,Source048,Source049,Source050
0.00421687444963131,0.154568614840297,0.177427258330259,0.354189714545842,0.100852058672458,0.112962353611144,0.000600652259091486,0.00207838556449863,0.00145603424985161,0.00184435680335813,4.57902300615422e-05,0.00246204324308614,0.00864757385938957,0.000195410086681976,0.000515591415602887,0.0018791728535094,0.000862839595406018,0.00578336940227079,0.00146957642878919,0.000948646047680125,0.00366796088766348,0.00117779652693738,0.00285721528046346,0.00011472478568087,0.00662781316141581,0.000488417582607766,0.0068884094153768,0.00415892086052714,0.000364509933381638,0.000678563986078013,0.00227441556465083,0.000666532556778238,0.00162237128030766,0.0018984891670049,0.000374998292405568,0.00354319880406809,8.40601968691394e-05,0.000997384016460986,0.0054422897900487,0.000797401630882845,0.00142476354212259,0.00158543591537438,0.0019478591502406,0.00224608518198591,0.00126243466322087,0.00192392252755683,0.00226598759319829,0.00262800424250585,0.000331361160354348,0.00555903056658764,0.00109332524833457
