Unknown,Source001,Source002,Source003,Source004,Source005,Source006,Source007,Source008,Source009,Source010,Source011,Source012,Source013,Source014,Source015,Source016,Source017,Source018,Source019,Source020,Source021,Source022,Source023,Source024,Source025,Source026,Source027,Source028,Source029,Source030,Source031,Source032,Source033,Source034,Source035,Source036,Source037,Source038,Source039,Source040,Source041,Source042,Source043,Source044,Source045,Source046,Source047,Source048,Source049,Source050
0.000580467219288492,0.193536177908188,0.238821508066628,0.110282183465721,0.179054706325177,0.178305424234286,6.39184012108554e-05,0.00073849650457379,0.00109640559188916,0.002483172122511,0.00158882368664253,0.00145001447810362,0.00480561961337556,0.000166549604408813,0.00596999573035494,0.00195206631681688,0.00017710047159416,0.00117427485049909,0.00646081908649009,0.00230919120443582,0.000928457161025364,0.00305335050089031,0.00855246171043271,0.00088554645600079,0.00444745744510872,0.000228699701992887,0.00210591180721338,0.000285756310324719,0.00211412409041086,0.000651301063719415,0.000145059770920469,0.000110548002592706,0.000747501898892994,0.000268433676981969,0.00725580091194913,0.00212704465992339,0.000113412661819297,0.00222702828552237,0.00287339708582223,0.00130166338302662,0.000316221737855632,0.000336263947123598,0.000217737779141695,0.00267940655431119,0.000647836850848227,0.00275430143294576,0.000145622873211456,0.00251402218267546,0.00934105686002906,0.00726114188051544,0.00234651643457733
