Unknown,Source001,Source002,Source003,Source004,Source005,Source006,Source007,Source008,Source009,Source010,Source011,Source012,Source013,Source014,Source015,Source016,Source017,Source018,Source019,Source020,Source021,Source022,Source023,Source024,Source025,Source026,Source027,Source028,Source029,Source030,Source031,Source032,Source033,Source034,Source035,Source036,Source037,Source038,Source039,Source040,Source041,Source042,Source043,Source044,Source045,Source046,Source047,Source048,Source049,Source050
0.000143235995092795,0.104153269158919,0.149478996074118,0.13293234353735,0.253052069013089,0.260383322216523,0.00134891208595774,0.00089323939402531,0.000356267135329277,0.00274061073217609,0.00147506654284494,0.00180850331119141,0.000529226549496145,0.0106149115452337,0.000580935774288676,0.00190453004139997,0.00114261534049513,0.000252798924913531,0.00249489100518323,0.00077005857425005,0.00286966383039243,0.000107513856253214,0.00291015367066309,0.00185458605692696,0.00205796892109526,0.00102962670846013,0.00072142062029657,0.00380387234751009,0.00197745672408563,0.00176447614763992,0.00120859436206354,0.00196587434654221,0.000759269187946638,0.0024596196844992,0.00385551687428785,0.00082206166758922,0.000985733574673312,0.00033866169685896,0.00101756429006783,0.00100401084953331,0.0110678257223623,0.00368932716798011,0.00144078109909988,0.000939740695557883,0.00231802207807177,0.0114273461809216,0.00154308049257417,0.00273393487563614,0.000735356537740826,0.00326852894024175,0.000266607840550162
