Unknown,Source001,Source002,Source003,Source004,Source005,Source006,Source007,Source008,Source009,Source010,Source011,Source012,Source013,Source014,Source015,Source016,Source017,Source018,Source019,Source020,Source021,Source022,Source023,Source024,Source025,Source026,Source027,Source028,Source029,Source030,Source031,Source032,Source033,Source034,Source035,Source036,Source037,Source038,Source039,Source040,Source041,Source042,Source043,Source044,Source045,Source046,Source047,Source048,Source049,Source050
0.00739408941364598,0.216644624279339,0.126965776714999,0.324481599918409,0.101632745141839,0.130275253945414,0.000287347309663459,0.000675751701633972,0.00213262379323308,0.00470246067950098,0.00217306149857156,0.000765461232108531,0.00257480952732377,0.00293570928458905,0.000733344822952654,0.000845514873536869,0.000920324974382344,0.0017157861473998,0.000464747472690754,0.00122969947764549,0.00214263153483911,6.26726628700606e-05,0.000290562283501605,0.000297648307337159,0.00256716489557485,0.000652765445480805,0.00168517524595563,0.000191051393700603,0.000577448688011851,0.00010224608041832,0.00201181972052599,0.00235004231151381,0.00675427882566704,0.0015818003377122,0.00783635221974314,0.00111048406665553,0.00634782090850776,0.00229872499352085,0.00707296726736698,0.000154592693117209,0.00463869581547469,0.00456349244347573,0.000580711210005102,0.00114459010046955,0.00106735144857247,0.00716561423560842,0.000403359215560353,0.00150345471866984,6.34564986076252e-05,0.00256488530192962,0.000665406920727766
