Unknown,Source001,Source002,Source003,Source004,Source005,Source006,Source007,Source008,Source009,Source010,Source011,Source012,Source013,Source014,Source015,Source016,Source017,Source018,Source019,Source020,Source021,Source022,Source023,Source024,Source025,Source026,Source027,Source028,Source029,Source030,Source031,Source032,Source033,Source034,Source035,Source036,Source037,Source038,Source039,Source040,Source041,Source042,Source043,Source044,Source045,Source046,Source047,Source048,Source049,Source050
0.00193946011802543,0.351551352333906,0.119188477385966,0.146690748839454,0.153761779410576,0.128807642030097,0.00145781666456359,0.00246125352897993,0.00386905449890499,0.000452692778021781,0.000135224265680532,0.00219441675761669,0.00153918362497021,0.000721307642971073,0.000705348211209978,0.00102649988269735,0.00419848553279974,0.000451064805409404,0.00100119576720818,0.0014288014592261,0.000491671689673128,0.00475280897065172,0.000223664293246868,0.00146146796017358,0.00190617231778387,0.00124480203989908,0.00555661467413169,0.00397584275838168,0.000126929089045391,0.00570859295920436,0.000446047079040895,0.000610130815232202,0.000427051016776437,0.0023102364096995,0.00323532091609961,0.000615013122856055,0.00496302641640425,0.00226711086928775,0.000604710063949977,0.0013668732278932,0.0114374246302168,0.00437825648586014,0.00515436661142901,0.00546312763672624,0.000825679772035663,0.000832986597764386,0.00254979007765123,0.000365159352749857,0.00176831429442504,0.000126901358065064,0.00122210095536032
