Unknown,Source001,Source002,Source003,Source004,Source005,Source006,Source007,Source008,Source009,Source010,Source011,Source012,Source013,Source014,Source015,Source016,Source017,Source018,Source019,Source020,Source021,Source022,Source023,Source024,Source025,Source026,Source027,Source028,Source029,Source030,Source031,Source032,Source033,Source034,Source035,Source036,Source037,Source038,Source039,Source040,Source041,Source042,Source043,Source044,Source045,Source046,Source047,Source048,Source049,Source050
0.0031084228087405,0.141634733320795,0.130788641618374,0.119499994048129,0.126574617701375,0.381502013311327,0.000342049458020566,0.000131467209049467,0.000822315295770788,0.00457939758760322,0.000824015644746528,5.45755823322566e-05,0.00475990755968831,0.000519488673953926,0.00300778307701843,0.00807637293373891,0.00638564136875609,0.00402688871716178,6.53097874270906e-05,1.58561441420807e-05,0.00190050441359234,0.00024802494362447,0.00376020427595852,0.000213046907766408,0.000831961072186957,0.000254478150195006,0.000766708367841866,0.00191215313291816,0.000320355038247287,0.000418407630346923,0.000896018617118893,0.00922118364062157,0.000957062132918758,0.000278787833130917,0.00263462730652561,7.16465337843374e-05,0.000485672234598346,0.00248285899716699,0.004140882731221,0.00255142786863743,6.44590587313271e-05,0.00481122861241661,0.0042751814529391,0.00147600597640234,0.00479535036324745,0.000879811945715591,0.00189378466183477,0.00282125401121755,0.00288238312671352,0.000559489486247417,0.00447554762798259
