Unknown,Source001,Source002,Source003,Source004,Source005,Source006,Source007,Source008,Source009,Source010,Source011,Source012,Source013,Source014,Source015,Source016,Source017,Source018,Source019,Source020,Source021,Source022,Source023,Source024,Source025,Source026,Source027,Source028,Source029,Source030,Source031,Source032,Source033,Source034,Source035,Source036,Source037,Source038,Source039,Source040,Source041,Source042,Source043,Source044,Source045,Source046,Source047,Source048,Source049,Source050
0.000936949209142342,0.143309384153589,0.166001855126647,0.257263006215272,0.203698014706648,0.129727739797845,0.000821637240458246,0.00575752159549167,1.69494928029681e-05,0.000364120200268831,0.000307016400442314,0.00151427203078515,0.00126594701893234,0.000239506649079693,0.00514734975099231,0.00068112040897834,0.00552309936336082,0.00581579546082538,0.00238478546809805,0.000226653838613544,0.000915957182828746,0.00273220121676512,0.000568235757022658,0.000167901555230767,0.000408031192073269,0.000512117184242353,0.000543427441164868,0.00184578588351767,0.00755513664757435,0.000591556417713645,0.00297487099721147,0.00368103273028231,0.000548852059736048,0.00194134067071833,0.000646929197371217,0.00051099519735487,0.00186421382537914,0.00101799651032029,0.0110306167704981,0.00218418437380227,0.000501869487542619,0.0101074272311075,0.000414225932319986,0.000542360599462042,0.00395124204374584,0.00164575053574004,0.00241147984678786,0.00264512518377648,0.000690314182750859,0.00298388366219002,0.00086221435549725
