Unknown,Source001,Source002,Source003,Source004,Source005,Source006,Source007,Source008,Source009,Source010,Source011,Source012,Source013,Source014,Source015,Source016,Source017,Source018,Source019,Source020,Source021,Source022,Source023,Source024,Source025,Source026,Source027,Source028,Source029,Source030,Source031,Source032,Source033,Source034,Source035,Source036,Source037,Source038,Source039,Source040,Source041,Source042,Source043,Source044,Source045,Source046,Source047,Source048,Source049,Source050
0.00232343975318818,0.395107823747379,0.145565490710761,0.108492018796284,0.129278667049936,0.121555999695639,0.00370071732782708,0.000238187707793911,4.36732664742834e-05,0.000182356112209987,0.00697976876510268,0.000734107606266144,0.000516712801211716,0.00980061088824107,0.0021327483038477,0.0041862063736773,0.00188593698988885,0.00739718138046506,0.00224754127017158,0.00165686529601375,6.4346513822116e-05,0.000204708281968486,0.00955791840187786,0.0012415363955758,0.00270926078100822,0.000490272957524501,0.00266387293808667,0.00105378104684191,0.000461276230237989,0.000346060587399222,0.00526597191154883,0.00275882807463421,0.000962689559659659,0.00185916482592762,0.00584381284886753,0.000650933540769429,0.000344834701543156,4.00744299461637e-05,0.000685676696708722,0.00163143922729929,3.89451551947624e-05,6.33777023586015e-05,5.04563595352706e-05,0.00164908098954618,0.0029715740650117,0.00340720945037024,0.00190178430358176,0.000521605640631675,0.00266458626391984,0.00100640055445167,0.00286246572177163
