Unknown,Source001,Source002,Source003,Source004,Source005,Source006,Source007,Source008,Source009,Source010,Source011,Source012,Source013,Source014,Source015,Source016,Source017,Source018,Source019,Source020,Source021,Source022,Source023,Source024,Source025,Source026,Source027,Source028,Source029,Source030,Source031,Source032,Source033,Source034,Source035,Source036,Source037,Source038,Source039,Source040,Source041,Source042,Source043,Source044,Source045,Source046,Source047,Source048,Source049,Source050
0.00397184697675222,0.143864996974948,0.178648610657094,0.243384802473725,0.116773911582107,0.217327678312125,0.00556413740807084,0.000189231546617088,0.000937012965268921,0.000973825031464466,0.00680461387088652,0.0045846787375675,0.00306952498715445,0.000446491311851929,0.00490262532485655,0.00343254544523842,0.00470060071493884,5.22755517961499e-05,0.00453657162399704,0.000617686003240182,0.00355681005088289,0.00131698956145092,0.00170383615669632,0.00122981967598749,0.00528170243417715,0.00419666382107971,0.000229650957232956,0.00122382738808925,0.000167582040039246,0.00096769374381173,0.00121372910062091,0.00162650551256772,0.00375525381085312,0.000461913215263301,0.00196643728819979,0.00167401380051412,0.00377895575977512,0.00233017086858698,0.000716964126447509,0.000701868639645354,0.000436515689586738,0.000797648594899159,0.00260172620805703,7.15583457327762e-05,0.00322857415049019,0.00127704386108786,0.0037382144261734,0.000855767209178408,0.0011888435687526,0.00192555112328908,0.000994501371130071
