Unknown,Source001,Source002,Source003,Source004,Source005,Source006,Source007,Source008,Source009,Source010,Source011,Source012,Source013,Source014,Source015,Source016,Source017,Source018,Source019,Source020,Source021,Source022,Source023,Source024,Source025,Source026,Source027,Source028,Source029,Source030,Source031,Source032,Source033,Source034,Source035,Source036,Source037,Source038,Source039,Source040,Source041,Source042,Source043,Source044,Source045,Source046,Source047,Source048,Source049,Source050
0.00235031763130957,0.129391219091374,0.170365775516378,0.147445415297959,0.314974435636653,0.137823154457636,0.00427693848989058,0.00180991268902545,0.00307988489017897,0.00396821278364143,0.00131470698459383,0.00106711323633961,0.000820095835431061,0.00165988304089227,0.00123531234872488,0.00236050957742506,0.000103667250986795,0.00116145773601449,0.00361129345021877,4.60681405741943e-05,0.00399025994060959,4.4473849248222e-05,0.00182964853959582,0.000463402855520555,0.00113228839734779,0.00394830075323151,0.00563073308025662,0.00411378350025189,0.00587236563113074,4.09070759341464e-06,0.00296810534610079,0.000401238923888206,0.00320355342741732,0.00114601135664949,0.00081215487235102,0.000110449662249778,0.000248646058414723,0.00412730648322799,0.0013764487489738,0.000593637900396488,0.000302880957182034,0.00343973903851779,0.00441519910547968,0.0023232995809957,2.21547686298482e-05,0.000521328807119373,0.00428470881887577,0.00828367752911042,9.70369813455355e-05,0.000976636492599432,0.00445106380044169
