Unknown,Source001,Source002,Source003,Source004,Source005,Source006,Source007,Source008,Source009,Source010,Source011,Source012,Source013,Source014,Source015,Source016,Source017,Source018,Source019,Source020,Source021,Source022,Source023,Source024,Source025,Source026,Source027,Source028,Source029,Source030,Source031,Source032,Source033,Source034,Source035,Source036,Source037,Source038,Source039,Source040,Source041,Source042,Source043,Source044,Source045,Source046,Source047,Source048,Source049,Source050
0.00293510373090119,0.213432247754375,0.138426134980441,0.168993345450686,0.240023788301641,0.139124483512857,0.00139293536709006,0.00442540980405546,0.0011224353283386,0.00264684314524963,0.000862396526468945,0.00069944224681789,0.000952285948762827,0.00237975261874967,0.000241439952705534,0.000806482101845729,0.00421821469633819,0.00186383997802153,0.000535428836437082,0.00059947693344252,0.00100313560277134,0.00105795251232305,0.00288221183946239,0.0101862645523873,0.00332288146480423,0.000229217150515803,0.00111807694213569,0.000129308420733515,0.000996113478807868,0.00254250580997489,0.00148556270831584,0.00500667693815075,0.00359353741614249,0.00392496208591299,0.000418881218418301,0.00626362015250074,0.00198713023513393,0.00134832043250904,0.000616482108203331,0.000624269212050732,4.79581895002212e-05,0.00151644030000135,0.00410330071920153,0.00213972730915661,0.000125962408526153,0.00618457693558976,0.00375118448693121,0.00131376551727867,7.77651864285867e-05,0.00330502962120822,0.00301569182969855
