Unknown,Source001,Source002,Source003,Source004,Source005,Source006,Source007,Source008,Source009,Source010,Source011,Source012,Source013,Source014,Source015,Source016,Source017,Source018,Source019,Source020,Source021,Source022,Source023,Source024,Source025,Source026,Source027,Source028,Source029,Source030,Source031,Source032,Source033,Source034,Source035,Source036,Source037,Source038,Source039,Source040,Source041,Source042,Source043,Source044,Source045,Source046,Source047,Source048,Source049,Source050
0.00445142400594287,0.105230558578681,0.322085348755476,0.199829142280445,0.111267386389475,0.161587563995922,0.00547360924759489,0.00445668400536946,0.00265638330829005,8.44314216683946e-05,0.00128306511650421,0.00249346124202718,0.00144686460475713,0.00129928043470201,0.00448559732850032,0.00102306208051101,0.00107317920273346,0.00526849045208527,0.000516267457131918,0.00282651088416014,6.03510662028187e-05,0.00407709831564023,0.00282743867088784,0.00242408476516392,0.000450646873895258,0.000442190060770893,0.000804001432885273,0.00151622627084691,0.00329563544652173,0.00184492402860867,0.000701633064084022,0.00246294442456841,7.1993774138775e-05,0.00157138270155105,0.00513785750681245,0.000935489129070283,0.000503465379377361,0.00239016675265354,0.00188085434832317,0.00147696877416888,0.000281719555551323,0.00222919678463799,0.0049775163597941,0.000504454950543305,0.00386729522614348,0.0011832432173156,0.00613781999741767,0.00204174829860937,0.00237747712608299,0.00215152848661595,0.00053433641913842
