Unknown,Source001,Source002,Source003,Source004,Source005,Source006,Source007,Source008,Source009,Source010,Source011,Source012,Source013,Source014,Source015,Source016,Source017,Source018,Source019,Source020,Source021,Source022,Source023,Source024,Source025,Source026,Source027,Source028,Source029,Source030,Source031,Source032,Source033,Source034,Source035,Source036,Source037,Source038,Source039,Source040,Source041,Source042,Source043,Source044,Source045,Source046,Source047,Source048,Source049,Source050
0.00467760166398475,0.223521715553407,0.142948178833202,0.158297118513172,0.133623669780471,0.241609317319748,0.00450305469325599,0.00238120359865328,0.00407956733723053,0.00164840499851604,0.000252280209947686,0.000417889507722237,0.00178876697713644,0.00276670230511698,0.00559551425827164,0.00150381168212969,0.0021073924202195,2.17925153485471e-05,0.00103515385596849,0.0003291191662932,4.10141839384262e-05,0.00102751886403696,0.00129387884560876,0.00382496796798473,0.000586446626213724,0.00323876781219305,0.000354846464726349,0.00018153011670059,0.000829926704840172,0.000719561170624115,0.00609530234169865,0.00121340099152158,5.20022869750617e-05,0.00237427614987576,0.00246233481487444,0.00381495012979995,0.00230640225647649,0.00146431798670687,0.0040637597595297,0.000425842508658654,0.000742512424813644,0.00313159738546329,0.000232461851886813,0.000219426536594534,0.000339870261933667,0.000432962139648831,0.00471850622494627,0.0015688047792337,0.0112961965783539,0.00673107039293179,0.00110728825141455
