Unknown,Source001,Source002,Source003,Source004,Source005,Source006,Source007,Source008,Source009,Source010,Source011,Source012,Source013,Source014,Source015,Source016,Source017,Source018,Source019,Source020,Source021,Source022,Source023,Source024,Source025,Source026,Source027,Source028,Source029,Source030,Source031,Source032,Source033,Source034,Source035,Source036,Source037,Source038,Source039,Source040,Source041,Source042,Source043,Source044,Source045,Source046,Source047,Source048,Source049,Source050
0.00117643913358148,0.12039041806458,0.149374716337935,0.420370654628428,0.102362647961983,0.107501563007074,6.00829687226767e-05,0.00118582069834426,0.00394314085053615,0.000478425712945645,0.00057664319990205,0.00261622587400365,0.00013962602105159,0.00140163202389514,0.00411508137817038,0.00174144339675223,0.00868415695367979,0.00579341381148348,0.00277149768577937,5.00034935827251e-05,0.00238938018666104,0.000271304617653908,0.00077651944134547,0.00239294362265272,0.00551608718938605,0.00189372505312485,0.000672661728029472,0.0027364562457958,0.000384528770885552,0.000306012701310074,0.00192881271545148,0.00304092371217513,0.00254230789540789,0.00293914350750832,0.00183444720363641,0.00379814780190684,0.000128727180139407,0.00042401518908854,0.00102871732197586,0.00693561054168705,0.00606540247037749,0.000211023579802494,0.00128574006301382,0.00118097168146399,0.000247612892670966,0.00196677459547771,0.000264387689574156,0.000722636742406443,0.00568673775470497,0.00440414628456159,0.00129046041769384
