Unknown,Source001,Source002,Source003,Source004,Source005,Source006,Source007,Source008,Source009,Source010,Source011,Source012,Source013,Source014,Source015,Source016,Source017,Source018,Source019,Source020,Source021,Source022,Source023,Source024,Source025,Source026,Source027,Source028,Source029,Source030,Source031,Source032,Source033,Source034,Source035,Source036,Source037,Source038,Source039,Source040,Source041,Source042,Source043,Source044,Source045,Source046,Source047,Source048,Source049,Source050
0.00105046460479263,0.16912343861781,0.158566651108192,0.154999168422931,0.1631046628616,0.254206078989467,0.00625706731450727,0.00120527477224923,0.000532001480435082,0.000850062515918766,0.000320013855637294,0.00157391633387887,0.00589902772934581,0.000445542768202708,0.00472110788483769,0.0020547338494425,0.000820684433462025,0.0030848908459476,0.0091318918976883,0.000692343145026211,0.000540338564723243,0.000996737302192464,0.00232400573436486,0.000584002349699486,0.000188837709812339,0.00147599838317193,0.00109373136382222,0.00291246888206962,0.000225940008829998,0.00040575959663545,0.000571590234993075,0.00254148015538335,0.000363629329596027,0.000147137365922458,0.0019259673962551,0.00417888355032683,0.00681806030851131,0.00394553097411923,0.00250752088875552,0.00317736361877452,0.000530129819100423,0.00124485482570979,0.00238050031879637,0.00080501937366389,0.00746363630794169,0.00163540959942778,0.000845909375175484,0.000710806237280245,0.00321099399126468,0.000365722950004706,0.00524301005230388
