Unknown,Source001,Source002,Source003,Source004,Source005,Source006,Source007,Source008,Source009,Source010,Source011,Source012,Source013,Source014,Source015,Source016,Source017,Source018,Source019,Source020,Source021,Source022,Source023,Source024,Source025,Source026,Source027,Source028,Source029,Source030,Source031,Source032,Source033,Source034,Source035,Source036,Source037,Source038,Source039,Source040,Source041,Source042,Source043,Source044,Source045,Source046,Source047,Source048,Source049,Source050
0.000459976026435586,0.141274799169877,0.281765169781131,0.100333705485685,0.236922371306675,0.139703954256631,0.000990964021604726,0.00157594217415047,0.00198744780232313,0.000163616515897738,0.000211167259444405,0.000685453674581037,0.00142933985521447,0.00107740155360313,0.000484088070073512,0.00441209021241415,0.0117912302792244,0.00229333995348857,0.00930762416371622,0.00385827409518298,0.00188776159376365,0.00112114526054711,0.00674067987922785,0.00136222072854872,6.43203429603255e-05,0.00093402365894611,0.000365427182458483,0.000139354549689112,0.000728096944029184,0.00137669695235663,0.00171850368745624,0.000281957719586193,0.000772524565252508,0.00160140475587323,0.00135008364377817,0.000117410410863439,0.00453918902787292,0.000439089940188794,0.00123406173647786,0.00562555212817476,0.000339733014493648,0.00428227588742289,0.0050084687057077,8.7258542200656e-05,0.00266221479250468,0.00555955734163126,0.00192222298010963,0.000276331890452378,0.00413556497293573,0.000457268916442838,0.00214164259069273
