Unknown,Source001,Source002,Source003,Source004,Source005,Source006,Source007,Source008,Source009,Source010,Source011,Source012,Source013,Source014,Source015,Source016,Source017,Source018,Source019,Source020,Source021,Source022,Source023,Source024,Source025,Source026,Source027,Source028,Source029,Source030,Source031,Source032,Source033,Source034,Source035,Source036,Source037,Source038,Source039,Source040,Source041,Source042,Source043,Source044,Source045,Source046,Source047,Source048,Source049,Source050
0.00134869384311884,0.108950359532957,0.41883833339942,0.109166386819348,0.128214005526744,0.134830914721531,0.00249574274035354,0.00440196520648874,0.00182235563787655,6.59934070702567e-05,0.00342119449455537,0.000854547807976466,0.00564464271726087,0.00145128362452314,0.00176302062544236,7.92850471959798e-05,0.00155281411987301,0.000997946680951785,0.00366921089691932,3.20059466753922e-05,0.0051595641386061,0.00211744962436771,0.000405459439657966,0.00106840813979416,0.000581090299801212,0.00385614129214645,0.00115464522498586,0.00276116263208785,0.00522348855808029,0.00731355698473845,0.00467022345095128,0.000609118686235185,0.000364627591826684,0.000357575767209295,6.46276775392772e-05,0.000704092203935025,0.0073025277293859,0.000306959644467903,0.00133796607585134,0.00221971493559154,0.000410747992496838,0.00449339928105007,0.00283413994147166,0.00242537986898059,0.000366429340983396,0.00204113506359807,0.00012164047691608,0.00439096580727515,0.00207530042084688,0.00318406815064118,0.000477690762198906
