Unknown,Source001,Source002,Source003,Source004,Source005,Source006,Source007,Source008,Source009,Source010,Source011,Source012,Source013,Source014,Source015,Source016,Source017,Source018,Source019,Source020,Source021,Source022,Source023,Source024,Source025,Source026,Source027,Source028,Source029,Source030,Source031,Source032,Source033,Source034,Source035,Source036,Source037,Source038,Source039,Source040,Source041,Source042,Source043,Source044,Source045,Source046,Source047,Source048,Source049,Source050
0.00135982533993926,0.185832638326334,0.107724670551138,0.187511868786411,0.294272307643379,0.124658514692738,0.000378328812890727,0.00213179755579053,0.000699103755238664,0.000138922009898001,0.00403771821344893,0.000875525771049558,0.000927838995874944,0.000855113847808046,0.000135144288167444,0.00093185245294991,0.000119733394140724,0.00392726371494903,0.0015966593642071,0.00541401964171277,0.00490254553750916,0.0018331922233951,0.000435349262252586,0.00200171591394472,0.00230532715741614,2.90897208279601e-05,0.00622089149404046,0.00111267895463391,0.00595221401302817,0.00248458408417588,1.24296407694363e-05,0.000347961859719176,0.0118874710351299,0.000114397740469428,0.00266505640162389,0.000588411577076899,0.01100000823512,0.00176310943547509,0.00175260742183606,0.00201129577193526,0.0017252804659391,0.00143361338460955,0.00313791210866927,0.00234635124278383,0.000385083318280066,0.00387216212418033,0.000224668382400387,0.00120898004713363,0.000895303886593374,0.000366654164418265,0.00145480623654741
