Unknown,Source001,Source002,Source003,Source004,Source005,Source006,Source007,Source008,Source009,Source010,Source011,Source012,Source013,Source014,Source015,Source016,Source017,Source018,Source019,Source020,Source021,Source022,Source023,Source024,Source025,Source026,Source027,Source028,Source029,Source030,Source031,Source032,Source033,Source034,Source035,Source036,Source037,Source038,Source039,Source040,Source041,Source042,Source043,Source044,Source045,Source046,Source047,Source048,Source049,Source050
0.00230932943109657,0.168442798805523,0.312458243350342,0.191738416052331,0.116842429700411,0.110518112091393,0.00119975481122816,0.0013541901203625,0.000314987102659318,0.000945740444859063,0.00119000202421642,0.00027357323070689,0.00396465452855691,0.00653705759485257,0.00228324594772251,0.0017401748597025,0.00125331088714548,0.00303021839860226,0.00230374656555393,0.00478977655528105,0.000525495090782817,5.37795401908356e-05,0.00647715765772677,0.000662232910044391,0.0014282810279222,0.00475889149111069,0.000271003394351626,0.000153643002648601,0.00352328095004608,0.000309797056946174,0.00118308083804788,0.00031100499170122,0.00228710995916809,0.00135009725586757,0.00324071891834511,0.000606824462873889,0.0039329274966475,0.00132693694959148,0.00470354199384883,0.00448085842170411,0.00351487854577908,0.00695925773254824,0.000117352800478811,0.000100080437174146,0.00482293061529464,0.000699800720598132,0.00253177715772046,0.00170224807560076,0.000459713302359998,0.00160840552768215,0.00240712917265157
