Unknown,Source001,Source002,Source003,Source004,Source005,Source006,Source007,Source008,Source009,Source010,Source011,Source012,Source013,Source014,Source015,Source016,Source017,Source018,Source019,Source020,Source021,Source022,Source023,Source024,Source025,Source026,Source027,Source028,Source029,Source030,Source031,Source032,Source033,Source034,Source035,Source036,Source037,Source038,Source039,Source040,Source041,Source042,Source043,Source044,Source045,Source046,Source047,Source048,Source049,Source050
0.00295286591913458,0.193840410606483,0.159409795865807,0.13982297523288,0.272689137164592,0.134237681130238,0.00119443042862513,0.00102131757060166,0.00286756526605949,0.00211105609278252,0.00135838929717997,0.00334469476532917,0.00344329993849589,0.000849876965887229,0.000418789686041332,0.0042260610577472,0.00139798087909095,0.000710784398669925,0.00289485340740146,0.00107201946609933,0.000305768828827131,0.00487103248968113,0.00265688579606592,0.00290980868880082,0.00461363888544924,0.000197071147401327,0.000345181018095374,3.50046087896026e-06,0.0016323556383838,0.00827631598419911,0.000683704742053563,0.00686429209270766,0.00137719134657669,0.00257626786277886,0.000613675209209442,0.00527479495192247,0.00207169591431795,0.00183205561388566,6.5769867358659e-06,0.000383365604927217,0.00244942274977889,0.000507174457181286,0.00215174975615387,0.00247991236292404,0.00188493376174558,0.00149270806056088,0.00379658324494171,0.00275265198388512,0.00181793916726723,0.00220121815541614,0.00110654189810125
