Unknown,Source001,Source002,Source003,Source004,Source005,Source006,Source007,Source008,Source009,Source010,Source011,Source012,Source013,Source014,Source015,Source016,Source017,Source018,Source019,Source020,Source021,Source022,Source023,Source024,Source025,Source026,Source027,Source028,Source029,Source030,Source031,Source032,Source033,Source034,Source035,Source036,Source037,Source038,Source039,Source040,Source041,Source042,Source043,Source044,Source045,Source046,Source047,Source048,Source049,Source050
0.00099880323186639,0.101138232325344,0.166657850591475,0.168069665062318,0.255600838641732,0.208533413379131,0.000623738439055797,0.0037600675009193,0.00567069373016991,0.000557383046364785,0.000122616656920262,0.00264926543226014,0.0024707473131147,0.000668025337947346,0.00313212943770842,0.000405676025416211,0.00112479393732757,0.00060216589050793,0.0028139625044272,0.0031354809357427,0.00219872734398314,0.0110186949742026,0.00184102880963072,0.000862831314482765,0.00040856482486655,0.00582168370710403,0.00491404140625136,0.000238522722987152,0.00470656157627464,0.00169950016394998,6.53386540704115e-05,0.000609274181278379,0.00101679764233982,0.0012880375468787,0.0017032047453996,0.00187198420764851,0.00114399238086294,0.000266461168027205,0.00187670083030241,0.000243410770839555,0.00652968652009762,0.00099505485731113,0.000529616415710175,0.00231604320358606,0.0015531525245886,0.000221556630535661,0.00059598788559037,0.00498867770911574,0.00287000945097317,0.00160175352662146,0.00526755288474077
