Unknown,Source001,Source002,Source003,Source004,Source005,Source006,Source007,Source008,Source009,Source010,Source011,Source012,Source013,Source014,Source015,Source016,Source017,Source018,Source019,Source020,Source021,Source022,Source023,Source024,Source025,Source026,Source027,Source028,Source029,Source030,Source031,Source032,Source033,Source034,Source035,Source036,Source037,Source038,Source039,Source040,Source041,Source042,Source043,Source044,Source045,Source046,Source047,Source048,Source049,Source050
0.00206658198606415,0.114939966583798,0.118923949312658,0.357446896905432,0.108164537268856,0.200524649929257,0.00027883652594183,0.000115510145186729,0.00217782967323566,0.000816695140145414,0.00381394140910848,0.0114022779252176,0.00254635713662168,0.00208949193042471,0.00283560384001952,0.00335965733665197,0.000190466820367703,0.00448659134315108,0.000426892611544532,0.000631375993371602,0.00129794768450705,0.00259841115983748,0.00468570606693895,0.00335779944659373,0.00542107833809028,0.00232397850343954,0.000122742843340481,0.000420922211735443,0.000682260580026965,0.00278150659727497,0.00318361075360414,0.000120217080784733,0.0021504283066713,0.00267958551510156,0.00248587736443299,0.00152532770800203,0.00243982805596067,0.000130140827935643,0.00507197868045892,0.00107029700270119,0.00198399723011208,0.00232766460079097,0.00343254942252577,8.52245741985966e-05,0.00365666750231344,7.17287895135616e-05,0.00189646040487004,0.0013669443892292,1.33022744536701e-05,0.000886688959444132,0.00249101730805779
