Unknown,Source001,Source002,Source003,Source004,Source005,Source006,Source007,Source008,Source009,Source010,Source011,Source012,Source013,Source014,Source015,Source016,Source017,Source018,Source019,Source020,Source021,Source022,Source023,Source024,Source025,Source026,Source027,Source028,Source029,Source030,Source031,Source032,Source033,Source034,Source035,Source036,Source037,Source038,Source039,Source040,Source041,Source042,Source043,Source044,Source045,Source046,Source047,Source048,Source049,Source050
0.00553018308313816,0.133677392105115,0.295712041234305,0.116566656967685,0.249460878016954,0.104583031675941,0.0078089774423349,0.00600384908264708,0.000827501556408593,0.00130639238079595,0.00194790870874966,0.000152509877816681,0.00107424704563473,0.00223332901200749,0.00112081870539835,0.000474979577064882,0.00130566870937643,0.00656187463821821,0.000170327474295382,0.00036902043277441,0.000247696809960325,0.00178601794116311,0.00146396863428458,0.00139370309885129,0.00512467357770275,0.00275854999111237,0.00656086440997926,0.00221344963529888,0.0032506358290764,0.00207603071744825,0.000648886437548659,0.00142066687061005,0.000431399663606369,0.00513072063727723,1.05176761741614e-05,0.000433788887977097,0.00199612925358806,0.00143885385933982,0.000321403487577041,0.00398561334538603,0.00277656181395149,0.00172679083977979,0.000734489434579714,0.00548689044907489,0.000925643482258883,0.000891086165256448,0.000322646550174381,0.00520549861279068,5.60117587343558e-05,0.000968221580571003,0.00132500082220569
