Unknown,Source001,Source002,Source003,Source004,Source005,Source006,Source007,Source008,Source009,Source010,Source011,Source012,Source013,Source014,Source015,Source016,Source017,Source018,Source019,Source020,Source021,Source022,Source023,Source024,Source025,Source026,Source027,Source028,Source029,Source030,Source031,Source032,Source033,Source034,Source035,Source036,Source037,Source038,Source039,Source040,Source041,Source042,Source043,Source044,Source045,Source046,Source047,Source048,Source049,Source050
0.000412060399905249,0.260986714546775,0.177672550247515,0.128514371501007,0.193298344159061,0.139528019545642,0.00439650104634265,0.000536313448301925,0.00116440859623864,0.000490891543554647,0.00122533195120264,0.00139356648684849,0.00503575073387982,0.000755909365939345,0.00241360497030479,0.00074750447879631,0.00330248776067335,0.000336404827966879,0.00243283549410979,0.000254501872690743,0.00168542962256056,0.00314390172262766,0.00053038295198491,0.00321015517183739,0.000492953193676105,0.00304126486692926,0.00210378009233539,0.00394419219728248,3.55324275557081e-06,4.55782477388121e-05,0.00117920231689243,0.00138695419025677,0.00252151556674228,0.000306904370468335,0.000716587203681776,0.00246532373966768,0.00484648631837554,0.0017860243518442,0.00101064849793718,0.00584974027911699,0.00153844960249615,0.00639981384512844,0.000603154823342962,0.00338258594358233,0.00114969732643282,0.00890018939641367,0.000545135984543854,0.00477637826460516,0.0010241611485829,0.0032786926536628,0.00323308988974226
