Unknown,Source001,Source002,Source003,Source004,Source005,Source006,Source007,Source008,Source009,Source010,Source011,Source012,Source013,Source014,Source015,Source016,Source017,Source018,Source019,Source020,Source021,Source022,Source023,Source024,Source025,Source026,Source027,Source028,Source029,Source030,Source031,Source032,Source033,Source034,Source035,Source036,Source037,Source038,Source039,Source040,Source041,Source042,Source043,Source044,Source045,Source046,Source047,Source048,Source049,Source050
0.00534017975773161,0.212265818814819,0.1536742116826,0.24398693632028,0.169908683353886,0.120164349828415,0.00323757323631859,0.00352879180506338,0.00170363253577569,0.000580006619067873,0.00387111534175419,0.000631743930111663,0.00425708274833997,0.000349813641731504,0.000208556575202886,0.00148383788011856,0.00225384029497505,0.00723630731906614,0.000910677300727531,0.00441685870712829,0.00565177169761836,0.00100442835988082,0.00707498491357407,0.000111825230041757,0.000743411941830711,0.00106860740328249,0.00340167301500192,0.00246275089103491,0.000234485553883155,0.000444924513469404,0.0021370108570427,0.00309275281396938,0.00258529543689013,0.000644938702249728,0.000260393249354159,0.00028811065721963,0.000599294963264246,0.00149847725842471,0.00275297292852525,0.000760436947190233,0.00430267936924618,0.000719793928776294,0.00102146773653702,0.0005778545518235,0.000158145436351506,0.00190314218471768,0.00299149708407354,0.00448407667449076,0.000458263060401328,0.00146444270714041,0.00509007223958108
