Unknown,Source001,Source002,Source003,Source004,Source005,Source006,Source007,Source008,Source009,Source010,Source011,Source012,Source013,Source014,Source015,Source016,Source017,Source018,Source019,Source020,Source021,Source022,Source023,Source024,Source025,Source026,Source027,Source028,Source029,Source030,Source031,Source032,Source033,Source034,Source035,Source036,Source037,Source038,Source039,Source040,Source041,Source042,Source043,Source044,Source045,Source046,Source047,Source048,Source049,Source050
0.000908336216776901,0.118698719042929,0.211298036266269,0.117260763108505,0.196199418272614,0.256543063309682,0.000341339278450409,0.00184045622027256,0.000353559331864808,0.000927127757777283,0.000933890054144717,0.00395334787371628,0.00197288058693197,0.00315979861896815,0.000851128374601473,0.000712511692473742,0.00013981527303342,0.000237627234502615,0.00445679772819058,0.0012539891468849,0.0087998901734784,0.000244465627397686,0.00573516627398474,0.0081786679618599,8.66092577253208e-05,0.00450808275937038,0.00489733232485888,0.000703505102319645,0.000622625638577801,0.000667427785312785,0.00193338053598173,0.000551695209390188,0.00499620071988596,0.000331791036029443,0.00166659724565479,0.000873969706987951,0.00115187989850486,0.00122502571532294,0.00154497998166931,0.00351973222565565,0.00137192576457325,0.00134095716903697,0.00421205691757562,0.000624627900437668,0.000450315655918719,0.00122588839652838,0.000459901284237874,0.0086453912987486,0.000294462589781568,0.00662602612418898,0.000466816330414174
