Unknown,Source001,Source002,Source003,Source004,Source005,Source006,Source007,Source008,Source009,Source010,Source011,Source012,Source013,Source014,Source015,Source016,Source017,Source018,Source019,Source020,Source021,Source022,Source023,Source024,Source025,Source026,Source027,Source028,Source029,Source030,Source031,Source032,Source033,Source034,Source035,Source036,Source037,Source038,Source039,Source040,Source041,Source042,Source043,Source044,Source045,Source046,Source047,Source048,Source049,Source050
0.000408177275091047,0.165160612597642,0.206528868069866,0.263246700796333,0.163518027418221,0.101545791117938,0.0113388789734607,0.00014496851092651,0.00405949636138859,0.000265791077759281,0.00232184626684659,0.00348407735431283,0.00180173912033342,0.000608664647380984,2.82192102092277e-05,0.000294459096516323,0.00332627068419239,0.00133421404963894,0.000333719703131418,0.00206651159794329,0.00349061205914011,0.00274108827715202,0.00176454423450157,0.0088991236553407,0.00170722179912291,0.000366535762844542,0.00148419269034459,0.00325810265974177,0.00158631881824413,0.00302701842274141,0.00202330979157694,0.000171839061879014,0.00131359964302115,0.000468851562361252,0.000574650327658332,0.00102100854137415,0.00218475148790771,0.00226019496304903,0.00326234470813533,0.00882646027836901,0.000482498614856045,0.00104674367938331,0.00401061712744001,8.32580035378792e-05,8.40704549641664e-05,0.00431364380371382,0.00212445537778449,0.00139619347422182,0.000257750702406253,0.0032425620275643,0.000709404060490625
