Unknown,Source001,Source002,Source003,Source004,Source005,Source006,Source007,Source008,Source009,Source010,Source011,Source012,Source013,Source014,Source015,Source016,Source017,Source018,Source019,Source020,Source021,Source022,Source023,Source024,Source025,Source026,Source027,Source028,Source029,Source030,Source031,Source032,Source033,Source034,Source035,Source036,Source037,Source038,Source039,Source040,Source041,Source042,Source043,Source044,Source045,Source046,Source047,Source048,Source049,Source050
0.0039238377266417,0.118865307970147,0.228750861290827,0.145947107266581,0.209478450106707,0.196958273365737,0.000404398520496809,0.000613470233696531,0.00152618468730543,0.00278753411549874,0.00228834113809975,0.00328366146735148,0.00145266264989512,0.00602764832451582,0.00380472054308431,0.00205856220580246,0.00144908029467925,0.000267176605116779,0.00268577699568385,0.00349421209397529,0.00166811520499014,0.00171906534991052,0.00012660484139877,0.00118394651815787,0.00543230294295289,0.000130011951373401,0.00379002602639624,0.00391919706766731,2.4910180033521e-05,0.000205402943635398,0.00065615856602262,0.000347900150863302,0.000939700716436288,0.000322610764722187,0.00127419310934378,9.70576198028446e-05,0.00478748467501503,0.00501847132329497,0.000156079563333331,0.00642969909566271,3.90226880454078e-05,0.000786333983728318,0.00735306236560358,0.000522786726813058,0.002996170810143,0.0025165468894419,0.00108070158235912,0.00199561921564477,0.00249183195688761,0.000970117213090723,0.00495160035538607
