Unknown,Source001,Source002,Source003,Source004,Source005,Source006,Source007,Source008,Source009,Source010,Source011,Source012,Source013,Source014,Source015,Source016,Source017,Source018,Source019,Source020,Source021,Source022,Source023,Source024,Source025,Source026,Source027,Source028,Source029,Source030,Source031,Source032,Source033,Source034,Source035,Source036,Source037,Source038,Source039,Source040,Source041,Source042,Source043,Source044,Source045,Source046,Source047,Source048,Source049,Source050
0.00134462723842287,0.151425318109753,0.215029844748658,0.260026642531526,0.148377250327474,0.125140944282588,0.00167118153648319,0.00403326501907919,0.00239767037200269,0.00175471136675348,0.000602749333170687,0.001461596455871,0.00130985819545525,7.72362540140231e-05,0.000212268557165907,0.000425784851991406,0.000227789197553523,0.000795285946607918,0.00462103339425316,0.000295378123028581,0.0035986273373374,0.00312622582861384,0.000610004955925634,0.00494820884704002,0.000625182196299542,0.00603728817628575,0.00149872975488729,0.00300594300481581,0.0012731584810588,0.00171457924734102,0.00868200235071426,0.00173241341891816,0.00486569875166329,0.000904552771557706,0.00267027560132095,0.00109721208636874,0.00240566300384278,0.00200689995570855,0.00664063293293653,0.00291119236471492,0.0021382426762681,0.00209231857639608,0.000161169272659242,0.00156791221420229,0.00058812824901612,0.000647678674942307,0.000344912128749754,0.000796703512581397,0.000251220661802808,0.00756653363230381,0.00226025349187424
