Unknown,Source001,Source002,Source003,Source004,Source005,Source006,Source007,Source008,Source009,Source010,Source011,Source012,Source013,Source014,Source015,Source016,Source017,Source018,Source019,Source020,Source021,Source022,Source023,Source024,Source025,Source026,Source027,Source028,Source029,Source030,Source031,Source032,Source033,Source034,Source035,Source036,Source037,Source038,Source039,Source040,Source041,Source042,Source043,Source044,Source045,Source046,Source047,Source048,Source049,Source050
0.000939461123193052,0.150350676076375,0.326333207119082,0.114171635886902,0.121941832243765,0.187202648673876,0.000980455323588715,0.00146045387053399,0.00314004674552189,1.1114411185377e-06,0.00234228629719186,0.00231512622051032,0.00125190240744699,0.00974162504673408,0.00690593446484548,0.00199311814317529,0.0033607978088389,0.0010227605420437,0.0015869486684597,0.000244969379466914,0.000689297366419781,0.00475503609611301,0.000291298367866639,0.0121705445489677,0.000577875554903642,0.00440731360843487,0.0011498482525024,0.00256684933593447,0.000138378910565703,0.00167527083679366,0.00305650590525141,0.00059015615647309,0.00333810677579638,0.00115116755152916,0.000948870474055336,0.00220639295895733,0.000844938207975478,0.000567454174143538,0.00109126541343269,0.00341310230681127,0.000797348287607885,0.000660246402503486,0.0047467213389557,0.0025134762211128,0.00123990359184419,0.00117400242755999,0.000748453642483594,0.00153602278339892,0.001677250397516,0.000637417169490726,0.00135248745192966
