Unknown,Source001,Source002,Source003,Source004,Source005,Source006,Source007,Source008,Source009,Source010,Source011,Source012,Source013,Source014,Source015,Source016,Source017,Source018,Source019,Source020,Source021,Source022,Source023,Source024,Source025,Source026,Source027,Source028,Source029,Source030,Source031,Source032,Source033,Source034,Source035,Source036,Source037,Source038,Source039,Source040,Source041,Source042,Source043,Source044,Source045,Source046,Source047,Source048,Source049,Source050
0.000216268548878241,0.173683113084583,0.109250705688144,0.148084995131162,0.367021554546908,0.101959631549204,0.00369190566150152,0.000646763808019426,0.00522387965497566,0.000343134597601755,0.000733170490307925,0.000147146437297706,0.00407241327828975,0.000627205398118785,0.00188809438612909,0.000858646156768326,0.00132543872364638,0.0011301205214788,0.00027129253453774,0.0041642724385341,0.00634725544660554,0.00333582788304468,0.0067424350832583,5.12172990590731e-05,0.00202612389854016,0.000122643400727785,0.0074273239563094,0.00301134037339814,0.000293393072282639,0.00026226537070181,0.000458778006335044,0.000534470937637946,0.000696481342695115,0.00344204452216717,0.00178933973682289,0.000512041712468346,0.0010000255388862,0.00438489534171512,0.00339215347611799,0.00071352148035799,0.000544083099167635,0.00255598476163648,0.00203556510229703,0.00641541674125246,0.00246393099993397,0.00128369754606564,0.00293055611086881,0.000191782565370551,0.00368908240979627,0.00191176134676831,0.00409480880162627
