Unknown,Source001,Source002,Source003,Source004,Source005,Source006,Source007,Source008,Source009,Source010,Source011,Source012,Source013,Source014,Source015,Source016,Source017,Source018,Source019,Source020,Source021,Source022,Source023,Source024,Source025,Source026,Source027,Source028,Source029,Source030,Source031,Source032,Source033,Source034,Source035,Source036,Source037,Source038,Source039,Source040,Source041,Source042,Source043,Source044,Source045,Source046,Source047,Source048,Source049,Source050
0.00184470954963603,0.279961039789235,0.20256744715453,0.103795379065232,0.200632015437947,0.113044118553056,0.00355140652494915,0.000792036341942836,0.00350597924416954,0.00118012970554985,0.00133609273404749,0.00365802498616951,0.00182257361708435,0.00720405899767149,0.00184894289420538,0.0021147924379857,0.000390052779054584,0.000694775303059065,0.000473267911479312,0.0037282351501481,0.000136574284094718,0.00200938434328616,0.00309119931945415,0.00086742181637024,0.000839571719946609,0.00306221799643329,0.00639891001165366,0.00315662923649353,0.00257474185467993,0.00122816076343373,0.00199315427677985,0.00748303990027621,0.00186566356269348,0.000341251790561019,0.00202122688920277,0.000946088486446463,0.00261575139465562,0.00232349646665793,0.00141792384835892,0.00182183032743325,0.000265491541273526,0.00392299018531021,0.00150217003728212,0.00151973762444979,1.626065758516e-05,0.00371343347008898,0.00115076195781234,0.000634340065649151,0.000805592924675261,0.00503449713558317,0.00109540793422637
