Unknown,Source001,Source002,Source003,Source004,Source005,Source006,Source007,Source008,Source009,Source010,Source011,Source012,Source013,Source014,Source015,Source016,Source017,Source018,Source019,Source020,Source021,Source022,Source023,Source024,Source025,Source026,Source027,Source028,Source029,Source030,Source031,Source032,Source033,Source034,Source035,Source036,Source037,Source038,Source039,Source040,Source041,Source042,Source043,Source044,Source045,Source046,Source047,Source048,Source049,Source050
0.000120205844604823,0.269101086119021,0.118593192665617,0.173819998508915,0.218974436141154,0.119511286565293,0.0026919355959887,0.00299404095244876,0.00140683299921905,0.00523107431957726,0.000917744660845513,0.00383622386432369,0.00391636107375164,0.0012892849118284,0.0012243055953608,0.0013719075424474,0.00150359160728522,0.00331095093203401,0.000550261132557351,0.00198317678235143,0.000829292685924631,0.00051038413608981,0.000268694955687822,0.00443389384027843,0.00179138280850543,0.000433152600554383,0.0048199809586549,0.00257266137494697,0.00177835862374223,0.00265586508749313,0.000635720349165447,0.00101069935607546,0.00042890760246032,0.00442459571314304,0.000953347832143475,0.00148044473994431,0.00292382190513596,0.00416439939331751,0.000286713896945653,0.00099522675845619,0.00329431939477018,0.00502431756106311,0.00299837545865725,0.00515461180573498,0.000795654438099281,0.00152095195254104,0.0005143890870223,0.00109233454686148,0.00137650297291061,0.00178758420024058,0.00669551614880999
