Unknown,Source001,Source002,Source003,Source004,Source005,Source006,Source007,Source008,Source009,Source010,Source011,Source012,Source013,Source014,Source015,Source016,Source017,Source018,Source019,Source020,Source021,Source022,Source023,Source024,Source025,Source026,Source027,Source028,Source029,Source030,Source031,Source032,Source033,Source034,Source035,Source036,Source037,Source038,Source039,Source040,Source041,Source042,Source043,Source044,Source045,Source046,Source047,Source048,Source049,Source050
0.00538220494340796,0.17208787849085,0.291399276077384,0.12107014689223,0.132687394772507,0.182755303767028,0.0019496598145549,0.00262555849661052,0.00155837309536884,0.00260310886588035,0.00012062039216531,0.00238182418947955,0.000146607377068123,0.000259587445150842,0.000150783739664232,0.00360752714512739,0.00158455936865987,0.000419992276059224,0.00469725052682423,0.00337463411924985,0.00207867150159294,0.000445271859362847,0.00142917014235919,0.0041341716882217,0.00147981808598316,0.00463506460783851,0.000443404857450641,0.00315061703099379,0.000826117569434172,0.00676415726714548,0.00430859128628005,0.000858192071394379,0.00154124474591278,0.000968211739188597,0.00596138950794936,0.00272776642638334,0.00116375869193262,0.000231220327258301,0.00366910873227536,0.000189926035305787,0.00279153949454565,0.000130532324437763,0.00469273385842011,0.00394214453579435,0.00196551148710483,0.00342053570649825,0.000278934380679156,0.000204396198726709,0.00169408674986472,0.00189240274261584,0.00111901655177836
