Unknown,Source001,Source002,Source003,Source004,Source005,Source006,Source007,Source008,Source009,Source010,Source011,Source012,Source013,Source014,Source015,Source016,Source017,Source018,Source019,Source020,Source021,Source022,Source023,Source024,Source025,Source026,Source027,Source028,Source029,Source030,Source031,Source032,Source033,Source034,Source035,Source036,Source037,Source038,Source039,Source040,Source041,Source042,Source043,Source044,Source045,Source046,Source047,Source048,Source049,Source050
0.00114474001919783,0.12792075031909,0.148562818692619,0.108347753062782,0.174544783144365,0.340623894781145,4.31424303876277e-05,0.00137955178134798,0.00238269809743065,0.00384995266976594,0.00085071043151922,0.00248874363356381,0.000696381373530575,0.00163161344949419,0.00386113342386637,0.0011056085167325,0.000224054934059602,0.0052718641489122,0.00474212965321594,0.00140166703132893,0.00255139552502652,0.000312933372513038,0.00661093488464918,0.00146370849133805,0.00205984699753387,0.0016497488387096,0.00171711195041939,0.000489167609005645,0.00197367172369422,0.00139483543944622,0.00733223873586249,0.00209309730596902,0.00193206630686438,0.00019148389976749,0.00248266264893106,0.000129029970087786,0.00105720576559131,0.00246195697756214,0.00132862844164784,0.000939799872447174,0.00379999571670141,0.0017327169074164,0.00697450165526552,0.000144372076785635,0.000770486477336271,0.00225146729705215,0.00305294203742577,0.00272889417005548,0.000212955993355508,0.00509856057232823,0.00198759074485785
