Unknown,Source001,Source002,Source003,Source004,Source005,Source006,Source007,Source008,Source009,Source010,Source011,Source012,Source013,Source014,Source015,Source016,Source017,Source018,Source019,Source020,Source021,Source022,Source023,Source024,Source025,Source026,Source027,Source028,Source029,Source030,Source031,Source032,Source033,Source034,Source035,Source036,Source037,Source038,Source039,Source040,Source041,Source042,Source043,Source044,Source045,Source046,Source047,Source048,Source049,Source050
0.000525384314851209,0.356015751205893,0.148703786518846,0.136284904681903,0.120678821768832,0.138316735824526,0.000760030459166062,0.000702888354046527,0.00205760326944957,0.000652984539799942,0.000301760315992273,0.00245703470642408,0.00309447436244336,0.000117031232523276,0.00144160835120139,0.000936947220981857,0.000381362611976409,0.0028678616768122,0.00310898714533723,0.000242460831081649,0.000954627529266902,0.00619899490654435,0.00088700308945797,0.00150900360489629,0.00235027795761839,0.00255148896818884,0.00409037777229165,0.0011150485138311,0.00132585973540698,0.0017737658058233,0.00492677918045172,0.00132418263944477,0.00472325253597874,0.00143088674154874,0.000144201783436202,0.00271967475334124,0.00648144896618514,0.0018821785788039,0.00187959374684869,0.00211124123536982,0.00114008080750487,0.00173321313845068,0.00178091889741787,0.00135470637492982,0.0010411841980459,0.000812966776008809,0.00864339343122022,0.000965504838448785,0.00891701375923338,0.00182673350114465,0.00175597684077319
