Unknown,Source001,Source002,Source003,Source004,Source005,Source006,Source007,Source008,Source009,Source010,Source011,Source012,Source013,Source014,Source015,Source016,Source017,Source018,Source019,Source020,Source021,Source022,Source023,Source024,Source025,Source026,Source027,Source028,Source029,Source030,Source031,Source032,Source033,Source034,Source035,Source036,Source037,Source038,Source039,Source040,Source041,Source042,Source043,Source044,Source045,Source046,Source047,Source048,Source049,Source050
0.00818955933948161,0.173741600686843,0.11984241450944,0.276478413492623,0.14761727930738,0.182320292003714,0.000902066047050051,0.00189552698128381,0.00486350368445001,0.00729502249838943,0.00254989611913639,5.52556508271945e-05,7.86745343717167e-06,0.00443674551121995,0.00167877945637048,0.0008274614006683,0.00140101655856671,0.00374605964392153,0.00197609492504644,0.000107126233067821,0.00239665519478038,5.50039178528519e-05,0.0016505280083006,0.0015316329507111,0.000254125131806213,0.00056999085608408,0.00213980962877836,0.000239764408139778,0.00130408436096991,0.00289808295023821,7.48858124582762e-05,0.000514337441782138,0.000898336141359655,0.00415946874010455,0.0028693009241492,0.000665137818437935,0.000781408197326334,0.00102278823957049,0.000336128569453632,0.00127579917340046,0.00192762267747582,0.00216924017685984,0.00333069909115575,0.00379143515586589,0.000725151391328719,0.0033249011174024,0.000790545872628736,0.00297714998802448,0.00262272560598057,0.00481022089346769,0.00796105806118904
