Unknown,Source001,Source002,Source003,Source004,Source005,Source006,Source007,Source008,Source009,Source010,Source011,Source012,Source013,Source014,Source015,Source016,Source017,Source018,Source019,Source020,Source021,Source022,Source023,Source024,Source025,Source026,Source027,Source028,Source029,Source030,Source031,Source032,Source033,Source034,Source035,Source036,Source037,Source038,Source039,Source040,Source041,Source042,Source043,Source044,Source045,Source046,Source047,Source048,Source049,Source050
0.00499117435797924,0.1563254433035,0.138931589282008,0.355105194587462,0.141120346876159,0.108517425950871,0.00268169080563458,2.3022099197986e-05,0.000168692954608049,0.000566614779961465,0.0042047893950412,0.000301947113115951,0.000184034415521153,0.00457056668602128,0.00187545808790031,0.00022745186673557,0.00150664288581764,0.00155792794622737,0.000216709939299973,0.00266444813572626,0.000923710227398729,0.00122926470612643,0.00286765216962368,0.00861550920530757,4.619188670358e-05,8.3114775703022e-06,0.00605486905563952,0.000307896019093947,0.00362532629808366,0.000881268115678083,0.000993491046062277,9.88004372651654e-05,0.00222601356380285,0.00060053273831091,0.00319780567731552,0.00718786171417536,0.0096410816431724,0.00420283971752977,0.00174328033752307,0.00191230277804095,0.00232302734639975,0.00149643738523986,0.000109343528693703,2.87882200095917e-05,0.00136509222781859,0.00382794836374412,0.000462633283040325,7.56391540043515e-05,0.00670040000753469,0.00111260644699253,0.000392903753310692
