Unknown,Source001,Source002,Source003,Source004,Source005,Source006,Source007,Source008,Source009,Source010,Source011,Source012,Source013,Source014,Source015,Source016,Source017,Source018,Source019,Source020,Source021,Source022,Source023,Source024,Source025,Source026,Source027,Source028,Source029,Source030,Source031,Source032,Source033,Source034,Source035,Source036,Source037,Source038,Source039,Source040,Source041,Source042,Source043,Source044,Source045,Source046,Source047,Source048,Source049,Source050
0.00206986075613391,0.104712986831779,0.131634844355122,0.107903173485473,0.238874987447859,0.316874007879768,0.00458206942413145,0.000267702581303407,0.00181307537502925,0.00170965226148293,0.00244531899520466,0.00115655945747312,0.00400958583794094,0.0062926375290161,0.000859473820342298,0.000485665038618146,0.00860359378377899,0.000724467072688454,0.00242776274214291,0.00171285133371357,0.0016233343416792,0.000903817153746835,0.00650812678968796,0.000508592159155129,0.000190914898888931,0.000793799700239008,0.0045800996464997,0.00307949318094524,0.000573523498412455,0.0017475145392326,0.00243487510320243,3.31737972677417e-05,0.0011895293465436,0.00256168612763771,0.00226078522458588,0.00352610548880697,0.000442818838009431,0.00124214915128732,0.000136018623124522,0.00703531766754395,0.00172572853286474,0.0010552639207029,0.000853401313637252,0.00113540009892343,0.000297402476438021,0.00185435292604088,0.000347950069790162,0.00331374107114322,0.00122111844685764,0.00506460835490891,0.00259908150319605
