Unknown,Source001,Source002,Source003,Source004,Source005,Source006,Source007,Source008,Source009,Source010,Source011,Source012,Source013,Source014,Source015,Source016,Source017,Source018,Source019,Source020,Source021,Source022,Source023,Source024,Source025,Source026,Source027,Source028,Source029,Source030,Source031,Source032,Source033,Source034,Source035,Source036,Source037,Source038,Source039,Source040,Source041,Source042,Source043,Source044,Source045,Source046,Source047,Source048,Source049,Source050
0.000274803937705688,0.205057584699298,0.138546297680338,0.144431534948435,0.288961642472633,0.123002940199296,0.00395663904011267,0.00106576778621107,0.000362297992127988,0.000505218762274107,0.00371648421068551,0.00313196252158934,7.98999397143203e-05,0.000753025538182565,0.0011927347172923,0.000506051333447087,0.00138300511634167,0.000182544355675779,0.0010955839715854,0.00455764526804545,0.000269962664094704,0.000237257073128548,0.00178130724981261,0.000373180247364432,8.78984440932555e-05,0.00387788265392373,0.0024393271406164,0.00111905059944546,0.002945628020105,0.00164568223876911,0.00245445885238626,0.00820113220619527,0.0005067638313718,0.0032198074578771,0.00499455901206989,0.00108442859146747,0.00598536202784489,0.000289902876027088,0.00207276031129607,0.00390941911481616,0.00376177383949679,0.00453031882720614,0.00236750116947238,0.00480887191613764,0.00190058287847301,0.00188520811480334,0.00165817835078105,0.00016560618795989,0.00248778941071105,0.00245293083134427,0.00372180336991824
