Unknown,Source001,Source002,Source003,Source004,Source005,Source006,Source007,Source008,Source009,Source010,Source011,Source012,Source013,Source014,Source015,Source016,Source017,Source018,Source019,Source020,Source021,Source022,Source023,Source024,Source025,Source026,Source027,Source028,Source029,Source030,Source031,Source032,Source033,Source034,Source035,Source036,Source037,Source038,Source039,Source040,Source041,Source042,Source043,Source044,Source045,Source046,Source047,Source048,Source049,Source050
0.00152930483828157,0.255645181307042,0.103805687617108,0.104512115439408,0.331871735843059,0.104165279793383,0.00143812161677984,0.00330388343693259,0.00188462624898961,0.000513300060344354,0.000629141929759257,0.00914380261660678,0.00100693686676733,0.000978077802505029,0.000514725989918412,0.00109244843857378,0.00108028380220454,0.000766822031608766,0.000296876808370674,0.000651628570768765,0.00435584300286253,0.00535193066183707,0.000869997974058814,0.000192993519286037,0.000583757591032384,0.00209111294519781,0.00218307069932354,0.00170757480621707,0.00168942537990731,0.00267214676493799,0.0107321412144311,0.00130663454676302,0.000194637848658129,0.00603683994156342,0.00428865730845266,0.00230005157170688,0.00178263047758638,0.000762613351922381,0.0015316070970659,0.000172101221898656,0.00159127224014306,0.00380831219641901,0.00221214356722977,0.00196253033542073,0.00236462234084526,0.00121900923106591,0.00117212469709251,0.00343743813854821,0.00110447181158126,0.00268128602364771,0.00281104043488622
