Unknown,Source001,Source002,Source003,Source004,Source005,Source006,Source007,Source008,Source009,Source010,Source011,Source012,Source013,Source014,Source015,Source016,Source017,Source018,Source019,Source020,Source021,Source022,Source023,Source024,Source025,Source026,Source027,Source028,Source029,Source030,Source031,Source032,Source033,Source034,Source035,Source036,Source037,Source038,Source039,Source040,Source041,Source042,Source043,Source044,Source045,Source046,Source047,Source048,Source049,Source050
0.000132437981839968,0.110820315659892,0.144061314130563,0.358505961644052,0.149626289030905,0.136986119534588,0.00034540384378571,0.00526166511068522,0.00120634820123547,0.00199691495988232,0.00324284799207286,0.00110595258747516,0.00362011633182109,0.000459151463824953,0.00454731895967126,0.00324394335883365,6.59255436790915e-05,0.000988978690412113,0.000839493555133538,0.000732094310347642,0.00382431892295163,0.00391313875898124,0.000578014670975168,0.00442076594491983,0.00109204733135656,0.00120411662135209,6.44073712810485e-05,0.00465351722498973,0.000368466210561762,0.000306135990445469,0.0022985469751883,0.00538163474429206,0.001396313590035,0.000533670185013522,0.000368577572487393,3.90688441217132e-05,0.00105257968921394,0.00130685358184459,1.93657065497311e-05,0.00330851490251072,0.00610553906012545,0.0020285346465245,0.00663174899466632,0.0052641940298596,0.000190310795803615,0.00426479302824039,0.00612826878295873,0.00234217733763836,0.000597960755194292,0.000376232003601689,0.00215159283561549
