Unknown,Source001,Source002,Source003,Source004,Source005,Source006,Source007,Source008,Source009,Source010,Source011,Source012,Source013,Source014,Source015,Source016,Source017,Source018,Source019,Source020,Source021,Source022,Source023,Source024,Source025,Source026,Source027,Source028,Source029,Source030,Source031,Source032,Source033,Source034,Source035,Source036,Source037,Source038,Source039,Source040,Source041,Source042,Source043,Source044,Source045,Source046,Source047,Source048,Source049,Source050
0.00413214866383259,0.163134221798392,0.127857567109735,0.182062265952412,0.252125770386556,0.174820174752906,0.00227637965960313,2.14445908161774e-05,0.00450459677220395,0.000555625883603953,0.0013663924620168,0.00250120814315727,0.00522950781292613,0.00287249193291751,0.00282808618387067,0.0042441132088799,0.00222599932067438,0.00057992982880248,0.000417953330734331,0.0071490867024727,0.00240548248873239,0.00303201267125839,0.00315368186250988,0.00195495591593946,0.000770934345206567,0.00158103626021393,0.00126848698080273,0.000648551496934841,0.000634672989371029,0.00204729352731243,0.00401723379100434,0.00101959936055366,0.00234797976527387,0.000118094496209729,0.000851375121715056,0.00194301015128959,0.00305001089466126,0.00314587746787056,0.00183634531015399,0.00251778117054521,0.00152899017820496,0.00368454718884695,0.00168034302994924,0.000717671235175392,0.000233848355199628,0.00309183867603683,0.00361723820777002,0.00116932825016454,0.00196243961099756,0.00248801438986599,0.000576360313717982
