Unknown,Source001,Source002,Source003,Source004,Source005,Source006,Source007,Source008,Source009,Source010,Source011,Source012,Source013,Source014,Source015,Source016,Source017,Source018,Source019,Source020,Source021,Source022,Source023,Source024,Source025,Source026,Source027,Source028,Source029,Source030,Source031,Source032,Source033,Source034,Source035,Source036,Source037,Source038,Source039,Source040,Source041,Source042,Source043,Source044,Source045,Source046,Source047,Source048,Source049,Source050
0.00690026288116264,0.289294987789768,0.107529253897154,0.105664647976095,0.108615565840903,0.288895544496079,0.00501246719310186,0.00359967041131962,0.00178478019633126,2.75592043395435e-05,0.00271182686690167,0.00221410513387203,0.000419789701685668,0.000885241013347755,1.15274885670499e-06,0.00411659380300283,0.00228986389409098,0.00265887303846336,0.000328355575197379,0.00175804518600909,0.000644269648681397,0.00236668258158402,0.00340612771837393,0.00132542292121777,0.000244868487485293,0.00283356635763374,0.000563389258104689,0.00225996074915021,0.00447231807314824,0.00210704432293683,0.000138222762896183,0.000750452870287697,0.00842093792946288,0.00297027720715324,0.00367489747984988,0.00318388621177153,0.000510756530895319,0.000312777104240082,0.00195046401416012,0.00310560375158356,0.00373880911404248,0.000921931956782706,0.000642146544598289,0.00579394742018031,0.00182349366981207,0.00341491317525442,0.000293859267687281,0.00132122771829651,0.000353613315482676,0.000280203963344148,0.00146534102622014
