Unknown,Source001,Source002,Source003,Source004,Source005,Source006,Source007,Source008,Source009,Source010,Source011,Source012,Source013,Source014,Source015,Source016,Source017,Source018,Source019,Source020,Source021,Source022,Source023,Source024,Source025,Source026,Source027,Source028,Source029,Source030,Source031,Source032,Source033,Source034,Source035,Source036,Source037,Source038,Source039,Source040,Source041,Source042,Source043,Source044,Source045,Source046,Source047,Source048,Source049,Source050
0.00489048086984351,0.275363705773026,0.166183660578512,0.209488612070521,0.113886804495247,0.135077217082694,0.00438265929634414,0.000455428085384542,0.00170021645860747,0.00051629875205001,0.000984756425490856,0.00108772429143788,0.000321343320311189,0.00137061679016773,0.00491684677636553,0.00331749757323338,0.0001004053852177,0.000475678047412831,0.00535483371808416,0.00308096164982857,0.00355082074596321,0.000988059116882688,0.000147433082773891,0.00374321270939411,0.00347322521819542,0.00057876260732438,0.00207704602786721,0.00088453954182916,0.00197239230405676,0.000582387960576816,0.000134182710332698,0.00208482275031098,0.00123762985569337,0.00934365028744904,0.000573819768447871,0.000471956565409363,0.000276957615739729,0.00400445106465584,0.00589881309755238,0.000683701280279461,0.00047336875338183,0.00348949302859966,0.00191333981533754,0.00326041292043421,0.00368499508734341,0.00237923396520348,0.000167421196858365,0.000288798600871461,0.00412714443837498,0.00446778660455573,8.43938385254506e-05
