Unknown,Source001,Source002,Source003,Source004,Source005,Source006,Source007,Source008,Source009,Source010,Source011,Source012,Source013,Source014,Source015,Source016,Source017,Source018,Source019,Source020,Source021,Source022,Source023,Source024,Source025,Source026,Source027,Source028,Source029,Source030,Source031,Source032,Source033,Source034,Source035,Source036,Source037,Source038,Source039,Source040,Source041,Source042,Source043,Source044,Source045,Source046,Source047,Source048,Source049,Source050
0.0015423564768078,0.291729474626954,0.100855888577473,0.240719796495537,0.112478604847198,0.154216235452837,0.00252048852346467,0.00177976263049302,0.000836683362894149,0.00426896038793667,0.00123736943862344,0.000607051555128869,0.000467765798069395,0.00558945072677468,0.00171123011392851,0.00191136431435225,0.00420982350252646,0.00351625509237265,0.00343596149372573,0.000801992270189893,0.00248842692700894,0.00127135727046323,0.000967305196351563,0.00654659739168269,0.000101003740694336,0.00025086473967545,0.000583796239390453,0.000494456542584856,0.00555989863387142,0.00143368845980123,0.00840627407272801,0.000439062878827195,0.00140374070576194,0.00177813794335964,0.00152169089933055,0.00197346933898778,0.00242388357834002,0.00224624563569117,0.00112477860396364,0.00258813382719339,0.00109723730852097,0.00189661994666717,0.000682822570836169,0.00116667334164281,0.000466020987413674,0.000234603181484783,0.00548140413972488,0.00253389225889302,0.00272111513092442,0.0047235366081816,0.000956746212714764
