Unknown,Source001,Source002,Source003,Source004,Source005,Source006,Source007,Source008,Source009,Source010,Source011,Source012,Source013,Source014,Source015,Source016,Source017,Source018,Source019,Source020,Source021,Source022,Source023,Source024,Source025,Source026,Source027,Source028,Source029,Source030,Source031,Source032,Source033,Source034,Source035,Source036,Source037,Source038,Source039,Source040,Source041,Source042,Source043,Source044,Source045,Source046,Source047,Source048,Source049,Source050
0.00380034038518233,0.137568296220233,0.132516582238637,0.196857253329543,0.203657683740311,0.229400184471277,0.00049822222492885,0.0032824122092412,0.00351564054039459,0.00056464920270234,0.00352000369062461,0.00438533534967802,0.00351232646089333,0.00175981574511845,0.00192751060322024,0.000816868898374599,0.00444807188781793,0.000791553220068436,0.00530397827390384,0.00070902359741386,0.00897632611088439,0.00245693492207107,0.00269702914199185,0.0018010515016102,0.00283415536831449,0.00593088069939039,0.000479333683458838,0.00251531584261647,0.000903427974929702,0.000125529116283163,0.00558172007524996,0.00123701504489576,5.54793040582731e-05,0.00107968530121717,0.000157978942704706,0.000296306638571889,0.00181600585202944,0.00152041396768639,0.00110757892743138,3.56292621718781e-06,0.000330132400510169,0.00361181794666183,0.000408812338390408,0.0013646078310629,0.00543442032639545,0.000711276853536694,2.88623468766908e-05,0.00115916235216924,0.00506448181891157,0.00101124596165126,0.000463696192658428
