Unknown,Source001,Source002,Source003,Source004,Source005,Source006,Source007,Source008,Source009,Source010,Source011,Source012,Source013,Source014,Source015,Source016,Source017,Source018,Source019,Source020,Source021,Source022,Source023,Source024,Source025,Source026,Source027,Source028,Source029,Source030,Source031,Source032,Source033,Source034,Source035,Source036,Source037,Source038,Source039,Source040,Source041,Source042,Source043,Source044,Source045,Source046,Source047,Source048,Source049,Source050
0.00141889926282451,0.145814827391297,0.226897656897549,0.132563685928933,0.246184567673985,0.148539262108235,0.000623372462692785,0.00262371750962296,0.00301180288059094,0.000261024966341491,0.000556172729152085,0.000553661529910563,0.00955484972811848,0.000350981524485315,0.00227014250022665,0.00692854341866972,1.42175690693858e-05,0.00255927650768006,0.000461218201371612,0.000361580841585146,9.97138941770266e-05,0.000393572337070008,0.00107537331594115,0.00406139729988138,0.00112633766544695,0.00244211954041265,0.000951232640166883,0.000793399965273569,0.000462851425392533,0.00272441080046322,0.00429911230425447,0.000358341138615683,0.000380157159721865,0.00120656091225299,0.00177124870047116,0.00402819930037984,0.0010168165791021,0.00072883517137098,0.00357720352765906,6.35748464278788e-06,0.000918723361093249,0.00280518395230674,0.000968690616820142,0.00213264304064327,0.017067727045163,0.00217501569437155,0.00515200427823191,0.000463660421100346,9.99736057041641e-05,0.00434340057026805,0.000820274619259587
