Unknown,Source001,Source002,Source003,Source004,Source005,Source006,Source007,Source008,Source009,Source010,Source011,Source012,Source013,Source014,Source015,Source016,Source017,Source018,Source019,Source020,Source021,Source022,Source023,Source024,Source025,Source026,Source027,Source028,Source029,Source030,Source031,Source032,Source033,Source034,Source035,Source036,Source037,Source038,Source039,Source040,Source041,Source042,Source043,Source044,Source045,Source046,Source047,Source048,Source049,Source050
0.00149672358737331,0.13057943796573,0.109928819456731,0.332406332914955,0.138951541720325,0.18813386794226,0.00594694864869472,0.000826849434689982,0.0011869510954045,0.000361380853233168,0.00074105873531554,0.00470938736585003,0.000200313264770942,0.00159830177492279,0.00171774759711898,0.00522200986576452,5.42524401982576e-06,0.00332221144362566,0.00161533767688301,0.00217056664394066,0.00106556894867495,0.00228976759135527,0.00346780123150991,0.000423565879494002,0.00393253424054653,0.000194515101958138,0.00184623091458911,0.0042319420600769,0.000156020498481449,0.00175726505714477,0.00338134379099743,0.000502183087318706,0.0099661272523155,0.00595978042668675,0.000168229497903623,0.00153388184478485,6.8830593602665e-05,0.00311966613583969,0.00267606813725695,0.00672194649420317,0.00144426284823727,0.00330547959116909,3.68528534388927e-05,0.00287782301607894,5.17274081551402e-05,0.0011609572257487,0.000556255189983456,0.00157058876963985,0.000395492279782127,0.000307778351050939,0.00370830045036755
