Unknown,Source001,Source002,Source003,Source004,Source005,Source006,Source007,Source008,Source009,Source010,Source011,Source012,Source013,Source014,Source015,Source016,Source017,Source018,Source019,Source020,Source021,Source022,Source023,Source024,Source025,Source026,Source027,Source028,Source029,Source030,Source031,Source032,Source033,Source034,Source035,Source036,Source037,Source038,Source039,Source040,Source041,Source042,Source043,Source044,Source045,Source046,Source047,Source048,Source049,Source050
0.00788081562081475,0.124730949500803,0.116469181709426,0.132969442933657,0.238775460149603,0.287054965706511,4.70027537539741e-06,0.0047075242419881,0.0011240847767605,0.00289140536295483,0.00531331456664013,0.00321794618429668,0.00567105485749384,0.00465130830865986,0.000672402345048107,0.00172898675859276,0.00219304851190769,0.00724602760060789,0.000412821371238976,0.0036451722165444,0.00136624133449812,0.00255521315412882,0.000621882937495018,0.000743450754378837,0.000117773015317574,0.00588964930835843,0.00134286880264795,0.00142594344803313,3.87600795264746e-05,5.94366208946123e-05,0.000662796285504895,0.000927050847182068,0.00797657425844529,0.00251280085138593,0.00092282410658781,0.00123765582580091,0.000844575706924007,0.00110665697085994,0.000343669330705733,0.00162000874927249,0.00124826490756433,6.67165461583025e-05,0.00617847960541665,0.00315312983537012,0.000963092926447458,0.000462117869639138,0.000182556820852821,0.00158070440868078,0.000756152079440124,0.000243447623755054,0.0014888919898032
