Unknown,Source001,Source002,Source003,Source004,Source005,Source006,Source007,Source008,Source009,Source010,Source011,Source012,Source013,Source014,Source015,Source016,Source017,Source018,Source019,Source020,Source021,Source022,Source023,Source024,Source025,Source026,Source027,Source028,Source029,Source030,Source031,Source032,Source033,Source034,Source035,Source036,Source037,Source038,Source039,Source040,Source041,Source042,Source043,Source044,Source045,Source046,Source047,Source048,Source049,Source050
0.000304186818242501,0.116752428588202,0.14735566060823,0.103130351142445,0.233023933639525,0.299737626021597,0.00157563670625441,0.00360592210936395,0.00318896099079711,0.00304771418288397,0.000397051948281186,0.00223927132270906,9.60306289610335e-05,0.000177069883294201,0.00157038444308454,0.00187625424454899,0.00193037586862279,0.0047875857346946,0.000595093698679272,0.00111584559444219,0.00123183523256314,0.00246589597591007,0.00172932909156089,0.000991025037225235,0.000202324440446029,0.00242181897877927,0.000590681345048256,0.00119628847019959,0.00206724584480432,0.00319643824095902,3.80147990892088e-05,0.00455913091200164,0.0116965256195095,0.000775948984835023,5.18026220374809e-05,0.00178843935226521,0.000175084043227759,0.00616680575952711,0.000931095410565432,0.00146160417640382,0.00414063751732313,0.00937588428083325,0.000972328783256419,0.00630713456507069,0.00162162308694322,0.00023949758022587,0.00129507388352574,0.0020707773698321,0.0010741363663387,0.00119159150302399,0.00146659655180909
