Unknown,Source001,Source002,Source003,Source004,Source005,Source006,Source007,Source008,Source009,Source010,Source011,Source012,Source013,Source014,Source015,Source016,Source017,Source018,Source019,Source020,Source021,Source022,Source023,Source024,Source025,Source026,Source027,Source028,Source029,Source030,Source031,Source032,Source033,Source034,Source035,Source036,Source037,Source038,Source039,Source040,Source041,Source042,Source043,Source044,Source045,Source046,Source047,Source048,Source049,Source050
0.00313674680915077,0.26064899745628,0.13568413723849,0.257716086323427,0.126804087561355,0.119146691420448,0.000146788563980938,0.000560832907616361,0.00111738299615972,0.000997619034632359,0.00234062296234813,0.000524807154957022,0.00191969090251712,0.00538328833213673,0.00143075078987005,0.000678741991118475,0.00041098792421957,0.00293770055847479,0.000250406977813851,0.00140431661602992,0.000203087413793729,0.000100736134363831,0.00110718603876767,0.000500452025303363,0.00417389710772198,0.00204290842090799,0.00499334339247881,0.00856178891134349,0.00584813703906853,0.00237719066542579,0.00274970858519043,0.00067819769712751,0.000656570907901925,0.00224462259596946,0.000808084363196134,0.00145716900016699,0.000399912585614145,0.000780671761368479,0.000613622011109714,0.00441083341003588,0.00433183943671866,0.00368707767738848,0.00565757558160537,0.000552620217441325,0.00306180462033295,0.00104881949987853,0.00346581818690047,0.00213347114977666,0.00223746162690653,0.00464050492793937,0.00123420248722996
