Unknown,Source001,Source002,Source003,Source004,Source005,Source006,Source007,Source008,Source009,Source010,Source011,Source012,Source013,Source014,Source015,Source016,Source017,Source018,Source019,Source020,Source021,Source022,Source023,Source024,Source025,Source026,Source027,Source028,Source029,Source030,Source031,Source032,Source033,Source034,Source035,Source036,Source037,Source038,Source039,Source040,Source041,Source042,Source043,Source044,Source045,Source046,Source047,Source048,Source049,Source050
0.00103399636481513,0.189344039817405,0.120097221942939,0.202399686424967,0.153503664436647,0.234655387378042,0.000941627964079825,0.00396166713496399,0.00323443710439727,0.000887475523076275,0.000414273441086703,0.000338908129038048,0.00183866759972883,0.00346401319243462,0.00144982014964443,0.000740043520991409,0.000896785935135933,0.00277852387477641,0.00391806830798346,0.00154572555502349,0.00350551350811674,0.000498152277416683,0.000714336614380832,0.00234074013552683,0.000940018765562844,0.00110667269221609,0.00113358353470286,0.00163722141287952,0.000130575374228264,0.000331658170018678,0.00153127315904885,0.000259033595737502,0.00254204609939977,0.00188731310167723,0.00134097515545013,0.0015533039892266,0.00249626834841455,0.00576265945704963,0.00237129040032088,0.00182604228097442,0.000706681203132798,0.000813449246020821,0.00713560508362864,0.00111776912783604,0.00237651780213137,0.00320638170255739,0.00200979874684907,0.000133968972442998,0.00195262778395419,0.00382060723038439,0.0153738812315375
