Unknown,Source001,Source002,Source003,Source004,Source005,Source006,Source007,Source008,Source009,Source010,Source011,Source012,Source013,Source014,Source015,Source016,Source017,Source018,Source019,Source020,Source021,Source022,Source023,Source024,Source025,Source026,Source027,Source028,Source029,Source030,Source031,Source032,Source033,Source034,Source035,Source036,Source037,Source038,Source039,Source040,Source041,Source042,Source043,Source044,Source045,Source046,Source047,Source048,Source049,Source050
0.00249912881206554,0.137376416049042,0.181806574156704,0.123696223305479,0.315993338665657,0.141127447823117,0.0107272702220911,0.000798469256626184,3.69404537097679e-05,0.000438846712070926,0.00393256418081048,0.00180080431995036,0.00247168037062477,0.000831946154712119,0.00195742796373262,0.00103600043295054,0.000109502327652298,0.00160334826829132,0.00219547516143661,0.000920917891568429,0.000301371697579785,0.00137254111996133,0.00148441017757921,0.00598755219961764,0.00332762339963792,0.000795970275609962,6.21184104794975e-05,0.00143548894636803,0.00661220158767582,0.00132762575176936,0.00269283030763969,0.00496544804962636,0.00550453535197641,0.00136483430751017,0.00650906652110993,0.00112634260252956,0.000535524937901492,0.00311578162765063,0.000209650734074856,0.0032477151685112,0.000451605733878476,0.00124521561365448,0.000119898797442635,0.00122341831687542,0.000642760287181325,0.00124483597916578,0.00262093598088106,0.00318468870787689,0.00103716066261887,0.00117475084570695,0.0037157733716162
