Unknown,Source001,Source002,Source003,Source004,Source005,Source006,Source007,Source008,Source009,Source010,Source011,Source012,Source013,Source014,Source015,Source016,Source017,Source018,Source019,Source020,Source021,Source022,Source023,Source024,Source025,Source026,Source027,Source028,Source029,Source030,Source031,Source032,Source033,Source034,Source035,Source036,Source037,Source038,Source039,Source040,Source041,Source042,Source043,Source044,Source045,Source046,Source047,Source048,Source049,Source050
0.00679783511727674,0.120028561255637,0.188095422720097,0.127282634206269,0.157971915684878,0.306621466133118,0.00200042296192351,0.00139692251156387,0.00227683015270156,0.0050148351682622,0.00116580073899252,0.000496846751347147,0.00180975761493544,0.00818737397983393,0.001253169157846,0.00383381562899415,0.00103761701464911,0.00126205570758619,0.000383044969384778,0.00263283254718073,0.00315006046663636,0.000279645010174218,0.00362492897985395,0.00444461197457817,0.00100105991098995,0.00632247004722886,0.00250330360852633,0.00102848663726859,1.19735791103583e-05,0.00265244617319322,0.00243134350246216,0.00257208121595331,0.000469566359149686,0.000110532508068233,0.000454683183058421,0.00594916170221923,0.00229379763681879,0.000386061587442973,0.00144920966762754,0.0033126200664909,0.00101239510950398,0.000842575148410388,0.00123129478016421,0.00160676209590128,0.00266232182850552,0.000404578307188582,0.00223078625310471,0.00178926172927332,0.00144205809481955,0.00118776091483307,0.00159300189896624
