Unknown,Source001,Source002,Source003,Source004,Source005,Source006,Source007,Source008,Source009,Source010,Source011,Source012,Source013,Source014,Source015,Source016,Source017,Source018,Source019,Source020,Source021,Source022,Source023,Source024,Source025,Source026,Source027,Source028,Source029,Source030,Source031,Source032,Source033,Source034,Source035,Source036,Source037,Source038,Source039,Source040,Source041,Source042,Source043,Source044,Source045,Source046,Source047,Source048,Source049,Source050
0.000374346270988537,0.233477464314294,0.11157445181723,0.232402462269212,0.198512180155372,0.124033441443893,0.00269138900071912,0.00236840409656681,0.00966105940664568,0.00130385213946381,0.00406750907530396,0.00296901389099513,0.000937245652317942,0.0014627679381454,0.00263709355851755,0.00398557506197523,0.000903532844772967,0.00558379346704478,0.000425594798062239,2.95022757293152e-07,0.00214657089183781,3.07203035954206e-05,0.000244269894463332,0.000134557064915075,0.00121446209144878,0.00835126004277058,0.000286027704671142,0.000364903118718881,0.00444772333317979,0.0055893298936093,0.000321119871902225,0.000903296065195137,9.55996521486283e-06,0.002253945038883,0.00105644725135469,0.000501837789213469,0.00153610775601999,1.4532921222894e-05,0.000785295710288929,0.00432657874331154,0.00793797898668612,0.00532717621057873,0.000389972566954735,0.000804200886749893,0.000442990444679601,0.00111864864490841,6.94677395469798e-05,0.00128410924178041,0.00682106892103269,0.00148274423492542,0.000431624446063706
