Unknown,Source001,Source002,Source003,Source004,Source005,Source006,Source007,Source008,Source009,Source010,Source011,Source012,Source013,Source014,Source015,Source016,Source017,Source018,Source019,Source020,Source021,Source022,Source023,Source024,Source025,Source026,Source027,Source028,Source029,Source030,Source031,Source032,Source033,Source034,Source035,Source036,Source037,Source038,Source039,Source040,Source041,Source042,Source043,Source044,Source045,Source046,Source047,Source048,Source049,Source050
0.00206966408827507,0.179835001839969,0.100783455682969,0.203197146663324,0.14838515708728,0.267799238726458,0.0032680148797919,0.00280388456267751,0.00236392452406595,0.00419415933129944,0.00190209374071175,0.000250064022590894,0.00215124395708292,0.00101837748340508,0.00395901676147538,9.29063823959295e-05,0.00255290539327753,0.00166922738478311,7.24668488094074e-05,0.000757372930814812,0.00173539164143379,0.0040090745414942,0.00108216329580764,0.00165165822358408,0.000350246708725803,0.0031318548219955,0.000826567302111063,0.00322882660120175,9.7212999190913e-05,0.00110773088729619,0.00207717170215899,0.00113461753920408,0.00304982602201762,0.00372408571462868,0.00575869591011907,0.000201730314019751,0.00173228685130539,0.00235318703352377,0.00669802462139769,0.000293041814873493,0.0026776337741724,0.00241105940626369,9.67720457850817e-06,0.00163563260028555,0.00469517080075998,0.00217089710099761,0.00668274635505118,0.00288948443389271,0.00154092552792107,0.000122642387206469,0.00179541357132465
