Unknown,Source001,Source002,Source003,Source004,Source005,Source006,Source007,Source008,Source009,Source010,Source011,Source012,Source013,Source014,Source015,Source016,Source017,Source018,Source019,Source020,Source021,Source022,Source023,Source024,Source025,Source026,Source027,Source028,Source029,Source030,Source031,Source032,Source033,Source034,Source035,Source036,Source037,Source038,Source039,Source040,Source041,Source042,Source043,Source044,Source045,Source046,Source047,Source048,Source049,Source050
3.67662447092102e-05,0.130579425725678,0.321562949207057,0.110456346494935,0.139274326849352,0.198126951722979,0.00241642397345262,0.00231851841740336,9.76854393096184e-05,0.000350717385290732,0.000707489229724205,0.00230797684414001,0.000664265576641507,0.000634369331811761,0.00136022488557458,0.000927663713413926,0.00570444419976344,0.000387755846404631,0.00762964931665671,4.00824177359301e-05,9.55584449798398e-05,4.73404515838538e-05,0.00244324684142174,0.00183568113867518,0.000690810192844164,0.00500419265870852,0.00168947499233696,0.00120362330306524,0.00747168758480214,0.00405189930196296,0.00718138342595848,0.00126109908010263,0.00107069848460312,0.00106781130521075,0.00178580950343118,0.00163890759124601,0.00113961689704784,0.00242629634492899,0.000500172358188673,0.00437618366604094,0.000783886064658543,0.000302082106595969,0.00395575888554157,0.0091950867189561,0.00123050905492643,0.000394855816142734,0.000808475616112659,0.00169878945055386,0.00474052275612282,0.00212038302715304,0.0022041241140648
