Unknown,Source001,Source002,Source003,Source004,Source005,Source006,Source007,Source008,Source009,Source010,Source011,Source012,Source013,Source014,Source015,Source016,Source017,Source018,Source019,Source020,Source021,Source022,Source023,Source024,Source025,Source026,Source027,Source028,Source029,Source030,Source031,Source032,Source033,Source034,Source035,Source036,Source037,Source038,Source039,Source040,Source041,Source042,Source043,Source044,Source045,Source046,Source047,Source048,Source049,Source050
0.000785693024387682,0.100189119244985,0.301419883350899,0.1934988783345,0.188962846668972,0.115929272400644,0.00491292323475113,0.00106654965105596,0.00272663666093023,0.000740381522319669,0.00645187182998683,3.35413310933989e-05,0.00148944638364134,0.00254409022931143,7.2487964466649e-05,0.000578953252004993,0.00155777277593756,0.000811827943502736,0.00304046655997447,0.000219611844800403,8.19090052518806e-05,0.00108930575218877,9.00543239627465e-05,0.00282139865377169,0.000489204076426124,0.0028292887318586,0.000437324367477564,0.00197658754180574,0.000998062317114101,0.00779757504052293,0.00114616547849309,0.00389123115256266,0.00321190244868516,0.00887013896708571,0.00522371690130136,0.000153313687745407,0.00147281000196911,0.00167319968785973,0.00432938839381514,0.00383589194896541,0.00187659863486885,0.00362273589802558,0.00356102893681693,0.000498934169299045,0.000718542939422127,0.00172773017278864,0.00341590636424096,0.000513004631875339,0.00385156327597914,8.91571236485629e-05,0.000674075166007397
