Unknown,Source001,Source002,Source003,Source004,Source005,Source006,Source007,Source008,Source009,Source010,Source011,Source012,Source013,Source014,Source015,Source016,Source017,Source018,Source019,Source020,Source021,Source022,Source023,Source024,Source025,Source026,Source027,Source028,Source029,Source030,Source031,Source032,Source033,Source034,Source035,Source036,Source037,Source038,Source039,Source040,Source041,Source042,Source043,Source044,Source045,Source046,Source047,Source048,Source049,Source050
0.00129723892381885,0.119101591665641,0.178570789382419,0.284179790146548,0.111759570774323,0.20638825803107,0.0035550695995385,0.0016033176029297,0.0024744659633197,0.00184637918297894,0.000146413724302528,0.00380666854196037,0.00276574844135192,0.000908799433960731,0.00236075589269958,0.000639863399523652,0.000135196526122482,0.00274131223855426,0.00157241221018708,0.000527771470222789,0.00279577957838748,0.00131481013223664,0.00252802938131366,0.00352400252867999,0.000148534062991168,0.000874282317232105,0.00159811906715394,0.00349150072580284,0.00170953302149383,0.000170835164838498,0.00793496291289223,0.00011805994647534,0.00337462097012206,0.00137695927065771,0.00382530181513054,0.000186720996352242,0.0014442213930184,0.0119367957432198,0.000995762819650775,0.00363846541690659,0.000541875361368329,0.00282314190613978,0.00189610874553607,0.000102241464087039,0.00193274763360608,0.000907335919611207,0.00326488917968305,0.000997975932095473,0.00250999203915174,0.000556110696344539,0.0050988707063498
