Unknown,Source001,Source002,Source003,Source004,Source005,Source006,Source007,Source008,Source009,Source010,Source011,Source012,Source013,Source014,Source015,Source016,Source017,Source018,Source019,Source020,Source021,Source022,Source023,Source024,Source025,Source026,Source027,Source028,Source029,Source030,Source031,Source032,Source033,Source034,Source035,Source036,Source037,Source038,Source039,Source040,Source041,Source042,Source043,Source044,Source045,Source046,Source047,Source048,Source049,Source050
0.00189838355923076,0.101213938260995,0.323944117169903,0.182147113437626,0.108518912661167,0.18417591847031,0.000578602249015434,0.000129192165004293,0.000686672348042531,0.00640333263312061,0.000701351058379608,0.000514270785308369,0.00698263870736125,0.00461704923197,0.000110575420534758,0.00313082279412518,6.28864834335325e-05,0.000720164267419184,0.00334667309356028,0.003269535733003,0.000429218038495879,0.00120765073011235,0.00141171572598109,0.00140967956541509,0.00248911583582952,0.00289642733317815,0.00390247443107658,0.00169354972758254,0.00376105430209659,0.00193377419510289,0.000581654970216007,0.000418094757086353,0.000498571840905558,0.00236077160067527,0.00166758522428068,0.000210539974758371,0.000168032788205327,0.000396825237249035,0.00199925470577804,0.00298496445870852,0.00456315065857441,0.00889945284170685,0.00315924161228581,0.000992463039927563,0.00106561953962542,0.00166207752912802,0.000234527009269819,0.00685127298640761,0.00214189800148525,0.00150996024806636,0.00334723056128024
