Unknown,Source001,Source002,Source003,Source004,Source005,Source006,Source007,Source008,Source009,Source010,Source011,Source012,Source013,Source014,Source015,Source016,Source017,Source018,Source019,Source020,Source021,Source022,Source023,Source024,Source025,Source026,Source027,Source028,Source029,Source030,Source031,Source032,Source033,Source034,Source035,Source036,Source037,Source038,Source039,Source040,Source041,Source042,Source043,Source044,Source045,Source046,Source047,Source048,Source049,Source050
0.0078009714641483,0.187945125016909,0.193605966582489,0.204930878490758,0.188310998713787,0.125207031196057,0.00129379367786121,7.69871049335578e-05,0.00447191360735695,0.00111622337058536,0.0013029401677519,0.00209263293311582,0.00367410404688535,0.00116752255454759,3.34713691006474e-06,0.000411598457065716,0.00322389849119589,0.00782695193632861,0.000929234825537361,0.00303024649197177,0.0023646522142216,0.000399799815585368,0.0026487495295755,0.00139524704500089,0.00182762713142082,0.00218949783350652,0.00135952933154109,0.000173631880735542,0.00021708106859611,0.0019832492804275,0.00176625282262147,0.00298821236351719,0.00571647333498797,0.0015901394894965,6.33790590349638e-05,0.00739671206706236,4.3984481496046e-05,0.0022976319887783,0.00216233092690994,0.000898697499898922,0.00122808481948769,0.0024786324441845,0.00470126065727724,7.29114179690547e-05,2.3396340612893e-05,0.00587691287593785,0.000856960444836431,0.00304599554355462,0.000734530834282744,0.00212917120418394,0.000946897987062989
