Unknown,Source001,Source002,Source003,Source004,Source005,Source006,Source007,Source008,Source009,Source010,Source011,Source012,Source013,Source014,Source015,Source016,Source017,Source018,Source019,Source020,Source021,Source022,Source023,Source024,Source025,Source026,Source027,Source028,Source029,Source030,Source031,Source032,Source033,Source034,Source035,Source036,Source037,Source038,Source039,Source040,Source041,Source042,Source043,Source044,Source045,Source046,Source047,Source048,Source049,Source050
6.01883645000896e-06,0.132110896274238,0.291491385897739,0.108614354959668,0.125845873250338,0.241937489618018,0.000604677512159848,0.000314259972582767,0.000276111628597441,0.000301449062805443,0.00574567145082912,0.00367007715890862,0.003091867912378,0.000548946824268873,0.00451017803546951,0.000366742046029975,0.00360313765917381,0.00410977728491054,0.000997621907716627,0.00583212986599128,0.00178809810588416,0.00272380025429733,0.00240545050023933,0.0018593659895805,0.00294301184017178,0.000538612381836372,0.00498537702720847,0.000479621486406444,0.00126256249393794,0.0021274496497741,0.00469600947246359,1.57443358054631e-05,0.00551070986822091,0.00340109013906419,0.00125704367359909,0.000851164209196452,0.000706672002818903,0.00158434492218248,0.000285402715776304,0.00178493883286357,0.00192884246960121,0.00207160365078469,0.00238791000502104,0.00120011610833342,0.00698991538495905,0.00129089660485552,0.000476538545811591,0.00217268116283349,0.000141060526215073,0.00102672396721708,0.00512857451476857
