Unknown,Source001,Source002,Source003,Source004,Source005,Source006,Source007,Source008,Source009,Source010,Source011,Source012,Source013,Source014,Source015,Source016,Source017,Source018,Source019,Source020,Source021,Source022,Source023,Source024,Source025,Source026,Source027,Source028,Source029,Source030,Source031,Source032,Source033,Source034,Source035,Source036,Source037,Source038,Source039,Source040,Source041,Source042,Source043,Source044,Source045,Source046,Source047,Source048,Source049,Source050
0.00467433842203412,0.133389328305229,0.290946324949355,0.104434311289569,0.141480815468907,0.22974921998694,0.00418140322721102,0.00179738427180086,0.000608161050489599,0.00078258983601589,0.000434064304566296,0.000255361438301283,0.00191715648132095,0.000553267993459772,0.00284684620602557,0.000352412176696396,0.000111026382562711,0.00040846157771537,0.000217392608780885,0.0100396368784342,0.0010213017280088,0.00885285122584214,0.000615212927893684,0.000132267761214722,0.00282016294328075,0.000188918530788155,0.000945434312200513,0.00596142154890323,0.00105205818056046,0.00135925057003315,0.000650429687231293,0.0013145809109547,2.96023221532484e-06,0.00203846793765924,0.00659753308227714,2.55998043667678e-05,0.00195452897616314,0.00175470829742482,0.000551331887100476,0.00153577195996004,0.00111289591494333,0.00160716352198044,0.0042515749056548,0.00236307420552742,0.00174589337446038,6.68988225343352e-05,0.000509729990305704,0.00688990174321103,0.00828268235924503,0.000584618384447161,0.00403127141819689
