Unknown,Source001,Source002,Source003,Source004,Source005,Source006,Source007,Source008,Source009,Source010,Source011,Source012,Source013,Source014,Source015,Source016,Source017,Source018,Source019,Source020,Source021,Source022,Source023,Source024,Source025,Source026,Source027,Source028,Source029,Source030,Source031,Source032,Source033,Source034,Source035,Source036,Source037,Source038,Source039,Source040,Source041,Source042,Source043,Source044,Source045,Source046,Source047,Source048,Source049,Source050
0.000901785242332213,0.285363518193584,0.181171684430521,0.106772534735179,0.143298912420433,0.183393350220283,0.00437095824117821,5.99048358561564e-05,0.00213068178892241,0.000459246015803807,2.14894092893562e-06,0.0043661629255655,0.00132193365155126,0.00337269250611843,0.00544706197034918,0.00172254283438178,0.00145679694222241,0.00349804249836069,0.00322815344732599,0.00213483395834735,0.00188875865572401,7.78367059955757e-05,0.00119159039242528,0.00299516896212816,0.000598646515391212,0.00335707069405669,0.000720775201951155,0.000485953383375232,0.0023191259758132,0.000345717106462856,0.000814932753146626,0.00163951401940596,0.00206910705210848,0.00701690346695922,0.000172232464202961,0.000431863945678119,0.00680524543103424,0.00186972205687588,0.011815060947322,0.0026570353750302,0.00366092969363399,0.00105374941200582,0.000169221726784629,0.00155943776821729,0.000982663178326351,0.00268562414881012,0.000643226627862919,0.00168392120213732,0.00118000740480416,0.00119694735764689,0.00143906457543902
