Unknown,Source001,Source002,Source003,Source004,Source005,Source006,Source007,Source008,Source009,Source010,Source011,Source012,Source013,Source014,Source015,Source016,Source017,Source018,Source019,Source020,Source021,Source022,Source023,Source024,Source025,Source026,Source027,Source028,Source029,Source030,Source031,Source032,Source033,Source034,Source035,Source036,Source037,Source038,Source039,Source040,Source041,Source042,Source043,Source044,Source045,Source046,Source047,Source048,Source049,Source050
0.00108181725151132,0.126222369937752,0.13811906072818,0.286453488531968,0.228606674364285,0.120598406437815,0.00578758022502822,0.00412857675054623,0.00158498435762704,0.000716666588354037,9.99510227391563e-06,0.00100464262138323,0.0019427268247968,0.000268406682246391,0.00251594931565808,0.00318726559760589,0.000513891832356962,0.00800868647040906,0.000940773031578019,0.00127876557847097,0.00637471389369797,0.00057785708385925,0.00168332404367636,0.00191680124789755,0.000887212875765768,0.0020035572285403,0.000630797994809887,0.000763042805395463,0.00190619826407429,0.00208272911254917,0.000208655971053966,0.00357162414164622,0.00113296101139189,0.00333979253930881,0.00247963669702703,0.0109316975098027,0.000507193197061477,0.000129852503950972,0.00169295920096631,0.00282532197163954,0.00132710034976641,0.00498628103814624,0.000472407872213994,0.000627115068930423,0.00205034488285472,0.000582842829200518,0.00725016544382859,0.00344931787537755,0.000484309402115231,2.83133207412093e-05,0.000125144392864075
