Unknown,Source001,Source002,Source003,Source004,Source005,Source006,Source007,Source008,Source009,Source010,Source011,Source012,Source013,Source014,Source015,Source016,Source017,Source018,Source019,Source020,Source021,Source022,Source023,Source024,Source025,Source026,Source027,Source028,Source029,Source030,Source031,Source032,Source033,Source034,Source035,Source036,Source037,Source038,Source039,Source040,Source041,Source042,Source043,Source044,Source045,Source046,Source047,Source048,Source049,Source050
0.000484736764813254,0.297294099189836,0.167667002895298,0.108486366411437,0.122486433319519,0.20406609818391,0.00516760528679072,0.00241497109942051,0.000756967504105669,0.0012593815032463,0.00270794960217959,0.00242445655616439,0.00339615091453525,0.00252328377463654,0.00478377538719416,0.000734055838150988,0.00216763395907327,0.00298094817178909,0.000360248404134432,0.00695288445004861,0.00283356069206525,0.000745261247420838,0.00312755296112211,0.0015526173405443,0.00375620902813028,0.00193688096825826,0.00147919310385588,0.00391378731476438,0.00111379676837096,0.000663004565953692,0.000886563165990491,0.00766163508204445,0.00321386766985142,0.000647399963613656,0.00140075086307413,0.00321295312550356,0.000170116155663179,0.000395503929731116,0.000237644627843269,0.00213744302706872,0.00217573701918879,0.0052206703577352,0.00437139341456734,0.000178474635622162,0.0020612367118983,0.00309928253778756,3.56901003302566e-05,0.000884174579526493,0.000807412132240788,0.000702490042267505,0.000262647651682867
