Unknown,Source001,Source002,Source003,Source004,Source005,Source006,Source007,Source008,Source009,Source010,Source011,Source012,Source013,Source014,Source015,Source016,Source017,Source018,Source019,Source020,Source021,Source022,Source023,Source024,Source025,Source026,Source027,Source028,Source029,Source030,Source031,Source032,Source033,Source034,Source035,Source036,Source037,Source038,Source039,Source040,Source041,Source042,Source043,Source044,Source045,Source046,Source047,Source048,Source049,Source050
0.00482576452637422,0.140630105975384,0.242997243809043,0.129075092834162,0.255271001921901,0.132026555459509,0.00413806587187968,1.52438455953251e-05,0.00230951539470523,0.00206682641624531,0.00120734515458048,0.00149915320639227,0.00251959209514749,0.00550255758590976,0.00284594300004037,0.000267012003933407,0.00630434944109979,0.00115611146800369,0.00223803231926625,0.00041880130021421,0.00186748499238866,0.000923379314232928,0.000788105058557938,0.000764085680812451,0.00190010455178436,0.00142833852059856,0.00683280579127664,0.000311101768326072,0.000767534990364926,0.00227696218072333,0.00637565399155568,0.00444829893152164,0.00243211630210031,0.00131235765267795,0.00100218550937453,0.00161455979815791,0.000293324007961477,0.00101853373689668,0.00686730736618804,0.00427528277949013,0.00224791664846955,0.000710141243993996,0.00204606878368403,0.000670210236078629,0.00175007031645914,0.0039012545525388,0.00256789265400855,0.000538818316199409,0.000276671887970287,0.000351555530445473,0.000125563275774418
