Unknown,Source001,Source002,Source003,Source004,Source005,Source006,Source007,Source008,Source009,Source010,Source011,Source012,Source013,Source014,Source015,Source016,Source017,Source018,Source019,Source020,Source021,Source022,Source023,Source024,Source025,Source026,Source027,Source028,Source029,Source030,Source031,Source032,Source033,Source034,Source035,Source036,Source037,Source038,Source039,Source040,Source041,Source042,Source043,Source044,Source045,Source046,Source047,Source048,Source049,Source050
0.0074381526226919,0.215286005374542,0.157028562636429,0.178603662501542,0.16426662753838,0.184815141949107,0.00389277793681039,0.00231268677238766,0.000792591263930522,0.00142501737110369,0.00246147426931326,0.00403233044918977,0.00412450814721353,0.00260254673753492,0.00206227876967863,0.000699987988497708,9.92470056902606e-05,0.00185663831650262,0.00347266679383597,0.000133144977549398,0.000525085535013715,0.00233259518104784,4.90621414887427e-05,0.00152745019747422,0.00646180221392934,0.00106687666297037,0.000160182114792109,0.00179109989099012,0.00343987666526531,0.00307088447773934,0.00211276130799967,0.00418164429127528,0.0009450119891325,0.000330038560930204,0.00147418708362826,9.54869851580168e-05,0.00240900944557048,0.00100430433043988,0.0072545103346951,0.00134590603134401,5.80741301254674e-06,0.000321732268184562,0.00242994194979877,0.000111005920937018,0.00189052754329544,0.00275082480992945,0.00482506300835654,0.000849254184738472,0.000367007384181552,0.00196865329311994,0.00549635736163098
