Unknown,Source001,Source002,Source003,Source004,Source005,Source006,Source007,Source008,Source009,Source010,Source011,Source012,Source013,Source014,Source015,Source016,Source017,Source018,Source019,Source020,Source021,Source022,Source023,Source024,Source025,Source026,Source027,Source028,Source029,Source030,Source031,Source032,Source033,Source034,Source035,Source036,Source037,Source038,Source039,Source040,Source041,Source042,Source043,Source044,Source045,Source046,Source047,Source048,Source049,Source050
0.000663743636505,0.205071292392137,0.270445286301474,0.155240834343449,0.123200862982191,0.146041723980749,0.000855781465879032,0.000882494401796504,0.00401368535104035,0.00221166606721949,0.00553927831552806,0.000754117467846933,0.00138709542471248,0.0108486348802501,0.000469153575665316,0.00183795174283352,0.000433851844184486,4.16916956532177e-06,0.000662502393914874,0.00690180169523781,0.00114427823389439,0.000257624267282635,0.00390589307973332,0.0010983896339354,0.00341458926195288,0.00375540375673859,0.00019896445342985,0.000323866039995541,0.00135764034850537,0.000192413674204629,0.000304616758324082,0.000298168755467992,0.00585024667648039,0.00369609264409896,0.00225847324137463,0.00172051327596527,0.001618366518597,0.000819259240429438,0.000589110780698634,0.00219205094385658,0.00236518885117769,0.00159094774169375,0.00316966272040725,0.00353559834085746,0.00103601896789203,0.00149622367260289,0.00488401998940411,0.00333054278281075,0.000795197308756318,0.00438370985981112,0.000951000747441775
