Unknown,Source001,Source002,Source003,Source004,Source005,Source006,Source007,Source008,Source009,Source010,Source011,Source012,Source013,Source014,Source015,Source016,Source017,Source018,Source019,Source020,Source021,Source022,Source023,Source024,Source025,Source026,Source027,Source028,Source029,Source030,Source031,Source032,Source033,Source034,Source035,Source036,Source037,Source038,Source039,Source040,Source041,Source042,Source043,Source044,Source045,Source046,Source047,Source048,Source049,Source050
0.00019001407646351,0.108349600484494,0.116661398004325,0.316719840360462,0.165717573676562,0.192551587474157,0.00242477877553659,0.000154361663519284,0.00188147317011199,0.000977366842956052,0.0008775901284278,0.000248027288032851,0.000130326842371419,0.000341942963157079,0.00275104689068154,0.00092170829371018,0.00188885216590521,0.00191125627438494,0.00277281432035722,0.00237509624562853,0.00481664434275508,0.00211538812591094,0.000468457506910519,0.00352670711622525,0.00197253351355183,0.00141912739842956,0.00332889318905347,0.00788613409310642,0.000288780042433287,0.00279493357285207,0.00211973267514384,0.000119755924981754,0.0153248105277707,0.000132272980996914,0.00027834843973142,0.0027488185642328,0.000351118849621311,0.00156934707641845,0.00114650644098396,0.00174640182701005,0.00174612038124554,0.00101491717407584,0.00329196387262834,0.000717266633110172,0.00949833316172239,0.00272743239061508,0.000940770988468602,0.00122521308910191,0.00334577984178303,0.00128828755165912,0.000202546766226092
