Unknown,Source001,Source002,Source003,Source004,Source005,Source006,Source007,Source008,Source009,Source010,Source011,Source012,Source013,Source014,Source015,Source016,Source017,Source018,Source019,Source020,Source021,Source022,Source023,Source024,Source025,Source026,Source027,Source028,Source029,Source030,Source031,Source032,Source033,Source034,Source035,Source036,Source037,Source038,Source039,Source040,Source041,Source042,Source043,Source044,Source045,Source046,Source047,Source048,Source049,Source050
0.00194346865224246,0.218689738618143,0.110061817821916,0.107834999003983,0.14961513404834,0.313798310507617,0.00228253951263728,0.00799370583447176,0.00237874257378503,0.00164747420855423,0.0018222772851856,0.00215800735971765,0.00182700158858685,0.00125343338696026,0.000152623049434933,0.00216926648972328,0.00451642634137817,0.000421058191724745,0.00250927853503567,0.000840904235241261,0.00566214221142946,0.000118843315748664,0.000132635675890764,0.000875858833083786,0.000721386206682404,0.00385229648774788,0.000632404406687454,0.00136914036074326,0.00540560533380351,0.000739344522377776,3.29853276051378e-05,0.00250659346569374,8.10263116930027e-05,0.0118231995253352,0.00269813806154872,0.00014297351190736,0.00791100207386178,0.000234776841858533,0.000872972782732114,0.000296333209160444,0.000490559470538674,0.000900651559154694,0.00127580298028502,0.00219698176829046,0.00259361705209377,2.68758833301375e-05,3.30181364160494e-05,0.00324583850149677,0.00524818056540096,0.00082985234939664,0.00313275602332655
