Unknown,Source001,Source002,Source003,Source004,Source005,Source006,Source007,Source008,Source009,Source010,Source011,Source012,Source013,Source014,Source015,Source016,Source017,Source018,Source019,Source020,Source021,Source022,Source023,Source024,Source025,Source026,Source027,Source028,Source029,Source030,Source031,Source032,Source033,Source034,Source035,Source036,Source037,Source038,Source039,Source040,Source041,Source042,Source043,Source044,Source045,Source046,Source047,Source048,Source049,Source050
0.000748550425774191,0.233891464628724,0.124332289192231,0.132344278725016,0.102955068597629,0.306476898856399,0.000121264960855825,0.00275723393462919,6.59391514117779e-05,0.00165852668319118,0.00127631054858984,0.0066923410776137,0.0029035789923279,0.0005281190296783,0.000276036613888104,0.00450943003680546,0.00102313144912136,0.00394784692103387,0.000820859009640675,0.0106872015476225,0.00173616231959641,0.000327852669181418,0.000413536348191559,0.00101730038970222,0.00193808896638211,0.0159686668111865,0.000269149738113908,0.00116599729988594,1.46566509790424e-05,0.000192419406958935,0.0042754332810705,0.000588976077671585,0.00273161270084812,0.0046593007014239,0.000188966051240719,0.000483425409971421,0.000789384888812964,0.000232358507131403,0.000273807200322061,0.000895276080641091,3.83351468869704e-05,0.0018918119682869,0.00410392868026869,0.00142052386109329,0.00116490208397941,0.00148292794382823,0.00932940160197255,0.00069710622265295,0.00129441965078249,0.000866820255378914,0.00153108070337394
