Unknown,Source001,Source002,Source003,Source004,Source005,Source006,Source007,Source008,Source009,Source010,Source011,Source012,Source013,Source014,Source015,Source016,Source017,Source018,Source019,Source020,Source021,Source022,Source023,Source024,Source025,Source026,Source027,Source028,Source029,Source030,Source031,Source032,Source033,Source034,Source035,Source036,Source037,Source038,Source039,Source040,Source041,Source042,Source043,Source044,Source045,Source046,Source047,Source048,Source049,Source050
0.00819211614978112,0.158586701057161,0.162027235480152,0.167665038574715,0.244666032271869,0.167054992616103,0.00146316373976667,0.000259012295221899,0.00658000899833878,0.000181323069653974,0.000113929617673332,0.00237064462438818,0.00228586639148777,0.000239565684844418,0.000827089244511485,0.0045990368462763,0.000892856611365268,0.00115154276577393,0.00112987294374024,0.000398984924950072,0.00125112104509684,0.00280526329866993,0.00276315149949805,0.00297723978714128,0.000208257510190651,0.00100356223251118,0.00900338120692197,0.00060534557621201,0.00230115923378455,0.000112946065326437,0.00169538378107663,0.00371487059383316,0.00113000407281182,0.00344973471974832,0.000623609185970548,0.00213864478488843,0.00433328269922652,0.000191888372336026,0.00200203531628827,0.00161660968415459,0.00151414277486713,0.00597470607371888,0.00189788345976362,0.001525434139139,0.00192418042058226,0.00380500337401833,5.61443779130052e-05,0.00289416441539385,0.00149880176013585,0.00114068659391889,0.0031563480370885
