Unknown,Source001,Source002,Source003,Source004,Source005,Source006,Source007,Source008,Source009,Source010,Source011,Source012,Source013,Source014,Source015,Source016,Source017,Source018,Source019,Source020,Source021,Source022,Source023,Source024,Source025,Source026,Source027,Source028,Source029,Source030,Source031,Source032,Source033,Source034,Source035,Source036,Source037,Source038,Source039,Source040,Source041,Source042,Source043,Source044,Source045,Source046,Source047,Source048,Source049,Source050
0.00168190707207505,0.138678624149393,0.378627111664612,0.132209035955948,0.115947712393905,0.134537515836141,0.000604458529509612,0.000101008983876928,0.00382526781708655,0.00129931387890863,0.000745500361877898,0.000640913261561896,0.00175909297089671,0.00109716038577376,0.00237535956495721,0.00392336999982083,0.00908588902500794,0.00431509440518513,0.00596579804164661,0.000717556456217232,0.00232608810006183,0.00324009821640008,0.000501749605493451,0.00316500456511644,0.000364046392607775,6.90883751719651e-05,0.00593662912687355,0.00106930112725833,0.00122674525361097,0.002108092071543,0.000874023117314814,0.000358547768736883,0.00185232512456075,0.000974847066036311,0.00147054117753737,0.00119343835730163,0.00345065574860738,0.00207647446819835,3.17153972953998e-05,0.00131523089201952,0.00169494396354202,0.00256950314409775,0.000813404689177983,0.00378159583577669,0.00280676034251021,0.000828635504460729,0.00300941778789266,0.00134423414265767,7.94366721086508e-05,0.0106542145413882,0.000675520670239663
