Unknown,Source001,Source002,Source003,Source004,Source005,Source006,Source007,Source008,Source009,Source010,Source011,Source012,Source013,Source014,Source015,Source016,Source017,Source018,Source019,Source020,Source021,Source022,Source023,Source024,Source025,Source026,Source027,Source028,Source029,Source030,Source031,Source032,Source033,Source034,Source035,Source036,Source037,Source038,Source039,Source040,Source041,Source042,Source043,Source044,Source045,Source046,Source047,Source048,Source049,Source050
0.006938145806455,0.207726346594631,0.110201690555286,0.168073426605341,0.260673292049891,0.15332524419485,0.00236580393213721,0.000167200166280338,0.00179118200737014,0.000297786496768374,0.00126567283094249,0.00022388065862995,0.00110655619138632,0.000631449311789055,0.00560454250009818,0.000546300130010683,0.00187358287469133,0.00408635352961021,0.000228517012587184,0.00202769842197692,0.000863795401447764,0.00266960772899885,0.000517392154045367,0.000850659518454442,0.00121663098577057,0.000572693132610962,0.00625443743666956,0.000350076750548515,0.00303758009356906,0.00350952195315261,0.00200614448875036,0.00036742462297876,0.000689927967295424,9.51789669199186e-05,1.2530894575157e-05,0.00725068675951478,0.000729156237836798,0.00353151658149632,0.0132767366746454,0.000200470836572949,0.000313466015713068,0.00353456877328336,0.00449070735931086,0.00511710788268794,0.00212295483712968,0.00110105284042198,4.00124756225619e-05,0.00164991669290981,0.00179120961847077,0.000981205141193943,0.00170095730666906
