Unknown,Source001,Source002,Source003,Source004,Source005,Source006,Source007,Source008,Source009,Source010,Source011,Source012,Source013,Source014,Source015,Source016,Source017,Source018,Source019,Source020,Source021,Source022,Source023,Source024,Source025,Source026,Source027,Source028,Source029,Source030,Source031,Source032,Source033,Source034,Source035,Source036,Source037,Source038,Source039,Source040,Source041,Source042,Source043,Source044,Source045,Source046,Source047,Source048,Source049,Source050
0.00434319918586021,0.142442003896783,0.335983983226252,0.140206129346343,0.111552759056515,0.169815124474106,0.000791995094723078,0.00189379992346513,0.00186365580541395,0.00375685974112429,0.00119159050801274,9.77570268059017e-05,0.00988240108533892,0.00207307492826117,0.000344815102349293,0.00038288001105863,0.000427522426579057,0.00087807618769367,0.00461244316714232,0.000227746228062828,0.00154120526741956,0.00659737643808401,0.00207332501447029,0.00129320693578461,0.00237517197047914,0.00502511694751572,0.00183122642842065,0.000489080017181631,8.98341729404953e-05,0.00150487451333854,0.000909965069708123,0.00388999032252533,0.000344346171417036,0.000353184490577591,0.00241243007235171,0.00338432872091553,0.00113148745763147,0.00191490641035085,0.00104617043382201,0.000763620970957307,0.00741075066352644,0.000458093999126411,0.00107916166513676,0.000442548486625278,0.00350986769654208,0.000311405528132794,0.00108931615113163,0.00198664608726121,0.00214328796236427,0.00758335523767977,0.00224690227469058
