Unknown,Source001,Source002,Source003,Source004,Source005,Source006,Source007,Source008,Source009,Source010,Source011,Source012,Source013,Source014,Source015,Source016,Source017,Source018,Source019,Source020,Source021,Source022,Source023,Source024,Source025,Source026,Source027,Source028,Source029,Source030,Source031,Source032,Source033,Source034,Source035,Source036,Source037,Source038,Source039,Source040,Source041,Source042,Source043,Source044,Source045,Source046,Source047,Source048,Source049,Source050
0.000224185521222577,0.16791819443897,0.159935213700571,0.192348194027218,0.143725382116275,0.236073015716967,0.00307965957371646,0.00119745632744844,0.00370438120333001,0.00282179114063943,0.00016006500950139,0.0135370582725403,0.000111079288388292,4.08736123743348e-05,0.000319555732154685,0.00191271049474455,0.000528873829671841,0.00538609212150241,0.000371607166557209,0.00040566197401007,0.0048166853810145,0.00116893957557722,0.000631378236318393,0.00118179268202871,0.000548189248695713,6.88702418227568e-05,0.00357920451781392,0.000719231584998848,0.00345832625471518,0.00682405384159354,0.00109608629348766,0.000327475144692919,0.000539759412389368,0.000289976918632138,0.000580527529807152,0.00152365158202173,0.00461821221921059,0.000145982741088755,0.000586804397265804,0.00196245345090019,0.00137796346566441,0.00431286218969978,0.000105296320847058,0.0032815041800624,0.00365005833944218,0.00250109921904722,0.00878157327926974,0.00134180850909994,0.000859911806343282,0.00318221932928606,0.00213705083936089
