Unknown,Source001,Source002,Source003,Source004,Source005,Source006,Source007,Source008,Source009,Source010,Source011,Source012,Source013,Source014,Source015,Source016,Source017,Source018,Source019,Source020,Source021,Source022,Source023,Source024,Source025,Source026,Source027,Source028,Source029,Source030,Source031,Source032,Source033,Source034,Source035,Source036,Source037,Source038,Source039,Source040,Source041,Source042,Source043,Source044,Source045,Source046,Source047,Source048,Source049,Source050
0.000347847732892093,0.183394049487656,0.111473170966202,0.333769015584298,0.170505568127273,0.100858195834572,0.000846566503548438,0.00257384516003174,0.00306568793029334,0.00127793383613918,6.84041673022392e-05,0.00151898965246682,0.000567270073351512,0.0013370173045439,0.00348859691242134,0.00307047923480782,0.00203036499148893,0.0101284408226766,0.00133527594413513,0.00250466007320308,0.0017204295146562,0.000878260637660944,0.00198730015915214,0.00226664346677543,0.000385400309602699,5.9258901017727e-05,0.00291895419022507,0.00376024301905123,0.0038784085149085,0.00123981712455616,0.00190346103138511,0.00117811224033928,0.00129446941641196,0.00223918237466946,0.00200298523034205,0.00294344813162453,0.00398130883144152,0.00183152824102749,0.00143967158065931,0.00623865501397891,0.00140422526648345,0.00303487132425345,0.00104273735442258,0.00142579683613226,0.00198962495524168,0.000134208248028816,0.00157927526680083,0.00372751559607363,0.0031307136018271,0.00398971224738157,0.000232401034566767
