Unknown,Source001,Source002,Source003,Source004,Source005,Source006,Source007,Source008,Source009,Source010,Source011,Source012,Source013,Source014,Source015,Source016,Source017,Source018,Source019,Source020,Source021,Source022,Source023,Source024,Source025,Source026,Source027,Source028,Source029,Source030,Source031,Source032,Source033,Source034,Source035,Source036,Source037,Source038,Source039,Source040,Source041,Source042,Source043,Source044,Source045,Source046,Source047,Source048,Source049,Source050
2.63316222152917e-05,0.222052959303539,0.227258571932597,0.132636204533364,0.108905044670533,0.209147219559967,0.00171387572001519,0.003065558989545,0.00153856800667219,0.00211416639144387,0.000195659675400667,0.000947240044524425,0.00523534350836656,0.00442672693758014,0.000218423315176546,0.00175016403469876,0.00210511919216095,0.000703115230747143,0.00136099069438533,0.0035798986568655,0.000334301145020461,0.00152798729273462,0.00398577258923648,0.00502923993633951,1.05381811283553e-05,0.00236722937986354,0.00124172223087327,0.00230082528518069,0.000643984499971168,0.000488942043626271,0.00799939461477452,0.000638059987905785,0.00197392118122107,0.00311444558966233,0.000710841617546707,0.000185278575744864,0.000227349007853365,0.00275903063007225,0.00205400767089871,0.00345170854873164,0.00197985722376993,0.00242941516972378,0.00456790115640096,0.00278730781934216,0.000339665321684874,0.00592867931556788,0.000224589671874911,0.00267851801327035,0.000394452082369519,0.00157802544411104,0.00706582675370139
