Unknown,Source001,Source002,Source003,Source004,Source005,Source006,Source007,Source008,Source009,Source010,Source011,Source012,Source013,Source014,Source015,Source016,Source017,Source018,Source019,Source020,Source021,Source022,Source023,Source024,Source025,Source026,Source027,Source028,Source029,Source030,Source031,Source032,Source033,Source034,Source035,Source036,Source037,Source038,Source039,Source040,Source041,Source042,Source043,Source044,Source045,Source046,Source047,Source048,Source049,Source050
0.000271381896588771,0.131673590164145,0.258478896854702,0.11579521448327,0.104850246391857,0.289202052106025,0.00449403706959135,0.00171940991891218,4.24758144834714e-05,0.00280047638467586,0.00111437642906904,0.00145901417644922,0.00478841416017131,0.000830278939978413,0.00785435379916138,0.0014004546042528,0.00104141515969225,0.00188023204637953,0.00199297779903811,0.00449626771386193,0.00106859141539248,7.18224404194378e-05,0.00877132916600902,0.000235277601417686,0.00590172887084696,0.0058511318598859,0.000245642453001895,0.00259246960847359,0.000378788717523484,0.000138965623971165,0.000881995491776358,0.000483210243780085,0.000256980951940153,0.000165441978538225,0.00263907789699483,0.00614120157086551,0.000249447864030919,0.0010134401792608,0.00128612215546509,0.00122442442912791,0.00230327341728288,0.0040837876855488,0.000475989003217417,0.00289523555962384,0.00441262097736048,9.0554113933869e-05,0.00175960755127162,0.00221199303222942,0.00176659999682488,0.00131136089488698,0.00290632133679271
