Unknown,Source001,Source002,Source003,Source004,Source005,Source006,Source007,Source008,Source009,Source010,Source011,Source012,Source013,Source014,Source015,Source016,Source017,Source018,Source019,Source020,Source021,Source022,Source023,Source024,Source025,Source026,Source027,Source028,Source029,Source030,Source031,Source032,Source033,Source034,Source035,Source036,Source037,Source038,Source039,Source040,Source041,Source042,Source043,Source044,Source045,Source046,Source047,Source048,Source049,Source050
0.00133216554466577,0.146348420640398,0.212683356508571,0.224731940792525,0.208755513090759,0.107480768967747,0.00279158026943125,0.00338454082538639,0.0027493690402729,0.000457822781116586,0.000302016802747095,0.000156497690843702,0.00654523549474849,0.00244810675767024,0.00175398770586972,0.000676818381172282,0.000145197590107759,0.000225426023381314,0.00169840395103773,0.00057447309689812,0.00314864290588779,0.00153995093657801,0.00587728200141884,0.00120152169360838,0.000365527720952818,0.0048246677879999,0.00186222116471246,0.00100441442383928,0.00228852427427725,0.00112268505060495,0.00311493081430423,0.00479363675449025,0.00174224513543372,0.00631970841728831,0.00244784649810858,0.00260888797764544,0.00145669918327082,0.000302411585415122,0.00267353845181729,0.00312308633429467,0.000274045920154785,0.00171138639049567,0.00143895648457977,0.00367964218724834,0.000466541310695615,0.00470529745118899,0.00108241678733753,0.00128462534142716,0.00193842913835869,0.0043754607470164,0.0019831271741996
