Unknown,Source001,Source002,Source003,Source004,Source005,Source006,Source007,Source008,Source009,Source010,Source011,Source012,Source013,Source014,Source015,Source016,Source017,Source018,Source019,Source020,Source021,Source022,Source023,Source024,Source025,Source026,Source027,Source028,Source029,Source030,Source031,Source032,Source033,Source034,Source035,Source036,Source037,Source038,Source039,Source040,Source041,Source042,Source043,Source044,Source045,Source046,Source047,Source048,Source049,Source050
0.000283402946163896,0.30536150059209,0.13857284673263,0.100729389133543,0.143208147322426,0.212128116219311,0.000149380258807789,0.00609574067411993,0.000143529320758665,0.000504656130387542,0.00518345961605353,0.00183351061669581,0.00206511165708303,0.000271643032597602,0.000209557647514482,0.00193012913036905,0.00110248614853515,0.00426930171783212,0.000197721305818817,0.0018639169033616,0.000748110794196943,0.00136618646366833,0.00420020903984481,0.00516887143673772,0.00109768874537914,0.00626088190643896,0.002094286488022,0.00321402251473786,0.00211278410843445,0.000714979552385648,0.00149233079616046,0.00584457193861083,0.000879971921663524,0.00307298222264761,2.01800343614132e-05,0.00517501451508138,0.000925246342492062,0.00218025178800969,0.000180062988130656,0.00135234134347887,0.000656633845054725,0.000931465778967944,0.00121955197787995,0.00192807884174663,0.00174227864798756,0.0124966744136186,0.00171990109225398,0.000935295593530385,0.00309474165039046,0.000497008645805007,0.000573847466183384
