Unknown,Source001,Source002,Source003,Source004,Source005,Source006,Source007,Source008,Source009,Source010,Source011,Source012,Source013,Source014,Source015,Source016,Source017,Source018,Source019,Source020,Source021,Source022,Source023,Source024,Source025,Source026,Source027,Source028,Source029,Source030,Source031,Source032,Source033,Source034,Source035,Source036,Source037,Source038,Source039,Source040,Source041,Source042,Source043,Source044,Source045,Source046,Source047,Source048,Source049,Source050
0.000228422901783976,0.14594561112628,0.230910874890767,0.189355966544869,0.165746807527894,0.168040739910191,0.00254881686921776,0.00188036290674135,0.00459558552708685,0.00453544423781386,0.00110086547027066,0.000711488487048482,0.000705129590503242,0.00142510491045934,0.00369442801180453,2.82753882394886e-05,0.00478318867022891,0.000708549768174046,0.000455809592128488,9.37435332461338e-05,0.000528789055862102,0.00600039334701626,0.000936668259885983,0.000677476931754538,0.00327366719440028,0.0035572239224705,0.00261768460085964,0.000817629073980279,0.00108863485223287,0.00425740630675323,0.00117919586696935,0.00122745138688226,0.00116710521585664,0.0109624279819056,0.00203143837818062,0.00133512428540623,0.00498780344765783,0.00416058001047762,1.32112832583231e-05,0.00108478758016289,0.00111143174420511,0.00203840267322002,0.00121382494644614,0.00211440947853852,0.00231261846059826,0.000274131922071409,0.000850708233820856,0.00637834299712369,0.00324795854796719,0.000224365621171391,0.000833890528117229
