Unknown,Source001,Source002,Source003,Source004,Source005,Source006,Source007,Source008,Source009,Source010,Source011,Source012,Source013,Source014,Source015,Source016,Source017,Source018,Source019,Source020,Source021,Source022,Source023,Source024,Source025,Source026,Source027,Source028,Source029,Source030,Source031,Source032,Source033,Source034,Source035,Source036,Source037,Source038,Source039,Source040,Source041,Source042,Source043,Source044,Source045,Source046,Source047,Source048,Source049,Source050
0.00412058579479293,0.27401049136467,0.149886050879914,0.115736983626164,0.187356707735708,0.173009766393545,0.0099552006615241,8.32208287111206e-05,0.00313556247612405,0.000629653502661734,0.0017677527128615,0.00411991737691915,0.00168770381019419,0.00102054448520072,0.00291171458409935,0.000560474481827219,0.00314254131438807,0.00419209706587428,0.00121088483384786,0.00022782259191715,0.000138924109883572,0.00324359006119019,0.000238107704689221,0.00188389986762618,0.00643755361917191,0.00150518197403257,0.000802760535396578,0.00215241576839545,0.000494577617171937,0.00308097859010534,0.00079612638059373,0.000720266609701565,0.000651258835016884,0.000959707323591114,0.000524249309654759,0.000471067850448015,0.00266599456692829,0.00327983475246593,0.00704234634437304,0.00694603838557609,0.00121153663535463,0.000944316539379964,0.00152951856283183,0.00296929692578341,0.00115285985337878,0.00202129328941499,0.00169601807356948,0.00093005151275099,1.66419445265758e-06,0.00127958626649962,0.00346330141962784
