Unknown,Source001,Source002,Source003,Source004,Source005,Source006,Source007,Source008,Source009,Source010,Source011,Source012,Source013,Source014,Source015,Source016,Source017,Source018,Source019,Source020,Source021,Source022,Source023,Source024,Source025,Source026,Source027,Source028,Source029,Source030,Source031,Source032,Source033,Source034,Source035,Source036,Source037,Source038,Source039,Source040,Source041,Source042,Source043,Source044,Source045,Source046,Source047,Source048,Source049,Source050
0.00438457464641261,0.148994764771952,0.221151762980102,0.252762546431128,0.157251216047289,0.119839709769528,0.000353871802225877,0.00290881280346547,0.00200199235838286,0.00199564836106403,0.00127039213160213,0.00157402275779562,0.00039921542901864,2.57244860963988e-05,0.00427372155315611,0.00301762733397451,0.00235471936674065,0.00241418129968522,0.00268068009011588,0.00210296375306623,0.000340172776225728,0.00176024259535294,0.000871242152641755,0.00238239751935898,0.00087844882333617,0.00204698417517267,0.00436166450009251,0.00428661701346793,0.00114783644378535,0.000938044953728585,0.00293745161827855,0.000801519926834948,0.000240979855943446,0.00168066316438702,0.0026965702759849,0.000239103523497119,0.00101608957267814,0.00936442506710342,0.00301140813842627,0.000811932011907717,0.00847849513218119,0.000264478567039861,0.00691775340407268,0.00135333852565814,0.00415066377841997,0.000382916819371012,0.00335208414413016,0.000604342715884629,0.00040467740287796,0.000361787112454291,0.000157520116903699
