Unknown,Source001,Source002,Source003,Source004,Source005,Source006,Source007,Source008,Source009,Source010,Source011,Source012,Source013,Source014,Source015,Source016,Source017,Source018,Source019,Source020,Source021,Source022,Source023,Source024,Source025,Source026,Source027,Source028,Source029,Source030,Source031,Source032,Source033,Source034,Source035,Source036,Source037,Source038,Source039,Source040,Source041,Source042,Source043,Source044,Source045,Source046,Source047,Source048,Source049,Source050
0.00609847789216815,0.161658771458083,0.18151755434141,0.154885748821553,0.223468591062062,0.178469334316893,0.00411424293717469,0.00222085618754172,0.000701020774214144,0.00445974082683096,0.00485759897989023,0.00315667269304217,0.00185675391643048,0.00526953036652615,0.000985388058768312,0.00186803908458571,0.000482964860504407,0.00442839197906066,0.00156663814307847,0.00484264602656825,0.00219232308497792,0.00167237927395711,0.000562731863542383,0.000789435505712175,0.00282228328241679,0.000309498646333924,0.00211015111143,0.000820129420831264,0.00102891883588382,0.000677175806896367,0.00417548357351425,0.000635153040935012,0.000733014519582599,0.00178021477102208,0.00537098925576732,0.000505826095851734,0.000513896782862548,0.000622731884536175,0.00223333993603613,0.0039051229641103,0.00653595390717242,0.00110598930827,0.00116673282451459,0.00160786953699239,0.00386344481773049,0.000697808364577073,0.00126758049212921,0.000714604298092653,0.000675372492231063,0.000478940475669926,0.00151594110003572
