Unknown,Source001,Source002,Source003,Source004,Source005,Source006,Source007,Source008,Source009,Source010,Source011,Source012,Source013,Source014,Source015,Source016,Source017,Source018,Source019,Source020,Source021,Source022,Source023,Source024,Source025,Source026,Source027,Source028,Source029,Source030,Source031,Source032,Source033,Source034,Source035,Source036,Source037,Source038,Source039,Source040,Source041,Source042,Source043,Source044,Source045,Source046,Source047,Source048,Source049,Source050
0.00201135032162836,0.15699581967192,0.171828849403248,0.276492624013529,0.109050374957649,0.185632331953655,0.00126543290988178,0.00246459838901846,0.00255707906200396,0.00747277384389169,0.00411517378737305,5.79068972532056e-05,0.000447652495643478,0.0051116791990076,0.00258510239252775,7.23371076765045e-05,0.00185868701968707,0.00105218062261819,0.00168785551259727,5.18051787551495e-05,0.000519753115925796,0.00140774697608768,0.00131835307378521,0.00197425588322326,0.000176198570154886,0.00295789533871194,0.00609345441377694,0.000519629998133633,0.00260327211773463,0.00127144967763013,0.00586660471404473,0.00285817913192348,0.00018684998098751,0.00187106276694665,0.000510088650548771,0.00608030596063471,0.000804016718336065,0.00474744002873376,0.00317975503542183,0.00172551708995293,1.41170306604062e-05,0.00085362084769602,0.00164327909504604,0.00262215776180101,0.00175112042110337,0.00288931869972381,0.00513087135573543,0.000551781208356468,0.00395463511736022,4.40124205884323e-05,0.00106164205967072
