Unknown,Source001,Source002,Source003,Source004,Source005,Source006,Source007,Source008,Source009,Source010,Source011,Source012,Source013,Source014,Source015,Source016,Source017,Source018,Source019,Source020,Source021,Source022,Source023,Source024,Source025,Source026,Source027,Source028,Source029,Source030,Source031,Source032,Source033,Source034,Source035,Source036,Source037,Source038,Source039,Source040,Source041,Source042,Source043,Source044,Source045,Source046,Source047,Source048,Source049,Source050
0.00123480977923365,0.21513638605105,0.136708742731808,0.10818777859756,0.115214101486985,0.324752991132597,0.00163049229376421,0.000536601793950533,0.00185948525085309,0.00220565588491747,0.00561454145377667,0.000902175541501812,0.00138313125593687,0.000513018474662381,3.81414160403265e-05,0.00610125927959717,0.000435667740664885,0.00582552905833126,0.000366075102439951,0.00128942085217215,0.00113392892366785,0.0020505057437321,0.00444087603217793,0.000742315354231628,0.00197861824755027,0.000741097556961004,0.00271506057468401,0.000648803565368023,0.00224695924302517,0.00714108081479158,0.00234716533614989,0.00349658639711149,0.000196871698771531,0.0017486266592467,0.00533014553935604,0.00652596160560598,0.00602413325616377,0.000985304173939603,0.0041909277965239,0.000280178614280228,0.00160035225200998,0.00120439707196185,0.000152519460567079,0.00124574516452115,0.0033842585467047,0.000511239171111407,0.000865429079420048,0.000613702201636988,0.00191991905367646,0.00324965381974283,0.000351631867466371
