Unknown,Source001,Source002,Source003,Source004,Source005,Source006,Source007,Source008,Source009,Source010,Source011,Source012,Source013,Source014,Source015,Source016,Source017,Source018,Source019,Source020,Source021,Source022,Source023,Source024,Source025,Source026,Source027,Source028,Source029,Source030,Source031,Source032,Source033,Source034,Source035,Source036,Source037,Source038,Source039,Source040,Source041,Source042,Source043,Source044,Source045,Source046,Source047,Source048,Source049,Source050
0.00109997308371015,0.1784495284866,0.108837082799664,0.323799531470727,0.129748875120262,0.159164982122746,0.000824907810884097,0.00529607025581088,0.00204924876628649,0.00245769483079834,0.00136437755188286,0.00302236959529381,0.000264573219490264,0.000573028932092307,0.00339080298139221,0.00127559165895444,0.00151171748977022,0.000164834212543217,0.00155856181008102,0.000124313271916546,0.00353557704139227,0.00779703499360442,0.00249871387781302,0.000416305666877929,0.00221050923429576,0.00489689420651811,0.00153552858691547,0.00185711246461076,0.000100000484181077,0.000325223268519248,9.00565167880157e-05,0.000487302058932096,0.00139587417607415,0.00690715326441224,0.000238838389592355,0.00455694688307757,0.00223376372729107,0.000597569414622861,0.00207415338304445,0.000360069363990136,0.00253562435701982,5.78220499871939e-05,0.00583208176835358,0.00660584846141866,0.00197592996932793,0.0002148388131195,0.00254347153164547,0.00813600160661206,0.000113385280952905,0.00233492000455731,0.000557383683545655
