Unknown,Source001,Source002,Source003,Source004,Source005,Source006,Source007,Source008,Source009,Source010,Source011,Source012,Source013,Source014,Source015,Source016,Source017,Source018,Source019,Source020,Source021,Source022,Source023,Source024,Source025,Source026,Source027,Source028,Source029,Source030,Source031,Source032,Source033,Source034,Source035,Source036,Source037,Source038,Source039,Source040,Source041,Source042,Source043,Source044,Source045,Source046,Source047,Source048,Source049,Source050
0.00138917216842601,0.285141455453067,0.159361523366556,0.14858828028153,0.199560625979568,0.107348114919279,0.00905966688223576,0.000426950042640296,0.00265675622165775,0.00249005389521965,0.00137067184021038,0.00313254109267005,0.000515246814060051,0.00311010852549007,0.00425864379970895,0.000378158741557111,0.00113822213105749,0.00105325803943076,0.00123142677888606,0.00173051427500756,0.000411801410221635,0.00401318868485023,0.00087573160235943,0.00193644573785159,0.00228052544081823,0.000741251410246164,0.0010044377292526,0.00270880335366541,0.00453562785942053,0.000641349257799677,0.000742403886185766,0.00314587057140836,0.000222986554118414,0.00305386905845019,0.00124644997875509,0.0030379905327461,0.00195169856634292,0.00088953456219949,0.000817173377687399,0.000718069337917015,0.00175315579005823,0.00049046096424907,0.00158795471379412,0.00335303858135603,0.000428645097806729,0.000460414138420206,0.000625306568133141,0.00565120092238948,0.00368522711891998,0.000844536657087604,0.0122034592872312
