Unknown,Source001,Source002,Source003,Source004,Source005,Source006,Source007,Source008,Source009,Source010,Source011,Source012,Source013,Source014,Source015,Source016,Source017,Source018,Source019,Source020,Source021,Source022,Source023,Source024,Source025,Source026,Source027,Source028,Source029,Source030,Source031,Source032,Source033,Source034,Source035,Source036,Source037,Source038,Source039,Source040,Source041,Source042,Source043,Source044,Source045,Source046,Source047,Source048,Source049,Source050
0.00236149687493021,0.152402336940858,0.124067177848883,0.203302337574139,0.222522195778605,0.197705951857514,0.000120125670655912,0.0101480186145587,0.000650008195258905,0.00134501679918247,0.000128069959675097,0.000160090134572439,0.00831962633554909,0.000491687949995352,0.00137136476529038,0.00693844570116757,0.00140899112832425,0.00444947807452631,0.00404757989969653,0.00186349950217579,0.00232516438346578,0.00190542682024641,0.00545151768665446,0.00188319081768227,0.00107868138984153,0.00261973712719304,6.73344917366931e-05,6.61406738907094e-05,0.00112232244037705,0.000436653768593605,0.00126054348457169,2.32858999890437e-05,0.000337207632258318,0.00115130100989782,0.00108711665021172,0.00261145455167293,0.000704979319587842,0.00176056078405274,0.00054986555769129,0.00144003694359815,0.00111561706524214,0.0031330070939637,0.00300149252650321,0.00581599785421287,0.00569407277947224,0.00329859723552082,0.000195745213663808,0.00431266943459453,2.33117273666388e-05,0.00106651806195161,0.000656949968736273
