Unknown,Source001,Source002,Source003,Source004,Source005,Source006,Source007,Source008,Source009,Source010,Source011,Source012,Source013,Source014,Source015,Source016,Source017,Source018,Source019,Source020,Source021,Source022,Source023,Source024,Source025,Source026,Source027,Source028,Source029,Source030,Source031,Source032,Source033,Source034,Source035,Source036,Source037,Source038,Source039,Source040,Source041,Source042,Source043,Source044,Source045,Source046,Source047,Source048,Source049,Source050
0.0016613456484142,0.175959851471627,0.292275543174698,0.151123848158147,0.137483187273505,0.143157569922023,0.000548668132512397,0.00887100556761731,0.000228444346314745,0.000561597471380941,0.00608000866200877,0.00245671726533638,0.00280646993692129,0.002207175384163,0.00130613082166063,0.000918095471184554,0.00292075310714341,0.00154928388278045,0.00371707015327945,0.00144340678972548,0.00325431722503121,0.00406321572210022,0.000681321168463145,0.00338908065440017,0.000241884517768385,0.000782921480512221,0.00811259475435486,0.0019851736915541,0.00460720045765278,0.00129234585458833,0.000913272509270073,0.000362255978895648,0.00161487593061641,0.000565863804723921,8.62779066670968e-05,0.0024667133779304,0.00428681881377712,0.00335519058477125,9.11197897951367e-05,0.00225319547572059,0.00393906865001555,0.00136085433063498,0.00213852046411072,0.000570427505503575,0.000714424556064532,0.00239055510834432,0.00294412423341312,0.000121918806634844,0.00295272211619648,0.000296639318319246,0.00088893257172653
