Unknown,Source001,Source002,Source003,Source004,Source005,Source006,Source007,Source008,Source009,Source010,Source011,Source012,Source013,Source014,Source015,Source016,Source017,Source018,Source019,Source020,Source021,Source022,Source023,Source024,Source025,Source026,Source027,Source028,Source029,Source030,Source031,Source032,Source033,Source034,Source035,Source036,Source037,Source038,Source039,Source040,Source041,Source042,Source043,Source044,Source045,Source046,Source047,Source048,Source049,Source050
0.00426225791273372,0.108382202169855,0.113476014411632,0.113640062524892,0.109553965365819,0.454947755527802,0.00324415997497748,0.000798158046530754,0.000624230700459901,0.00306386330346688,0.00153958547753244,0.00171613585202159,0.000660689182727828,0.00455132401554073,0.000964037005237211,0.00373254122917553,0.00114412700385749,0.0013924615949921,0.00533381791955187,0.00271087041085957,0.00080070246256086,0.000118849462859225,0.00190611139243005,0.00354239481955344,0.000110545051274543,0.00270241462785741,0.0111706031609952,0.00290092114079773,0.000705012230409952,0.00273868747910793,0.000241264247321579,0.000632001864149653,0.0014779688273324,0.000570497118198087,0.00504436468665792,0.00206070684061714,0.000804683025243723,0.000906949834204272,0.00293272052091126,0.00299452189644074,0.00320420800498424,0.00221277302131833,0.00308137401399148,0.00188273539042457,0.000802770422702679,0.00277938189471073,0.000403830897126852,0.00366160689050474,0.000582077693626182,0.000570255025571637,0.000718806426450337
