Unknown,Source001,Source002,Source003,Source004,Source005,Source006,Source007,Source008,Source009,Source010,Source011,Source012,Source013,Source014,Source015,Source016,Source017,Source018,Source019,Source020,Source021,Source022,Source023,Source024,Source025,Source026,Source027,Source028,Source029,Source030,Source031,Source032,Source033,Source034,Source035,Source036,Source037,Source038,Source039,Source040,Source041,Source042,Source043,Source044,Source045,Source046,Source047,Source048,Source049,Source050
0.000182678403932206,0.164268118442396,0.274107268695317,0.141712563292655,0.1953981537641,0.124513895805531,0.000304826168192036,0.00460260000352386,0.000708014749852894,0.0025459462629211,0.0017671213357115,0.00208324633976829,0.00609100574925274,0.000579632911945713,0.0041718168197483,0.000495745624625577,0.00191854861051327,0.00337630777043869,0.00278294975751052,0.000189896517440948,0.000245797857926891,0.000106319215422164,1.76296162764864e-06,0.00506986273284999,0.00318345502775702,0.00903902199766097,0.00315972107152753,0.00070938886393046,0.000159734436584001,0.000996752543003008,0.00157731446693437,0.00498907621735257,0.000529250509192709,0.000165476294240397,0.00880416793319676,0.00240299369243883,0.00244482049729108,0.00145971071435699,0.00203481679240453,0.00282934130082007,0.00127204316908917,0.0049536048616006,0.00197161248970363,0.00114346907564705,0.00059507615599055,0.000565778806018136,0.00252039975868124,9.12800150821477e-05,0.00172040280680809,0.00342068373354367,3.65269759400589e-05
