Unknown,Source001,Source002,Source003,Source004,Source005,Source006,Source007,Source008,Source009,Source010,Source011,Source012,Source013,Source014,Source015,Source016,Source017,Source018,Source019,Source020,Source021,Source022,Source023,Source024,Source025,Source026,Source027,Source028,Source029,Source030,Source031,Source032,Source033,Source034,Source035,Source036,Source037,Source038,Source039,Source040,Source041,Source042,Source043,Source044,Source045,Source046,Source047,Source048,Source049,Source050
0.00318796439995673,0.112959236047742,0.342565332371007,0.119814245228981,0.140924771251558,0.183736415100712,0.00409797518188796,9.37901548237978e-05,0.000478892662353844,0.00584259724320294,0.0010130535467772,0.00726349470587386,0.000695012215161901,0.00310575223774592,1.50852624337772e-05,0.00684898935274677,0.000186931682959161,0.000254410603792597,0.00151564369841269,0.00121443275794392,0.0039720791070614,0.00155815471475756,0.000222110030476757,0.000283169347843216,0.000358850807584557,0.00353180677803377,0.00415247733738783,0.00695926318167035,0.00116499594985679,0.00583715616549531,0.00332993470559712,0.00168117788150505,0.00161281926886399,0.00145737182947501,0.000109759969102049,0.00209346881639518,0.000562168953372165,0.000925144513873693,0.00121591689386615,0.00480664108618528,0.00228838618660411,0.00129893975483819,0.000302679399067629,0.000814820942342631,0.00343615757936152,0.00610556149824218,0.0001292174497401,0.000734993129295736,0.000807887651130187,0.00230753996441209,0.000125323400489349
