Unknown,Source001,Source002,Source003,Source004,Source005,Source006,Source007,Source008,Source009,Source010,Source011,Source012,Source013,Source014,Source015,Source016,Source017,Source018,Source019,Source020,Source021,Source022,Source023,Source024,Source025,Source026,Source027,Source028,Source029,Source030,Source031,Source032,Source033,Source034,Source035,Source036,Source037,Source038,Source039,Source040,Source041,Source042,Source043,Source044,Source045,Source046,Source047,Source048,Source049,Source050
0.00325022562780958,0.13751332838635,0.123661449583127,0.109094580690458,0.154968368928552,0.374762272411513,0.00541487279782302,0.000429220942533803,0.00483569138260062,0.0017664375853507,4.39151869019868e-05,0.000509689899564096,0.000447781154099942,0.000495528474993831,0.00164365480497762,0.000690122341137286,0.00374408709889835,0.00120499297011889,0.00302836404640336,0.000131286763426401,0.00696751249728347,0.00403229255112766,0.00051385008552301,0.00181252868115659,0.00413336968492378,0.00124976972691891,0.00640434657924401,0.000604365879626199,0.000520781096840355,0.00245936325733706,0.00899989899629276,0.000510433963724058,6.23577067226939e-05,0.00141627770770739,0.000479161066606777,0.00164835997561263,8.77373086794373e-06,9.22528677324336e-05,5.7265318570738e-05,0.00045770651298189,0.00653206142804261,4.48180985334081e-05,0.00256553993438991,0.00393552433876073,0.00171494813945218,0.00781931725480096,0.00208992178601977,0.00199495572788839,0.00104557746054023,0.000231348103699818,0.00195944876443216
