Unknown,Source001,Source002,Source003,Source004,Source005,Source006,Source007,Source008,Source009,Source010,Source011,Source012,Source013,Source014,Source015,Source016,Source017,Source018,Source019,Source020,Source021,Source022,Source023,Source024,Source025,Source026,Source027,Source028,Source029,Source030,Source031,Source032,Source033,Source034,Source035,Source036,Source037,Source038,Source039,Source040,Source041,Source042,Source043,Source044,Source045,Source046,Source047,Source048,Source049,Source050
0.00328571165074415,0.103150977235216,0.201754119905791,0.119107636492178,0.232594324331249,0.243392942035565,0.00034127711187127,0.00232616326902274,0.00110302998194881,0.000900721646430017,0.000246571482493763,0.00281588074550333,0.000864846048198449,7.71112739239655e-07,0.00246508913684154,0.000391390768496102,0.00106769927552972,0.0065837076083522,0.000184707649479493,0.00780756114522985,0.00305162478792811,0.00238023571841368,0.00218125308799191,0.00045869974784863,6.12305519001111e-05,0.0074481091059525,0.00200229657768995,0.000492471490911113,0.00224525652498323,0.00285934435019513,0.000175193128065616,0.00107570417987482,0.00660476256007973,0.000612224457883095,0.00591973506818113,0.000959622499859143,0.00256210499166396,0.00399859141704646,0.000732291810048912,8.45774463665558e-05,0.000404840308202889,0.00181747388699525,0.00159963338606866,0.00526953590557998,0.0015481446637709,0.000314964936284312,0.00759038880884176,0.00113199215257032,0.00147131703639319,0.000283727148646722,0.00227752363088152
