Unknown,Source001,Source002,Source003,Source004,Source005,Source006,Source007,Source008,Source009,Source010,Source011,Source012,Source013,Source014,Source015,Source016,Source017,Source018,Source019,Source020,Source021,Source022,Source023,Source024,Source025,Source026,Source027,Source028,Source029,Source030,Source031,Source032,Source033,Source034,Source035,Source036,Source037,Source038,Source039,Source040,Source041,Source042,Source043,Source044,Source045,Source046,Source047,Source048,Source049,Source050
0.00200092923675013,0.158335354435308,0.155683831350128,0.193752131408916,0.213417746425368,0.178810936380279,0.00207409494822721,0.005694779277189,0.000401513303798032,3.52628748576437e-07,0.00250396571708049,0.000301365089719686,0.00170618194150845,0.00257163005688086,0.000154391080720892,0.00384055161985763,0.00106552701307695,0.00108152266334431,0.00278000818730475,0.00428785809019584,0.00441818377924677,0.000305811126781083,0.00110128582130153,0.00250225979834667,0.000267083898068823,0.00140369313757029,0.000133674487519438,0.000779360535318628,0.00165469873812935,0.00129754767116507,0.000268073017411014,0.000981393223707768,0.00871968396851993,0.00238654009406565,0.000471191459709178,0.00150374877237212,0.00759420856238094,0.00101940583245809,0.00192278759538482,0.00663277151829557,2.84514175087192e-05,0.00184398510279954,0.000675003406975529,0.00116692934063489,0.00128773790889973,0.00724084855170336,0.00512035984616567,0.00320104705828366,0.000110544837334461,0.0013934324010583,0.00210358623648058
