Unknown,Source001,Source002,Source003,Source004,Source005,Source006,Source007,Source008,Source009,Source010,Source011,Source012,Source013,Source014,Source015,Source016,Source017,Source018,Source019,Source020,Source021,Source022,Source023,Source024,Source025,Source026,Source027,Source028,Source029,Source030,Source031,Source032,Source033,Source034,Source035,Source036,Source037,Source038,Source039,Source040,Source041,Source042,Source043,Source044,Source045,Source046,Source047,Source048,Source049,Source050
0.00133331093210671,0.104906642132564,0.230999464515336,0.114027931491175,0.141045771682106,0.30902019017882,0.00268936556034317,0.00101109797742962,0.00654740864494676,0.000298172368905607,0.000505186049834117,0.000564688554676962,0.00087111330044309,0.000602347518241115,0.000371245323199087,0.000789548901228737,0.00406788399365836,0.00299297324538048,0.00118955203835987,0.0013999981285574,0.00215731059977403,0.0061526844961713,0.00437579707093489,0.00166715562943817,0.00315581221571265,0.0086024089401051,0.00137668511840366,0.00248510951522711,0.00140739652635611,0.000505188742275875,0.00224029616690518,0.00186433766720983,0.000215809290826519,0.00110757176868249,0.00560750318550635,0.00063213451024077,0.00165946396515461,0.00503402361381685,0.00132949863759554,0.000365393629099277,0.000408957391252017,0.00415170326345318,0.00404130795962003,0.00287873340235028,0.00383091632238079,0.000910958706419727,0.00176885627028553,0.00172256961015573,0.00135360429480072,0.00101309883203539,0.000743820120499225
