Unknown,Source001,Source002,Source003,Source004,Source005,Source006,Source007,Source008,Source009,Source010,Source011,Source012,Source013,Source014,Source015,Source016,Source017,Source018,Source019,Source020,Source021,Source022,Source023,Source024,Source025,Source026,Source027,Source028,Source029,Source030,Source031,Source032,Source033,Source034,Source035,Source036,Source037,Source038,Source039,Source040,Source041,Source042,Source043,Source044,Source045,Source046,Source047,Source048,Source049,Source050
0.00199340927209366,0.187685792692279,0.106400597360579,0.106383305458004,0.278059220991921,0.221471083497217,9.08312301398934e-06,0.00217111790507551,0.00244695736296972,0.00450975246749181,0.00406071889855708,0.00642251676109434,0.000235353161714306,0.00266645783174444,0.000182928270179666,0.000807426251470893,0.00465223873333669,0.00697396592974487,0.00493959988172951,0.000218773474851326,0.000842063579285049,0.00372702103860945,0.00136281844200284,0.00018723664614041,0.000716378036627204,0.00119926845895242,0.00436481555362107,0.000743023710793545,0.0027908964485214,0.00241419660029542,0.000220999942652777,0.000916156760125136,0.00118422579002451,0.00435604448534585,0.00206658650809233,0.0004434320309886,0.00204397052275399,0.0019914735111223,0.00145990284201513,0.00489804477778422,0.000583257156271177,0.00264754806028072,0.00550011565513697,0.000934322847114319,5.35074207202617e-05,0.00251861763582185,0.000714291279291666,0.00263828771954379,0.000850614001110244,0.00119284144115322,0.00214774177273436
