Unknown,Source001,Source002,Source003,Source004,Source005,Source006,Source007,Source008,Source009,Source010,Source011,Source012,Source013,Source014,Source015,Source016,Source017,Source018,Source019,Source020,Source021,Source022,Source023,Source024,Source025,Source026,Source027,Source028,Source029,Source030,Source031,Source032,Source033,Source034,Source035,Source036,Source037,Source038,Source039,Source040,Source041,Source042,Source043,Source044,Source045,Source046,Source047,Source048,Source049,Source050
0.0012257839341181,0.102308263352898,0.191249836162094,0.167569661696494,0.122972424949315,0.315899813839199,0.000283752038193455,0.00128508838637546,0.00417341246514319,0.000358144727174576,0.00207816398805494,0.00310595705981701,0.000328372165455477,0.00269960698401429,0.00136120972374102,0.00169867628644899,0.000316844837409928,0.000795469782000305,0.00357922503909258,0.00101999332889532,0.00362772382291959,0.00317866964456521,0.00137050094365183,0.00403432185350255,0.00409789395922522,0.00057789950442493,0.0007672854679982,0.000532182112208384,0.000970176760364413,0.00411308880497926,0.00154795349465256,0.00348337857699901,0.00265633547095585,0.00518969506425961,0.00385456234320815,0.000445123013325066,0.00135434018998913,0.00442305190010066,0.00877235477287712,0.000360613829324305,0.000149936360317829,0.00180391294777942,0.000881163487973465,0.00136260894059945,0.00114788663436318,0.00577639928997929,0.000885961622930593,0.00115641006982773,0.00330235652066819,0.00161812251398645,0.0022483893361087
