Unknown,Source001,Source002,Source003,Source004,Source005,Source006,Source007,Source008,Source009,Source010,Source011,Source012,Source013,Source014,Source015,Source016,Source017,Source018,Source019,Source020,Source021,Source022,Source023,Source024,Source025,Source026,Source027,Source028,Source029,Source030,Source031,Source032,Source033,Source034,Source035,Source036,Source037,Source038,Source039,Source040,Source041,Source042,Source043,Source044,Source045,Source046,Source047,Source048,Source049,Source050
0.00246188866024591,0.12189064930625,0.176034556854002,0.306211655860143,0.122190797863499,0.173672340116107,0.00237375023723009,0.00131660726174465,0.0011143978365742,0.000563267244814299,0.000918126553967522,0.00497076036605516,0.000547581209376616,0.00153709242887557,0.0009380488806759,0.00394293937232418,0.00180781478301569,0.00122222053479935,0.000444155923087025,0.00544128905995673,0.00210508034296476,0.00107970538250876,0.0076839678357098,0.000326722792687216,0.00245158701880765,0.000878511971844448,0.00125638655298429,0.000444618809759226,0.000937074834088771,0.00399036150353726,0.000606647662363791,0.00937448087788305,0.00118172379770948,0.00064144216653112,0.00178925691176346,0.00264200923531847,0.00462786379433907,0.00143878421547053,0.00247824071645507,0.00353708297743955,0.000524181482191866,0.00277043428543557,0.00529230651809334,0.000717222073713728,7.50353542333597e-05,0.000677032972052867,0.000161127789780904,0.00113501269846247,0.00337471744941771,0.00561118848419837,0.000590251139511091
