Unknown,Source001,Source002,Source003,Source004,Source005,Source006,Source007,Source008,Source009,Source010,Source011,Source012,Source013,Source014,Source015,Source016,Source017,Source018,Source019,Source020,Source021,Source022,Source023,Source024,Source025,Source026,Source027,Source028,Source029,Source030,Source031,Source032,Source033,Source034,Source035,Source036,Source037,Source038,Source039,Source040,Source041,Source042,Source043,Source044,Source045,Source046,Source047,Source048,Source049,Source050
0.00332279382855223,0.241955915288638,0.183170909351935,0.129271477719281,0.162408661511919,0.183193036128227,0.00199528897059942,0.0052350110399431,0.00147879502108894,0.00297403514014239,0.000929101848281816,0.00179434899697993,0.00514011647238424,0.00205608339776514,0.000153085567739734,0.000982122237171682,0.00250044886435109,0.00581827104267498,6.34071345193461e-05,0.00127956759874654,0.00104981343058811,0.00249691790411692,0.00486880925878748,0.000744739620980926,0.00152679521910684,0.00130981217758807,0.000535286944981846,0.00121420090942783,0.00209590430690825,0.00154707955615996,0.000815522718905127,0.0014056551989772,0.00378202793465367,0.000239246666715216,0.00479209350227331,2.59878334694305e-06,0.0033628987769549,0.0020734729080025,0.0017246801699844,0.00162834541697096,6.58162318788735e-05,0.00315787235495156,0.00131194065593057,0.00298400516177196,0.00136828538922316,0.00201103805590637,0.00239751267593086,0.00391475868381324,0.00115521220237048,0.00247250522394588,0.00622267479790597
