Unknown,Source001,Source002,Source003,Source004,Source005,Source006,Source007,Source008,Source009,Source010,Source011,Source012,Source013,Source014,Source015,Source016,Source017,Source018,Source019,Source020,Source021,Source022,Source023,Source024,Source025,Source026,Source027,Source028,Source029,Source030,Source031,Source032,Source033,Source034,Source035,Source036,Source037,Source038,Source039,Source040,Source041,Source042,Source043,Source044,Source045,Source046,Source047,Source048,Source049,Source050
0.00155053784950523,0.20014472864575,0.244025827566259,0.132136072575232,0.220664924444242,0.103028446768517,4.34591538749613e-06,0.00295571137590928,0.00209504723801783,0.000219940149419638,0.00476437048202305,0.00138373386675573,0.0001366443619694,0.00343644010326775,0.00183886182939977,0.00358821442819804,0.00230609186386795,2.26682954329266e-05,0.000554771815792203,0.00772042074678119,0.00181348342356711,0.00235209589122155,0.000146891197081015,0.0040024756429674,0.000895705724006285,0.00338812346021217,0.00264365612224117,0.00106159093053561,0.000848204413975365,0.0013648238023089,0.00357950970714049,0.00185020320960617,0.00512129008269557,0.00523931927967855,0.00043947541448043,0.00149756646356638,7.67803264530839e-05,0.0036643976152493,3.59047687096416e-05,0.00512169480965299,0.00325405650112016,0.00239682018750748,0.00123311039401062,0.00278302595719422,4.45916077220286e-05,0.00626587103061041,0.00155900276413148,0.00341461129989256,0.000150746450987144,0.00107292579826955,0.000104245401477681
