Unknown,Source001,Source002,Source003,Source004,Source005,Source006,Source007,Source008,Source009,Source010,Source011,Source012,Source013,Source014,Source015,Source016,Source017,Source018,Source019,Source020,Source021,Source022,Source023,Source024,Source025,Source026,Source027,Source028,Source029,Source030,Source031,Source032,Source033,Source034,Source035,Source036,Source037,Source038,Source039,Source040,Source041,Source042,Source043,Source044,Source045,Source046,Source047,Source048,Source049,Source050
0.00147712178689079,0.12938354538069,0.113974205244415,0.214121499049626,0.243428682312813,0.199092068012455,0.00649028627542751,0.00622124786907864,0.00344140537425712,0.000567822324694233,0.0026686136811911,0.00175049541687536,0.0030940784284501,0.00216395780209625,0.00310185098698232,0.0083763099778541,0.000506695689961324,1.97998995904407e-06,0.00647891476824204,0.00189504254862468,0.000616939550779038,0.00446989433995599,0.000297485848299518,0.00251272352329651,0.00163789302732907,0.00485842525120244,0.00271216367451001,0.00163359358674548,5.03528778231522e-05,0.00167021072366647,0.000434275638991286,0.00372259585763665,0.00284144638305116,0.000972723566346285,0.000464840512716541,0.000789114887756072,0.00213396825422232,0.000203651014318679,0.000651683709970959,0.000560301072766442,0.000513869532984133,0.00151630747110156,0.000128486436861928,0.00111480397688742,0.000708512507830184,0.00443861879264796,0.00219050802889247,0.000705282929761912,0.000785526681648698,0.00551995711827195,0.000908020301143098
