Unknown,Source001,Source002,Source003,Source004,Source005,Source006,Source007,Source008,Source009,Source010,Source011,Source012,Source013,Source014,Source015,Source016,Source017,Source018,Source019,Source020,Source021,Source022,Source023,Source024,Source025,Source026,Source027,Source028,Source029,Source030,Source031,Source032,Source033,Source034,Source035,Source036,Source037,Source038,Source039,Source040,Source041,Source042,Source043,Source044,Source045,Source046,Source047,Source048,Source049,Source050
1.9383742876736e-05,0.258938642901474,0.138917319904098,0.260984715763961,0.137468516610302,0.103690804820165,0.000453061262419852,0.00275075998656768,0.000501139191421429,0.00071578870976942,0.00610202667477535,0.00129730789207604,0.00344524874776529,0.000658424505585293,0.000935625660788742,0.000252053319334997,0.0012726980811617,0.00454187963998343,0.000712558100105638,0.00566589665501227,0.00206125326752978,0.00519940868439498,0.00198473610823354,0.000924370371222822,0.00308067646201834,0.000214839146407366,0.0040180035273485,0.000715384716062754,0.00155528641701667,0.0036075069210287,0.00513396628229981,0.00246920578045156,0.000430945253477451,0.000261200171506824,0.00155858114954222,0.00904086223744372,0.000504129699413022,0.00080789962204337,0.000126297584421211,7.21433995568867e-05,0.000537808948243853,0.00190080983771058,0.00160194911168541,0.000684633794493658,0.000470200686285824,0.000459872650309201,0.00364777288344817,0.00294269495330465,0.00168122721776321,0.000734851783370687,0.0122476291623213
