Unknown,Source001,Source002,Source003,Source004,Source005,Source006,Source007,Source008,Source009,Source010,Source011,Source012,Source013,Source014,Source015,Source016,Source017,Source018,Source019,Source020,Source021,Source022,Source023,Source024,Source025,Source026,Source027,Source028,Source029,Source030,Source031,Source032,Source033,Source034,Source035,Source036,Source037,Source038,Source039,Source040,Source041,Source042,Source043,Source044,Source045,Source046,Source047,Source048,Source049,Source050
0.00178310701004987,0.177478156555161,0.321374268606237,0.101215214779359,0.156167451503989,0.143764908555255,0.000516075517846604,0.00144895091674727,0.000839142236266358,7.82065254791416e-05,0.00559047644555795,0.00194187716774771,0.000760375401820607,0.00271699532106468,0.00431554601623157,0.00338374689292132,0.000115567364911394,0.0017674131395752,0.00045733688060413,0.00294111833742837,0.00356465508871465,9.62565801104821e-05,0.00524492986147887,0.00987806567932295,0.00109265794724902,0.0046116741333668,0.00340201180046296,0.00195575583180656,0.00231594890527565,0.00336274428883454,0.000774513711461376,0.000662517174526094,0.00145814847106608,0.00029217065384167,0.00326397606759322,0.00543175956534999,0.00128441048346526,0.00499491182068703,0.000909268890835661,0.000985404025049808,0.00447761408845324,0.000103008805439971,0.000225670960538599,0.00128851214958379,0.00202446188729432,0.00271933746922914,0.000777386258638678,0.00355706077714227,0.000300399320625204,0.000137103542843693,0.000151728585460242
