Unknown,Source001,Source002,Source003,Source004,Source005,Source006,Source007,Source008,Source009,Source010,Source011,Source012,Source013,Source014,Source015,Source016,Source017,Source018,Source019,Source020,Source021,Source022,Source023,Source024,Source025,Source026,Source027,Source028,Source029,Source030,Source031,Source032,Source033,Source034,Source035,Source036,Source037,Source038,Source039,Source040,Source041,Source042,Source043,Source044,Source045,Source046,Source047,Source048,Source049,Source050
0.00431529843361184,0.163966122862535,0.25728598500097,0.165906932223446,0.159471224264141,0.153369735648909,0.00164842124296453,0.00152905592964214,0.000222083394812628,0.00315581122432367,0.000238530536477067,0.00193579900224006,4.98425210620836e-05,0.000950209248735914,0.00093099871434817,0.00444091656671621,0.000830167483488759,0.000255317064367063,0.000609727888947231,0.00797272123780953,0.00012068117890135,0.00651612164968591,0.00437281553287432,0.000754671921606701,0.0012353829406354,0.00195259707873044,0.0040435323891007,0.00236145025719604,0.00137270077243766,0.00126201915355906,0.000474183724927179,0.00485775135271098,0.00140362227314504,0.000216050907397643,0.000723728397968609,0.00910024903960363,0.000164504645024429,0.00530981647570147,0.000633293506197763,0.00422058660576339,0.000640443117408312,0.002152020273559,0.00145748696405788,1.90896184829947e-05,0.00297531951818934,0.00169432117265484,0.000234638098538013,0.00439816621908808,0.00158537251130828,0.000329226110352316,0.00433325610364632
