Unknown,Source001,Source002,Source003,Source004,Source005,Source006,Source007,Source008,Source009,Source010,Source011,Source012,Source013,Source014,Source015,Source016,Source017,Source018,Source019,Source020,Source021,Source022,Source023,Source024,Source025,Source026,Source027,Source028,Source029,Source030,Source031,Source032,Source033,Source034,Source035,Source036,Source037,Source038,Source039,Source040,Source041,Source042,Source043,Source044,Source045,Source046,Source047,Source048,Source049,Source050
0.00184352243375432,0.188298843351114,0.122987115213839,0.240503192808749,0.136103644857347,0.212107203768952,0.000783089021727733,0.000444763323896016,0.000191915027933945,0.00272266981619324,0.00470792219008256,0.000809837900718663,0.000966527605247455,0.00188985246083208,0.000848002715012346,0.000519510455450987,0.00319974580021436,0.00566535038578573,0.00320074744236069,0.000437322513248448,0.00319349154947363,0.00343093738816865,0.00199211687068206,0.00019657283989409,0.0027648282472634,0.000661141435851909,0.00173567427291531,0.00152404410506533,0.00192320274759917,5.85199724760789e-05,1.95347409629347e-05,0.00462646440003646,0.000359130656856049,0.00309491147864355,0.00373482019099148,0.000264454634096525,0.001195434146207,0.00641084177802003,0.00105307955476425,0.00312868773264468,0.00263111455993141,0.00638535118904322,0.000839377085848156,0.000308975433862052,0.000266165814210212,0.00520962472385618,0.0020795435254551,0.00680802842215732,0.00320039819590031,8.46125326652817e-05,0.00258814068199958
