Unknown,Source001,Source002,Source003,Source004,Source005,Source006,Source007,Source008,Source009,Source010,Source011,Source012,Source013,Source014,Source015,Source016,Source017,Source018,Source019,Source020,Source021,Source022,Source023,Source024,Source025,Source026,Source027,Source028,Source029,Source030,Source031,Source032,Source033,Source034,Source035,Source036,Source037,Source038,Source039,Source040,Source041,Source042,Source043,Source044,Source045,Source046,Source047,Source048,Source049,Source050
0.00557541761587146,0.194474376563021,0.20607858279908,0.134153727497404,0.14757855829046,0.217714754850034,0.00420058756280328,0.00576272505521842,0.000624842665183381,0.00111279828541022,0.00249425422614305,0.00115807228420483,0.00204807111963688,0.00314941008759228,0.000604834989059894,0.000168220336395767,0.00159141100908535,0.00175311358023982,0.000883436978074279,0.000830707327639742,0.00579590294501531,0.00414634857451445,0.00736005603305139,0.000454835449364939,0.00305121913664758,0.00026483598474711,0.00128050472295618,0.00195824572997998,0.000649291212151996,0.00271109531279775,0.00120174748066635,0.000401092727145349,0.000556133798000472,0.000761620797332551,0.00354223728824958,0.00097759966321201,2.14263114370224e-05,0.00297418632056316,0.00112285850463106,6.91726849239599e-05,0.00367442811316515,0.00241925360279665,0.00452728549704003,0.00347209234447273,0.000344488979507541,0.00160115277739992,0.00289701964230491,0.00115957722408715,0.00245718430021479,0.00104627084049945,0.0051429328785648
