Unknown,Source001,Source002,Source003,Source004,Source005,Source006,Source007,Source008,Source009,Source010,Source011,Source012,Source013,Source014,Source015,Source016,Source017,Source018,Source019,Source020,Source021,Source022,Source023,Source024,Source025,Source026,Source027,Source028,Source029,Source030,Source031,Source032,Source033,Source034,Source035,Source036,Source037,Source038,Source039,Source040,Source041,Source042,Source043,Source044,Source045,Source046,Source047,Source048,Source049,Source050
0.00750096630935883,0.136097914955676,0.211367011664994,0.100041360425509,0.276531867430865,0.175961845522955,2.734065574623e-05,0.00269952391515733,0.000405598772460222,0.000862697630988918,0.00186343658531481,7.13075234874534e-05,0.001254001798602,0.0001148168390101,0.00104710507349987,0.00262992464921774,0.000931905902002575,0.000510026272127635,0.00184920348745097,0.00676970558730321,0.00241083702182228,0.0029947216271033,0.00076855898104885,0.00407964396354907,0.00112854649100364,0.00476178356128568,0.000136663829667692,0.000202214588599256,0.000828613724940291,0.0126222975933747,0.000230643963712941,0.00100412233720956,0.00207557401034516,0.00394777198645562,0.00500051386335386,0.00049161996374701,0.00255589366933923,0.00446462603963825,0.00412298993818381,0.00125994875510909,0.000493144957987398,5.1055780043501e-05,0.00101728543597067,0.00113401793433912,0.00528043349530616,0.0018885745237615,0.00176008827493172,0.00118562730918436,0.000192202473741724,0.0020952755710272,0.00127714733248944
