Unknown,Source001,Source002,Source003,Source004,Source005,Source006,Source007,Source008,Source009,Source010,Source011,Source012,Source013,Source014,Source015,Source016,Source017,Source018,Source019,Source020,Source021,Source022,Source023,Source024,Source025,Source026,Source027,Source028,Source029,Source030,Source031,Source032,Source033,Source034,Source035,Source036,Source037,Source038,Source039,Source040,Source041,Source042,Source043,Source044,Source045,Source046,Source047,Source048,Source049,Source050
0.00258525795132671,0.105967004372892,0.198224849957104,0.240742985242743,0.227079157903736,0.127986002523525,0.00108443807253894,0.00328028143622389,0.0010887512304372,0.00206163001773812,0.00239391560135597,0.00373409916324532,0.000470749720144326,0.000701335813846554,0.000174453640405177,0.00317500024477793,0.00889352761018136,0.00146328222910588,0.00234477535364794,0.000137327084102647,1.99595543431199e-05,0.00958920578611283,0.00032071336990643,0.00145859577126715,0.00137053291944354,0.000304600289441901,0.00109058402428198,0.00156332183092875,0.000724690965623397,0.000805718228646334,0.000344197852126241,0.00532599781505564,0.000405526456035657,0.00153568783999512,0.000501349957290789,0.00228555407558807,0.00127650494315352,0.00271074361813697,0.00578348626401296,0.000939137649914941,0.00200443042351831,0.00932105460587859,0.000206809585351593,0.00801457243557629,0.000157175873363484,0.000763433122101556,0.000236060479753717,0.00125113395693212,1.44500026505188e-05,0.00192835072475352,0.00415759440973699
