Unknown,Source001,Source002,Source003,Source004,Source005,Source006,Source007,Source008,Source009,Source010,Source011,Source012,Source013,Source014,Source015,Source016,Source017,Source018,Source019,Source020,Source021,Source022,Source023,Source024,Source025,Source026,Source027,Source028,Source029,Source030,Source031,Source032,Source033,Source034,Source035,Source036,Source037,Source038,Source039,Source040,Source041,Source042,Source043,Source044,Source045,Source046,Source047,Source048,Source049,Source050
0.00194899365384597,0.264175554156031,0.169264980271335,0.259172183162178,0.105822124366173,0.101565158044283,0.000638462519187968,0.00330556092534594,0.00119527589756221,0.000104587985156182,0.00495323328767919,0.00395364037790455,0.00128333200277792,0.00114856757409207,0.00420647383509173,0.0021006913692218,0.00954828697077999,0.000916185746666071,0.00346301465842068,0.00209858547310739,0.000363171226109039,0.00363456874844266,0.00188319886163262,0.000521190773252822,0.00257173658276453,0.000865489428151194,0.00517807598245182,0.00075422032166826,0.00136665043705517,0.000690231581035171,0.000208120358264604,0.00235711103858921,0.000187970707165761,0.00524684238734168,0.000402695695509958,0.00529370429391727,0.000151388529984657,0.000739416518577789,0.00115582912269281,0.000840189837048345,0.000720374613413467,0.00271961494459209,0.00162268717826501,0.00144448793022714,0.00269609626535955,0.00570523671662939,0.00264365472106809,0.00298391166370114,0.00402466645833562,2.86594750708674e-05,0.00013391532484256
