Unknown,Source001,Source002,Source003,Source004,Source005,Source006,Source007,Source008,Source009,Source010,Source011,Source012,Source013,Source014,Source015,Source016,Source017,Source018,Source019,Source020,Source021,Source022,Source023,Source024,Source025,Source026,Source027,Source028,Source029,Source030,Source031,Source032,Source033,Source034,Source035,Source036,Source037,Source038,Source039,Source040,Source041,Source042,Source043,Source044,Source045,Source046,Source047,Source048,Source049,Source050
0.00310176037679879,0.209485347197801,0.160263235883692,0.251781416501294,0.156482810514034,0.12198718990318,0.00327203213914218,0.00400117128864437,0.000728993522477767,0.000937446289644941,0.00060624552291611,0.00305482820671525,0.00173873015255105,0.00580773711801637,0.00271580199736809,0.00114628603297919,0.000125382054076181,0.000129351493798605,0.000836777922831271,0.00335801061933584,0.00193187845839085,0.0184485339638589,0.000875942190012759,0.00203866387954634,6.63330641832143e-05,0.0011715419075868,0.000517758692336829,0.000467299163064546,0.00899384014492921,0.000569975355185012,0.00290802150622328,0.00111722861366674,0.000485220422783292,0.00195579669542877,0.00300924066430522,0.000121877722703417,0.000916096635470481,0.000368859638344209,0.00129143552741686,7.39931017887593e-05,3.51904281339829e-05,0.00261924358531108,0.000894744343347809,0.00119181344476608,0.000385358075225545,0.00765978232273226,0.000502339113908273,0.00427433147739997,0.00145607252937807,0.00131052722098476,0.000780505374290703
