Unknown,Source001,Source002,Source003,Source004,Source005,Source006,Source007,Source008,Source009,Source010,Source011,Source012,Source013,Source014,Source015,Source016,Source017,Source018,Source019,Source020,Source021,Source022,Source023,Source024,Source025,Source026,Source027,Source028,Source029,Source030,Source031,Source032,Source033,Source034,Source035,Source036,Source037,Source038,Source039,Source040,Source041,Source042,Source043,Source044,Source045,Source046,Source047,Source048,Source049,Source050
0.00098533345258192,0.201742676750151,0.147759506583574,0.175335203447533,0.194970378387307,0.180192234831435,0.00575915770394555,0.00372332173872072,0.00330894916320118,0.000946898000475138,0.000261240318862601,0.00372477815979275,0.000493413971688661,0.00448455703255849,0.00227812343978971,0.00121486115091448,0.00372558941091741,0.000374305859790335,0.00153622055054625,0.00243112982864368,0.00235472050687312,0.00356216307283124,0.00168804604628734,0.00151565887470859,0.00587461453205645,0.000384567091240289,0.00747013815566528,0.000888102441315884,0.0055899471491225,0.000671334542688779,0.000949310458492528,0.00136555944582246,0.00300895080071805,0.000440391031924179,0.00210043159466014,0.00152715179916045,0.000594009475620623,0.00171194095600513,0.000353624474796235,0.00174234972334257,0.00108961175924626,0.00296521914204705,5.32174284894919e-05,0.00326068103526197,0.00143455575901318,0.00162745332151618,0.000484680866166947,0.00181876198665262,0.000276850891662569,0.00545305560034625,0.00249502025383672
