Unknown,Source001,Source002,Source003,Source004,Source005,Source006,Source007,Source008,Source009,Source010,Source011,Source012,Source013,Source014,Source015,Source016,Source017,Source018,Source019,Source020,Source021,Source022,Source023,Source024,Source025,Source026,Source027,Source028,Source029,Source030,Source031,Source032,Source033,Source034,Source035,Source036,Source037,Source038,Source039,Source040,Source041,Source042,Source043,Source044,Source045,Source046,Source047,Source048,Source049,Source050
0.0001810547637599,0.159416311084325,0.189117813844202,0.231634095305672,0.113348446410911,0.206483333354889,0.00270277948909699,0.00206377163759655,0.00355567805420082,0.010011541410106,0.00156426475031409,0.000545723657911891,0.00204273065763821,0.000260614624691458,0.000119646121026725,0.000315897948314637,0.00244619119549777,0.00674248853228406,0.00239548034561638,0.000820662847329612,0.00164973039306275,0.00134993509297009,0.00172501383775887,0.0027404042994881,0.00460621635800779,0.00321547159379142,0.00253797572950601,0.00249468708436116,0.00210069504878209,0.0017630960570158,0.000157390241635892,0.00055769086121196,0.00249911246922064,0.0014128068381769,6.37777603065429e-05,0.0031020577732748,0.000323151471930193,0.00578643752647551,0.00428840346653633,0.00347779388977446,0.00365711075785614,0.00187833064048845,0.000557614008033757,0.00172977545226154,0.00169734607261625,0.00356697131142314,0.00114446099603268,0.000108084622996189,0.00344555912655972,1.17069539724736e-05,0.000582666229087298
