Unknown,Source001,Source002,Source003,Source004,Source005,Source006,Source007,Source008,Source009,Source010,Source011,Source012,Source013,Source014,Source015,Source016,Source017,Source018,Source019,Source020,Source021,Source022,Source023,Source024,Source025,Source026,Source027,Source028,Source029,Source030,Source031,Source032,Source033,Source034,Source035,Source036,Source037,Source038,Source039,Source040,Source041,Source042,Source043,Source044,Source045,Source046,Source047,Source048,Source049,Source050
0.00280335707573812,0.230494143060774,0.121090056174533,0.106420054970552,0.199609212975269,0.242386532818872,0.00298964095409389,0.000486768247326232,0.00427603749760671,0.000891160390732426,0.000791300996030245,0.00161700672205585,0.00190814356776967,0.00347947905232718,0.00275069853098307,8.596928899035e-05,0.00589695353063299,0.00091935878424958,0.000370629610172968,0.00153723912713022,0.00196150772010832,0.00152920623357019,0.00221337401997523,0.00127618658281744,0.0026117782409937,0.00513059374727239,0.00679935739847661,0.000697506403098712,0.00313107337841203,0.00328969110160438,0.000605836134410462,0.00072321064627554,0.00110947866295489,0.00418334635802461,0.0102288167054177,0.00113857220897553,0.00274646022704853,0.00236935328272592,0.000521026739940359,0.00244545052936616,0.00226593337684084,0.00132126955946903,0.000344146842985112,0.00142974992919218,0.000777078901247509,0.00182181345701831,0.001897982135151,0.000982595838146304,0.0020206508034278,9.88316339472361e-05,0.00152437782526644
