Unknown,Source001,Source002,Source003,Source004,Source005,Source006,Source007,Source008,Source009,Source010,Source011,Source012,Source013,Source014,Source015,Source016,Source017,Source018,Source019,Source020,Source021,Source022,Source023,Source024,Source025,Source026,Source027,Source028,Source029,Source030,Source031,Source032,Source033,Source034,Source035,Source036,Source037,Source038,Source039,Source040,Source041,Source042,Source043,Source044,Source045,Source046,Source047,Source048,Source049,Source050
0.00110708736691889,0.273364766234818,0.128491946419529,0.258008041797325,0.117912881355971,0.122222364192358,0.00543692846252237,0.00187278637776025,0.0102795285355146,0.00107623741800672,0.00511101642323181,0.000302138326337778,0.000524445700025764,0.00296055871494207,0.000618264298179524,0.00694001715912606,0.00310112648719974,0.00300647080065211,2.09611135086987e-05,0.00623889154406802,0.00112412499369832,0.00151709381959207,0.00187912289401449,0.00481987030547066,0.000594308108259535,0.00720905529072838,0.00236184190263564,0.000385565638182075,0.00143303751801973,0.00398724877308655,0.0042291973598568,0.00117218067599939,1.13751725855251e-06,0.000601552279122328,1.29927941921679e-05,0.00303004778722443,0.00121218238986846,0.00109943791865028,0.000380272310487105,0.000150839538673378,0.00198567686003874,0.0017002730541494,0.000170972168619558,0.000700819410831741,0.00127693319246301,0.000331503323789773,0.000337606783507269,0.00046566194511492,0.00289244094258599,0.0029859652408444,0.0013545785350404
