Unknown,Source001,Source002,Source003,Source004,Source005,Source006,Source007,Source008,Source009,Source010,Source011,Source012,Source013,Source014,Source015,Source016,Source017,Source018,Source019,Source020,Source021,Source022,Source023,Source024,Source025,Source026,Source027,Source028,Source029,Source030,Source031,Source032,Source033,Source034,Source035,Source036,Source037,Source038,Source039,Source040,Source041,Source042,Source043,Source044,Source045,Source046,Source047,Source048,Source049,Source050
0.000233499137446935,0.133740863739844,0.210364336043213,0.143098333899293,0.106647346523354,0.306149119794296,0.000165192260675345,0.00429102283590211,0.00122823663263567,0.00103810471756539,0.00114447929389722,0.00199619135011988,0.00116263278874716,0.0141380457252544,0.000906942911837838,0.00322657393573207,0.00161704534534101,0.00319611411462338,0.0169338225762954,0.00419008157997836,0.000397227209082912,0.00222156475533148,0.000442985208373519,0.000735233973913843,0.00249852357260214,0.000420652235065179,0.00128800676336952,0.0012602932814451,0.00327506159912246,0.000480652933208124,0.000150537781681122,0.00136670997776338,0.000709102973280097,9.67385511598282e-05,0.00226235473017089,0.00134414235482304,0.00218095796978894,0.00227106842872078,0.00383839029964423,0.00369719636955924,3.55039734066404e-05,0.00110218822121599,0.0017298379968135,0.00150333816502365,0.00272870716217004,0.00269689895478653,0.000193828322017011,0.00270148681748718,0.000184071877353863,0.000371836219609315,0.000346916115958177
