Unknown,Source001,Source002,Source003,Source004,Source005,Source006,Source007,Source008,Source009,Source010,Source011,Source012,Source013,Source014,Source015,Source016,Source017,Source018,Source019,Source020,Source021,Source022,Source023,Source024,Source025,Source026,Source027,Source028,Source029,Source030,Source031,Source032,Source033,Source034,Source035,Source036,Source037,Source038,Source039,Source040,Source041,Source042,Source043,Source044,Source045,Source046,Source047,Source048,Source049,Source050
0.00114518246808109,0.268895142192633,0.231373868297028,0.132621528568642,0.129758093380825,0.137351367560872,0.00471605733697371,0.0021256666345123,0.00589515341110875,0.00193447091474039,0.000294803811779206,0.00034225072881353,0.000232439355122524,7.80805174131954e-05,0.000818650495006222,0.00168749904218197,0.00105137054270645,0.000497302127381271,0.000521002132480028,0.00277032771129073,5.56409093267758e-05,0.000128276312343577,0.00582448864343781,0.00351942202315298,0.0063449265333713,0.00284747180448534,0.00032565595766343,7.77094975441162e-06,0.00156933393673574,0.00538788365785941,0.00290721129077589,2.49620538210971e-05,0.00044890176398136,0.00173696890848556,0.00289398711246851,0.00132521109652328,0.000909720829606956,0.00853327832778251,0.00583102474425741,0.000845528029791647,0.00112466812391811,0.00201282610936871,0.00102492477572702,0.000386137519005104,0.00113494301351603,0.00555015719415867,0.00109408402853525,0.000724654548793728,0.00154706385014647,0.00529832688646951,0.004524291835145
