Unknown,Source001,Source002,Source003,Source004,Source005,Source006,Source007,Source008,Source009,Source010,Source011,Source012,Source013,Source014,Source015,Source016,Source017,Source018,Source019,Source020,Source021,Source022,Source023,Source024,Source025,Source026,Source027,Source028,Source029,Source030,Source031,Source032,Source033,Source034,Source035,Source036,Source037,Source038,Source039,Source040,Source041,Source042,Source043,Source044,Source045,Source046,Source047,Source048,Source049,Source050
0.000377484560338613,0.132333566641669,0.154480547516038,0.217963741428346,0.247405742730139,0.147816401683808,0.00174640894815084,0.00350528606833246,0.000355035916957877,0.00338362030084581,0.00453570554164423,5.31130491330753e-06,0.00367730083940313,0.000223155542095329,0.00940314395004741,0.000611202220859694,0.00226385950048244,0.00180126240577574,0.00183146879872559,0.00038774011444911,0.00464803744686695,0.00153875017244389,0.000788385044593178,0.000407310007722504,0.00892305253963024,0.000506768753059116,0.00192734960002458,0.00157297481225039,0.0018957535218886,0.000323003318563951,0.0018108381784088,0.00210324083072886,0.00149055010592324,0.0025507725798046,0.00266325473008997,3.93978026471858e-05,0.004782180237495,0.000576690901843376,0.00248753610521001,0.00494393987362754,0.000457439456130852,0.000375168041268673,0.00119218189429068,0.00101750253766812,0.000723165305740883,0.00262136681138157,0.00275827711995797,0.000443941919501063,0.00205330346613898,0.0021718175413289,0.00609806333074873
