Unknown,Source001,Source002,Source003,Source004,Source005,Source006,Source007,Source008,Source009,Source010,Source011,Source012,Source013,Source014,Source015,Source016,Source017,Source018,Source019,Source020,Source021,Source022,Source023,Source024,Source025,Source026,Source027,Source028,Source029,Source030,Source031,Source032,Source033,Source034,Source035,Source036,Source037,Source038,Source039,Source040,Source041,Source042,Source043,Source044,Source045,Source046,Source047,Source048,Source049,Source050
0.00568430245809512,0.103479258209351,0.317912337145203,0.16897586445107,0.141429333510986,0.16820320668339,0.00340674443863358,0.000701531434746989,0.000164757223630436,0.00147914364566481,0.00642721681042371,0.000631334828231009,0.000150389702099949,0.00467599718059766,0.00831655055264105,0.00139943041281176,0.00441808175421673,0.00230233155466169,0.00356844916279514,0.00113811562383398,0.000985738513751325,0.000394459873031996,0.00445025945334529,0.000139211590609443,6.42487825644728e-05,0.000188309768201649,0.000308894421106189,0.0061581319964647,0.00236350731481529,0.00325172831880656,0.00575408293003339,0.00100345245964593,0.000335660448009504,0.00365197885319706,0.000575909026364255,0.00406152295014803,0.000765679599523586,0.000242125456367344,0.00234810630981332,0.000590854818904307,0.00440532087756396,0.000599951655776435,0.0016248647332758,0.000359084926215871,0.00437166997709409,0.00234878463668574,0.000677488242345071,0.000736065221215607,0.00031463830834966,0.000148808741854412,0.00231508301183612
