Unknown,Source001,Source002,Source003,Source004,Source005,Source006,Source007,Source008,Source009,Source010,Source011,Source012,Source013,Source014,Source015,Source016,Source017,Source018,Source019,Source020,Source021,Source022,Source023,Source024,Source025,Source026,Source027,Source028,Source029,Source030,Source031,Source032,Source033,Source034,Source035,Source036,Source037,Source038,Source039,Source040,Source041,Source042,Source043,Source044,Source045,Source046,Source047,Source048,Source049,Source050
0.000400445370879336,0.307069231056461,0.127178073905664,0.124639725018756,0.128496920079464,0.212616049939655,0.000893004328808865,0.00275309917711377,0.000724986448990411,0.00321993979021427,0.000552575040724283,0.00453577083273347,0.00523067708076954,0.000211039933330736,0.0028476314468326,0.00102686543987148,0.000114451417975508,0.00664273707356243,0.0017522455047275,0.00147904014088743,0.000535350438995028,0.00236562831050301,0.00247363127848576,0.00299344294903687,0.000260055455544143,0.00841400112996042,0.00194126385267575,0.00817538972359271,0.00355243884375066,0.00371417127209689,0.00305013457745721,0.000331902529915006,0.00138724891068129,0.0044111063279271,6.53470542054856e-05,0.00128582153247381,0.001798188282516,0.000841599402871412,0.00206883525035915,0.00475962637063111,0.00151519016823127,0.00187433735729999,0.000242876574538932,0.0010867414004747,0.000173464737028187,0.000107777645841421,0.00181943925515664,0.00306129402796261,0.00252913281012315,0.000407463824310811,0.000372589677931812
