Unknown,Source001,Source002,Source003,Source004,Source005,Source006,Source007,Source008,Source009,Source010,Source011,Source012,Source013,Source014,Source015,Source016,Source017,Source018,Source019,Source020,Source021,Source022,Source023,Source024,Source025,Source026,Source027,Source028,Source029,Source030,Source031,Source032,Source033,Source034,Source035,Source036,Source037,Source038,Source039,Source040,Source041,Source042,Source043,Source044,Source045,Source046,Source047,Source048,Source049,Source050
0.000726853126310729,0.196325901075135,0.150957973822767,0.227194574618028,0.101984143150338,0.223537407333732,0.00207441743205648,0.00157424605472873,0.000834517552006791,1.49974630948477e-05,0.00243204655630536,0.00104257445519971,0.00194976398985954,0.000396763585225127,0.000265139397007468,2.01634645955387e-05,0.00409827542758457,2.44821078136123e-05,0.00140267202176692,0.00532099138449975,0.00727225761790064,0.00109307711494236,0.000109435371134483,0.00555569531593883,0.00120405859328254,0.000391393831910895,0.000252327224491448,0.00352680553700988,0.00132415525739329,0.0042880329809462,0.000357479270732393,0.00385527326410206,0.00114265161256022,0.000288980716323538,0.0059315551536163,0.00534456236501706,0.000998106012598056,0.000793334227861676,0.00271139327521199,0.00131849916845834,0.0015027992125898,0.00741566826008648,0.00159274697860932,0.00648097762981623,0.00221573710959737,0.00312469034624064,0.00127290936114206,0.0030712251981735,0.00192831755711411,0.000812958704176827,0.000644991712966292
