Unknown,Source001,Source002,Source003,Source004,Source005,Source006,Source007,Source008,Source009,Source010,Source011,Source012,Source013,Source014,Source015,Source016,Source017,Source018,Source019,Source020,Source021,Source022,Source023,Source024,Source025,Source026,Source027,Source028,Source029,Source030,Source031,Source032,Source033,Source034,Source035,Source036,Source037,Source038,Source039,Source040,Source041,Source042,Source043,Source044,Source045,Source046,Source047,Source048,Source049,Source050
0.00142207352446145,0.248808013376333,0.186499652093415,0.145671761925812,0.149074827547983,0.169945745056457,0.000381884866889115,0.000528434896700959,0.00364553408475504,0.00245980476169362,0.00351658300489677,4.57618083635928e-05,0.00234901620088415,0.0155091226557471,0.00477548542277197,0.0018978364183875,0.00293425367394158,0.00030407594752218,0.00471136143563187,0.000795033882561389,0.00069138085981469,0.00129947143571136,0.000681848211395218,0.000804735350583177,0.000717702936005305,0.00147871551488494,0.00148068350733649,0.000999896885512228,0.0047901336728695,0.00173487458964579,0.00297852619880585,0.00724771317078939,0.00581198374590262,0.0018544912120349,0.00221933197551885,0.000205666193389326,0.00114646504668038,0.00158925898283209,0.00404436576390003,0.00113848284528111,0.00171724071453137,0.00111962000749659,0.000235343588378003,0.00148562698914373,0.000971865379438628,0.00012259408663722,0.0012967924500222,0.00229246333462345,0.00159589811879388,0.00061557951246523,0.000354985134368119
