Unknown,Source001,Source002,Source003,Source004,Source005,Source006,Source007,Source008,Source009,Source010,Source011,Source012,Source013,Source014,Source015,Source016,Source017,Source018,Source019,Source020,Source021,Source022,Source023,Source024,Source025,Source026,Source027,Source028,Source029,Source030,Source031,Source032,Source033,Source034,Source035,Source036,Source037,Source038,Source039,Source040,Source041,Source042,Source043,Source044,Source045,Source046,Source047,Source048,Source049,Source050
0.0033971267252129,0.16391012740689,0.16422009007136,0.168240510366972,0.182728189988917,0.22090108216586,0.000819360409744428,0.000105109279672522,0.00136614817480611,0.00102535172072913,0.000146414995037667,0.00145883604207293,0.00181652880580462,0.00389672534340871,0.000955831881298876,0.000265941408346473,0.00187298922287424,0.00125372019373743,0.00374954040882877,0.0003232054004939,0.000300857331835283,0.0018989657062569,0.00400964374275038,0.00159382578455523,0.000627979933641889,0.00257943806283956,0.000383002001942349,0.00625714239598489,0.00639401744369068,0.00178076109437422,0.00138985398109634,0.00488275110457377,0.00138406068953084,0.00831325645051927,0.000513058718187097,0.00146084824114721,0.00078665991788556,0.00382215271569858,0.00340043427279638,0.00231489585426801,0.00116046764012281,0.0025998813996349,0.00623854650786204,0.0019649475217158,0.00195422581052672,0.000169584803554794,0.000982721337984904,0.00630150383658439,0.000741265365573722,0.00106102467157056,0.000279395649226144
