Unknown,Source001,Source002,Source003,Source004,Source005,Source006,Source007,Source008,Source009,Source010,Source011,Source012,Source013,Source014,Source015,Source016,Source017,Source018,Source019,Source020,Source021,Source022,Source023,Source024,Source025,Source026,Source027,Source028,Source029,Source030,Source031,Source032,Source033,Source034,Source035,Source036,Source037,Source038,Source039,Source040,Source041,Source042,Source043,Source044,Source045,Source046,Source047,Source048,Source049,Source050
0.00254932181538105,0.220729786348824,0.146857015272877,0.147153958245702,0.20135036294384,0.183908877188757,0.00209745880374635,0.001267734694166,0.00355212715302356,0.00168835575183015,0.000980484397233544,0.00435984274753704,0.000984835201233619,0.00107003820921313,0.00178505379333646,0.00515623362066634,0.000651976781498787,0.00518446653275392,8.92716904568388e-05,0.00113343851868936,0.00112866975313302,0.00107246935535406,0.000671399314202188,0.00376905699345596,0.000488368816465599,0.000637950770017881,0.000151404470433398,0.00796126372444007,0.0032895771178572,0.00161640566064238,0.00514857404335411,0.00299867073384439,0.00514668464297365,0.00178270291717069,0.000995991821828811,0.000492508045500918,4.75505953445012e-05,0.00193922587284115,0.0040314514317053,0.000824131632262118,0.00159711743833641,0.00602422485209068,0.00013927350718861,0.00204343773689546,0.00199296683409495,0.000630062834233032,0.000273094664784572,0.00423801394524012,0.000580789403709228,0.00246344744968226,0.00327287391015112
