Unknown,Source001,Source002,Source003,Source004,Source005,Source006,Source007,Source008,Source009,Source010,Source011,Source012,Source013,Source014,Source015,Source016,Source017,Source018,Source019,Source020,Source021,Source022,Source023,Source024,Source025,Source026,Source027,Source028,Source029,Source030,Source031,Source032,Source033,Source034,Source035,Source036,Source037,Source038,Source039,Source040,Source041,Source042,Source043,Source044,Source045,Source046,Source047,Source048,Source049,Source050
0.000435430552297306,0.184189327861272,0.168167350684584,0.109213536136327,0.207679529350554,0.230750255967264,0.00345314510023063,0.00358163094807235,0.00026503067692479,0.00349551848499776,1.8759199792677e-05,9.40516807428093e-05,0.00323199322073515,0.000710195718353531,0.00381817692638931,0.00325337774388886,0.00149278303189889,1.82466568492771e-06,0.00371557067924037,0.000562004677284705,0.000710666177286945,0.00276162574147954,0.00417477671225967,0.000929917308861479,0.00238820703063363,0.00096030793124155,0.00170479027789205,0.000466583926034716,0.00171620883796459,0.00206580800921331,0.00585949259312682,0.00321769203806263,0.000879799169927579,0.000690998007022025,0.0137284786997783,0.00214654475746882,2.10191725862855e-06,0.000744508335901333,0.00108899518452848,0.00027116951832229,0.00658932029759659,0.00216759687338709,0.000255954500369101,0.00144231295546845,0.00272144968055298,0.000642276685442082,0.00103436808254332,0.00148648414747509,0.00627164823914332,0.000372550387135875,0.00237787267008768
