Unknown,Source001,Source002,Source003,Source004,Source005,Source006,Source007,Source008,Source009,Source010,Source011,Source012,Source013,Source014,Source015,Source016,Source017,Source018,Source019,Source020,Source021,Source022,Source023,Source024,Source025,Source026,Source027,Source028,Source029,Source030,Source031,Source032,Source033,Source034,Source035,Source036,Source037,Source038,Source039,Source040,Source041,Source042,Source043,Source044,Source045,Source046,Source047,Source048,Source049,Source050
0.00544837621926859,0.158343581957674,0.119423357489142,0.243434374108993,0.256392743629704,0.122405942814486,0.000533497448614204,0.000710155294385941,0.00203136919930403,0.0003557959084993,0.00116766000475651,0.00143835308566922,0.00108387303099237,0.00660369044432123,0.00213464010633135,0.000664502092096699,0.000743677570227699,0.00301479871447082,0.00805509343875858,0.00334470439869496,0.000168444383083332,0.00694617902929285,0.000783532998691254,0.000417901154528325,0.00192806551824355,0.00153008066777526,0.0019051648147649,0.00104814975481804,0.00385331584252874,0.000539046256280096,0.00185350792525667,0.00175793796438203,0.00667213716961948,0.00278874595536146,0.00187298213621789,0.00141847150623997,0.000335882988837841,0.0049902063760323,0.00164213496292208,0.0027765959734711,0.00123539760233145,0.00188573816449947,5.79212490677113e-05,0.00574017850456759,0.000404325100908763,2.60548258350089e-05,0.00242970589554291,0.00220176421005732,0.000434352214615688,0.00129559932628079,0.00173029257155463
