Unknown,Source001,Source002,Source003,Source004,Source005,Source006,Source007,Source008,Source009,Source010,Source011,Source012,Source013,Source014,Source015,Source016,Source017,Source018,Source019,Source020,Source021,Source022,Source023,Source024,Source025,Source026,Source027,Source028,Source029,Source030,Source031,Source032,Source033,Source034,Source035,Source036,Source037,Source038,Source039,Source040,Source041,Source042,Source043,Source044,Source045,Source046,Source047,Source048,Source049,Source050
0.00225888245401245,0.19273695491798,0.284035591231434,0.113057827515426,0.165938855425788,0.144230770909371,0.000587067446610908,0.00586855320993073,0.00450679313266647,0.00273871632192577,0.00215382312780562,0.00140282490612386,0.00196546928801502,0.000832948637988335,0.00246036271386532,0.00020322313446466,8.79827629116201e-06,0.00508534190543474,0.000912217814711725,0.00111228540696206,0.00411784697711068,0.0015573297993549,0.00450065699036637,0.000523901890158434,0.000456953031255979,0.00138241157671468,0.00709883597558145,0.00125826334164545,0.00111434920222546,0.00252822493540198,0.000299490220999389,0.00205850791734791,0.00354743451357914,0.00412255070424797,0.000257901013418999,0.00284975516338094,0.000834136146719722,0.0010483537387921,0.00155976429133586,0.00907164715029886,0.00289558101076652,0.00327535670380988,0.000842633892138517,0.00086600835959574,0.00162555743849158,7.83849327397464e-05,0.000996727135423896,0.00194111967670186,0.00226039539380867,0.00133669840949553,0.00159591469028294
