Unknown,Source001,Source002,Source003,Source004,Source005,Source006,Source007,Source008,Source009,Source010,Source011,Source012,Source013,Source014,Source015,Source016,Source017,Source018,Source019,Source020,Source021,Source022,Source023,Source024,Source025,Source026,Source027,Source028,Source029,Source030,Source031,Source032,Source033,Source034,Source035,Source036,Source037,Source038,Source039,Source040,Source041,Source042,Source043,Source044,Source045,Source046,Source047,Source048,Source049,Source050
0.000130104210486124,0.158281285810401,0.348037396112368,0.150446499669938,0.12058178106886,0.122653037338433,0.000120891459914824,0.00108871320506466,0.00224615017976819,0.00103816303583172,0.000415918319440848,0.00655118135084373,0.00118616497019318,0.000589509552075811,0.000512917588034776,0.000689173796378503,0.0013019548189544,0.00335152373418979,0.00182344203238459,0.00720619607996927,0.00267979013797469,0.00142331174188207,0.00237093374693319,0.00201516818016996,0.00111904080287377,0.00131857325694915,0.00222147957964707,0.000333487005066154,0.00346809361493916,0.00427811066424947,0.00271316174581894,0.00135737823609824,6.46744909935402e-05,0.00355065164998702,0.0045830077694644,0.00383344891784278,0.00135654742910701,0.00255521873825565,0.00661306576848089,0.00327281428532475,0.00145012039857995,0.00148594531893554,0.000624096901186083,0.000758380951388262,0.00423814770379767,0.000226620977390286,0.00374516158006183,0.00308839493553611,0.00152531227302297,0.0023722403773799,0.0011056164871331
