Unknown,Source001,Source002,Source003,Source004,Source005,Source006,Source007,Source008,Source009,Source010,Source011,Source012,Source013,Source014,Source015,Source016,Source017,Source018,Source019,Source020,Source021,Source022,Source023,Source024,Source025,Source026,Source027,Source028,Source029,Source030,Source031,Source032,Source033,Source034,Source035,Source036,Source037,Source038,Source039,Source040,Source041,Source042,Source043,Source044,Source045,Source046,Source047,Source048,Source049,Source050
0.00314143756984149,0.197307501551461,0.120327659165987,0.168928887558161,0.294382727856183,0.119053223868208,0.000275311849177475,0.00134200638811951,0.00451256933012943,0.000750257331849246,0.000819964798805147,0.00150222731110825,0.00194674886454762,0.000192993112520816,0.00334812188950522,1.67804487458089e-06,0.0148217675130978,0.000718253175810638,0.000131221241954852,0.00543442144946226,0.00215427530129497,0.00204648559036019,0.00200788032135097,1.28845725989275e-05,0.000600122523143943,0.00149404097991714,0.000631746060801977,0.00116418233198996,0.00111883322075898,0.00056695740140489,0.00789451698130615,0.000384540736742283,0.0060152802794776,0.00302858661773458,0.00394079894008629,0.00457312824595265,0.000103636045931386,0.00466097128653737,0.00246351647586183,0.000255180118622664,0.000416576368172339,0.000217029471734825,0.000482833264671489,0.00165648825759201,0.000111028709408892,0.00517783057912861,7.35458833610351e-05,0.00192088969347621,0.00533480197233765,0.000411830513826872,0.000140601383610893
