Unknown,Source001,Source002,Source003,Source004,Source005,Source006,Source007,Source008,Source009,Source010,Source011,Source012,Source013,Source014,Source015,Source016,Source017,Source018,Source019,Source020,Source021,Source022,Source023,Source024,Source025,Source026,Source027,Source028,Source029,Source030,Source031,Source032,Source033,Source034,Source035,Source036,Source037,Source038,Source039,Source040,Source041,Source042,Source043,Source044,Source045,Source046,Source047,Source048,Source049,Source050
0.00321048449822523,0.167816566426795,0.151543323970089,0.27744627896477,0.176106838999251,0.127086991639095,0.00253207564415524,0.000487113879706327,0.000146144277855523,0.000854888061200751,0.0052941292908792,0.00553508280679835,0.0013953018845889,0.00662584126383957,0.000925723313477636,0.00256574882759818,0.00375323625739161,0.00836623463158227,0.00300129281674098,0.00484644538008559,0.0015855614089506,0.00196311113186538,0.00268763280699298,0.00142658243733245,0.00153885597159634,0.00423815645180329,0.00654973035122499,0.00173547661368742,0.000483100792908235,0.000436262524747868,0.000955430246858442,0.00164773870125188,0.000928586038050601,0.000458365904980793,0.000175046366582651,0.000723392644845431,0.00325379480007734,0.000893999818767385,0.00225635154230694,0.000275686649398171,0.00518218143907929,0.00336222187034665,0.00216105636567051,0.000463433967203819,0.000437701799625088,0.0019501637985481,0.000693973474754586,0.000437581013914744,0.000254700992894134,0.00057701408817239,0.000727365151436124
