Unknown,Source001,Source002,Source003,Source004,Source005,Source006,Source007,Source008,Source009,Source010,Source011,Source012,Source013,Source014,Source015,Source016,Source017,Source018,Source019,Source020,Source021,Source022,Source023,Source024,Source025,Source026,Source027,Source028,Source029,Source030,Source031,Source032,Source033,Source034,Source035,Source036,Source037,Source038,Source039,Source040,Source041,Source042,Source043,Source044,Source045,Source046,Source047,Source048,Source049,Source050
0.000109328450510007,0.139495627003153,0.210474846053355,0.192716846568464,0.189167256363361,0.168145424011667,0.00721779094951428,0.00158674952819745,0.00473108007449109,0.000679281290254286,0.000191074234093063,0.000567563619045663,0.000998067010375792,0.000926991319426713,0.000311880498076023,4.18447815066956e-05,0.00153916819937771,0.00436644855077797,0.000328780262130907,0.00717920735871183,0.00233478355384881,0.00313456030979017,0.00423555121424188,0.000103612429799733,0.00392772006803794,0.00232672451452652,0.00349181790401504,0.00526557433134997,0.000578188497509479,0.00076723895127257,0.000289175131796891,0.00139805334302249,0.00226239527154726,0.00891115879960379,0.00218151258594639,0.0019401897996259,0.000349860824949069,2.4280631466976e-05,0.00849301696148896,0.000990489185237996,0.00403426815865067,0.000277678660930393,0.000895074194928496,0.000291768844806994,0.00372068793389132,0.00146960396147187,0.000446754894463659,0.000124300649994226,0.00180896147693422,0.00131429223088587,0.00183544855747491
