Unknown,Source001,Source002,Source003,Source004,Source005,Source006,Source007,Source008,Source009,Source010,Source011,Source012,Source013,Source014,Source015,Source016,Source017,Source018,Source019,Source020,Source021,Source022,Source023,Source024,Source025,Source026,Source027,Source028,Source029,Source030,Source031,Source032,Source033,Source034,Source035,Source036,Source037,Source038,Source039,Source040,Source041,Source042,Source043,Source044,Source045,Source046,Source047,Source048,Source049,Source050
0.000837073240845522,0.194510388905401,0.145535395967618,0.130347733902452,0.208894634026166,0.220711847198364,0.00204065527635269,0.000552464246127803,2.89018493762028e-05,0.000409139227723045,0.000234361233985641,0.0104430213962339,0.00179137715527811,0.00337181048415336,0.00147685966627628,0.0038130115424267,0.000399355092383128,0.000296292886297603,0.00346788635016684,0.00351436152217524,0.00103538694960915,0.00998399978524791,0.00228460216848822,0.00409346971954958,0.00202510023393195,0.00163713864169859,0.000589806786049196,0.00808488374791718,6.95816150067675e-05,0.00238986621861627,0.000165946020478062,0.00102438924332897,0.00097643258558389,0.000560823016251483,0.000350723011190579,0.00095125626610906,0.00410167431916374,0.00014967829359768,9.18907107195994e-05,0.00180554749536207,0.0011424485836782,0.00952048212521999,0.00263725183637311,0.00168297203717187,0.00147879161227035,0.000551847155023462,0.0046508205101018,0.000166403403929611,0.00026384613890391,0.0026967912372485,0.000159577362377174
