Unknown,Source001,Source002,Source003,Source004,Source005,Source006,Source007,Source008,Source009,Source010,Source011,Source012,Source013,Source014,Source015,Source016,Source017,Source018,Source019,Source020,Source021,Source022,Source023,Source024,Source025,Source026,Source027,Source028,Source029,Source030,Source031,Source032,Source033,Source034,Source035,Source036,Source037,Source038,Source039,Source040,Source041,Source042,Source043,Source044,Source045,Source046,Source047,Source048,Source049,Source050
0.00186743156207794,0.359513416504104,0.142753942871908,0.100872702798339,0.115136555476288,0.18172338234936,0.00216923592018772,0.00983961243094527,0.00223170076630715,0.000815578481888719,0.00504329860343097,0.00212830483828475,0.00278715134489638,0.00089400109823915,0.00382681994304648,0.000259522635306422,0.000325567160545266,0.00294275100700098,0.000419624969712024,0.00225089795641529,0.00245787233133376,0.000485115735398052,0.00172194005055992,0.0040014073698505,0.00181821502022189,0.00525382293713031,0.00300358878845356,0.000317344377947963,0.000243193880511322,0.00607167638208663,0.0014553560910288,0.00120979776443232,0.00278713066689406,0.00227828352610825,0.000377190688777312,0.00324121763898175,0.00266958413639487,0.00353887117012371,0.000193771993036603,0.000355102226485798,0.00103398443508525,0.00380399244648416,0.00132584272640353,0.00144272639916701,0.000821132278376967,0.000185953261510417,0.00412595995088858,0.00122040891790327,0.00134071119602963,0.000515422691435303,0.002901884202674
