Unknown,Source001,Source002,Source003,Source004,Source005,Source006,Source007,Source008,Source009,Source010,Source011,Source012,Source013,Source014,Source015,Source016,Source017,Source018,Source019,Source020,Source021,Source022,Source023,Source024,Source025,Source026,Source027,Source028,Source029,Source030,Source031,Source032,Source033,Source034,Source035,Source036,Source037,Source038,Source039,Source040,Source041,Source042,Source043,Source044,Source045,Source046,Source047,Source048,Source049,Source050
0.00588468685054293,0.104204699572427,0.271069601010617,0.130106924302856,0.173186412481995,0.221432362632105,0.00626902937066473,0.0034277586650123,0.000304977392226362,0.00225470700497161,2.27586092827051e-05,1.48612063992189e-05,0.00269657917127788,0.00479226153521059,0.00318729586566059,0.00216106963508024,0.00042878615916119,0.00167004282626713,0.000214495005086971,0.000846719019862976,0.00252212747760982,5.16115437386083e-05,0.0027551223512945,0.00070040742883101,0.00120711897770435,0.00118371658074328,0.00257986983836152,0.00151496094549725,0.00230047803307593,0.008031183773592,0.00266675308160656,0.00261727436836683,0.000498076332902734,0.00143595369442495,1.9171195888607e-05,0.00128978880041966,0.000597505162390896,0.00100932320155193,0.0013395677376438,0.000297097772840208,0.00150195678084338,0.00143490261287989,0.00629795664131907,3.03755857278451e-05,0.000447940397977217,0.00247337059365284,0.00148446682474307,0.00159989485415952,0.00859897826954775,0.00223381990170626,0.00510320092225128
