Unknown,Source001,Source002,Source003,Source004,Source005,Source006,Source007,Source008,Source009,Source010,Source011,Source012,Source013,Source014,Source015,Source016,Source017,Source018,Source019,Source020,Source021,Source022,Source023,Source024,Source025,Source026,Source027,Source028,Source029,Source030,Source031,Source032,Source033,Source034,Source035,Source036,Source037,Source038,Source039,Source040,Source041,Source042,Source043,Source044,Source045,Source046,Source047,Source048,Source049,Source050
0.000564884459468196,0.297272972240706,0.185737864457233,0.110669685249807,0.17339087209619,0.132928605956065,0.000549310458057098,0.00127971082717528,0.00124418961940914,0.00327125494675366,0.000573809489586382,0.0031716580259607,0.00029037643348967,0.000359398380093322,0.00160675639479217,0.00967548248128816,0.00142155526753555,0.00552283139742968,0.000134914153946376,0.00860321348730687,0.00420696697364564,0.00428192370904377,0.000809610390320705,0.00168159032221213,0.00304034141705918,0.00142637861378374,0.00188305212586991,0.000125050479269741,0.000447157200106139,0.00322878150685803,0.000634072799051577,0.00752612713552189,0.00103112386808597,0.00134854353374776,0.000546576832725043,2.82754393302448e-05,0.000511662828023779,0.00403142136524003,0.00229016834421314,0.00778702569611942,0.000866751729041531,0.000577021719547184,0.000891664790976744,0.00135103704248608,0.000250923513398737,0.000728164782975211,0.000882074202053571,0.00141653844842533,0.00366972512888598,0.00184921012179067,0.00238169211789881
