Unknown,Source001,Source002,Source003,Source004,Source005,Source006,Source007,Source008,Source009,Source010,Source011,Source012,Source013,Source014,Source015,Source016,Source017,Source018,Source019,Source020,Source021,Source022,Source023,Source024,Source025,Source026,Source027,Source028,Source029,Source030,Source031,Source032,Source033,Source034,Source035,Source036,Source037,Source038,Source039,Source040,Source041,Source042,Source043,Source044,Source045,Source046,Source047,Source048,Source049,Source050
0.00370075812164282,0.116839405102947,0.115821695850066,0.166358365605322,0.299015463306571,0.201965070135094,0.00603821312345802,3.31705782267793e-05,0.000689035687720411,0.00156776477449868,0.00012503549315429,0.000529190695828872,0.0001145801251794,0.000207272220184743,0.00422507633877441,0.00337105943250847,0.00102779731043584,0.00818103369104069,0.00120927233610021,0.000942227542798093,2.18002802844326e-05,0.000136647379408805,0.00450610540395553,0.00507559884533875,0.00559994644976675,0.0048076791199767,0.00242507214205663,0.000518600204376834,0.00479061631553,0.00120967958004127,9.03120485716156e-05,0.00163714864515997,0.000150874797500483,0.00604224494311512,0.00217704901439197,0.000705701518916617,0.000242241941838211,0.00140151004423188,0.00508835439971494,0.0019338873916952,0.00103358451640885,0.00246599031978681,0.00241885814318835,0.00391413861779597,0.000918795713155292,0.00123702628448472,0.00045871909432877,0.00112992436283574,0.00233983602498443,0.00186894139217177,0.00169162759343586
