Unknown,Source001,Source002,Source003,Source004,Source005,Source006,Source007,Source008,Source009,Source010,Source011,Source012,Source013,Source014,Source015,Source016,Source017,Source018,Source019,Source020,Source021,Source022,Source023,Source024,Source025,Source026,Source027,Source028,Source029,Source030,Source031,Source032,Source033,Source034,Source035,Source036,Source037,Source038,Source039,Source040,Source041,Source042,Source043,Source044,Source045,Source046,Source047,Source048,Source049,Source050
0.00129091012270465,0.201082682841971,0.112461844312079,0.113030175051708,0.365242864149917,0.108182433644325,0.000133777648023976,0.0028121236101559,0.00442744974753888,0.00437105526365773,0.000236064000602008,0.00193298995202952,0.00121881324487992,0.00241519070995591,0.00413364162578312,0.00235747409674229,0.00034230306554666,0.000523787651392467,0.00166798280396533,0.00127986056227956,0.0030038543756942,0.00403680297342391,0.000950361710459127,0.00129329372571342,0.00325065086838578,0.00309216320340558,0.00300172953743761,0.00192044086927703,0.00063919434079153,0.00586148325803419,0.00205321393046608,0.00123218108991683,0.00172573371462604,0.00109084902364521,0.00463495250216347,0.00267945389918185,0.00519252390336449,0.00135704125317171,0.000786513678767546,0.00433063452094193,0.00101913159582241,0.00198182692959903,0.00263058553795168,0.000188074348214653,0.00344745604756768,0.00289568023426353,0.00113391701238804,0.000356277010835369,0.000587826257961605,0.00416956925254889,0.000313159288721604
