Unknown,Source001,Source002,Source003,Source004,Source005,Source006,Source007,Source008,Source009,Source010,Source011,Source012,Source013,Source014,Source015,Source016,Source017,Source018,Source019,Source020,Source021,Source022,Source023,Source024,Source025,Source026,Source027,Source028,Source029,Source030,Source031,Source032,Source033,Source034,Source035,Source036,Source037,Source038,Source039,Source040,Source041,Source042,Source043,Source044,Source045,Source046,Source047,Source048,Source049,Source050
0.00601133301058655,0.214241092032656,0.142184975397484,0.146571809073074,0.222766379961061,0.174235743535724,0.000847354863276034,0.00110557825246605,0.000523385035609585,0.00465257617152713,0.00244115718748263,0.00702852206771889,6.79446627664618e-05,0.000157926650900867,0.0017687225681296,7.83944650321143e-05,0.00202277788557746,0.000983278854900617,0.00348927894079304,9.70886270667212e-05,0.0017076702962036,0.00271125147217193,0.00161251837596167,0.00153915551493917,0.00262540294827953,0.00513840216475551,0.000288912970648958,0.00268421086601231,0.00201725940199789,0.00107183333204353,0.000377032511782654,0.00120224693677773,0.0157079784190374,0.0019457840248556,0.00662198564137625,0.00321085053464467,0.000238616581282055,0.000611693703411824,0.000222330147824864,0.00124782171225887,0.002507761282256,0.000293426363102247,0.000675655605712171,0.0018486472853993,0.00618133952831811,0.0011200130655639,0.00025205570366329,0.000288570570499417,0.000359916795332995,0.00140619260269439,0.00100814439735835
