Unknown,Source001,Source002,Source003,Source004,Source005,Source006,Source007,Source008,Source009,Source010,Source011,Source012,Source013,Source014,Source015,Source016,Source017,Source018,Source019,Source020,Source021,Source022,Source023,Source024,Source025,Source026,Source027,Source028,Source029,Source030,Source031,Source032,Source033,Source034,Source035,Source036,Source037,Source038,Source039,Source040,Source041,Source042,Source043,Source044,Source045,Source046,Source047,Source048,Source049,Source050
0.00323310255481009,0.14957174044719,0.129759681056213,0.160090380999381,0.340533615152163,0.120044582345053,0.000899835516280753,0.003537232333441,0.000211120734154231,0.00240941322189855,0.000862241953233836,0.00175371135064347,0.00134271744377236,0.00130483156141561,0.00112223268390207,0.000936752378927266,0.001137919844305,0.00481256864377904,0.0103044869282469,0.000627644420165804,0.00163248499714092,0.000749312337964277,0.000392919895993984,0.00626640320117631,0.00359610910963334,0.000206785492968172,0.00120936309049878,0.00184668628495863,0.0130698349725673,0.0022548933420884,0.00750501136351718,0.000802095390462973,0.00063103494685376,0.000988060172262127,0.000231870100899987,0.000391659189702484,0.00146956337419796,0.000962928981508415,0.00202575506354959,0.00237434592167013,0.00345788471553063,0.000665854938272203,0.00119577958283077,0.000842529048638052,0.000864917128180781,0.00464808286262304,0.00162245285629802,0.000632721934146822,0.00135839733687124,0.00086109242464474,0.000747358373372997
