Unknown,Source001,Source002,Source003,Source004,Source005,Source006,Source007,Source008,Source009,Source010,Source011,Source012,Source013,Source014,Source015,Source016,Source017,Source018,Source019,Source020,Source021,Source022,Source023,Source024,Source025,Source026,Source027,Source028,Source029,Source030,Source031,Source032,Source033,Source034,Source035,Source036,Source037,Source038,Source039,Source040,Source041,Source042,Source043,Source044,Source045,Source046,Source047,Source048,Source049,Source050
0.000799223595520775,0.1725743038164,0.320347610724049,0.138655104789106,0.162723846385695,0.105699134284751,0.00287479270410592,0.000993406874379895,0.00231720191061578,0.000817879358931653,0.00091162650609987,0.00242074340145799,0.00099413479873974,0.00399134602843726,0.00165202144953302,0.000843734867944432,0.0017022086553271,0.00516417797793409,0.00102999563285584,0.00186812289584391,0.000220604627924564,0.00101227199784476,0.00043330719165468,0.00635391242847754,0.000866876733445612,0.00433651370083283,0.00760544079227225,0.00100587498950151,0.00120720561909844,0.00687161791535135,0.000365364305536637,0.00327101852943572,0.00137633414225034,0.000226218909173376,0.00113290864710178,0.00269480418979222,0.000887391956642696,0.00232127675627475,0.00207256231283087,0.00434806392117493,0.00170053618207751,0.000514066133997277,0.000738527181358814,0.00582459463959703,0.00112312908921816,0.000592157123576711,0.00338597965987999,0.00236469966396312,0.00373714958970252,0.00246822043539771,0.000560753976887047
