Unknown,Source001,Source002,Source003,Source004,Source005,Source006,Source007,Source008,Source009,Source010,Source011,Source012,Source013,Source014,Source015,Source016,Source017,Source018,Source019,Source020,Source021,Source022,Source023,Source024,Source025,Source026,Source027,Source028,Source029,Source030,Source031,Source032,Source033,Source034,Source035,Source036,Source037,Source038,Source039,Source040,Source041,Source042,Source043,Source044,Source045,Source046,Source047,Source048,Source049,Source050
0.00412935842886402,0.166244935077528,0.200677009462462,0.203029686272737,0.171269590261474,0.158778778925798,0.000592926991638608,0.00165492625724558,0.00215560846996835,6.16569863998261e-05,0.0018495173226439,0.00191335353435899,0.00332530305366486,4.21925448989024e-06,0.00104037869941595,0.008821864970992,0.00321928376883161,0.0013339622692517,0.00943982665769783,0.000685751181920961,0.00100480546796066,0.00145589277681122,0.000540251648076546,0.00145059708919564,0.00430651268503385,0.000399487339863511,0.000863838945051449,0.00106501373618742,0.00195695744855273,0.0021694920942966,0.000679709538776833,0.000930047074899667,0.000578132409186673,0.00127404758823879,0.00872792009726133,0.00565486971137398,0.00143110982922466,0.00144142604748473,0.00203205865039908,0.0040401347054017,9.34829261784897e-05,0.00323101364452079,0.00210585702265037,0.00123050319767618,2.76147368319424e-05,0.000868474961324577,0.00311421383060152,0.00346016141238465,0.0019410339617817,0.000252203525089055,0.00144519805029959
