Unknown,Source001,Source002,Source003,Source004,Source005,Source006,Source007,Source008,Source009,Source010,Source011,Source012,Source013,Source014,Source015,Source016,Source017,Source018,Source019,Source020,Source021,Source022,Source023,Source024,Source025,Source026,Source027,Source028,Source029,Source030,Source031,Source032,Source033,Source034,Source035,Source036,Source037,Source038,Source039,Source040,Source041,Source042,Source043,Source044,Source045,Source046,Source047,Source048,Source049,Source050
0.0019877505143671,0.208559855149149,0.147258531253265,0.286423875683339,0.13567361864891,0.122084119265338,7.84248147694161e-05,0.00172643849795525,0.000722941104774578,0.00277992397811672,0.000977176587597108,0.00128834287726097,0.00207477746886692,0.00341940880578619,0.00304746750479833,0.00227007106631037,0.00173956069780401,0.00332696156357689,0.00402186502965663,0.000380352300462888,0.00157380649582046,0.000336449932818707,0.00136082819906015,0.00105989117289868,0.00266709137301333,0.0137377917566294,0.00206337779224555,0.000989582258716215,0.00336403093634301,0.000259562835341819,0.000246356860349772,0.00513373747867209,0.00068580756345345,4.5374322057458e-06,0.00091344119323854,0.00121793798092617,0.00102713554785829,0.00032641536959245,0.000836505233997586,0.00131434361633555,0.000840798112457014,0.00126481419935751,0.000724895213650114,0.00339038129659918,0.00113665144303056,0.00360223304329015,0.00255033526170711,0.0111493323614507,0.00384747871092249,0.000923571618181015,0.00160941489773384
