Unknown,Source001,Source002,Source003,Source004,Source005,Source006,Source007,Source008,Source009,Source010,Source011,Source012,Source013,Source014,Source015,Source016,Source017,Source018,Source019,Source020,Source021,Source022,Source023,Source024,Source025,Source026,Source027,Source028,Source029,Source030,Source031,Source032,Source033,Source034,Source035,Source036,Source037,Source038,Source039,Source040,Source041,Source042,Source043,Source044,Source045,Source046,Source047,Source048,Source049,Source050
0.000795290717597877,0.133028886587369,0.115189698564872,0.127666798199904,0.189749717334195,0.334364899313659,0.000367674165143282,0.00112699177005757,0.000544157368502816,0.000331883462988919,0.00229803759297413,0.00181197361491267,0.00081276941917248,0.00406285519335336,2.74356208770259e-05,0.00246851874802496,0.00438897638635419,0.000401574599395023,0.000884858077883474,0.000344512536274389,0.00616731296426527,0.000317162455797822,0.00237377821075261,0.00433419129851503,0.000806536965307761,0.00355157830524229,0.000828786800904385,0.00411955661716597,0.00824754190165545,0.00376421752721802,0.00733300999302929,0.000104857412035921,0.000513702087205498,0.00180698515710893,0.00288399203344985,0.00109130049844963,0.00365628204076162,0.000835199427846241,0.000270500138140196,0.0048187286982351,0.00145062044051597,0.00190086362189494,0.00205794824889441,0.000200664944199402,6.10905667667377e-05,0.00535384464116492,4.38919240317257e-05,0.00114404611691853,0.00741941639775758,0.00169047809051617,0.000184405200740527
