Unknown,Source001,Source002,Source003,Source004,Source005,Source006,Source007,Source008,Source009,Source010,Source011,Source012,Source013,Source014,Source015,Source016,Source017,Source018,Source019,Source020,Source021,Source022,Source023,Source024,Source025,Source026,Source027,Source028,Source029,Source030,Source031,Source032,Source033,Source034,Source035,Source036,Source037,Source038,Source039,Source040,Source041,Source042,Source043,Source044,Source045,Source046,Source047,Source048,Source049,Source050
0.0008534019382191,0.223032928241016,0.201665188192521,0.12891193803546,0.170933758288,0.175456187243002,0.00205761893592513,0.000694279966579631,0.00712853362467779,0.000152092986365472,0.000354507515758415,0.00454093001236355,0.00272744156622801,0.000230697385361824,0.00240453711279489,0.00127398541146597,0.000216253838097283,0.000157712218975078,0.00349734082342763,0.00288394436243277,0.00048765400541561,0.00012585652601933,0.000749677905545522,0.000305283713932516,0.000310985090924356,0.00807527830671376,0.00447935753638755,0.00203106197335099,0.000981398089614003,0.00328102366856984,0.00155298331668138,0.003184326363007,0.00322327173194679,0.00119214242911473,0.000298998006123545,0.00130989929470052,0.00288442964631728,0.00684628720608818,0.000303393863586693,0.00233738797679055,9.35843685237941e-05,0.000906755984383632,0.00827785085749617,0.0031254273437386,0.00279223458663194,0.000402712912737786,0.00207906141667452,0.0066167390085043,0.000683121238410474,0.00168680123300853,0.000201736700387559
