Unknown,Source001,Source002,Source003,Source004,Source005,Source006,Source007,Source008,Source009,Source010,Source011,Source012,Source013,Source014,Source015,Source016,Source017,Source018,Source019,Source020,Source021,Source022,Source023,Source024,Source025,Source026,Source027,Source028,Source029,Source030,Source031,Source032,Source033,Source034,Source035,Source036,Source037,Source038,Source039,Source040,Source041,Source042,Source043,Source044,Source045,Source046,Source047,Source048,Source049,Source050
0.00346401178800098,0.111095457978084,0.291050156816713,0.185589120080282,0.17136844838391,0.14089681674101,0.0038659948722854,0.000982043449848594,0.00117948869448194,0.000679827987635583,0.000800367434431997,0.00623529308757394,0.000700722579915813,0.00285498782293592,0.00392431255368873,0.000259999196376864,0.00274618907226043,0.00454162929663675,0.00101510272431063,0.000937874388327693,0.000240914008237772,0.00127189428006502,2.58928476246965e-05,0.00661826624896944,4.42211071657374e-05,0.00147648370715112,0.00463253872606725,0.00104471651057349,0.00185709455449066,0.00117089497881364,0.00149505115961102,0.00373969943850709,0.00279903415978204,0.00135083888105015,0.000976428382658993,0.000585995531156673,0.000551505889898831,0.00826704732298549,0.000294119586612972,0.00481836539232553,0.00210753287347268,0.00203762254525227,0.00132344496176159,0.000364807024240439,0.00200106704626464,0.001284139000771,0.00497779472409806,0.00121499248547725,0.0031733023504547,0.00353013873363154,0.00053631059211692
