Unknown,Source001,Source002,Source003,Source004,Source005,Source006,Source007,Source008,Source009,Source010,Source011,Source012,Source013,Source014,Source015,Source016,Source017,Source018,Source019,Source020,Source021,Source022,Source023,Source024,Source025,Source026,Source027,Source028,Source029,Source030,Source031,Source032,Source033,Source034,Source035,Source036,Source037,Source038,Source039,Source040,Source041,Source042,Source043,Source044,Source045,Source046,Source047,Source048,Source049,Source050
0.00600810156313937,0.119339490636394,0.159481324854024,0.378769764780932,0.107758938385529,0.13465048134312,0.00154192792159937,0.00481684757105275,0.00131125674049777,0.000571567932975484,0.00256227379276149,0.00103281129412388,0.00170175736429052,0.0015138722550908,0.000237318783603276,0.00351408490686162,0.00424881516481423,3.27500332755987e-05,0.00106380910795491,0.00168156707375741,0.000788514216870337,0.00522079158704333,0.00363727065036684,0.00381304101641226,0.00225019188523978,0.00236564376103909,1.23924819022058e-05,0.0029716825996656,0.000174621629630853,0.00375777095400166,0.00409132169636458,0.00378850953218109,0.000321340243860417,0.000168498864509775,0.000374647036700492,0.00195122544816418,0.00785550145232544,0.00127619439987093,0.000866464743902962,0.000794453218491368,0.00150446456615805,0.000226832626017494,0.000429115105878392,0.00116307095499,0.00138707147828343,0.000614880454103217,0.0013067987402022,0.00153957914153318,0.0056816197119905,0.00634205412919594,0.00148567416730591
