Unknown,Source001,Source002,Source003,Source004,Source005,Source006,Source007,Source008,Source009,Source010,Source011,Source012,Source013,Source014,Source015,Source016,Source017,Source018,Source019,Source020,Source021,Source022,Source023,Source024,Source025,Source026,Source027,Source028,Source029,Source030,Source031,Source032,Source033,Source034,Source035,Source036,Source037,Source038,Source039,Source040,Source041,Source042,Source043,Source044,Source045,Source046,Source047,Source048,Source049,Source050
0.00088118295269192,0.263558954799064,0.148371332483574,0.162121396280777,0.193216172951779,0.132732143484806,0.000460492074792884,0.00134003458418777,0.00462530718316664,0.000692239288147647,0.000755751952206919,0.000967284240851107,0.000257780039825054,0.00583855510462402,0.00230271044430042,0.00128285295001185,0.0017854220356398,0.00143144499750388,0.00368787243318925,0.00336225272035484,0.001643838435046,0.000494727807166486,0.000423592339809549,0.00544379140424531,0.00055412442794989,0.00193117064162732,0.00330721950416326,0.0014630283927177,0.00218668672172172,0.00139690613872051,0.001144701901883,5.49376654495629e-05,0.000788441590053432,2.25847485344502e-06,0.00104617691339093,0.00171661513689869,2.23014793161258e-05,0.00125150840234214,0.00414781382586163,0.00170331050975012,0.00359204836439995,0.00175519657475331,0.0121958227252735,0.00181257884300773,0.00186037266553693,0.00393902136654593,0.00366323806173327,0.00514125465873543,0.000232166955908282,0.00062655916824376,0.00478740590140112
