Unknown,Source001,Source002,Source003,Source004,Source005,Source006,Source007,Source008,Source009,Source010,Source011,Source012,Source013,Source014,Source015,Source016,Source017,Source018,Source019,Source020,Source021,Source022,Source023,Source024,Source025,Source026,Source027,Source028,Source029,Source030,Source031,Source032,Source033,Source034,Source035,Source036,Source037,Source038,Source039,Source040,Source041,Source042,Source043,Source044,Source045,Source046,Source047,Source048,Source049,Source050
0.000814710626256728,0.117781690227121,0.128186259185471,0.171259141889111,0.203882547531061,0.278890361167236,0.00178622754703075,0.00113275402266421,0.0054933289751037,4.661503399629e-05,0.00154894031704622,0.000659912461985112,0.0110968189166242,0.00143464184158607,0.00292754399618135,0.000352553437118815,0.000369058439797217,0.00326232359047104,0.00385862079358019,0.00695273500439762,0.000940637906592051,0.000583042815029575,0.000160010437888761,0.000429003251187403,0.00160195647373571,0.00142569276630777,0.00235858239402288,0.00133020238222408,0.00254279144772164,0.000440084479998017,0.000147876834066832,0.000266916745155891,0.00197313997911045,0.00120688070867988,0.00616424767201127,0.000468710186581878,0.00220435546312639,0.00141285667253444,0.00166482820556938,0.000345554788332119,0.0108331919841103,0.000952128167463947,0.00560786444544003,0.000649496027345697,0.000874344825797944,0.000161662569498691,0.000535623381907531,0.00231128085214747,0.00497087037169308,0.00241965420034889,0.00127972656053049
