Unknown,Source001,Source002,Source003,Source004,Source005,Source006,Source007,Source008,Source009,Source010,Source011,Source012,Source013,Source014,Source015,Source016,Source017,Source018,Source019,Source020,Source021,Source022,Source023,Source024,Source025,Source026,Source027,Source028,Source029,Source030,Source031,Source032,Source033,Source034,Source035,Source036,Source037,Source038,Source039,Source040,Source041,Source042,Source043,Source044,Source045,Source046,Source047,Source048,Source049,Source050
0.00126165387779545,0.294777172647554,0.151382536537161,0.154351360345895,0.154298473651077,0.145190456818313,0.00761001042805421,0.00351473747462216,0.00129402170701214,0.00132225062797093,0.00331452106726569,0.00191244148977217,5.21341216581578e-05,0.00157190090602526,0.00072468812955241,0.00451024775569347,0.000623645459716155,0.00293360911400395,0.00114132967554088,0.000230822765886112,0.00115879855607229,0.00188689357184678,0.00163721053651509,0.0012301208143207,3.7521103340631e-05,0.00509896900252043,0.000334844649829188,0.00193381071237437,0.000451371354601462,0.00205674696646136,0.00156312788227211,0.0100520196422944,0.000404264472201589,0.00778921249113691,0.0005410605493377,0.000121715382354517,0.00270161379726457,4.57212102323465e-05,0.00768399778003836,0.00207593406734048,0.000285610173405053,0.0022293447615565,0.000821981398100084,0.00801154642253479,0.00122635326798433,0.00150251570542968,0.000129324450811996,0.00322143220610561,0.000740877028456144,0.000707371351295176,0.000300674091396143
