Unknown,Source001,Source002,Source003,Source004,Source005,Source006,Source007,Source008,Source009,Source010,Source011,Source012,Source013,Source014,Source015,Source016,Source017,Source018,Source019,Source020,Source021,Source022,Source023,Source024,Source025,Source026,Source027,Source028,Source029,Source030,Source031,Source032,Source033,Source034,Source035,Source036,Source037,Source038,Source039,Source040,Source041,Source042,Source043,Source044,Source045,Source046,Source047,Source048,Source049,Source050
0.00367732720088444,0.100917694129123,0.161275905019122,0.149208614574904,0.16905100447505,0.319546781801801,0.00103729796777416,0.00523555615924042,0.00348892260161519,0.00209815704877969,0.00206095131923695,0.00214814916545211,0.00214950536172276,0.000215106096632589,0.000213475633708172,0.00127135455586829,0.00274048954484846,0.000783148585971533,0.00722719335980415,0.000748050841450824,0.00132658720284826,0.00343567339601135,0.00153301792266141,0.000606293533974434,0.00193375138592407,0.00431931661704397,0.000325249195053908,0.00402807709930739,0.0015028633496989,0.00696594279356889,0.00152680990857651,0.00215830383193238,0.0051889922613763,0.000448113143905033,0.000104487496771959,2.62882050921242e-05,0.00366782877458698,0.00221802291874176,0.000917322957377265,0.00216266437100838,0.00110956231051375,0.00169590492064702,0.0015849923487867,0.00217279266897044,0.00341612876519892,0.00330377927814859,0.00271369444403858,0.00218242802826176,0.000481795718894897,0.000230797355412108,0.0016178323526762
