Unknown,Source001,Source002,Source003,Source004,Source005,Source006,Source007,Source008,Source009,Source010,Source011,Source012,Source013,Source014,Source015,Source016,Source017,Source018,Source019,Source020,Source021,Source022,Source023,Source024,Source025,Source026,Source027,Source028,Source029,Source030,Source031,Source032,Source033,Source034,Source035,Source036,Source037,Source038,Source039,Source040,Source041,Source042,Source043,Source044,Source045,Source046,Source047,Source048,Source049,Source050
0.00290448187418025,0.135812954444909,0.148727096511873,0.289279455703901,0.181843706003654,0.144336787335662,0.00160436637977791,0.000491036284286888,0.00475459645582495,0.0024475323811027,0.00222958330047803,0.00230041080935204,0.00303402821623475,0.00039550101766798,0.00366578775615892,0.00154221102687843,0.000180792083141502,0.00249968628090211,4.90535090592816e-05,0.0010066054067869,0.00385019516405263,0.0061987656212976,0.000245967989394968,0.00114385446143734,0.00138333972873655,7.21489598055202e-05,0.00324189395295552,0.00442557515345276,0.00335821780808706,0.000740282752341919,0.00112367165029782,0.000349963784768667,0.00213009003374784,0.000216958562744779,0.00089491520839494,0.000556538526326827,0.000377687878179518,0.00155794230316318,0.00827863437535705,0.00215118629953197,0.000594765264281229,0.0033366092162014,0.00230907419588959,0.00114353705978129,0.00252160493603892,0.00562546964969525,0.00367551609818668,0.00238789081721524,0.00523890994777071,0.00142764074091091,0.000335479078121651
