Unknown,Source001,Source002,Source003,Source004,Source005,Source006,Source007,Source008,Source009,Source010,Source011,Source012,Source013,Source014,Source015,Source016,Source017,Source018,Source019,Source020,Source021,Source022,Source023,Source024,Source025,Source026,Source027,Source028,Source029,Source030,Source031,Source032,Source033,Source034,Source035,Source036,Source037,Source038,Source039,Source040,Source041,Source042,Source043,Source044,Source045,Source046,Source047,Source048,Source049,Source050
0.00167736545281916,0.124603262857678,0.190701730270073,0.263199255449379,0.154449166531416,0.167046584891454,0.00104908954841076,0.000340163963538685,0.00322841785563081,0.00183809963924212,0.00144662874084412,0.00018665634005467,0.00449731547973335,0.00508849221203531,0.00251850353695783,0.00104770770056501,0.000188086662114051,0.00219492535147457,0.000196820438661618,0.00285728625907438,0.00129363156920588,0.00250613812765025,0.00240503402730295,0.00717117045528736,0.0128536930714738,0.00123121398079622,0.000666566329735106,0.00183507797185041,0.00213460061019096,0.000671285674325913,0.000906993235982508,0.00278090913631775,0.00168725934070483,6.28946118798712e-05,0.000731296779188397,0.00148888971088659,0.000272366106650097,0.000587051663577378,0.00264415999566798,0.00276845585993628,0.00100607209553635,0.00535735003656918,0.00308316470804136,0.00212161470333885,0.00129091984477693,0.00321186210318117,0.000940319449411595,0.00365850494061017,0.000133934902893269,0.0021478822134899,0.00199412756238427
