Unknown,Source001,Source002,Source003,Source004,Source005,Source006,Source007,Source008,Source009,Source010,Source011,Source012,Source013,Source014,Source015,Source016,Source017,Source018,Source019,Source020,Source021,Source022,Source023,Source024,Source025,Source026,Source027,Source028,Source029,Source030,Source031,Source032,Source033,Source034,Source035,Source036,Source037,Source038,Source039,Source040,Source041,Source042,Source043,Source044,Source045,Source046,Source047,Source048,Source049,Source050
0.00236632460674996,0.144096588188986,0.134790897945568,0.247311129670133,0.133699894477922,0.240101489717391,0.0010880161260607,0.00191083982683977,0.00274134050255637,0.00140216580205876,0.0053038355416592,0.00278763554686229,0.000714244073620061,0.000919867152846397,0.00175878662183341,0.000995051780684756,0.00118244133443538,0.00789117878445,0.000628699202546712,0.00107488584388311,0.00350390538696269,0.00027618877561645,0.000202481162091795,0.00518859881422968,0.000397994111508995,0.00253318123663061,0.00109788090172618,0.00374737572501567,0.00054617667675406,0.00194341290331626,0.00521838672867161,0.0011657113452821,0.0021200562679246,0.000184738631038749,0.000415990602832128,0.00418131658744876,0.000169144422644052,0.0112654390685054,0.00302495250701399,0.000958291125373637,0.00224425013778263,5.48273615652284e-05,0.000982153639492233,0.000194057925869259,0.00273584411357048,0.00371745291364005,0.00368665155563558,0.000737452164953113,0.000106175905154713,0.00234511897325337,0.00228947958140903
