Unknown,Source001,Source002,Source003,Source004,Source005,Source006,Source007,Source008,Source009,Source010,Source011,Source012,Source013,Source014,Source015,Source016,Source017,Source018,Source019,Source020,Source021,Source022,Source023,Source024,Source025,Source026,Source027,Source028,Source029,Source030,Source031,Source032,Source033,Source034,Source035,Source036,Source037,Source038,Source039,Source040,Source041,Source042,Source043,Source044,Source045,Source046,Source047,Source048,Source049,Source050
0.00102008323564458,0.197462530210808,0.152499966591651,0.115977772091209,0.142266460765082,0.291793270341249,1.49969518948777e-05,6.65302414454601e-05,0.000641515698846054,0.000993039521145641,0.00260699514800982,0.000446963072930971,0.000597591159103996,0.000683115137283665,0.00171443842465621,0.000262804133282761,0.00680444574490515,0.00698288111266874,0.00480721624834329,0.000311349819425624,0.000528620933057155,0.00294019579209298,0.00341597241278915,0.0037899880602126,0.000857291544587837,0.00131332841232332,0.00319914307047876,0.00192764807708842,0.00380272978760155,0.00135743917037288,0.00278728183318789,0.00602628229378615,0.000213347182692271,0.000403880322054045,0.00267834842579009,0.00266597784729875,0.000373375573323481,0.000903474683286083,0.00039667359163185,0.00326534053865357,0.000988451519003969,0.000507882060145531,7.58404854448544e-05,0.000159301925461633,0.000566897651128779,0.00632398285230779,0.00155853634238953,0.0008280187931298,0.0136785380233737,0.00164892979048624,0.00286331535523252
