Unknown,Source001,Source002,Source003,Source004,Source005,Source006,Source007,Source008,Source009,Source010,Source011,Source012,Source013,Source014,Source015,Source016,Source017,Source018,Source019,Source020,Source021,Source022,Source023,Source024,Source025,Source026,Source027,Source028,Source029,Source030,Source031,Source032,Source033,Source034,Source035,Source036,Source037,Source038,Source039,Source040,Source041,Source042,Source043,Source044,Source045,Source046,Source047,Source048,Source049,Source050
0.0025516072180655,0.203170949375813,0.172310480848066,0.144129197393396,0.122016601304533,0.258372771078192,0.000367690880212016,0.00031507433786562,0.00151908405231022,0.00251053294625655,0.00338003332015619,0.00110995337107357,0.000715832303496203,0.00265709789333121,0.00131389477603975,0.00267112448560533,0.00100861726327798,0.00613026804497295,0.000475725484393659,0.00180020549885066,4.96463012819033e-05,0.00036430529176229,0.00149448419447539,0.000211454339551107,0.00112666319803094,0.00574438942979178,0.000999997976881418,0.000735715493264816,0.00260063803162796,0.00173845907932944,0.00224649346791371,5.20054203085057e-05,0.00824133866876844,0.0050109513500097,0.00669612350649049,0.00317342590958083,0.000386693437856331,0.00471448323330567,0.00549875821332835,0.000702338860861995,5.86015008951558e-05,0.00355739375643547,0.000988773686796946,0.000618398685869966,0.00671215817900687,0.00124803729751577,0.00155214309901777,0.00375774981837255,0.000957398179698665,0.000125703021998288,0.000108535494064054
