Unknown,Source001,Source002,Source003,Source004,Source005,Source006,Source007,Source008,Source009,Source010
0.0143920941983767,0.714066076875419,0.185933923124581,0.0228050977560355,0.0055971485673374,0.000913043154331264,0.0109984041281163,0.012488869274082,0.0193340901155119,0.0034622332829023,0.0100090195233065
