Unknown,Source001,Source002,Source003,Source004,Source005,Source006,Source007,Source008,Source009,Source010
0.0209827278889683,0.388027282522589,0.511972717477411,0.0096205711660068,0.0065975789650414,0.0292282719289436,0.0217393367362218,0.00112106085261832,0.00852542656898463,0.00142413486683014,0.000760891026384926
