Unknown,Source001,Source002,Source003,Source004,Source005,Source006,Source007,Source008,Source009,Source010
0.000812169092124013,0.464821139102631,0.435178860897369,0.0183398701039275,0.00178482486954013,0.00655389669191975,0.0277225970219334,0.0139041600919049,0.0056117432436755,0.0196142539345073,0.00565648495046752
