Unknown,Source001,Source002,Source003,Source004,Source005,Source006,Source007,Source008,Source009,Source010
0.0083933386613235,0.157563770348542,0.742436229651458,0.012421492407162,0.00151340074361688,0.00491196973485853,0.00545829359719216,0.000583219619322275,0.033900552822963,0.0282136621435833,0.00460407026997825
