Unknown,Source001,Source002,Source003,Source004,Source005,Source006,Source007,Source008,Source009,Source010
0.0131833269631814,0.567897522522774,0.332102477477226,0.000717941744568595,0.00145431948198395,0.0228915374494042,0.0148278102050882,0.00412815620763934,0.0126035325565915,0.0141516182691586,0.0160417571223843
