Unknown,Source001,Source002,Source003,Source004,Source005,Source006,Source007,Source008,Source009,Source010
0.0162170270699273,0.603130654463892,0.296869345536108,0.00796673673230567,0.0107147456002154,0.000517633600510005,0.000241825961760577,0.031540263594416,0.0135643614362278,0.0156964198847011,0.00354098611993606
