Unknown,Source001,Source002,Source003,Source004,Source005,Source006,Source007,Source008,Source009,Source010
0.00748439736322035,0.521302903104462,0.378697096895538,0.0115291681317933,0.00240916303240156,0.00430654275842931,0.0161855395295511,0.00659028486356648,0.000565518509480137,0.00857815454553416,0.0423512312660236
