Unknown,Source001,Source002,Source003,Source004,Source005,Source006,Source007,Source008,Source009,Source010
0.0377353956705723,0.507389509888092,0.392610490111908,0.00232531613380943,0.0057753230637062,0.0128553699225466,0.00106056658287673,0.0026245174473905,0.0094633842856896,0.0206159585147929,0.00754416837861567
