Unknown,Source001,Source002,Source003,Source004,Source005,Source006,Source007,Source008,Source009,Source010
0.0144336302472829,0.388771955939152,0.511228044060848,0.00102335217775659,0.00872090231054234,0.00418078484886199,0.0119943814628274,0.0160388011313504,0.011457274393544,0.00236343198601105,0.0297874414418233
