Unknown,Source001,Source002,Source003,Source004,Source005,Source006,Source007,Source008,Source009,Source010
0.021317970671967,0.219385221998088,0.680614778001912,0.0126377379783365,0.00915297293764653,0.00942148435841825,0.00915451645194062,0.00207598343128066,0.000515176618328438,0.00306662776387928,0.0326575297882027
