Unknown,Source001,Source002,Source003,Source004,Source005,Source006,Source007,Source008,Source009,Source010
0.00547731467366898,0.676890658845139,0.223109341154861,0.0071152235560585,0.0196099851521891,0.00730732389078888,0.0217500990299308,0.0076814083977738,0.0114704791142976,0.0141590210701843,0.00542914511510802
