Unknown,Source001,Source002,Source003,Source004,Source005,Source006,Source007,Source008,Source009,Source010
0.00416691849573521,0.781136720132994,0.118863279867006,0.00679299151603222,0.0065354100371445,0.0535693007812647,0.00463021185853603,0.0060597483246747,0.00567516706378467,0.00621544068386663,0.00635481123896135
