Unknown,Source001,Source002,Source003,Source004,Source005,Source006,Source007,Source008,Source009,Source010
0.0040121346174852,0.509294750093204,0.390705249906796,0.0180135686817835,0.00312264140530551,0.0110510765420843,0.00163518854975391,0.02215461153104,0.0179976939998215,0.0211423775460439,0.000870707126682159
