Unknown,Source001,Source002,Source003,Source004,Source005,Source006,Source007,Source008,Source009,Source010
0.023631143987122,0.138488721297779,0.761511278702221,0.0208308603842334,0.025287448661299,0.00485492105502909,0.000169769899414194,0.00424079326290489,0.0157680230412921,0.00322103149122414,0.00199600821748115
