Unknown,Source001,Source002,Source003,Source004,Source005,Source006,Source007,Source008,Source009,Source010
0.0222837411470887,0.149477031622824,0.750522968377176,0.0035378462267808,8.6659118127189e-05,3.80977053477145e-05,0.0185498332269717,0.014631899924422,0.00748969952228554,0.0164063315437385,0.0169758915852379
