Unknown,Source001,Source002,Source003,Source004,Source005,Source006,Source007,Source008,Source009,Source010
0.0302021673830856,0.317075800323872,0.582924199676128,0.0264706735264012,0.00452074066012425,0.00267558467690336,0.0124605317880847,0.0110254855866526,0.00126878454101997,0.00929887699782891,0.00207715483989947
