Unknown,Source001,Source002,Source003,Source004,Source005,Source006,Source007,Source008,Source009,Source010
0.00827792693318758,0.657388780706506,0.242611219293494,0.0124232156047758,0.00510212140350177,0.00197933130872428,0.00532669692230908,0.0230856608500487,0.0141465973784649,0.00921065269855204,0.0204477969004359
