Unknown,Source001,Source002,Source003,Source004,Source005,Source006,Source007,Source008,Source009,Source010
0.00552468561667243,0.230009018060715,0.669990981939285,0.00978845038009418,0.00415456413240757,0.00473578357324914,0.010818295302474,0.00786356221566742,0.0105000328784635,0.0222743271570737,0.024340298743898
