Unknown,Source001,Source002,Source003,Source004,Source005,Source006,Source007,Source008,Source009,Source010
0.0436746210304093,0.564759384450561,0.335240615549439,0.00663172267723495,0.0026459740452596,0.00806489163480838,0.0127154357085622,0.00214974689244319,0.00954240880826712,0.0045951639358662,0.00998003526714898
