Unknown,Source001,Source002,Source003,Source004,Source005,Source006,Source007,Source008,Source009,Source010
0.0310303902703503,0.564712375191396,0.335287624808604,0.00448971604573311,0.0268509120791532,0.00273816298528359,0.0102290162159451,0.00259380122397594,0.0148296618159417,0.00498227486712646,0.00225606449649047
