Unknown,Source001,Source002,Source003,Source004,Source005,Source006,Source007,Source008,Source009,Source010
0.00414790411350826,0.292571190300868,0.607428809699131,0.0131293236359959,0.00128510035426029,0.00528558943099002,0.00619372846169701,0.00901973305110001,0.0115794501049954,0.0171055176913143,0.0322536531561388
