Unknown,Source001,Source002,Source003,Source004,Source005,Source006,Source007,Source008,Source009,Source010
0.0630665391919722,0.74409776720969,0.15590223279031,0.0070987409656689,0.00792382873751906,0.000338875793349763,0.00367924038027722,0.000978690587324691,0.00443058583314729,0.00295299949214264,0.00953049901859821
