Unknown,Source001,Source002,Source003,Source004,Source005,Source006,Source007,Source008,Source009,Source010
0.0068804165550779,0.289167780556733,0.610832219443267,0.0301885126942035,0.0121450133690189,0.0117214713791338,0.00234995603372355,0.0171936374054298,0.0101631566651985,0.00164616136217739,0.00771167453603664
