Unknown,Source001,Source002,Source003,Source004,Source005,Source006,Source007,Source008,Source009,Source010
0.00116742971114946,0.292459808540745,0.607540191459255,0.0254344782556299,0.0200206845901291,0.0118584357002578,0.00995143922320052,0.00709829929990686,0.0191902082992913,0.000989449790862511,0.0042895751295725
