Unknown,Source001,Source002,Source003,Source004,Source005,Source006,Source007,Source008,Source009,Source010
0.000435021251493365,0.795169226671226,0.104830773328774,0.00274537784868706,0.00371658338880019,0.0514324550139255,0.00543667423694409,0.0162171643652374,0.0161289191219658,0.00154244467564122,0.00234536009730532
