Unknown,Source001,Source002,Source003,Source004,Source005,Source006,Source007,Source008,Source009,Source010
0.0160792056959937,0.718181870266738,0.181818129733262,0.00788661930203736,0.0319440078522321,0.00579569593397535,0.00356579285441811,0.0216360030743736,0.000355938796987805,0.00464773826223758,0.00808899822774439
