Unknown,Source001,Source002,Source003,Source004,Source005,Source006,Source007,Source008,Source009,Source010
0.00838005525657705,0.365788730179926,0.534211269820074,0.018539613804361,0.0304394204055485,0.00272527679080973,0.00488865467327072,0.00630711767078102,0.00619272529171514,0.0184521668943118,0.00407496921262498
