Unknown,Source001,Source002,Source003,Source004,Source005,Source006,Source007,Source008,Source009,Source010
0.00153412357515882,0.518776174611667,0.381223825388333,0.00757137264504863,0.0141989457946662,0.013531428314753,0.014811940560354,0.010451349914253,0.004426807743246,0.0228230777596447,0.0106509536928756
