Unknown,Source001,Source002,Source003,Source004,Source005,Source006,Source007,Source008,Source009,Source010
0.00216289050267203,0.118078097719762,0.781921902280238,0.0294180116411475,0.0231745800387402,0.00801725953460162,0.0153954019672046,0.00495057888417069,0.0115570050583881,0.00254532614296253,0.00277894623011268
