Unknown,Source001,Source002,Source003,Source004,Source005,Source006,Source007,Source008,Source009,Source010
0.0119407238657001,0.261226501822181,0.638773498177819,0.0203247568946434,0.00607003162498517,0.020057469324856,0.00790384761227745,0.0195223470374441,0.000151930933698201,0.00386977403826521,0.0101591186681304
