Unknown,Source001,Source002,Source003,Source004,Source005,Source006,Source007,Source008,Source009,Source010
7.76207363712221e-05,0.629765659614456,0.270234340385544,0.00111152596443822,0.0155045832240818,0.0183322609747807,0.00416385311158664,0.000595640134230047,0.0111565174200724,0.0329310089508034,0.0161269894836356
