Unknown,Source001,Source002,Source003,Source004,Source005,Source006,Source007,Source008,Source009,Source010
0.0258436897974509,0.557013615292133,0.342986384707867,0.00156915152584728,0.00130793947065053,0.00240745873083016,0.0121354068953035,0.0139450999369002,0.000148250733168373,0.035689218215029,0.00695378469481997
