Unknown,Source001,Source002,Source003,Source004,Source005,Source006,Source007,Source008,Source009,Source010
0.012290705956031,0.256419218317292,0.643580781682708,0.000303200260295412,0.00611611773446407,0.00859320259270021,0.00514902463019671,0.00625369658231401,0.0127234300676731,0.0199659397941568,0.0286046823821687
