Unknown,Source001,Source002,Source003,Source004,Source005,Source006,Source007,Source008,Source009,Source010
0.00283491531988373,0.377588412181638,0.522411587818362,0.0189794786022741,0.0115537489606945,0.00170223707875391,0.000906149719169951,0.0151107161889762,0.002228547656433,0.0126646286776807,0.0340195777961338
