Unknown,Source001,Source002,Source003,Source004,Source005,Source006,Source007,Source008,Source009,Source010
0.0196205865576933,0.655566738228047,0.244433261771953,0.0152282669798978,0.0131855829439716,0.000279632478517117,0.00288086018967822,0.000844387503779888,0.017373806578897,0.0158698024586792,0.0147170743088858
