Unknown,Source001,Source002,Source003,Source004,Source005,Source006,Source007,Source008,Source009,Source010
0.00195000467181556,0.718328773388483,0.181671226611517,0.00393437588481354,0.00159160939264468,0.0417610375006463,0.00218032826336201,0.0125526225250901,0.00110489324292272,0.00329808081405665,0.0316270477046484
