Unknown,Source001,Source002,Source003,Source004,Source005,Source006,Source007,Source008,Source009,Source010
0.0086250898456822,0.503910742457708,0.396089257542292,0.0192536921408931,0.00124505912132807,0.00460543098919165,0.0111107294647412,0.0358595208174211,0.0103554868484635,0.00816107817880704,0.000783912593472179
