Unknown,Source001,Source002,Source003,Source004,Source005,Source006,Source007,Source008,Source009,Source010
0.0121686896469956,0.608228158838661,0.291771841161339,0.0024657343499219,0.00442230632320331,0.00585038433895917,0.00725547167194871,0.0264544612557525,0.00106573479095187,0.0245495725259914,0.0157676450962755
