Unknown,Source001,Source002,Source003,Source004,Source005,Source006,Source007,Source008,Source009,Source010
0.0104174120246586,0.214568880567193,0.685431119432807,0.00280800064068775,0.00790677925955179,0.0143121081905961,0.0235402923688148,0.0249650324848008,0.00746384241760191,0.00237369800241812,0.00621283461087008
