Unknown,Source001,Source002,Source003,Source004,Source005,Source006,Source007,Source008,Source009,Source010
0.0113908370541905,0.205751764727356,0.694248235272644,0.00411439701862697,0.00564953200918031,0.0049295879888711,0.00330271980755128,0.0250357702130711,0.000514459093440451,0.0370485415246201,0.00801415529044814
