Unknown,Source001,Source002,Source003,Source004,Source005,Source006,Source007,Source008,Source009,Source010
0.0102586385078309,0.338162654582276,0.561837345417724,0.0170052848909147,0.00662993372327726,0.00356240512378276,0.0186477229395645,0.00846819360353556,0.00999697714748474,0.000566672387141773,0.0248641716764678
