Unknown,Source001,Source002,Source003,Source004,Source005,Source006,Source007,Source008,Source009,Source010
0.00409023510113413,0.382312005349154,0.517687994650845,0.00547618835522707,0.000137887017430556,0.0317274865457441,0.0132618580067787,0.00270076947109221,0.00779891492617959,0.0272098973135928,0.00759676326282077
