Unknown,Source001,Source002,Source003,Source004,Source005,Source006,Source007,Source008,Source009,Source010
0.018648823746776,0.189934339969361,0.710065660030639,0.0218165238419797,0.00873733089188314,0.00202369489239221,0.0059142855817079,0.0149560740367684,0.0152472163067992,0.0118645469449596,0.00079150375673386
