Unknown,Source001,Source002,Source003,Source004,Source005,Source006,Source007,Source008,Source009,Source010
0.00486106219453399,0.487361540785556,0.412638459214444,0.00801924166490947,0.00970890188666561,0.0181999744647205,0.00166911275277254,0.00226289080613155,0.0289646848976989,0.0192458378657819,0.00706829346678547
