Unknown,Source001,Source002,Source003,Source004,Source005,Source006,Source007,Source008,Source009,Source010
0.000830705047948081,0.339127327837606,0.560872672162394,0.00580104006416432,0.0102516298422683,0.0241193682415763,0.0193485983088368,0.000980495452711062,0.0281980057656839,0.00305081547985197,0.00741934179695918
