Unknown,Source001,Source002,Source003,Source004,Source005,Source006,Source007,Source008,Source009,Source010
0.00431690603690134,0.679602535327281,0.220397464672719,0.0156400837021546,0.00417140340323196,0.00248700123347825,0.00619555020369669,0.00281709696238366,0.014031574472013,0.048910780135897,0.00142960385024341
