Unknown,Source001,Source002,Source003,Source004,Source005,Source006,Source007,Source008,Source009,Source010
0.00645132212936888,0.337519449205176,0.562480550794824,0.0143092313202253,0.00767539859006009,0.0207487069024513,0.00714353416088895,0.0144658323727156,0.00877976185014001,0.0104999329360678,0.00992627973808206
