Unknown,Source001,Source002,Source003,Source004,Source005,Source006,Source007,Source008,Source009,Source010
0.0029579180956085,0.338763490546898,0.561236509453102,0.00351393318328067,0.0139839774195682,0.00870729279873188,0.0176469866637386,0.0400552001391539,0.00297133997987381,0.0040839734810945,0.00607937823894989
