Unknown,Source001,Source002,Source003,Source004,Source005,Source006,Source007,Source008,Source009,Source010
0.0227666099094662,0.19821055801565,0.70178944198435,0.00746241985028952,0.00332936742342902,0.00351995388036956,0.0252425679915749,0.0057272473072697,0.00558262986262443,0.0129348784597798,0.0134343253151968
