Unknown,Source001,Source002,Source003,Source004,Source005,Source006,Source007,Source008,Source009,Source010
0.000858588803772464,0.488513973393973,0.411486026606027,0.0114532536194326,0.0326305421284883,0.0166277767589529,0.0106678051620107,0.00361121433559309,0.00286196136492719,0.0144787634374644,0.00681009438935835
