Unknown,Source001,Source002,Source003,Source004,Source005,Source006,Source007,Source008,Source009,Source010
0.0163625846787765,0.203576935223514,0.696423064776486,0.00759420897959166,0.0100999768332459,0.0276549173746701,0.00580718852347978,0.00286218180613726,0.00700327129319009,0.0120806450481351,0.0105350254627736
