Unknown,Source001,Source002,Source003,Source004,Source005,Source006,Source007,Source008,Source009,Source010
0.0132449673815974,0.417900111936179,0.482099888063821,0.00455605397204938,0.0201517785382769,0.0177255893171944,0.00174903932268635,0.00941421622959575,0.0100802200712862,0.00995816598116818,0.0131199691861454
