Unknown,Source001,Source002,Source003,Source004,Source005,Source006,Source007,Source008,Source009,Source010
0.0061009486632827,0.528600469704146,0.371399530295854,0.008319751418921,0.00107709670726172,0.04744546202013,0.0147252341703014,0.00764418919488772,0.000400536042722865,0.00253303432693043,0.0117537474555622
