Unknown,Source001,Source002,Source003,Source004,Source005,Source006,Source007,Source008,Source009,Source010
0.020069903649045,0.188991410764759,0.711008589235241,0.0419780270400648,0.00747476419027513,0.00214227792625524,0.0101498348012948,2.7287391220479e-06,0.0034293735437724,0.00977382261186599,0.00497926749830455
