Unknown,Source001,Source002,Source003,Source004,Source005,Source006,Source007,Source008,Source009,Source010
0.0176834070611286,0.534169877191051,0.365830122808949,0.0254296072650542,0.010702941724828,0.00840295281833773,0.0090553672218507,0.0126571439654541,0.00545885371951921,0.0102281833716727,0.000381542852154739
