Unknown,Source001,Source002,Source003,Source004,Source005,Source006,Source007,Source008,Source009,Source010
0.00104579431498394,0.413666020783052,0.486333979216948,0.00656084831435594,0.0365904797328624,0.0285538779270782,4.07226159188603e-05,0.00158736124850841,0.0110260276592753,0.00545893218949623,0.00913595599752068
