Unknown,Source001,Source002,Source003,Source004,Source005,Source006,Source007,Source008,Source009,Source010
0.0197709030357732,0.115504447255284,0.784495552744716,0.00204881499812832,0.00460536085772832,0.00831964881352189,0.00132977611072198,0.00236298246010736,0.00827993580410948,0.0346070610901796,0.0186755168297298
