Unknown,Source001,Source002,Source003,Source004,Source005,Source006,Source007,Source008,Source009,Source010
0.0204052917372013,0.311589466259271,0.588410533740728,0.00652815502586721,0.0172467905777366,0.0245889223103758,0.00150227298262345,0.0174226718999692,0.00726627545686687,0.00251039671364521,0.00252922329571437
