Unknown,Source001,Source002,Source003,Source004,Source005,Source006,Source007,Source008,Source009,Source010
0.00361122785971857,0.674104402559902,0.225895597440098,0.00204463035670943,0.00521895323826457,0.0243329351079878,0.0158162899157942,0.0280510446007674,0.0166016615665885,0.000178015966511161,0.00414524138765838
