Unknown,Source001,Source002,Source003,Source004,Source005,Source006,Source007,Source008,Source009,Source010
0.00257566120414047,0.73712925188435,0.16287074811565,0.00329717464455747,0.0393313696911726,0.00144541435639379,0.000879649312623513,0.0324832250338247,0.0191150777598674,0.00067025723189338,0.000202170765526574
