Unknown,Source001,Source002,Source003,Source004,Source005,Source006,Source007,Source008,Source009,Source010
0.0138847865586391,0.110235953060509,0.789764046939491,0.0195293334040214,0.00439901254025225,0.0224041513267725,0.000394570275355279,0.0021704407018149,0.00919020736532331,0.000497112323480204,0.027530385504341
