Unknown,Source001,Source002,Source003,Source004,Source005,Source006,Source007,Source008,Source009,Source010
0.0174887012275951,0.364576425974398,0.535423574025602,0.00776714685669294,0.00711004251576653,0.0130711652350431,0.0088933470033306,0.00254855956652304,0.00370330386013781,0.0273300408014054,0.0120876929335054
