Unknown,Source001,Source002,Source003,Source004,Source005,Source006,Source007,Source008,Source009,Source010
0.00496653867919396,0.7610727983201,0.1389272016799,0.004775541878724,0.00417393396166971,0.0191063822256629,0.0182233970999448,0.0133665274057677,0.00587446151234021,0.0122315671163594,0.0172816501203372
