Unknown,Source001,Source002,Source003,Source004,Source005,Source006,Source007,Source008,Source009,Source010
0.00171844443354168,0.236357673617615,0.663642326382385,0.00411553274407949,0.00300670874244751,0.0185391719502239,0.0221046941926882,0.014231373255364,0.0322715139997813,0.00252522386425213,0.00148733681762182
