Unknown,Source001,Source002,Source003,Source004,Source005,Source006,Source007,Source008,Source009,Source010
0.00231869815064751,0.671958376662102,0.228041623337899,0.0174067833944208,0.0139301954765962,0.0145812478852207,0.0177133563976212,0.0129946321277289,0.0104139326537405,0.00233650976281822,0.00830464415120586
