Unknown,Source001,Source002,Source003,Source004,Source005,Source006,Source007,Source008,Source009,Source010
0.00301554625645027,0.785232906532011,0.114767093467989,0.00970271785991332,0.00235411852456937,0.0533243920262705,0.000227435800978242,0.024744932544861,0.00162017513274545,0.004665502164518,0.000345179689693801
