Unknown,Source001,Source002,Source003,Source004,Source005,Source006,Source007,Source008,Source009,Source010
0.0165188113320597,0.416424177523009,0.483575822476991,0.00258538639679674,0.0124157191557774,0.0501325164546785,0.00539199699578235,0.00049240319417436,0.00245218333017779,0.001077549104495,0.00893343403605811
