Unknown,Source001,Source002,Source003,Source004,Source005,Source006,Source007,Source008,Source009,Source010
0.00576398486200755,0.516612832127768,0.383387167872232,0.0142165916110822,0.0290819478726133,0.00373324935667587,0.0187149437981576,0.0055361000382922,0.000538242033277529,0.0145865912513283,0.00782834917656546
