Unknown,Source001,Source002,Source003,Source004,Source005,Source006,Source007,Source008,Source009,Source010
0.00539018704797961,0.127232145204366,0.772767854795634,0.0231247881320188,0.00815889575643836,0.00712103196504757,0.00546975633967161,0.00328299655109334,0.00483330006114496,0.0353186131486532,0.00730043099795256
