Unknown,Source001,Source002,Source003,Source004,Source005,Source006,Source007,Source008,Source009,Source010
0.00434548981789872,0.635259548203617,0.264740451796383,0.0230584895770373,0.0161864666124614,0.00302344889785195,0.00460698238705323,0.00534777172743905,0.0216922400721093,0.0126790993875802,0.00906001152056875
