Unknown,Source001,Source002,Source003,Source004,Source005,Source006,Source007,Source008,Source009,Source010
0.00189600711360381,0.681068678365585,0.218931321634415,0.0220818143922502,0.0162060871655389,0.020091112096827,0.0120543804545495,0.00600416145025191,0.00462041180309672,0.000238834015350331,0.0168071915085317
