Unknown,Source001,Source002,Source003,Source004,Source005,Source006,Source007,Source008,Source009,Source010
0.00428286620047434,0.332251717998247,0.567748282001753,0.00059879290450978,0.0143796551233077,0.0109924361643978,0.024913552361456,0.0162422571649639,0.0090337703116151,0.00972034788862023,0.00983632188065512
