Unknown,Source001,Source002,Source003,Source004,Source005,Source006,Source007,Source008,Source009,Source010
0.0164197905910887,0.484813335907557,0.415186664092443,0.000181536497777558,0.010572271868868,0.0172467385879108,0.0179566570663252,0.00690303164648196,0.00466722748632935,0.010517743547015,0.0155350027082034
