Unknown,Source001,Source002,Source003,Source004,Source005,Source006,Source007,Source008,Source009,Source010
0.00438280106562076,0.356032391007161,0.543967608992839,0.00420768853616674,0.0323371923072074,0.00802051447663056,0.0169863780649459,0.00488436174651008,0.0125572075746143,0.00204131499172864,0.0145825412365756
