Unknown,Source001,Source002,Source003,Source004,Source005,Source006,Source007,Source008,Source009,Source010
0.00387808518504752,0.7577924720999,0.1422075279001,0.0123040587292675,0.0112887683762955,0.0108542916413613,0.0121565001896337,0.0125132826792511,0.00971236625410503,0.0113917018690152,0.0159009450760232
