Unknown,Source001,Source002,Source003,Source004,Source005,Source006,Source007,Source008,Source009,Source010
0.00086781099993777,0.739503355662275,0.160496644337725,0.0166141413341926,0.00477232825380986,0.00230851617498296,0.0382065107820115,0.00519149007404688,0.0215661731530896,0.00347316141797183,0.00699986780995701
