Unknown,Source001,Source002,Source003,Source004,Source005,Source006,Source007,Source008,Source009,Source010
0.00976602656421959,0.511909413414603,0.388090586585397,0.00946728895431868,0.0221189871022551,0.00477170516742006,0.00051466225072922,0.000373213439956888,0.00349934079884246,0.0350508921055633,0.0144378836166948
