Unknown,Source001,Source002,Source003,Source004,Source005,Source006,Source007,Source008,Source009,Source010
0.011647478743228,0.242115673237866,0.657884326762134,0.00155902376250564,0.0182337722646844,0.016505561390745,0.0105621830297225,0.00477147770781457,0.0132494389010782,0.0175318995972524,0.00593916460296938
