Unknown,Source001,Source002,Source003,Source004,Source005,Source006,Source007,Source008,Source009,Source010
0.0156594419903565,0.509332541324892,0.390667458675108,0.000791942589623326,0.000869359047003576,0.00604424562766137,0.0266673910932399,0.0145110103929162,0.0200590736739905,0.0101083796108163,0.00528915597439227
