Unknown,Source001,Source002,Source003,Source004,Source005,Source006,Source007,Source008,Source009,Source010
0.0102405019578774,0.142927778081098,0.757072221918902,0.0398562208012547,0.00125983354441284,0.00188386899715648,0.0191069519479303,0.00522798436325638,0.00452786092978176,0.00838975552077752,0.00950702193755263
