Unknown,Source001,Source002,Source003,Source004,Source005,Source006,Source007,Source008,Source009,Source010
0.000175894404196435,0.403162117060339,0.496837882939661,0.0274983694257474,0.0269581734891162,0.00209780008140661,0.0237846486066857,0.00943812969815307,0.00232177221841235,0.00501311730756743,0.0027120947687148
