Unknown,Source001,Source002,Source003,Source004,Source005,Source006,Source007,Source008,Source009,Source010
0.0152575348798033,0.717972018941121,0.182027981058879,0.0200336523184065,0.00160135858051977,0.00486111051980878,0.0109203152992739,0.0052578512837021,0.0161691240137973,0.012930345989995,0.0129687071146933
