Unknown,Source001,Source002,Source003,Source004,Source005,Source006,Source007,Source008,Source009,Source010
0.0160220757331064,0.461120852801405,0.438879147198595,0.0198552138460754,0.000131392454746677,0.00472018851148933,0.000536933457996055,0.0204589510138521,0.0030430489026216,0.00898991577452964,0.0262422803055827
