Unknown,Source001,Source002,Source003,Source004,Source005,Source006,Source007,Source008,Source009,Source010
0.00104298862076946,0.101470787288085,0.798529212711915,0.00428202712499608,0.00354627780623154,0.014710180252336,0.0293105673071497,0.00257925482645571,0.0128262851206069,0.030627725285127,0.00107469365632743
