Unknown,Source001,Source002,Source003,Source004,Source005,Source006,Source007,Source008,Source009,Source010
1.58289805423486e-05,0.633471119891824,0.266528880108175,0.00932065245728895,0.00549751316561313,0.00094147399239671,0.00917347103073349,0.0309555106127359,0.00361169209958128,0.0367996471643246,0.00368421049678357
