Unknown,Source001,Source002,Source003,Source004,Source005,Source006,Source007,Source008,Source009,Source010
0.0189301732044787,0.737722595960501,0.162277404039499,0.00240133198340657,0.00814232477098049,0.0131650334043392,0.0167878250622156,0.000348021423390123,0.01553184365158,0.00614501727803603,0.0185484292215732
