Unknown,Source001,Source002,Source003,Source004,Source005,Source006,Source007,Source008,Source009,Source010
0.0121825215130069,0.50281767999967,0.39718232000033,0.00388380912995864,0.0210352604887441,0.0109412867457708,0.012490030554727,0.00372404325703676,0.0136287916116345,0.010198983675147,0.0119152730239743
