Unknown,Source001,Source002,Source003,Source004,Source005,Source006,Source007,Source008,Source009,Source010
0.00805117972411432,0.351739797835159,0.548260202164841,0.0184736427262568,0.0215989033645246,0.00161343516472983,0.00527182142563736,0.022808881198366,0.00506974205808069,0.0103517281709718,0.00676066616731862
