Unknown,Source001,Source002,Source003,Source004,Source005,Source006,Source007,Source008,Source009,Source010
0.00694393377941964,0.117777634809839,0.782222365190161,0.0256367385819901,0.000503264454680835,0.0130851393171567,0.0115771253902213,0.00332737584165768,0.00367019631017372,0.0057599141520473,0.0294963121726527
