Unknown,Source001,Source002,Source003,Source004,Source005,Source006,Source007,Source008,Source009,Source010
0.0133792653451003,0.106108006232431,0.793891993767569,0.0270762967322898,0.0119916260951016,0.0195256460876949,0.00256393249241689,0.00871589589029502,0.00346402133034084,0.0024798548256335,0.0108034612011272
