Unknown,Source001,Source002,Source003,Source004,Source005,Source006,Source007,Source008,Source009,Source010
0.0123683066676062,0.364659358209022,0.535340641790978,0.00299227621847163,0.00392148827566426,0.0134947887776629,0.000721405281848311,0.0455337195070297,0.00953590904782195,0.00543904992593467,0.00599305629796039
