Unknown,Source001,Source002,Source003,Source004,Source005,Source006,Source007,Source008,Source009,Source010
0.00521998017014283,0.18265536647241,0.71734463352759,0.00299064833400508,0.051688122416343,0.00289265338142441,0.00142886077265905,0.00242908417576797,0.00816235973661174,0.011185073490196,0.0140032175228499
