Unknown,Source001,Source002,Source003,Source004,Source005,Source006,Source007,Source008,Source009,Source010
0.0327770150200588,0.340289846477183,0.559710153522817,0.0051689460382563,0.00414807120184564,0.00560693396447377,0.00120807036385678,0.0242342893224206,0.0189537913544083,0.00393963638069193,0.00396324635398796
