Unknown,Source001,Source002,Source003,Source004,Source005,Source006,Source007,Source008,Source009,Source010
0.0219740221018339,0.333045447354418,0.566954552645582,0.0147227571392987,0.00434441376870088,0.00173175617966129,0.0465415759078245,0.00482009414380325,0.00179209919117377,0.00254161567440324,0.00153166589330045
