Unknown,Source001,Source002,Source003,Source004,Source005,Source006,Source007,Source008,Source009,Source010
0.0199383456649464,0.57188725761144,0.32811274238856,0.00719455665536168,0.0144286012233045,0.0290108996749852,0.0115358507601611,0.0116977628411232,0.00137519554007593,0.00337956107406047,0.00143922656598154
