Unknown,Source001,Source002,Source003,Source004,Source005,Source006,Source007,Source008,Source009,Source010
0.019227334593011,0.709216254897065,0.190783745102935,0.0090995746317532,0.0079091761652074,0.0126223439541522,0.00666428746822204,0.0169343986591521,0.0122046422328456,0.00983872712475618,0.0054995151709003
