Unknown,Source001,Source002,Source003,Source004,Source005,Source006,Source007,Source008,Source009,Source010
0.00770031611398754,0.757333476517593,0.142666523482407,0.0137095656846131,0.00532782569131183,0.0357605116327632,0.0108711695523458,0.00150999122710874,0.0142083986573471,0.00989515926238461,0.00101706217813801
