Unknown,Source001,Source002,Source003,Source004,Source005,Source006,Source007,Source008,Source009,Source010
0.00193709908165751,0.325550188316503,0.574449811683498,0.0029178916377381,0.0011295520554319,0.032024689989726,0.0104854430531827,0.0179014437180908,0.0101721831176531,0.0178770917647901,0.00555460558172965
