Unknown,Source001,Source002,Source003,Source004,Source005,Source006,Source007,Source008,Source009,Source010
0.0078135115924443,0.544325570024265,0.355674429975735,0.0112989818040195,0.0176427677924237,0.0055363514225178,0.0116388084211512,0.0178220298197284,0.0136495468075616,0.012531195930405,0.00206680640974853
