Unknown,Source001,Source002,Source003,Source004,Source005,Source006,Source007,Source008,Source009,Source010
0.016476078798765,0.41039711721601,0.48960288278399,0.00515362732339126,0.0125789584435847,0.00433128116069935,0.0269556870485587,0.00302266337886491,0.0112770370354818,0.00642758134704221,0.013777085463612
