Unknown,Source001,Source002,Source003,Source004,Source005,Source006,Source007,Source008,Source009,Source010
0.0253299405756574,0.711810877181286,0.188189122818714,0.00209488543003485,0.0321973449284398,0.00527513642241444,0.0151618285653965,0.00626362318060307,0.00145644247089735,0.00572941493003248,0.00649138349652407
