Unknown,Source001,Source002,Source003,Source004,Source005,Source006,Source007,Source008,Source009,Source010
0.00486597452818799,0.601860576255632,0.298139423744368,0.0435224749460254,0.0019114969827809,0.00780855299342527,0.0112134607334074,0.00129412715161284,0.00849279368068647,0.0030776291924391,0.0178134897914347
