Unknown,Source001,Source002,Source003,Source004,Source005,Source006,Source007,Source008,Source009,Source010
0.000338133273064393,0.313501296647438,0.586498703352562,0.0063691618121185,0.00777258472738759,0.0245636467578235,0.00735545781351917,0.0355624601309497,0.00231015873314303,0.00857595421800055,0.00715244253399356
