Unknown,Source001,Source002,Source003,Source004,Source005,Source006,Source007,Source008,Source009,Source010
0.021193310605041,0.696861293407015,0.203138706592985,0.00734843701540516,0.0128114108755536,0.0144488553901992,0.00644039089570437,0.00278845588396051,0.00848245306617152,0.0259669425808064,0.000519743687158136
