Unknown,Source001,Source002,Source003,Source004,Source005,Source006,Source007,Source008,Source009,Source010
0.00928021979522467,0.138965428555148,0.761034571444852,0.00177406429885325,0.014421167991724,0.00206487192698155,0.0466442591497788,0.00237633776233018,0.0128339591551633,0.000820715361715034,0.00978440455822912
