Unknown,Source001,Source002,Source003,Source004,Source005,Source006,Source007,Source008,Source009,Source010
0.00365161246470129,0.569079314184784,0.330920685815216,0.0109683379811398,0.0184689660793339,0.0163373939358204,0.0162108288447305,0.00113951576122289,0.0164564063209534,0.00203780727526028,0.0147291313368376
