Unknown,Source001,Source002,Source003,Source004,Source005,Source006,Source007,Source008,Source009,Source010
0.00846845517581214,0.237383086969348,0.662616913030652,0.0144431395246969,0.011922279302059,0.00721642841492708,0.00108367759488209,0.0188640907752614,0.00901222896392556,0.0289509885009669,3.87117474689195e-05
