Unknown,Source001,Source002,Source003,Source004,Source005,Source006,Source007,Source008,Source009,Source010
0.00416440840629017,0.236701050569139,0.663298949430861,0.0268492450525193,0.0107798106193981,0.0106066965545568,0.0193123547928982,0.00162929211052448,0.0127878040398266,0.00772630249379964,0.00614408593018676
