Unknown,Source001,Source002,Source003,Source004,Source005,Source006,Source007,Source008,Source009,Source010
0.00261481890484354,0.484164577583701,0.415835422416299,0.00801996359704868,0.0088726170551521,0.0172237994092235,0.0122785254834453,0.000924463823997529,0.00795210553458706,0.0269076730767943,0.015206033114908
