Unknown,Source001,Source002,Source003,Source004,Source005,Source006,Source007,Source008,Source009,Source010
0.00338092328011499,0.7413513556407,0.1586486443593,0.00568643599854639,0.00899228102866885,0.0159038438696848,0.00510399274544264,0.0173406116044618,0.0245176395992851,0.00928041815585404,0.00979385371794146
