Unknown,Source001,Source002,Source003,Source004,Source005,Source006,Source007,Source008,Source009,Source010
0.0115869184856433,0.737275299537892,0.162724700462108,0.0147070905588322,0.0281313239876341,0.00377982767855207,0.00366739571331737,0.00228594485258846,0.00321900265477131,0.0100285415609764,0.0225939545076847
