Unknown,Source001,Source002,Source003,Source004,Source005,Source006,Source007,Source008,Source009,Source010
0.00865777039715723,0.686920040820365,0.213079959179635,0.00680235543213531,0.00859931140407279,0.0235043903608232,0.00466549394625966,0.000715586368448513,0.00968499099315826,0.00779591015747496,0.02957419094047
