Unknown,Source001,Source002,Source003,Source004,Source005,Source006,Source007,Source008,Source009,Source010
0.00892241388265998,0.634165316047119,0.265834683952881,0.00481193401460984,0.00325955512633445,0.00195349450617008,0.0246127115499852,0.0232565808037468,0.00432128061522954,0.0245471266383256,0.00431490286293844
