Unknown,Source001,Source002,Source003,Source004,Source005,Source006,Source007,Source008,Source009,Source010
0.0114596007894576,0.723217521563862,0.176782478436138,0.0169980014465223,0.00159790851921079,0.00858387173450587,0.0121924190422515,0.0181987696253971,0.00446514813082256,0.0145352610561002,0.0119690196557319
