Unknown,Source001,Source002,Source003,Source004,Source005,Source006,Source007,Source008,Source009,Source010
0.0010507579185809,0.205109722574581,0.69489027742542,0.00378557295289284,0.0137917117120322,0.00586856605840222,0.0117303589516869,0.00484567362227986,0.0204359449359892,0.0300438080254717,0.00844760582266416
