Unknown,Source001,Source002,Source003,Source004,Source005,Source006,Source007,Source008,Source009,Source010
0.0106712313486928,0.568326064115823,0.331673935884177,0.0148967495683053,0.00569947069345563,0.0212707481936468,0.018563115984028,0.0148736823487819,0.00945006857853878,0.00369219316299687,0.000882740121553866
