Unknown,Source001,Source002,Source003,Source004,Source005,Source006,Source007,Source008,Source009,Source010
0.00589383803793955,0.19066195504049,0.70933804495951,0.00324611999623674,0.0181349558655748,0.0114800202885291,0.0137743447623623,0.00173669029172798,0.0188256979098818,0.0194143637310671,0.00749396911668049
