Unknown,Source001,Source002,Source003,Source004,Source005,Source006,Source007,Source008,Source009,Source010
0.00932392896347563,0.597639296551148,0.302360703448852,0.00525994993445299,0.0244379509816028,0.0256315985591546,0.00488328570134623,0.00297730776730591,0.0195561211943486,0.000663435943825907,0.00726642095448726
