Unknown,Source001,Source002,Source003,Source004,Source005,Source006,Source007,Source008,Source009,Source010
0.00376819864834015,0.305454464284902,0.594545535715098,0.0249510827021583,0.00401868299038058,0.007595243818965,0.00686956020591447,0.0233844826661706,0.0104981449563418,0.0108392429176357,0.0080753610940934
