Unknown,Source001,Source002,Source003,Source004,Source005,Source006,Source007,Source008,Source009,Source010
0.00141492149286517,0.200301423170042,0.699698576829958,0.000677357739428377,0.00301497189593879,0.00997944599938793,0.00436516346735106,0.0358112067659015,0.0221210252416492,0.00668831277773289,0.015927594619745
