Unknown,Source001,Source002,Source003,Source004,Source005,Source006,Source007,Source008,Source009,Source010
0.0227468775435878,0.329590354511894,0.570409645488107,0.0181293580831868,0.0139512506112986,0.0191854159938891,0.00555278327357131,0.00171758902452235,0.0125422941348222,0.00605948548786741,0.000114945847254376
