Unknown,Source001,Source002,Source003,Source004,Source005,Source006,Source007,Source008,Source009,Source010
0.0020476333576285,0.246127421849413,0.653872578150587,0.0102584295192459,0.00597703370789055,0.00855606414660194,0.0370596570251069,0.0077470891104157,0.0239132777924663,0.00434491578587963,9.58995547645356e-05
