Unknown,Source001,Source002,Source003,Source004,Source005,Source006,Source007,Source008,Source009,Source010
0.00942162357329149,0.451734675706176,0.448265324293824,0.0122099633201638,0.0140929042234995,0.0152250606420188,0.0137670521148172,0.00273148138214483,0.00120634319980315,0.0273377086838818,0.0040078628603794
