Unknown,Source001,Source002,Source003,Source004,Source005,Source006,Source007,Source008,Source009,Source010
0.0103128812966196,0.2795743220105,0.6204256779895,0.00222088115769845,0.0127114159759911,0.00848166011820917,0.00623188151950097,0.00439584655559515,0.0293241849415746,0.0243000186907303,0.00202122974408058
