Unknown,Source001,Source002,Source003,Source004,Source005,Source006,Source007,Source008,Source009,Source010
0.023320091952779,0.166523023233236,0.733476976766764,0.0150432687596127,0.00420011256597117,0.0104226621836713,0.00311288472350165,0.0085400711019383,0.0143246770930815,0.00631171713486687,0.0147245144845774
