Unknown,Source001,Source002,Source003,Source004,Source005,Source006,Source007,Source008,Source009,Source010
0.00848634527399705,0.589869608987424,0.310130391012576,0.032142655569904,0.0200092711764279,0.000429433382896701,0.00339406163705083,0.00793602295504539,0.00864958298810741,0.00897300060203267,0.009979626414538
