Unknown,Source001,Source002,Source003,Source004,Source005,Source006,Source007,Source008,Source009,Source010
0.00615091444041457,0.460222550720867,0.439777449279133,0.0134929788000165,0.00133147924130001,0.0216611690278463,0.0226876903199247,0.00581770056866969,0.0137993989837508,0.0140543097377502,0.00100435888032723
