Unknown,Source001,Source002,Source003,Source004,Source005,Source006,Source007,Source008,Source009,Source010
0.0113332440858769,0.2259423562031,0.6740576437969,0.0156701634435482,0.00376439428311886,0.0059992001712532,0.0109507683839449,0.0136624054610011,0.00783678453735435,0.0245920154190927,0.0061910242148098
