Unknown,Source001,Source002,Source003,Source004,Source005,Source006,Source007,Source008,Source009,Source010
0.0040078133801626,0.173136742582839,0.726863257417161,0.0116898121090839,0.0280314524673639,0.020514794152367,0.00701822849340224,0.00619667845364441,0.00614188229927747,0.0102520934779249,0.0061472451667735
