Unknown,Source001,Source002,Source003,Source004,Source005,Source006,Source007,Source008,Source009,Source010
0.000475199824482762,0.435991781767007,0.464008218232993,0.00195138184522079,0.00898254923131286,0.0192295593494912,0.0357195342722332,0.00186336000907451,0.00918775696832534,0.0143169948836838,0.00827366361617559
