Unknown,Source001,Source002,Source003,Source004,Source005,Source006,Source007,Source008,Source009,Source010
0.0128558630207458,0.531653125336581,0.368346874663419,0.0302706274270647,0.0269745425570971,0.00110320631282733,0.00385026866092498,0.000484144760994529,0.00606045219999229,0.0076257058124032,0.0107751892479501
