Unknown,Source001,Source002,Source003,Source004,Source005,Source006,Source007,Source008,Source009,Source010
0.00807244656781168,0.105869521704726,0.794130478295274,0.0107348750043229,0.000215799159158988,0.0170271128745859,0.00135998956388221,0.0113410370994937,0.0295287992371662,0.00759387641674809,0.0141260640768304
