Unknown,Source001,Source002,Source003,Source004,Source005,Source006,Source007,Source008,Source009,Source010
0.00432877767483158,0.684132875840611,0.215867124159389,0.00289158039839474,0.0154365602411185,0.0377324793934249,0.00536397741894624,0.00598310799502597,0.00772434464640518,0.0139713935083893,0.00656777872346357
