Unknown,Source001,Source002,Source003,Source004,Source005,Source006,Source007,Source008,Source009,Source010
0.00754194683568052,0.349510327472652,0.550489672527348,0.0223153996792123,0.00986295214588523,0.0104447666279177,0.00859472818185432,0.0198209436098518,0.00566589641021429,0.0143045001129365,0.00144886639644739
