Unknown,Source001,Source002,Source003,Source004,Source005,Source006,Source007,Source008,Source009,Source010
0.000203666023088295,0.50433880479208,0.39566119520792,0.0110538105046438,0.00963838347333441,0.00817664770691956,0.012264484786109,0.012670973081458,0.00136635269995946,0.0396454436009252,0.00498023812356219
