Unknown,Source001,Source002,Source003,Source004,Source005,Source006,Source007,Source008,Source009,Source010
0.0174795410020785,0.725173641738119,0.174826358261881,0.00893292352801674,0.00152483500111918,0.0136341318204046,0.00381204770619531,0.0107524511709578,0.00334692110410751,0.0142737970671496,0.0262433515999707
