Unknown,Source001,Source002,Source003,Source004,Source005,Source006,Source007,Source008,Source009,Source010
0.0127119249290861,0.692050262721838,0.207949737278162,0.00431562044158383,0.0200667511082556,0.00660811599066067,0.0122013728673206,0.00646399506146281,0.00226827289708286,0.0259380217229474,0.00942592498160002
