Unknown,Source001,Source002,Source003,Source004,Source005,Source006,Source007,Source008,Source009,Source010
0.00545990209040046,0.73347189455868,0.16652810544132,0.0163328862909169,0.00259982795585787,0.0104207012243864,0.0139887524015546,0.00453119531193823,0.0113394047870201,0.0175468772829737,0.0177804526549517
