Unknown,Source001,Source002,Source003,Source004,Source005,Source006,Source007,Source008,Source009,Source010
0.0108704846711307,0.328340537377928,0.571659462622072,0.00206684229273231,0.00633054412483525,0.0233672402145207,1.17682594644306e-05,0.0329683269917028,0.00986897976231848,0.00257149919254002,0.0119443144907552
