Unknown,Source001,Source002,Source003,Source004,Source005,Source006,Source007,Source008,Source009,Source010
0.0097086821683219,0.17345986140679,0.72654013859321,0.00631332693892723,0.00865661639873887,0.00232432417059885,0.00582031674082183,0.0412598136364147,0.0189723288901781,0.00484441586071432,0.00210017519528414
