Unknown,Source001,Source002,Source003,Source004,Source005,Source006,Source007,Source008,Source009,Source010
0.00552208862658022,0.166442251902251,0.733557748097749,0.0219530451345863,0.023574340464549,0.00940694710710546,0.000693609703876481,0.0205837521423084,0.0084519924217909,0.00437886056178877,0.0054353638374145
