Unknown,Source001,Source002,Source003,Source004,Source005,Source006,Source007,Source008,Source009,Source010
0.00408635006693928,0.653803514277976,0.246196485722024,0.00497197714403318,0.038658244804756,0.012190931934829,0.00535797490355125,0.00557437642802048,0.0193534085541179,0.0010270688575177,0.00877966730623519
