Unknown,Source001,Source002,Source003,Source004,Source005,Source006,Source007,Source008,Source009,Source010
0.00903877943556005,0.424123050505651,0.475876949494349,0.00323813905716785,0.0127544525090804,0.00977049887453478,0.00606117223814436,0.0265346693110349,0.0060748714220452,0.00702957894823239,0.0194978382042001
