Unknown,Source001,Source002,Source003,Source004,Source005,Source006,Source007,Source008,Source009,Source010
0.00530572966552831,0.390891964345543,0.509108035654457,0.00615427352460734,0.00251878218211248,0.0382529822393066,0.0158056064808513,0.0185397597413415,0.00700732535284387,0.00525029578161279,0.00116524503179585
