Unknown,Source001,Source002,Source003,Source004,Source005,Source006,Source007,Source008,Source009,Source010
0.00896022446451678,0.191961349834905,0.708038650165095,0.00467638650717726,0.0105979122455471,0.00575712604729985,0.01664785366681,0.00312320332196341,0.00845252119480657,0.0152708892973375,0.0265138832545415
