Unknown,Source001,Source002,Source003,Source004,Source005,Source006,Source007,Source008,Source009,Source010
0.00654231250147968,0.437497235706773,0.462502764293227,0.0120422130548295,0.00530056845928524,0.000786891982498699,0.00884612496388578,0.00516637903882456,0.00232976751617241,0.0285472619273634,0.0304384805556607
