Unknown,Source001,Source002,Source003,Source004,Source005,Source006,Source007,Source008,Source009,Source010
0.0111163755758736,0.308411299323726,0.591588700676274,0.00851228950472435,0.00714493427464808,0.0219709659270748,0.00608713608714415,0.0195137112666986,0.00962977870132072,0.00515169054055156,0.0108731181219641
