Unknown,Source001,Source002,Source003,Source004,Source005,Source006,Source007,Source008,Source009,Source010
0.00152866762090686,0.521799034141743,0.378200965858257,0.0316879916145116,0.0223924453380158,0.0165946210572143,0.0102459395371264,0.01033050811583,0.00335076806953766,0.00139768105200986,0.0024713775948476
