Unknown,Source001,Source002,Source003,Source004,Source005,Source006,Source007,Source008,Source009,Source010
0.00525615458981464,0.302997296642139,0.597002703357861,0.00192231084272361,0.0185861920327263,0.00437699587381742,0.0203689089898097,0.0112515150989338,0.00775740633670543,0.0126412532303905,0.0178392630050786
