Unknown,Source001,Source002,Source003,Source004,Source005,Source006,Source007,Source008,Source009,Source010
0.00648675399305115,0.624686990546444,0.275313009453556,0.0137195637359136,0.0152121980898098,0.00119084681639844,0.000843702630719454,0.0389827314279096,0.00376720303488434,0.00737912510685359,0.01241787516446
