Unknown,Source001,Source002,Source003,Source004,Source005,Source006,Source007,Source008,Source009,Source010
0.00120235968088718,0.233444938208799,0.666555061791201,0.0218275277140806,0.0559390639208693,0.00259651511703123,0.00135196538525883,0.000441668973484912,0.00391426524361743,0.00243527280766781,0.0102913611571027
