Unknown,Source001,Source002,Source003,Source004,Source005,Source006,Source007,Source008,Source009,Source010
0.00610409520173353,0.760334937588171,0.139665062411829,0.00262522447317802,0.0219962941240474,0.0129966467510198,0.0050873838245521,0.00955935108463143,0.00535593484029001,0.00661177554963999,0.0296632941509077
