Unknown,Source001,Source002,Source003,Source004,Source005,Source006,Source007,Source008,Source009,Source010
0.0146420449937893,0.163815457271708,0.736184542728292,0.021802867286789,0.00225949457383991,0.0194786389769944,0.00217012703628444,0.012868760948545,0.00973489750045419,0.00850925313585899,0.00853391554744478
