Unknown,Source001,Source002,Source003,Source004,Source005,Source006,Source007,Source008,Source009,Source010
0.0216271690643287,0.639122109277196,0.260877890722804,0.0040439100053275,0.00079529122416815,0.0132853008121404,0.00528579596523822,0.0123128631500015,0.00187812531560492,0.0153944596747098,0.0253770847884807
