Unknown,Source001,Source002,Source003,Source004,Source005,Source006,Source007,Source008,Source009,Source010
0.0113663499981519,0.621906514067311,0.278093485932689,0.0329867789475188,0.00913975628418513,0.00663524868704613,0.0074136873091034,0.00707506725290329,0.00548020968447792,0.0143985188600429,0.00550438297657055
