Unknown,Source001,Source002,Source003,Source004,Source005,Source006,Source007,Source008,Source009,Source010
0.0132796001925257,0.749942297433763,0.150057702566237,0.0227605034351511,0.00184267407399621,0.00780174341547543,0.00190298734602743,0.00393243088565158,0.0201700646862246,0.0112679119608876,0.0170420840040603
