Unknown,Source001,Source002,Source003,Source004,Source005,Source006,Source007,Source008,Source009,Source010
0.0108298230611795,0.712890219404939,0.187109780595061,0.0150286919944184,0.01103707626623,0.015959590686456,0.0201140390233386,0.00254288950459484,0.0087958725484091,0.0126897616091759,0.00300225530619765
