Unknown,Source001,Source002,Source003,Source004,Source005,Source006,Source007,Source008,Source009,Source010
0.0202224174943669,0.358612526956735,0.541387473043265,0.0111990006904622,0.034136638827463,0.01889983015733,0.00887254625557715,0.000360235462170155,3.38321684837866e-05,0.00407927948072947,0.00219621946341739
