Unknown,Source001,Source002,Source003,Source004,Source005,Source006,Source007,Source008,Source009,Source010
0.00596845428119166,0.306512841838332,0.593487158161668,0.00324516844290413,0.00250174959358928,0.0182738818265409,0.00949438741422472,0.00789414725987148,0.00540843215252442,0.0348371359761939,0.0123766430529595
