Unknown,Source001,Source002,Source003,Source004,Source005,Source006,Source007,Source008,Source009,Source010
0.00324785590467634,0.169990112979696,0.730009887020304,0.0252437525639372,0.0033634641580336,0.00015459264033501,0.0134916563000511,0.0216164367747711,0.0194492464957439,0.00609035292537303,0.00734264223707867
