Unknown,Source001,Source002,Source003,Source004,Source005,Source006,Source007,Source008,Source009,Source010
0.0174047094801671,0.652008284998692,0.247991715001308,0.00618121672213275,0.00760001077449753,0.00651772179984059,0.0281685118817102,0.00687434487981319,0.00385768027213162,0.00797816079017554,0.0154176433995314
