Unknown,Source001,Source002,Source003,Source004,Source005,Source006,Source007,Source008,Source009,Source010
0.0018158756586257,0.477004496612347,0.422995503387653,0.00864693813947725,0.000243710965021514,0.0038966867330646,0.0242982774113282,0.00946339363521193,0.00676228485028651,0.0311985076361126,0.0136743249708717
