Unknown,Source001,Source002,Source003,Source004,Source005,Source006,Source007,Source008,Source009,Source010
0.0268305438294188,0.207864327316145,0.692135672683855,0.000358574381411252,0.00190691236862872,0.0130052076427361,0.0121215483584514,0.00758157898273353,0.0118805703272565,0.00780447321672839,0.0185105908926353
