Unknown,Source001,Source002,Source003,Source004,Source005,Source006,Source007,Source008,Source009,Source010
0.0085462760381086,0.443658255386348,0.456341744613652,0.0272477937756711,0.00144314238139221,0.00892642924779651,0.00772395255219876,0.00757164110379461,0.0166132093005985,0.00758564049048889,0.0143419151099508
