Unknown,Source001,Source002,Source003,Source004,Source005,Source006,Source007,Source008,Source009,Source010
0.0133531350778878,0.451204773091712,0.448795226908288,0.00650042673811645,0.00961648722097465,0.0234374809918259,0.00486676945844333,0.00542333773530561,0.00407417048229577,0.00508743473138312,0.0276407575637673
