Unknown,Source001,Source002,Source003,Source004,Source005,Source006,Source007,Source008,Source009,Source010
0.00548167273705432,0.362133817281511,0.537866182718489,0.00473318770138411,0.00310435065010272,0.00732822844465579,0.0051290402745938,0.0298160457240549,0.02142850620467,0.0118547251880375,0.0111242430754469
