Unknown,Source001,Source002,Source003,Source004,Source005,Source006,Source007,Source008,Source009,Source010
0.0101192676739142,0.507715482613166,0.392284517386833,0.0183277235469442,0.00720670288395461,0.0379938185672746,0.00198407535741984,0.000851589510053612,0.00572841368379285,0.00955580315568923,0.00823260562095678
