Unknown,Source001,Source002,Source003,Source004,Source005,Source006,Source007,Source008,Source009,Source010
0.0136002071767765,0.463250974193997,0.436749025806003,0.0125178092720141,0.00712440089454087,0.00430462704693879,0.00857507870209603,0.0161037163584795,0.0018107755032537,0.00420995326410476,0.0317534317817958
