Unknown,Source001,Source002,Source003,Source004,Source005,Source006,Source007,Source008,Source009,Source010
0.0108402393974678,0.761655773277894,0.138344226722106,0.0134132190988269,0.0378813154211731,0.0107146520016692,0.0159018647711751,0.00316819907807855,0.00365128237580732,0.00175265809038728,0.00267656976541469
