Unknown,Source001,Source002,Source003,Source004,Source005,Source006,Source007,Source008,Source009,Source010
0.00643830238045697,0.50943634067472,0.39056365932528,0.0262834285430037,0.00418428728608234,0.0161511754671683,0.0104845632450019,0.00548923342502501,0.0182409788841291,0.00877023114941897,0.00395779961971355
