Unknown,Source001,Source002,Source003,Source004,Source005,Source006,Source007,Source008,Source009,Source010
0.0145768258672424,0.669616984203801,0.230383015796199,0.00228812739736207,0.0313934187711525,0.00364232171944829,0.000538787882649403,0.0186544291576765,0.0168322260157544,0.000750329097898491,0.0113235340908159
