Unknown,Source001,Source002,Source003,Source004,Source005,Source006,Source007,Source008,Source009,Source010
0.0150817964421643,0.343189189518394,0.556810810481606,0.0107577913722577,0.0146696687670205,0.0351573866444894,0.00777929140873939,0.00296123861535065,0.0104988714985399,0.000275136637228451,0.00281881861420975
