Unknown,Source001,Source002,Source003,Source004,Source005,Source006,Source007,Source008,Source009,Source010
0.0287154561617067,0.397094356354189,0.502905643645811,0.0151763549553685,0.00535621188944541,0.00112398197246616,0.00531165518381001,0.00962358723828842,0.0217552690024809,0.00479825616196008,0.00813922743447383
