Unknown,Source001,Source002,Source003,Source004,Source005,Source006,Source007,Source008,Source009,Source010
0.019968702481483,0.615324805490226,0.284675194509774,0.00324417678627391,0.00163825855135487,0.00394397057447932,0.035642833576205,0.0132448544095855,0.00765985828495384,0.00597303674910298,0.00868430858656148
