Unknown,Source001,Source002,Source003,Source004,Source005,Source006,Source007,Source008,Source009,Source010
0.0122016419444388,0.536278887415221,0.363721112584779,0.00968060966212889,0.0153657798870179,0.0160443910773094,0.00302303613518364,0.020372224667621,0.0151918454882846,0.00700208800528213,0.00111838313273363
