Unknown,Source001,Source002,Source003,Source004,Source005,Source006,Source007,Source008,Source009,Source010
0.0106398341431991,0.232391841849218,0.667608158150782,0.0054316660511479,0.0123936276164307,0.031630927484664,0.00433169321530664,0.00605068761981439,0.0124202536640515,0.00625373691890502,0.0108475732864806
