Unknown,Source001,Source002,Source003,Source004,Source005,Source006,Source007,Source008,Source009,Source010
0.0241618840925373,0.565939623388742,0.334060376611258,0.00475325589152835,0.00344909932061524,0.00229341847542303,0.0123138011302457,0.00483369303131127,0.00547747979656138,0.0158356480271664,0.0268817202346113
