Unknown,Source001,Source002,Source003,Source004,Source005,Source006,Source007,Source008,Source009,Source010
0.00452986810294209,0.691095147056199,0.208904852943801,0.0176909498192434,0.00836874796172533,0.000191086833864325,0.0115548052117593,0.0105368065997886,0.0310954169119459,0.00427665719102127,0.0117556613677097
