Unknown,Source001,Source002,Source003,Source004,Source005,Source006,Source007,Source008,Source009,Source010
0.000145091711347163,0.614274161647293,0.285725838352707,0.0478048879957062,0.00657516642219439,0.00146491696670317,0.00449678685261954,0.00225187793127425,0.0294977504800604,0.00394877531946291,0.003814746320632
