Unknown,Source001,Source002,Source003,Source004,Source005,Source006,Source007,Source008,Source009,Source010
0.00660850444566973,0.601340964542843,0.298659035457157,0.013142260422606,0.0108890069557293,0.000222058955806357,0.0275805715998673,0.0122958696121546,0.00339420846912139,0.0188552166051806,0.00701230293386472
