Unknown,Source001,Source002,Source003,Source004,Source005,Source006,Source007,Source008,Source009,Source010
0.0127638613310746,0.781906726615547,0.118093273384453,0.00963501668701713,0.00523625681279533,0.00165560033350051,0.00463582573844219,0.0130466356297539,0.00211554660495201,0.0267106841871798,0.0242005726752845
