Unknown,Source001,Source002,Source003,Source004,Source005,Source006,Source007,Source008,Source009,Source010
0.0233078916436506,0.799220783070807,0.100779216929193,0.0170052436347821,0.00808166468397018,0.0101779654758342,0.00215548525554453,0.00645040651035842,0.00299982090362313,0.0217468654932832,0.00807465639895372
