Unknown,Source001,Source002,Source003,Source004,Source005,Source006,Source007,Source008,Source009,Source010
0.00822588035932351,0.680102073057175,0.219897926942825,0.000533062701665427,0.00710883506147757,0.00502168084447099,0.0419367875690212,0.00329560213357336,0.0131635162971192,0.0120052958218002,0.00870933921154853
