Unknown,Source001,Source002,Source003,Source004,Source005,Source006,Source007,Source008,Source009,Source010
0.00140457769646572,0.577177084168217,0.322822915831783,0.045079222216522,0.00192400052506737,0.000339741114247019,0.0144110382918719,0.00386899803926615,0.0107617735023783,0.0211333727280861,0.00107727588609548
