Unknown,Source001,Source002,Source003,Source004,Source005,Source006,Source007,Source008,Source009,Source010
0.0179061252976652,0.384537284420849,0.515462715579151,0.00713655006519151,0.0196644309923154,0.0180105662029445,0.0111715090664733,0.013256126149056,0.00882709773109702,0.00324836062964242,0.000779233865614552
