Unknown,Source001,Source002,Source003,Source004,Source005,Source006,Source007,Source008,Source009,Source010
0.0171823681549756,0.569730916060919,0.330269083939081,0.00784394672433985,0.01445667535931,0.00555688549493292,0.00148360330006148,0.0106325847641271,0.0238207825736087,0.0186413633767389,0.000381790251905457
