Unknown,Source001,Source002,Source003,Source004,Source005,Source006,Source007,Source008,Source009,Source010
0.00315180809722998,0.587519925918485,0.312480074081515,0.00677776541528885,0.000318969710033929,0.0349372624578767,0.0330757386067519,0.00253233093848357,0.0157968972684313,0.00312539412728249,0.000283833378621293
