Unknown,Source001,Source002,Source003,Source004,Source005,Source006,Source007,Source008,Source009,Source010
0.0200879560319622,0.313862218469691,0.586137781530309,0.0203237979529001,0.0224711102753282,0.00288925081374397,0.0138395390147151,0.00757789065934366,0.00825083850579536,0.000426677337622432,0.00413293940858889
