Unknown,Source001,Source002,Source003,Source004,Source005,Source006,Source007,Source008,Source009,Source010
0.0109373168898604,0.583708318731188,0.316291681268812,0.00122412771945486,0.0348674037508652,0.00868781315286693,0.00436146577835436,0.00296455988521224,0.0239494339798749,0.00833562648489188,0.00467225235861921
