Unknown,Source001,Source002,Source003,Source004,Source005,Source006,Source007,Source008,Source009,Source010
0.0231192566338548,0.285782981749184,0.614217018250816,0.000618527256782575,0.0151621444334292,0.00732860230543965,0.0150058729357123,0.00348055067981582,0.0226659932929429,0.0124856220246397,0.000133430437383036
