Unknown,Source001,Source002,Source003,Source004,Source005,Source006,Source007,Source008,Source009,Source010
0.00395345507621999,0.339221040121771,0.560778959878229,0.0187168738130522,0.0343745554363188,0.00168219287808767,0.000375594157248126,0.0224198980450185,0.0102163663882476,0.00645806063533331,0.00180300357047387
