Unknown,Source001,Source002,Source003,Source004,Source005,Source006,Source007,Source008,Source009,Source010
0.0111300345449484,0.558659297538076,0.341340702461924,0.0413690246668204,0.00241360264471845,0.00544982666412636,0.0173390631714784,0.000343869466927695,0.00442563385762093,0.0144890561893938,0.00303988879396565
