Unknown,Source001,Source002,Source003,Source004,Source005,Source006,Source007,Source008,Source009,Source010
0.0017368762188669,0.147395106718804,0.752604893281196,0.00670832302633482,0.00869646251815255,0.022109244527699,0.00217261779572943,0.0003476693273468,0.00722534156320454,0.0409742135039673,0.0100292515186987
