Unknown,Source001,Source002,Source003,Source004,Source005,Source006,Source007,Source008,Source009,Source010
0.0082831644912291,0.703538765945336,0.196461234054664,0.0052106809052682,0.00262114477513977,0.0150366546858437,0.0315502737522342,0.0130504567307176,0.0035917426888361,0.0204021385939979,0.000253743376733438
