Unknown,Source001,Source002,Source003,Source004,Source005,Source006,Source007,Source008,Source009,Source010
0.0130464835466147,0.395014955810712,0.504985044189288,0.00187676383473479,0.002288842056618,0.0356559199215291,0.00929348593383163,0.0165525726418055,0.00825360754441328,0.000511406145097457,0.0125209183753554
