Unknown,Source001,Source002,Source003,Source004,Source005,Source006,Source007,Source008,Source009,Source010
0.0108838299098799,0.74554902768585,0.15445097231415,0.00663035304807355,0.000964700340467142,0.0158078319700934,0.00887853484439826,0.0151897616129555,0.0274369591121141,0.00286371897171046,0.0113443101903076
