Unknown,Source001,Source002,Source003,Source004,Source005,Source006,Source007,Source008,Source009,Source010
0.0207229955773719,0.359830541667614,0.540169458332386,0.00854046752015255,0.000354853624412401,0.0181246539724111,0.0202352185604141,0.00287980241875732,0.00738826008850962,0.0102712409393084,0.0114825072986626
