Unknown,Source001,Source002,Source003,Source004,Source005,Source006,Source007,Source008,Source009,Source010
0.00279825117723566,0.75197864630437,0.14802135369563,0.01033647048546,0.00252645904306889,0.00303219393433811,0.0414979852215098,0.00395914607464786,0.0164928128602586,0.0098987352885385,0.00945794591494256
