Unknown,Source001,Source002,Source003,Source004,Source005,Source006,Source007,Source008,Source009,Source010
0.00200961257992441,0.121621379409315,0.778378620590685,0.0139405387711339,0.00143551517941299,0.0199096729417771,0.0425838348445505,0.00535471144676147,0.00806859373241591,0.000956079109681508,0.00574144139434214
