Unknown,Source001,Source002,Source003,Source004,Source005,Source006,Source007,Source008,Source009,Source010
0.000667886429538536,0.185940111857691,0.714059888142309,0.000510293907299821,0.00664170502725085,0.00401534835658997,0.0270404881926036,0.0105040527762594,0.0285376226622926,0.00471540244663794,0.0173672002015272
