Unknown,Source001,Source002,Source003,Source004,Source005,Source006,Source007,Source008,Source009,Source010
0.00705737018140612,0.206905138396151,0.693094861603849,0.000810289768540251,0.0127809919482524,0.0232880397749665,0.0150756811199032,0.00449866742166619,0.0104744414217858,0.0100465498801342,0.0159679684833454
