Unknown,Source001,Source002,Source003,Source004,Source005,Source006,Source007,Source008,Source009,Source010
0.0292993074802386,0.144552636889619,0.755447363110381,0.00311879809279198,0.0313860972367316,0.0118014183460254,0.00283304639181788,0.000379616180662871,0.00623386025560206,0.00813062187563709,0.00681723414049253
