Unknown,Source001,Source002,Source003,Source004,Source005,Source006,Source007,Source008,Source009,Source010
0.00323355318259307,0.115785842777627,0.784214157222373,0.0010457530625806,0.0259018490516196,0.00517255129739786,0.0118716633916449,0.0351862352420256,0.00325322228214567,0.00333960342614052,0.0109955690638521
