Unknown,Source001,Source002,Source003,Source004,Source005,Source006,Source007,Source008,Source009,Source010
0.0225575340076663,0.30136252314584,0.59863747685416,0.00121249685874714,0.00279903075967897,0.00432792397454906,0.020755607524723,0.0186492177499999,0.0046608464689774,0.00966420102456286,0.0153731416310954
