Unknown,Source001,Source002,Source003,Source004,Source005,Source006,Source007,Source008,Source009,Source010
0.00688186096477847,0.365301531546913,0.534698468453087,0.00145326115795778,0.00161723784863829,0.0283899565583358,0.0211939209634921,0.0139540384655432,0.0137496183445073,0.00292386390242225,0.00983624179432466
