Unknown,Source001,Source002,Source003,Source004,Source005,Source006,Source007,Source008,Source009,Source010
0.0113201931236389,0.35455246299711,0.54544753700289,0.0100604686010593,3.86020949860303e-05,0.0345348984174952,0.0195428192190309,0.00970034411927954,0.0105652849190986,0.00197601324258214,0.0022613762628294
