Unknown,Source001,Source002,Source003,Source004,Source005,Source006,Source007,Source008,Source009,Source010
0.0274487649743972,0.15911222149616,0.74088777850384,0.0206652291880796,0.000299964764607043,0.00604254749469631,0.0259683148735464,0.00501025977681763,0.00453458285987568,0.000425793544469784,0.00960454252351035
