Unknown,Source001,Source002,Source003,Source004,Source005,Source006,Source007,Source008,Source009,Source010
0.00402523562555913,0.151221139165272,0.748778860834728,0.00486103520796049,0.0404850023105001,0.00234393976659038,0.0179912273508708,0.000724418236290897,0.00750856689005925,0.00340915146439554,0.0186514231477734
