Unknown,Source001,Source002,Source003,Source004,Source005,Source006,Source007,Source008,Source009,Source010
0.0111952899717866,0.286445848011811,0.613554151988189,0.0156105166822571,0.00141492867079519,0.0315605695039164,0.0198985532043987,0.00494108335693986,0.00470226551872146,0.00400257197803656,0.0066742211131481
