Unknown,Source001,Source002,Source003,Source004,Source005,Source006,Source007,Source008,Source009,Source010
0.00647180758608565,0.511893359182551,0.388106640817449,0.00264514050818793,0.00671257481015819,0.0104129796980538,0.025150495980493,0.0245677236603992,0.00997115072034784,0.00968329412271296,0.00438483291356139
