Unknown,Source001,Source002,Source003,Source004,Source005,Source006,Source007,Source008,Source009,Source010
0.00853867729748985,0.747902913205137,0.152097086794863,0.00285470865459772,0.0380688633423165,0.00492921508767566,0.0037968128021376,0.00528626490340253,0.011017165319137,0.0110743800442015,0.0144339125490416
