Unknown,Source001,Source002,Source003,Source004,Source005,Source006,Source007,Source008,Source009,Source010
0.00378838525983088,0.109655254012481,0.790344745987519,0.00263849798880136,0.0191134206353168,0.0188757219829114,0.0182112306660659,0.00913618006509874,0.00850668073163471,0.0124967576982948,0.00723312497204538
