Unknown,Source001,Source002,Source003,Source004,Source005,Source006,Source007,Source008,Source009,Source010
0.00132392671599314,0.727122925807184,0.172877074192816,0.013361110247623,0.00581915369414193,0.0216817420286218,0.00288340817896294,0.0216408983129937,0.0163267669340934,0.0144001149613528,0.00256287892621728
