Unknown,Source001,Source002,Source003,Source004,Source005,Source006,Source007,Source008,Source009,Source010
0.00951943975520749,0.613660926967553,0.286339073032447,0.00153555092775928,0.0130394739943749,0.00691503554982679,0.0224496701331982,0.00753775470109419,0.0144857476805286,0.00842419639433012,0.0160931308636804
