Unknown,Source001,Source002,Source003,Source004,Source005,Source006,Source007,Source008,Source009,Source010
0.0107376442369222,0.73180162144334,0.16819837855666,0.0262803385312864,0.00325239384051464,0.000234495193373914,0.0082489283747635,0.0120918893193059,0.0265424171950477,0.000445648879699318,0.0121662444290863
