Unknown,Source001,Source002,Source003,Source004,Source005,Source006,Source007,Source008,Source009,Source010
0.000183475033801675,0.619635160569792,0.280364839430208,0.00734822449043139,0.00818056608172988,0.0133609382544941,0.0112862228131314,0.032666247472034,0.0176181292990624,0.0045805326246955,0.00477566393061964
