Unknown,Source001,Source002,Source003,Source004,Source005,Source006,Source007,Source008,Source009,Source010
0.0095266311616703,0.224770237452947,0.675229762547052,0.00369015391403377,0.000578733390614633,0.0303185314235952,0.0246130322671994,0.00233461647587323,0.0024404603312065,0.0104763065831027,0.0160215344527042
