Unknown,Source001,Source002,Source003,Source004,Source005,Source006,Source007,Source008,Source009,Source010
0.0132550361745532,0.560934452895936,0.339065547104064,0.00149452955273004,0.00260832563158763,0.0191471639964384,0.0197786136708875,0.0144199779557393,0.00185866346311862,0.0173923850271124,0.0100453045278328
