Unknown,Source001,Source002,Source003,Source004,Source005,Source006,Source007,Source008,Source009,Source010
0.00327346214078994,0.738087598113798,0.161912401886202,0.00157870976497362,0.0318208801436495,0.0032580480520919,0.00769333134161281,0.000950904084414987,0.0029798275302085,0.0389499794849411,0.00949485745731758
