Unknown,Source001,Source002,Source003,Source004,Source005,Source006,Source007,Source008,Source009,Source010
0.00534041168664416,0.60410045604193,0.29589954395807,0.0210014132465861,0.0141996451406747,0.00354723061862524,0.01214707938079,0.0233588460740741,0.00304866924663689,0.011523098447959,0.00583360615800986
