Unknown,Source001,Source002,Source003,Source004,Source005,Source006,Source007,Source008,Source009,Source010
0.013498048275471,0.239332695425758,0.660667304574242,0.00542532051349942,0.00649305868611159,0.0294386987726599,0.00175975688030536,0.0106321914645771,0.00905953741256305,0.0159600763978911,0.00773331159692149
