Unknown,Source001,Source002,Source003,Source004,Source005,Source006,Source007,Source008,Source009,Source010
0.00481964603730885,0.324543385024217,0.575456614975783,0.0173456629914921,0.0297490915207622,0.0019405168121257,0.000126579567893693,0.0275245342487451,0.00911826148377903,0.00820533591622442,0.00117037142166894
