Unknown,Source001,Source002,Source003,Source004,Source005,Source006,Source007,Source008,Source009,Source010
0.00317091838502618,0.310418390358985,0.589581609641015,0.00465758500158362,0.0281176923052881,0.0162707179283373,0.0122136681422097,0.000369374390398178,0.00530271617079491,0.00782998520932103,0.022067342467041
