Unknown,Source001,Source002,Source003,Source004,Source005,Source006,Source007,Source008,Source009,Source010
0.0201047803335599,0.708767880619154,0.191232119380847,0.0124160796707272,0.010598404247214,0.000511056794996703,0.0150126824405574,0.0135045756277167,0.00295887844779378,0.0128816288005387,0.0120119136368955
