Unknown,Source001,Source002,Source003,Source004,Source005,Source006,Source007,Source008,Source009,Source010
0.00342975445669912,0.458699878276014,0.441300121723987,0.00719378432652215,0.00326443927497914,0.0189699824846517,0.00810445774397195,0.0015503604143425,0.0447122315404679,0.00197155150943418,0.0108034382489313
