Unknown,Source001,Source002,Source003,Source004,Source005,Source006,Source007,Source008,Source009,Source010
0.00802015365626298,0.317993242955277,0.582006757044723,0.0171736247222812,0.0123523458094577,0.0189971749330508,0.00415701117933569,0.0115388910541944,0.00707338507566184,0.00738759992565918,0.0132998136440962
