Unknown,Source001,Source002,Source003,Source004,Source005,Source006,Source007,Source008,Source009,Source010
0.00327541687335255,0.352063065920464,0.547936934079536,0.00136278635749341,0.00847147857104662,0.00420245356299417,0.0123310937881979,0.0195278987293412,0.0280606351773061,0.0211766176215725,0.00159161931869561
