Unknown,Source001,Source002,Source003,Source004,Source005,Source006,Source007,Source008,Source009,Source010
0.0267963292366642,0.378801177404812,0.521198822595188,0.0145773897390863,0.000754778479609183,0.0146337489677981,0.00690202996106615,0.00995873231357268,0.00115136001684985,0.0173006026540773,0.00792502863127625
