Unknown,Source001,Source002,Source003,Source004,Source005,Source006,Source007,Source008,Source009,Source010
0.00764972208748302,0.795183554603143,0.104816445396857,0.00879759177374542,0.00116989620039926,0.00443726495459867,0.0056107038099613,0.00443432758661275,0.0323568225503943,0.0206701676531591,0.0148735033836461
