Unknown,Source001,Source002,Source003,Source004,Source005,Source006,Source007,Source008,Source009,Source010
0.00565274243407238,0.506797960102409,0.393202039897591,0.00635557360166116,0.00874563898117875,0.0454355716803731,0.00111987901384577,0.000726413186716486,0.0181392646321726,0.0103745610236881,0.00345035544629153
