Unknown,Source001,Source002,Source003,Source004,Source005,Source006,Source007,Source008,Source009,Source010
4.51874390305487e-05,0.39722218558299,0.50277781441701,0.000193774317139272,0.0237086191050704,0.012849912403723,0.00112589915410155,0.0120421780746542,0.00126370599406421,0.0228233730570971,0.0259473504551197
