Unknown,Source001,Source002,Source003,Source004,Source005,Source006,Source007,Source008,Source009,Source010
0.0133142267241537,0.289247195593095,0.610752804406906,0.0187620973566241,0.0266017708981197,0.00231658884116064,0.000974728050042768,0.0220187651117915,0.00133572530811302,0.00852233127097683,0.00615376643901766
