Unknown,Source001,Source002,Source003,Source004,Source005,Source006,Source007,Source008,Source009,Source010
0.0249789244615791,0.157923475827385,0.742076524172615,0.0132586996542112,0.00399702462938874,0.00099090769104017,0.00554952367846265,0.00384227023114886,0.0415339868398943,0.000985074475521029,0.0048635883387539
