Unknown,Source001,Source002,Source003,Source004,Source005,Source006,Source007,Source008,Source009,Source010
0.00540756441841238,0.434960268210961,0.465039731789039,0.00542669727309139,0.00394775307982152,0.0144262893965655,3.78060156433816e-05,0.0279341247700429,0.0137991575437517,0.0148361348097178,0.0141844726929535
