Unknown,Source001,Source002,Source003,Source004,Source005,Source006,Source007,Source008,Source009,Source010
0.00649005671406632,0.528373969039805,0.371626030960195,0.00296445292390283,0.019717098293697,0.0262897198461354,0.0108861666946101,0.00194684602327722,0.00335629591344482,0.000377905590071763,0.0279714580007946
