Unknown,Source001,Source002,Source003,Source004,Source005,Source006,Source007,Source008,Source009,Source010
0.00731229316933991,0.608570374216342,0.291429625783658,0.0109571701115917,0.0543922100138109,0.000797629275693139,0.0118146849801129,0.00342332631062253,0.000106492102316985,0.00414987423294114,0.00704631980357076
