Unknown,Source001,Source002,Source003,Source004,Source005,Source006,Source007,Source008,Source009,Source010
0.00479855286234965,0.4979089294113,0.4020910705887,0.00394598780476846,0.00460323147602825,0.0064120675736298,0.00632118096496751,0.00096619291818114,0.0434962436933819,0.0178977614339059,0.0115587812727873
