Unknown,Source001,Source002,Source003,Source004,Source005,Source006,Source007,Source008,Source009,Source010
0.00668580134282666,0.408555400827494,0.491444599172506,0.0282799089441138,0.0104746159964378,0.00381178325834754,0.0029869387095086,0.00970881441109491,0.0191960837728419,0.00762885926693618,0.0112271942978926
