Unknown,Source001,Source002,Source003,Source004,Source005,Source006,Source007,Source008,Source009,Source010
0.0276738788130728,0.343754428967267,0.556245571032733,0.00310823173687413,0.00751538456859783,0.0232652697965743,0.00426616081536351,0.0143224687760949,0.000567067346135889,0.00921749845360867,0.010064039693678
