Unknown,Source001,Source002,Source003,Source004,Source005,Source006,Source007,Source008,Source009,Source010
0.0179722070363939,0.21467140963792,0.68532859036208,0.0171411905359838,0.014493544805696,0.00161573678860411,0.0258725321591074,0.00272410777273724,0.0104902764001421,0.00741477322432912,0.00227563127700623
