Unknown,Source001,Source002,Source003,Source004,Source005,Source006,Source007,Source008,Source009,Source010
0.0206316801859626,0.702521619190355,0.197478380809645,0.00407770930041682,0.0149191304274535,0.0057192617718177,0.0129704653367138,0.0146976976254986,0.011394864931611,0.00987541011457322,0.00571378030595279
