Unknown,Source001,Source002,Source003,Source004,Source005,Source006,Source007,Source008,Source009,Source010
0.00221213441656077,0.720062815615155,0.179937184384845,0.0282698420402176,0.00356233582294579,0.00558094651064267,0.0103501631665477,0.00038754147279329,0.0171440200992042,0.0177260888074364,0.0147669276636515
