Unknown,Source001,Source002,Source003,Source004,Source005,Source006,Source007,Source008,Source009,Source010
0.000514634695394442,0.522791596884244,0.377208403115756,0.032183603676745,0.00529810719240338,0.010281716894252,0.0121717051614781,0.0134674549401789,0.0193359454387309,0.00176367453649506,0.0049831574643222
