Unknown,Source001,Source002,Source003,Source004,Source005,Source006,Source007,Source008,Source009,Source010
0.00803239465876971,0.369828236285499,0.530171763714501,0.00678344971602813,0.0101192389720423,0.0155946116144451,0.008707624838544,0.0074767840711473,0.001406334986874,0.0118613931179344,0.030018168024215
