Unknown,Source001,Source002,Source003,Source004,Source005,Source006,Source007,Source008,Source009,Source010
0.00272507248037027,0.791055117685482,0.108944882314518,0.00741806317109401,0.00121755527345315,0.0246081705150888,0.0185420546886538,0.00318400714129862,0.0227520579229758,0.007428637734709,0.0121243810723565
