Unknown,Source001,Source002,Source003,Source004,Source005,Source006,Source007,Source008,Source009,Source010
0.0062620649721634,0.326065417157739,0.573934582842261,0.00354083012627474,0.00300552530805204,0.0332157751265727,0.0121568031107625,0.0243164379518392,0.00660816953528285,0.000155440727845305,0.0107389531412073
