Unknown,Source001,Source002,Source003,Source004,Source005,Source006,Source007,Source008,Source009,Source010
0.00827300243869911,0.179854043725763,0.720145956274237,0.0110840181824712,0.0065958240447436,0.00091859725765241,0.00775772551161792,0.0381013065092527,0.000617497708210881,0.014378092183572,0.0122739361637802
