Unknown,Source001,Source002,Source003,Source004,Source005,Source006,Source007,Source008,Source009,Source010
0.00609812231749527,0.473615970103269,0.426384029896731,0.00666696758180057,0.0104466794656324,0.0267986180534549,0.00414849396905902,0.00679083302073918,0.0211508612736783,0.0160242018988566,0.00187522241928384
