Unknown,Source001,Source002,Source003,Source004,Source005,Source006,Source007,Source008,Source009,Source010
0.00337026284662937,0.193962880907326,0.706037119092675,0.014468423918411,0.0534936259410982,0.00652123421988702,0.00465077425865629,0.00485176440010092,0.00930355308413124,3.99096418196038e-06,0.00333637036690395
