Unknown,Source001,Source002,Source003,Source004,Source005,Source006,Source007,Source008,Source009,Source010
0.00818126146113823,0.150744412404852,0.749255587595148,0.0064411550192652,0.00595456705615206,0.0197415359585115,0.00358406492579377,0.0101543941380099,0.0296041057289983,0.00774638362942446,0.00859253208270663
