Unknown,Source001,Source002,Source003,Source004,Source005,Source006,Source007,Source008,Source009,Source010
0.0259261417647425,0.18531004035675,0.71468995964325,0.000295917072568341,0.00320422138513509,0.0122215139889103,0.00538767131428569,0.0165583346772703,0.0192014178550811,0.000606131187283769,0.0165986507547229
