Unknown,Source001,Source002,Source003,Source004,Source005,Source006,Source007,Source008,Source009,Source010
0.00162359199252571,0.784826715366625,0.115173284633375,0.0113450018822442,0.00442013519436284,0.0298768996245065,0.0133332286811141,0.00251891371913909,0.00137113423631769,0.0146852685995091,0.0208258260702808
