Unknown,Source001,Source002,Source003,Source004,Source005,Source006,Source007,Source008,Source009,Source010
0.00542809918026738,0.706606269657465,0.193393730342536,0.00295237569314496,0.00606083951589772,0.0129766205558984,0.00213964201677045,0.00194153643235367,0.0405327872303831,0.0236780903927117,0.00429000898257267
