Unknown,Source001,Source002,Source003,Source004,Source005,Source006,Source007,Source008,Source009,Source010
0.00862690123712998,0.643756842263773,0.256243157736227,0.00572512533992388,0.00325992579364606,0.0136949131905301,0.0242131717944703,0.0014268056120643,0.0279637940541087,0.0112274662501617,0.00386189672796505
