Unknown,Source001,Source002,Source003,Source004,Source005,Source006,Source007,Source008,Source009,Source010
0.00463459337456305,0.715040320124198,0.184959679875802,0.00958841172289477,0.00153462627431982,0.0015766239206491,0.00115122981061247,0.0287124557562164,0.0170087417356972,0.0340826135315592,0.00171070387348796
