Unknown,Source001,Source002,Source003,Source004,Source005,Source006,Source007,Source008,Source009,Source010
0.00657913475822045,0.627427277774921,0.272572722225078,0.0022805613959136,0.0147102511684438,0.00931824633258655,0.00118026071468432,0.00118232099991186,0.02511477364933,0.00748363046183437,0.032150820519075
