Unknown,Source001,Source002,Source003,Source004,Source005,Source006,Source007,Source008,Source009,Source010
0.00723255671169921,0.751533008354272,0.148466991645728,0.00025881936730158,0.02230306255668,0.0158343908304607,0.0298715895762651,0.00657222744751397,0.00297549177467803,0.00878721199303317,0.00616464974236827
