Unknown,Source001,Source002,Source003,Source004,Source005,Source006,Source007,Source008,Source009,Source010
0.00341139724554352,0.712856278537471,0.187143721462529,0.0331989823263367,0.0129179539483944,0.00262860948921771,0.0011538971478555,0.00767786962158942,0.025953205512184,0.00466579544627504,0.00839228926260375
