Unknown,Source001,Source002,Source003,Source004,Source005,Source006,Source007,Source008,Source009,Source010
0.0187358202254227,0.413304386540622,0.486695613459378,0.0215533742554687,0.000309827790764045,0.0188185590231139,0.00705980949993244,0.00037296336809413,0.0252060117780586,0.00382690605330421,0.00411672800584139
