Unknown,Source001,Source002,Source003,Source004,Source005,Source006,Source007,Source008,Source009,Source010
0.00227407339135869,0.387599965799816,0.512400034200184,0.02818889238481,0.0017262482237017,0.007102277882434,0.00272193955320164,0.0384865629605996,0.00892482420953992,0.00656256132592491,0.0040126200684295
