Unknown,Source001,Source002,Source003,Source004,Source005,Source006,Source007,Source008,Source009,Source010
0.0111673538216617,0.516124689458407,0.383875310541593,0.0124681791809429,0.000186953123047049,0.0255961141325208,0.015298792376911,0.0109881244269879,0.00285592995927414,0.000408120159877994,0.0210304328187765
