Unknown,Source001,Source002,Source003,Source004,Source005,Source006,Source007,Source008,Source009,Source010
0.0171852780433812,0.525246307020946,0.374753692979054,0.00799753203048576,0.00952177121232874,0.0109353620314924,0.0271693216721157,0.00296530900038403,0.00037547130799791,0.0232238260043606,0.000626128697453691
