Unknown,Source001,Source002,Source003,Source004,Source005,Source006,Source007,Source008,Source009,Source010
0.0135532818859089,0.212055252435215,0.687944747564785,0.000205406055551284,0.0236571886151076,0.00491830436965173,0.0061325550689668,0.0248513081255621,0.00202554742483496,0.00163769464880649,0.0230187138056101
