Unknown,Source001,Source002,Source003,Source004,Source005,Source006,Source007,Source008,Source009,Source010
0.0180520114962329,0.364252588844263,0.535747411155737,0.0279589022837131,0.0117832860233878,0.00468808055872847,0.00767738653538779,0.00376408226208866,0.0143656446937103,0.000270698425781744,0.0114399077209692
