Unknown,Source001,Source002,Source003,Source004,Source005,Source006,Source007,Source008,Source009,Source010
0.0219194969990856,0.564292795958369,0.335707204041631,0.0045052805621712,0.0231043152321453,0.00819872229263261,0.00702213720723326,0.000997694585306654,0.00604331888413001,0.0238008533595889,0.00440818087770655
