Unknown,Source001,Source002,Source003,Source004,Source005,Source006,Source007,Source008,Source009,Source010
0.0163544884587187,0.225098232613537,0.674901767386463,0.0254781115929972,0.0205605290940074,0.00475412681819867,0.0167745925665963,0.00499273825454343,0.00139417215871576,0.00113394562069437,0.00855729543552819
