Unknown,Source001,Source002,Source003,Source004,Source005,Source006,Source007,Source008,Source009,Source010
0.0189296552412682,0.745842529415476,0.154157470584524,0.0386528380256271,0.00192671494288561,0.00745758954973878,0.0034216892529264,0.0119660761737468,0.00177581277072253,0.013115798827363,0.00275382521572158
