Unknown,Source001,Source002,Source003,Source004,Source005,Source006,Source007,Source008,Source009,Source010
0.0291126572089105,0.740982148826635,0.159017851173365,0.00696078882083569,0.00818560818285607,0.00779611789375578,0.000440638022903522,0.00881328647234439,0.0200501343964439,0.000440157934782394,0.0182006110671678
