Unknown,Source001,Source002,Source003,Source004,Source005,Source006,Source007,Source008,Source009,Source010
0.00435457850130733,0.74921443306263,0.15078556693737,0.0157681000511997,0.035413850127597,0.000601495201489749,0.00329679529845414,0.0358453512006703,0.00296350522558195,0.00167617559107171,8.01488026280484e-05
