Unknown,Source001,Source002,Source003,Source004,Source005,Source006,Source007,Source008,Source009,Source010
0.00395597354302972,0.125503832971635,0.774496167028365,0.0110241257488925,0.0334964970347244,0.00368866448922027,0.00139176349085403,0.0184402370639445,0.00257988047170964,0.0160826040947443,0.00934025406288057
