Unknown,Source001,Source002,Source003,Source004,Source005,Source006,Source007,Source008,Source009,Source010
0.00670311867619842,0.185013926833297,0.714986073166703,0.0336939494842166,0.00492394103178854,0.00433018965915014,0.00186760602974434,0.00962577741352802,0.00713099906869938,0.00970662087575807,0.0220177977609165
