Unknown,Source001,Source002,Source003,Source004,Source005,Source006,Source007,Source008,Source009,Source010
0.0261618608076234,0.767893525902267,0.132106474097733,0.00720360036653092,0.0157258130317308,0.0141877865348225,0.00350318691004246,0.00578493408596646,0.000107635683714461,0.0140874005342206,0.0132377820453483
