Unknown,Source001,Source002,Source003,Source004,Source005,Source006,Source007,Source008,Source009,Source010
0.00682402506774028,0.319933026602061,0.580066973397939,0.0106490525297259,0.00622070553481733,0.00177278608111089,0.0113131520932018,0.00962981078338523,0.00522322947866716,0.0163967198077069,0.0319705186236445
