Unknown,Source001,Source002,Source003,Source004,Source005,Source006,Source007,Source008,Source009,Source010
0.0102554848258011,0.709865643438658,0.190134356561342,0.0481098679626178,0.00082292217199108,0.00163837489265955,0.00936293010466438,0.00183645513066737,0.0104611306961663,0.0161472559384023,0.0013655782770302
