Unknown,Source001,Source002,Source003,Source004,Source005,Source006,Source007,Source008,Source009,Source010
0.0027321626327208,0.620357875155666,0.279642124844334,0.00600416518462205,0.0125485146848425,0.00293550338919887,0.00738319436199022,0.0245004675924592,0.0291298244913529,0.00707239378768036,0.00769377387513305
