Unknown,Source001,Source002,Source003,Source004,Source005,Source006,Source007,Source008,Source009,Source010
0.00142819763552175,0.777977943804016,0.122022056195984,0.0217892858949174,0.00390970512874071,0.031427538804055,0.00512034145522229,0.00667016073998487,0.0169339896623866,0.00227259288347141,0.0104481877957
