Unknown,Source001,Source002,Source003,Source004,Source005,Source006,Source007,Source008,Source009,Source010
0.00836872995440788,0.163454598054965,0.736545401945035,0.00626454693143987,0.0321914844122882,0.0368547106579158,0.00492063365048405,0.00275145290875625,0.00134586501532903,0.00567122816842657,0.00163134830095233
