Unknown,Source001,Source002,Source003,Source004,Source005,Source006,Source007,Source008,Source009,Source010
0.00417664492201641,0.669294893039997,0.230705106960003,0.0237847605179141,0.00548999900664949,0.000799196970606063,0.00714374385363718,0.00382417622563831,0.0106703905618905,0.0380863590703267,0.00602472887132127
