Unknown,Source001,Source002,Source003,Source004,Source005,Source006,Source007,Source008,Source009,Source010
0.00857438028531134,0.322695637083591,0.577304362916409,0.0132868560010239,0.0162849979847594,0.00856851740541599,0.00219100123679379,0.0236936688647249,0.00698823425387928,0.0197177689629513,0.000694575005140045
