Unknown,Source001,Source002,Source003,Source004,Source005,Source006,Source007,Source008,Source009,Source010
0.0210152683840564,0.690054714404986,0.209945285595014,0.00121157478178278,0.0129243667476758,0.013657485919967,0.000698412589266199,0.00231400195783599,0.00541314173550194,0.033032550524748,0.00973319735916577
