Unknown,Source001,Source002,Source003,Source004,Source005,Source006,Source007,Source008,Source009,Source010
0.00681756261399491,0.550875990376582,0.349124009623418,0.0159150725455639,0.00412667875890738,0.0321519323019705,0.00841566296930517,0.00669835775803956,0.00162963800675638,0.00901266109613752,0.0152324339493246
