Unknown,Source001,Source002,Source003,Source004,Source005,Source006,Source007,Source008,Source009,Source010
0.00908990111371814,0.485130521852694,0.414869478147306,0.0132726492887159,0.0087979522338652,0.00136058714832943,0.00349109642361083,0.0209722942411018,0.00125413667653791,0.0192317568487462,0.0225296260253745
