Unknown,Source001,Source002,Source003,Source004,Source005,Source006,Source007,Source008,Source009,Source010
0.000187181048362993,0.785819757315329,0.114180242684671,0.00891608883185982,0.0156062018015127,0.00665431698675721,0.00298949815577642,0.0139017809659282,0.038639210684429,0.00978664312794628,0.00331907839742737
