Unknown,Source001,Source002,Source003,Source004,Source005,Source006,Source007,Source008,Source009,Source010
0.0116620864638867,0.114958567361491,0.785041432638509,0.011737625235994,0.0112062401598547,0.00220628350347834,0.0203814312562401,0.0054574006244683,0.0160330963175399,0.010652671665161,0.010663164773377
