Unknown,Source001,Source002,Source003,Source004,Source005,Source006,Source007,Source008,Source009,Source010
0.000318115823213914,0.766732312231198,0.133267687768801,0.017414402494549,0.0531958754622433,0.0112722696012533,0.00261896561981103,0.0026833226994351,0.00789814625291947,0.00334157872201352,0.00125732332456132
