Unknown,Source001,Source002,Source003,Source004,Source005,Source006,Source007,Source008,Source009,Source010
0.0144207725213895,0.112399726314261,0.787600273685739,0.00733950099692799,0.00963800906885842,0.0126779873524378,0.00456424989654587,0.00341866407812343,8.14892941054001e-05,0.0154541869256049,0.0324051398660068
