Unknown,Source001,Source002,Source003,Source004,Source005,Source006,Source007,Source008,Source009,Source010
0.00449051264911359,0.11992735398856,0.78007264601144,0.0152241979551359,0.00398903483635428,0.0231509183492119,0.00109360196671864,0.00388509232830095,0.0186852630579992,0.019476441398512,0.0100049374586535
