Unknown,Source001,Source002,Source003,Source004,Source005,Source006,Source007,Source008,Source009,Source010
0.000428035896905982,0.241344529132049,0.658655470867951,0.00503440821853584,0.0268017523705526,0.00684799694931459,0.020192877566317,0.00231099829106196,0.0213795434685773,9.41104270967968e-06,0.016994976196025
