Unknown,Source001,Source002,Source003,Source004,Source005,Source006,Source007,Source008,Source009,Source010
0.00476803557862252,0.433552642575777,0.466447357424223,0.00612043585141334,0.00243585476634069,0.00090924481265794,0.00967176542637356,0.0166193192811361,0.00255218875208923,0.0115812943711085,0.0453418611602581
