Unknown,Source001,Source002,Source003,Source004,Source005,Source006,Source007,Source008,Source009,Source010
0.010206865905459,0.40661396358548,0.49338603641452,0.0253546983614819,0.0124116859203424,0.00905987729166697,0.00634685364061033,0.000436478719432089,0.0301426950628089,0.000341154754554503,0.00569969034364393
