Unknown,Source001,Source002,Source003,Source004,Source005,Source006,Source007,Source008,Source009,Source010
0.025544665693031,0.592408426732815,0.307591573267185,0.0127331127979698,0.0142230227415371,0.000349369672471812,0.0107997542688067,0.0161024064786277,0.0129128256842519,0.00341063871549078,0.00392420394781316
