Unknown,Source001,Source002,Source003,Source004,Source005,Source006,Source007,Source008,Source009,Source010
0.0249886227168162,0.456990761837083,0.443009238162917,0.0106219276801389,0.000747020982541509,0.00519709671953183,0.000642733931578901,0.0360631333963367,0.0115188285207234,0.00845303462416357,0.00176760142816901
