Unknown,Source001,Source002,Source003,Source004,Source005,Source006,Source007,Source008,Source009,Source010
0.0053952867843143,0.469576264247608,0.430423735752392,0.0117912327714725,0.00872574035195928,0.00366137292790104,0.0241619302751253,0.012727255126309,0.0101388492981533,0.0154621849560664,0.00793614750869891
