Unknown,Source001,Source002,Source003,Source004,Source005,Source006,Source007,Source008,Source009,Source010
0.000717453896391869,0.545934271960747,0.354065728039253,0.00280387302045266,0.0212461758609365,0.0535693265859497,0.00430232584365123,0.00355518220198748,0.00600085762146152,0.0064822580492965,0.00132254691987257
