Unknown,Source001,Source002,Source003,Source004,Source005,Source006,Source007,Source008,Source009,Source010
0.0180436512384379,0.325283719455526,0.574716280544474,0.00859611659779305,0.00617101847511003,0.0258689944463847,0.00825467979412399,0.0240062390880153,0.00450851377782777,0.00264222217249754,0.00190856440980963
