Unknown,Source001,Source002,Source003,Source004,Source005,Source006,Source007,Source008,Source009,Source010
0.00160995638488096,0.124538246117519,0.775461753882481,0.00313907716694786,0.0193964723560579,0.00228347891989377,0.0125171808695439,0.022086727572544,0.00501648412803522,0.0103830079438753,0.0235676146582211
