Unknown,Source001,Source002,Source003,Source004,Source005,Source006,Source007,Source008,Source009,Source010
0.0333650996579417,0.473468992504114,0.426531007495886,0.000930874921829736,0.0045582570379423,0.0184439800139137,0.00501435756491811,0.00703096070818818,0.000686514344474364,0.0246774123157726,0.00529254343501925
