Unknown,Source001,Source002,Source003,Source004,Source005,Source006,Source007,Source008,Source009,Source010
0.0151539824076291,0.778119569938738,0.121880430061262,0.00293482305697519,0.0219894837357423,0.00500648514426742,0.0123720063226635,0.000737984932290459,0.0246983232785013,0.0092185474289727,0.00788836369295808
