Unknown,Source001,Source002,Source003,Source004,Source005,Source006,Source007,Source008,Source009,Source010
0.0341339338549433,0.680243846757484,0.219756153242516,0.00549916900119716,0.00169870880146658,0.00173179681800946,0.0142043358434414,0.0141833989190154,0.00955842023437567,0.00331730933948464,0.0156729271880664
