Unknown,Source001,Source002,Source003,Source004,Source005,Source006,Source007,Source008,Source009,Source010
0.00133183204687764,0.254340301172444,0.645659698827556,0.00301331498930822,0.0261065836968051,0.00118886245925133,0.00530816884497727,0.00938367014898804,0.0155364582546378,0.037662104854343,0.000469004704811586
