Unknown,Source001,Source002,Source003,Source004,Source005,Source006,Source007,Source008,Source009,Source010
0.0110640208185024,0.579872641176487,0.320127358823513,0.00344727476225034,0.0343364841532181,0.00294356180822253,0.0065272691561357,0.00028186233095315,0.0123335287686985,0.0167978568590025,0.0122681413430168
