Unknown,Source001,Source002,Source003,Source004,Source005,Source006,Source007,Source008,Source009,Source010
0.0151954340673389,0.619372339983894,0.280627660016106,0.00573286382320932,0.0233532789917316,0.00169750877529773,0.00250942625983108,0.00377917559141856,0.0227185783664138,0.0153603520574485,0.00965338206731044
