Unknown,Source001,Source002,Source003,Source004,Source005,Source006,Source007,Source008,Source009,Source010
0.0234347085286185,0.799926993453828,0.100073006546172,0.00201654388814919,0.000395458061845678,0.0041546417484418,0.00415831734037038,0.00513326465807531,0.0264690168094733,0.0126922686507652,0.0215457803142606
