Unknown,Source001,Source002,Source003,Source004,Source005,Source006,Source007,Source008,Source009,Source010
0.00531912002892721,0.351666966170096,0.548333033829904,0.00451865610970823,0.0137054072089412,0.00891512974899933,0.00789411687087003,0.00435841110783875,0.00550025364403537,0.0232467708058819,0.0265421344747979
