Unknown,Source001,Source002,Source003,Source004,Source005,Source006,Source007,Source008,Source009,Source010
0.00720843788394525,0.449225529904246,0.450774470095754,0.0152290373489741,0.0283197011896686,0.00357360533641639,0.014163858504179,0.00700308273513156,0.00675376923970149,0.012508650204602,0.00523985755738144
