Unknown,Source001,Source002,Source003,Source004,Source005,Source006,Source007,Source008,Source009,Source010
0.0145602893201266,0.48184518175038,0.41815481824962,0.0248636694896705,0.0126541390453475,0.00169259055422074,0.00892152484982978,0.017664678908236,0.00180325725153639,0.0155034036352243,0.00233644694580802
