Unknown,Source001,Source002,Source003,Source004,Source005,Source006,Source007,Source008,Source009,Source010
0.00111754246944252,0.590632291378491,0.309367708621509,0.0126707119962731,0.00121199887834648,0.00538035832476502,0.0102565144746425,0.00327389126766069,0.00968251131839966,0.0128107848545553,0.0435956864159147
