Unknown,Source001,Source002,Source003,Source004,Source005,Source006,Source007,Source008,Source009,Source010
0.00423466255039278,0.32543813281243,0.57456186718757,0.0222494140126126,0.00442701744669216,0.00743012880160076,0.00683231175652104,0.000468829481619702,0.00891450589869873,0.0366503087867178,0.00879282126514441
