Unknown,Source001,Source002,Source003,Source004,Source005,Source006,Source007,Source008,Source009,Source010
0.0141753743880264,0.405357591225877,0.494642408774123,0.00622304695474072,0.0171551872058593,0.00861314847999594,0.0134665679056998,0.00426918820102828,0.0023180350593183,0.013930681094137,0.0198487707111942
