Unknown,Source001,Source002,Source003,Source004,Source005,Source006,Source007,Source008,Source009,Source010
0.00461413825768341,0.615806783229181,0.284193216770819,0.0203112600596299,0.00744515399175396,0.00411873336961384,0.00850735589350252,0.00543960436176016,0.0017356515302615,0.00662956959084946,0.0411985329449452
