Unknown,Source001,Source002,Source003,Source004,Source005,Source006,Source007,Source008,Source009,Source010
0.0119359522958305,0.770216423387745,0.129783576612255,0.00421121213968286,0.00173628436861964,0.033704660078065,0.00611276871271891,0.0075263896199387,0.0263108964815311,0.000411611119289379,0.00805022518432391
