Unknown,Source001,Source002,Source003,Source004,Source005,Source006,Source007,Source008,Source009,Source010
0.00922002657428169,0.773280644470907,0.126719355529093,0.0118729489917673,0.00703050704030931,0.011315261018463,0.0035996467087616,0.0268261099015134,0.0087812693240858,0.0120505079583384,0.00930372248247938
