Unknown,Source001,Source002,Source003,Source004,Source005,Source006,Source007,Source008,Source009,Source010
0.0161914287265734,0.610190436007561,0.289809563992439,0.0178151652068154,0.00648193313230501,0.00313602054106043,0.00993261503226228,0.00482810381306139,0.010837120955227,0.0275322608719095,0.00324535172078564
