Unknown,Source001,Source002,Source003,Source004,Source005,Source006,Source007,Source008,Source009,Source010
0.0325555892079547,0.369157840927207,0.530842159072793,0.00420383423192492,0.00285931434538021,0.0106095915175395,0.00251022378353121,0.004078324742042,0.00512063655070363,0.0291444167303927,0.00891806889053114
