Unknown,Source001,Source002,Source003,Source004,Source005,Source006,Source007,Source008,Source009,Source010
0.00273763571691466,0.6902700821971,0.2097299178029,0.00688827317077965,0.0169837369797791,0.0493398514869529,0.00278005391808976,0.00617256595806467,0.000893180812784325,0.00233520410263707,0.0118694978539978
