Unknown,Source001,Source002,Source003,Source004,Source005,Source006,Source007,Source008,Source009,Source010
0.00762173265199773,0.663430924878366,0.236569075121634,0.003571862271825,0.0062635097532933,0.000622346481624037,0.0245440051569232,0.0242370101216304,0.016795553027937,0.0131591749129576,0.00318480562181186
