Unknown,Source001,Source002,Source003,Source004,Source005,Source006,Source007,Source008,Source009,Source010
0.00374520839564995,0.48296487281767,0.41703512718233,0.0020541028580516,0.00683840787330817,0.00197543561761678,0.035254035847114,0.00458093287875399,0.00912636730199302,0.0124241698406022,0.0240013393869103
