Unknown,Source001,Source002,Source003,Source004,Source005,Source006,Source007,Source008,Source009,Source010
0.00149568753096297,0.438007853411774,0.461992146588226,0.00545648914996814,0.00146229271394421,0.0195649837170831,0.0226783716296518,0.000498485015998729,0.0248245773660186,0.00166023575527829,0.0223588771210941
