Unknown,Source001,Source002,Source003,Source004,Source005,Source006,Source007,Source008,Source009,Source010
0.00510295019126857,0.556402866718162,0.343597133281838,0.0139493943443914,0.00955221261961225,0.0205666021728048,0.00237054581338106,0.0201963637939417,0.016401302387902,0.0074333590190176,0.00442726965768064
