Unknown,Source001,Source002,Source003,Source004,Source005,Source006,Source007,Source008,Source009,Source010
0.00522150593574218,0.126988700303733,0.773011299696267,7.66521563906089e-05,0.000525523239595946,0.000202153971343877,0.0315898653314754,0.0124421488454631,0.0201577725514835,0.023188999957802,0.00659537801070329
