Unknown,Source001,Source002,Source003,Source004,Source005,Source006,Source007,Source008,Source009,Source010
0.00731272722384877,0.707367937692113,0.192632062307887,0.000251663843212328,0.00440719663194083,0.00675849933772133,0.0261133389072145,0.0468872561499213,0.00381475339945422,0.00274990918760811,0.00170465531907857
