Unknown,Source001,Source002,Source003,Source004,Source005,Source006,Source007,Source008,Source009,Source010
0.0139679822268453,0.654227347738868,0.245772652261132,0.0109238336826769,0.00626745690341423,0.00611745000817277,0.010462720118159,0.0118913469612881,0.00353814503647543,0.0276739110576157,0.00915715400535253
