Unknown,Source001,Source002,Source003,Source004,Source005,Source006,Source007,Source008,Source009,Source010
0.00248144144814496,0.2986239132498,0.6013760867502,0.00313661009031491,0.00621557369350741,0.0254953609878437,0.00319242652624315,0.041374120472894,0.0116044573203024,0.00640179493677242,9.82145239770519e-05
