Unknown,Source001,Source002,Source003,Source004,Source005,Source006,Source007,Source008,Source009,Source010
0.00667227900254453,0.409918587792714,0.490081412207286,0.000701415651617072,0.0151177136449138,0.00359349391204248,0.00315766556502012,0.00235751094072801,0.00999006435343142,0.00606908442469224,0.0523407725050103
