Unknown,Source001,Source002,Source003,Source004,Source005,Source006,Source007,Source008,Source009,Source010
0.0123419495004556,0.137012274637399,0.762987725362602,0.0366584106649703,0.0115818620562359,0.0109696679708485,0.00152327236472487,0.00666786504305996,0.0133358536377237,0.00210536719010305,0.00481575157187804
