Unknown,Source001,Source002,Source003,Source004,Source005,Source006,Source007,Source008,Source009,Source010
0.0048591697575947,0.452480669870564,0.447519330129436,0.00673992486473844,0.01119229450175,0.0123716771862232,0.00330674424788602,0.00120207829240233,0.0216971167441595,0.011695813181205,0.0269351812240408
