Unknown,Source001,Source002,Source003,Source004,Source005,Source006,Source007,Source008,Source009,Source010
0.00679273859093059,0.761172168664823,0.138827831335177,0.0242667768004107,0.00427829230907159,0.00135672009395075,0.00473024330822381,0.00638171864401446,0.00390438747448485,0.0277193507387083,0.0205697720402049
