Unknown,Source001,Source002,Source003,Source004,Source005,Source006,Source007,Source008,Source009,Source010
0.00294069502660862,0.43750940065395,0.46249059934605,0.0189147024100959,0.0132311175403307,0.0287498715939265,0.00110899605775659,0.00220553432729316,0.0201652244304854,0.00407242139760165,0.00861143721590144
