Unknown,Source001,Source002,Source003,Source004,Source005,Source006,Source007,Source008,Source009,Source010
0.0166750861464048,0.334262889431342,0.565737110568658,0.00434025593990171,0.0166609206001074,0.0371557215052337,0.000831538945308614,0.00110772670278759,0.00726123935959037,0.0122408926180409,0.00372661818262483
