Unknown,Source001,Source002,Source003,Source004,Source005,Source006,Source007,Source008,Source009,Source010
0.00110666999693223,0.28505485586012,0.61494514413988,0.0238790727832681,0.00979147044599077,0.00339531239446365,0.00922479654232881,0.00230604909425053,0.0107808775627209,0.0150772741493286,0.0244384770307165
