Unknown,Source001,Source002,Source003,Source004,Source005,Source006,Source007,Source008,Source009,Source010
0.0119855365922395,0.51226798597025,0.38773201402975,0.0154515084440968,0.00291832808730361,0.00997813681148484,0.00773302950114371,0.021021481042098,0.00599445046858649,0.015944356444715,0.008973172608332
