Unknown,Source001,Source002,Source003,Source004,Source005,Source006,Source007,Source008,Source009,Source010
0.00115295598105971,0.536754597237412,0.363245402762588,0.0167380482630261,0.0107368243188374,0.00207438791108679,0.0402807623581786,0.00956125069619744,0.00925557392174679,0.00258980167954615,0.00761039487032096
