Unknown,Source001,Source002,Source003,Source004,Source005,Source006,Source007,Source008,Source009,Source010
0.00386505865356837,0.624483895148372,0.275516104851628,0.015773549771128,0.0139930453362366,0.0011668235530896,0.0150462084433697,0.0335194188613182,0.004173733190068,0.00591484293999874,0.00654731925122279
