Unknown,Source001,Source002,Source003,Source004,Source005,Source006,Source007,Source008,Source009,Source010
0.0172345021850916,0.786959516476191,0.113040483523809,0.002494420335919,0.00516797227982779,0.00356278787147254,0.0146137338247702,0.0290803924504554,0.0201797307228678,0.000803712836880152,0.00686274749271552
