Unknown,Source001,Source002,Source003,Source004,Source005,Source006,Source007,Source008,Source009,Source010
0.0018446704624289,0.558991845961402,0.341008154038598,0.000387955250237992,0.0364907138612244,0.00408951996406284,0.0078463737632143,0.00874521403434305,0.0233760554971799,0.00334945005828427,0.0138700471090243
