Unknown,Source001,Source002,Source003,Source004,Source005,Source006,Source007,Source008,Source009,Source010
0.0101774089072463,0.573571404224272,0.326428595775728,0.00519839040905367,0.00783027340349442,0.00498023224494394,0.0235549835687117,0.00980500265225088,0.000971114487272328,0.0249228652757922,0.0125597290512345
