Unknown,Source001,Source002,Source003,Source004,Source005,Source006,Source007,Source008,Source009,Source010
0.00405867607544522,0.669895304857186,0.230104695142814,0.0220151862334595,0.0130110660015175,0.0163251450425748,0.0155748537181861,0.0101158472307572,0.00523637632740274,0.0117560111063607,0.00190683826429618
