Unknown,Source001,Source002,Source003,Source004,Source005,Source006,Source007,Source008,Source009,Source010
0.0104535729549104,0.609526413344903,0.290473586655097,0.00917113726860789,0.0291096297342568,0.0209988343430836,0.00297287980126388,0.00492868197113436,0.0176785513081867,0.00169734427209982,0.00298936834645653
