Unknown,Source001,Source002,Source003,Source004,Source005,Source006,Source007,Source008,Source009,Source010
0.0129718830236287,0.647522063866726,0.252477936133275,0.0165142784145985,0.00253289498585236,0.0242110839629524,0.0192797930975099,0.00169295351309341,0.0115271795333624,0.0111824861426776,8.74473263246809e-05
