Unknown,Source001,Source002,Source003,Source004,Source005,Source006,Source007,Source008,Source009,Source010
0.0056949816466073,0.350475929826392,0.549524070173608,0.0324907406284503,0.0175951792462249,0.0122345685363318,0.00743467972209089,0.00174634665979168,0.00828910425915616,0.00882823694203277,0.00568616235931418
