Unknown,Source001,Source002,Source003,Source004,Source005,Source006,Source007,Source008,Source009,Source010
0.0181567870962013,0.155664361760797,0.744335638239203,0.0110859476286128,0.00615244508687842,0.00467653572210997,0.00920228392763489,0.0140668067862352,0.0165300157923114,0.0122995926673077,0.0078295852927083
