Unknown,Source001,Source002,Source003,Source004,Source005,Source006,Source007,Source008,Source009,Source010
0.0100611075718925,0.172676592579144,0.727323407420856,0.0117448720878427,0.0267067429648409,0.00750633155818757,0.00517844921347417,0.00460345485634454,0.00011991981899932,0.0194465147954773,0.0146326071329409
