Unknown,Source001,Source002,Source003,Source004,Source005,Source006,Source007,Source008,Source009,Source010
0.00130109306825649,0.611471195731011,0.288528804268989,0.0249490525006326,0.000813144532058338,0.00991375730296082,0.0214691921260632,0.00734193616536036,0.00645989650892291,0.00470812273666093,0.0230438050590844
