Unknown,Source001,Source002,Source003,Source004,Source005,Source006,Source007,Source008,Source009,Source010
0.0110672195897399,0.719596249399581,0.180403750600419,0.0044973009020297,0.0281397141280285,0.0057841886203112,0.00665455335324808,0.0283933820822516,0.00893389243986526,0.00528796637286139,0.00124178251166435
