Unknown,Source001,Source002,Source003,Source004,Source005,Source006,Source007,Source008,Source009,Source010
0.0391995211814265,0.624378894945179,0.275621105054822,0.00250821051925205,0.00249385647678132,0.000509901830963459,0.0291919138183237,0.0062722955316711,0.00152673883614603,0.00420145801615435,0.0140961037892815
