Unknown,Source001,Source002,Source003,Source004,Source005,Source006,Source007,Source008,Source009,Source010
0.00552085963464968,0.513710287429041,0.386289712570959,0.00322377867886936,0.0126840937578769,0.00198293739467671,0.0135050163319235,0.0104799659717285,0.0230605428206878,0.0106720977868743,0.0188707076227132
