Unknown,Source001,Source002,Source003,Source004,Source005,Source006,Source007,Source008,Source009,Source010
0.00356753395964296,0.501391477258223,0.398608522741777,0.021899548255329,0.0286743705484704,0.0171909330398395,0.00469823516285693,0.00622377624010768,0.00386726727887018,0.00207910526828357,0.0117992302465998
