Unknown,Source001,Source002,Source003,Source004,Source005,Source006,Source007,Source008,Source009,Source010
0.0119406007974941,0.236618054250929,0.663381945749071,0.000414461388254018,0.00127738933788237,0.0154977022542233,0.0255822052036393,0.0012405860510313,0.0090495467620077,0.0127718002794739,0.022225707925994
