Unknown,Source001,Source002,Source003,Source004,Source005,Source006,Source007,Source008,Source009,Source010
0.0124440353996044,0.619483456239298,0.280516543760702,0.00746509151317399,0.0236482826354841,0.00267910066609062,0.00134585285888053,0.0206125870815775,0.0229819954055597,0.00611375861161947,0.00270929582800967
