Unknown,Source001,Source002,Source003,Source004,Source005,Source006,Source007,Source008,Source009,Source010
0.0156311533348068,0.574186666344714,0.325813333655286,0.0241614616474718,0.0129187978839376,0.00150711034526086,0.00510556607800403,0.0227068878729882,0.00340596920420492,0.0114744404675072,0.00308861316581859
