Unknown,Source001,Source002,Source003,Source004,Source005,Source006,Source007,Source008,Source009,Source010
0.00673893857687612,0.382609976823902,0.517390023176098,1.95976456841999e-05,0.00141368035619673,0.0245998203177651,0.00936634837069624,0.0204399675940531,0.0179488374864275,0.0148719166635819,0.00460089298871912
