Unknown,Source001,Source002,Source003,Source004,Source005,Source006,Source007,Source008,Source009,Source010
0.00266255996729847,0.438624249011001,0.461375750988998,0.0151554414948906,0.0153616591995988,0.00519833549348246,0.01235026216384,0.00445915429285173,0.00217648917148073,0.0256209509480198,0.0170151472685375
