Unknown,Source001,Source002,Source003,Source004,Source005,Source006,Source007,Source008,Source009,Source010
0.00564572514763169,0.257182872913061,0.642817127086939,0.0150465902574807,0.0398926710878944,0.00531835118584783,0.00334743684526676,0.0209950324346967,0.00401585138081239,0.00299749208848216,0.00274084957188734
