Unknown,Source001,Source002,Source003,Source004,Source005,Source006,Source007,Source008,Source009,Source010
0.00733150682348052,0.552503378041595,0.347496621958405,0.00109171004045033,0.00401898555819592,0.00348103631181297,0.00111914305302623,0.00461616278077133,0.000564216205752923,0.00841424201802205,0.0693629972084877
