Unknown,Source001,Source002,Source003,Source004,Source005,Source006,Source007,Source008,Source009,Source010
0.00849609269979777,0.337838837688565,0.562161162311435,0.0250021351675362,0.00587175387218203,0.0122021387260146,0.00370401596684328,0.00690588124377442,0.0171066116057844,0.019512468597158,0.00119890212090923
