Unknown,Source001,Source002,Source003,Source004,Source005,Source006,Source007,Source008,Source009,Source010
0.0128097528315804,0.191926720378277,0.708073279621723,0.00502171022399337,0.017015490059333,0.00121096127708884,0.0107134070906036,0.0174684917547849,0.0149305802312427,0.00286420437236661,0.0179654021590065
