Unknown,Source001,Source002,Source003,Source004,Source005,Source006,Source007,Source008,Source009,Source010
0.0103167449303409,0.231583917444864,0.668416082555136,0.00857423035296112,0.00721513326413076,0.00261292513659463,0.0275067067052074,0.0129265659770588,0.0109522023582061,0.0177583743612907,0.00213711691420957
