Unknown,Source001,Source002,Source003,Source004,Source005,Source006,Source007,Source008,Source009,Source010
0.00879708803501465,0.278023072798305,0.621976927201695,0.0240407419727922,0.010488535877727,0.0420855387869289,1.36217387356509e-05,0.00520095764838541,0.00119506329149244,0.00812363732286106,5.4815326062629e-05
