Unknown,Source001,Source002,Source003,Source004,Source005,Source006,Source007,Source008,Source009,Source010
0.00381637044030864,0.107609851122974,0.792390148877026,0.0170256957174889,0.00179226150262198,0.00116384993972972,0.00658195826985358,0.00148311468465199,0.00673598767448012,0.019642252533283,0.041758509237582
