Unknown,Source001,Source002,Source003,Source004,Source005,Source006,Source007,Source008,Source009,Source010
0.00866010068271336,0.633667108460218,0.266332891539782,0.0177010189838631,0.00438067829086224,0.00987553948915886,0.0146026696242924,0.00902303516169771,0.0263731745466373,0.00510680116817298,0.00427698205260199
