Unknown,Source001,Source002,Source003,Source004,Source005,Source006,Source007,Source008,Source009,Source010
0.00181093024650916,0.241198084106318,0.658801915893682,0.00363105773688289,0.00257883014070514,0.0106946212434328,0.0194592684873312,0.00094079762245776,0.0465833346755062,0.0098830458109199,0.00441811403625493
