Unknown,Source001,Source002,Source003,Source004,Source005,Source006,Source007,Source008,Source009,Source010
0.00120503867607325,0.209940886059539,0.690059113940461,0.0138623596500047,0.0180759197748095,0.00624444044839108,0.0345545365388995,0.00729070377664654,0.000590597640984626,0.0116212518917339,0.00655515160245682
