Unknown,Source001,Source002,Source003,Source004,Source005,Source006,Source007,Source008,Source009,Source010
0.0195669052849201,0.572053304479723,0.327946695520277,0.000692895208821802,0.0135592728618,0.000522848397974279,0.000577935502007304,0.0105582499931784,0.0174036155001242,0.0308642561816849,0.00625402106948891
