Unknown,Source001,Source002,Source003,Source004,Source005,Source006,Source007,Source008,Source009,Source010
0.00100449251527642,0.546715864738162,0.353284135261838,0.00256945838149963,0.0124667597649507,0.0110974824508255,0.00161273203806985,0.000966003428450896,0.0414363172114929,0.00669139158113268,0.0221553626283014
