Unknown,Source001,Source002,Source003,Source004,Source005,Source006,Source007,Source008,Source009,Source010
0.00465908031152841,0.582712997736887,0.317287002263113,0.00364094092032986,0.00187713152935602,0.0347406977933784,0.00275157016086652,0.00219119312440137,0.0159844028392796,0.0252956711129582,0.00885931220790151
