Unknown,Source001,Source002,Source003,Source004,Source005,Source006,Source007,Source008,Source009,Source010
0.0184399977770141,0.546605190497373,0.353394809502627,0.0114159817759964,0.00303660552997728,0.000455305897924762,0.00790898532279998,6.90974662171943e-06,0.0221062966901658,0.0220446945324988,0.0145852227270011
