Unknown,Source001,Source002,Source003,Source004,Source005,Source006,Source007,Source008,Source009,Source010
0.00287304609091321,0.653311164579267,0.246688835420733,0.0109925502343276,0.000478162979529223,0.0178870964617853,0.0155830180463928,0.0108111931785811,0.0118820437814751,0.0214333281940584,0.00805956103293719
