Unknown,Source001,Source002,Source003,Source004,Source005,Source006,Source007,Source008,Source009,Source010
0.0328398839589409,0.481662011219501,0.418337988780499,0.0136710340568746,0.0126863481401259,0.0138709941859468,0.00429105876204038,0.0163632051703133,0.00134607684673802,0.000782930239793317,0.00414846863922673
