Unknown,Source001,Source002,Source003,Source004,Source005,Source006,Source007,Source008,Source009,Source010
0.00258022215553638,0.599800769570832,0.300199230429168,0.00102381801084869,0.0108309797286415,0.0299611772030281,0.00468636233005015,0.0346416009415204,0.00609062177422706,0.00317907429431476,0.00700614356183293
