Unknown,Source001,Source002,Source003,Source004,Source005,Source006,Source007,Source008,Source009,Source010
0.00463086543806005,0.467628773986291,0.432371226013709,0.000319230336342768,0.00701967650061795,0.0182942118059555,0.012163035337269,0.0152187499007909,0.00244546030539544,0.0191723052293067,0.0207364651462617
