Unknown,Source001,Source002,Source003,Source004,Source005,Source006,Source007,Source008,Source009,Source010
0.00345086319585828,0.254392884117915,0.645607115882085,0.00543396856223242,0.0400487272039323,0.00777173068103249,0.00440366032004548,0.0079435047756025,0.0162907381783181,0.013564084159885,0.00109272292309339
