Unknown,Source001,Source002,Source003,Source004,Source005,Source006,Source007,Source008,Source009,Source010
0.0121151402013621,0.529962995000843,0.370037004999157,0.00129499235422913,0.00873109505003373,0.00783369063519786,0.000735891827891361,0.0443535836877938,0.0109365914831179,0.00436025257292107,0.00963876218745302
