Unknown,Source001,Source002,Source003,Source004,Source005,Source006,Source007,Source008,Source009,Source010
0.0131462641967349,0.758137432854451,0.141862567145549,0.00798077027401167,0.000674758070648769,0.00375176533840651,0.0264004249537601,0.0332162363939232,0.0127721110496122,0.00120332190888799,0.000854347814014672
