Unknown,Source001,Source002,Source003,Source004,Source005,Source006,Source007,Source008,Source009,Source010
0.0128276728867158,0.271434136334998,0.628565863665002,0.00458638403090304,0.0321178884131405,0.00644730210106712,0.00570984277358188,0.0166189696848209,0.0124985989516124,0.0025145530472382,0.00667878811092019
