Unknown,Source001,Source002,Source003,Source004,Source005,Source006,Source007,Source008,Source009,Source010
0.00812521133866388,0.470798329049037,0.429201670950963,0.00381373702770046,0.0035198140443564,0.021551691404324,0.0220859507809779,0.00839158462173525,0.0129430650955104,0.00074791521334293,0.0188210304733888
