Unknown,Source001,Source002,Source003,Source004,Source005,Source006,Source007,Source008,Source009,Source010
0.0141873380859689,0.48655519574429,0.41344480425571,0.00297930500790547,0.00828224995442176,0.0164372440952469,0.0292351541779432,0.014108609530612,0.0063075005872757,0.0054112724556013,0.00305132610502467
