Unknown,Source001,Source002,Source003,Source004,Source005,Source006,Source007,Source008,Source009,Source010
0.0015625247183603,0.662091913184062,0.237908086815938,0.00101367830460158,0.00124967523023227,0.0110760011473712,0.0202298851421175,0.00694559991537986,0.0148731884149137,0.0290039279400522,0.0140455191869715
