Unknown,Source001,Source002,Source003,Source004,Source005,Source006,Source007,Source008,Source009,Source010
0.00489610405788659,0.251492664067321,0.648507335932679,0.000146407316797175,0.0138817874444435,0.00240664331934756,0.00305790820647775,0.0137688231494932,0.0300462777658743,0.0244588188777317,0.00733722986194828
