Unknown,Source001,Source002,Source003,Source004,Source005,Source006,Source007,Source008,Source009,Source010
0.00899201392200591,0.343180193965411,0.55681980603459,0.00156988488365477,0.00272743354640742,0.00892117254041314,0.0221502334889415,0.00110576129344808,0.00656483936333243,0.0291127723522814,0.0188558886095154
