Unknown,Source001,Source002,Source003,Source004,Source005,Source006,Source007,Source008,Source009,Source010
0.0276895623881403,0.318237522690247,0.581762477309753,0.00333009728094715,0.042716971769353,0.00557503793775018,0.00461553753448849,0.00219432751545848,0.00777582666836764,0.00474006931563774,0.001362569589857
