Unknown,Source001,Source002,Source003,Source004,Source005,Source006,Source007,Source008,Source009,Source010
0.0241721591585726,0.484838081891024,0.415161918108977,0.0135033207217172,0.00163843531800624,0.0203694667370681,0.00737175972940052,0.0102182606291378,0.00191177531353099,0.00288422421568157,0.017930598176885
