Unknown,Source001,Source002,Source003,Source004,Source005,Source006,Source007,Source008,Source009,Source010
0.0022120465819648,0.319799001652768,0.580200998347232,0.00355763121703797,0.00835484437031783,0.016954358005114,0.000135570354694803,0.00193586521276903,0.0342517015613162,0.00795380669491909,0.0246441760018662
