Unknown,Source001,Source002,Source003,Source004,Source005,Source006,Source007,Source008,Source009,Source010
0.0103291680119122,0.761991999575762,0.138008000424238,0.00288330779076429,0.0564965159598559,0.000831373641177276,0.00729291918812694,0.000261643443104899,0.0149187250989057,0.00178751635400932,0.00519883051214341
