Unknown,Source001,Source002,Source003,Source004,Source005,Source006,Source007,Source008,Source009,Source010
0.00355746203453269,0.259157687081007,0.640842312918993,0.00822433295146834,0.00748825506431051,0.00736058733294464,0.00113999052906056,0.0252795937077693,0.00584370794525385,0.026754353732481,0.0143517167021791
