Unknown,Source001,Source002,Source003,Source004,Source005,Source006,Source007,Source008,Source009,Source010
0.00202394087784506,0.403281751968303,0.496718248031697,0.0104366753405573,0.0283404897816507,0.00172726516163498,0.0293219812387749,0.00318876728348252,0.00699671022849684,0.00669136124419661,0.0112728088433612
