Unknown,Source001,Source002,Source003,Source004,Source005,Source006,Source007,Source008,Source009,Source010
0.000944084411341929,0.143325165874547,0.756674834125453,0.00123632699393434,0.0173750555622993,0.0106998408607022,0.0173070742182408,0.0188948506551406,0.00822096031102249,0.0154113549665127,0.00991045202080563
