Unknown,Source001,Source002,Source003,Source004,Source005,Source006,Source007,Source008,Source009,Source010
0.00427761953214404,0.691476662789703,0.208523337210297,0.0037031558884666,0.0127143700493291,0.0104943631586318,0.0167912949411885,0.0177943558027182,0.011602230416736,0.0188340275305049,0.00378858268028088
