Unknown,Source001,Source002,Source003,Source004,Source005,Source006,Source007,Source008,Source009,Source010
0.0110858419499731,0.52672699796399,0.37327300203601,0.0211979427724274,0.00367799639751005,0.0171601884897126,0.0173128213125643,0.00696874109261319,0.00832871348826711,0.00909909055074783,0.00516866394618435
