Unknown,Source001,Source002,Source003,Source004,Source005,Source006,Source007,Source008,Source009,Source010
0.0197043656258572,0.608380461871335,0.291619538128665,0.0230778630976468,0.00951054565481441,0.00431671790852424,0.0167460726446137,0.00144224963778732,0.0002403504055405,0.0155466855505863,0.00941514947462945
