Unknown,Source001,Source002,Source003,Source004,Source005,Source006,Source007,Source008,Source009,Source010
0.00180693464633454,0.703324130885005,0.196675869114995,0.00710013868006623,0.00163185528596587,0.00677018182251947,0.0235287193108037,0.0115911564383076,0.00920707435025217,0.0343007351789909,0.00406320428675949
