Unknown,Source001,Source002,Source003,Source004,Source005,Source006,Source007,Source008,Source009,Source010
0.0117410950318778,0.162310813548045,0.737689186451955,0.00985143481262315,0.00304401218923632,0.0126860269244428,0.00999990286286555,0.0252707297053083,0.0124851539812731,0.0134212712837346,0.00150037320863831
