Unknown,Source001,Source002,Source003,Source004,Source005,Source006,Source007,Source008,Source009,Source010
0.027452641594274,0.657941806354814,0.242058193645186,0.00383075274554599,0.015905358724171,0.0124602727791174,0.0173967213651463,0.00575270873752377,0.00335733822540523,0.00588752450206885,0.00795668132674738
