Unknown,Source001,Source002,Source003,Source004,Source005,Source006,Source007,Source008,Source009,Source010
0.00344933995900352,0.111145610817599,0.788854389182401,0.020520944259143,0.00428566091085569,0.0184699342292889,0.00345310793929819,0.00125890428029526,0.0126073089975306,0.0358187049493277,0.000136094475257111
