Unknown,Source001,Source002,Source003,Source004,Source005,Source006,Source007,Source008,Source009,Source010
0.013247414633177,0.674044319123195,0.225955680876806,0.00740240942386921,0.0060658902042851,0.0141468895274242,0.0281920103361476,0.00327717855173368,0.00531930664534891,0.00313690399237694,0.0192119966856374
