Unknown,Source001,Source002,Source003,Source004,Source005,Source006,Source007,Source008,Source009,Source010
0.0115900971430528,0.397462889923001,0.502537110076999,0.00588660212181919,0.0147692384270358,0.0100097758759066,0.0115354548916718,0.00472835823489586,0.0109128211233217,0.0158806982429266,0.0146869539393696
