Unknown,Source001,Source002,Source003,Source004,Source005,Source006,Source007,Source008,Source009,Source010
0.0182487544737325,0.576488809855604,0.323511190144396,0.0189754407018921,0.0056731538378876,0.0130663746082097,0.00793696501617622,0.00551497702538108,0.00360848306143946,0.0251593380429212,0.00181651323236009
