Unknown,Source001,Source002,Source003,Source004,Source005,Source006,Source007,Source008,Source009,Source010
0.00597029209452272,0.16512545438361,0.73487454561639,0.00144332120184709,0.00375955377749707,0.00584748139837704,0.0432304174832126,0.00214483003474371,0.0197874140062826,0.0100132109972371,0.00780347900628009
