Unknown,Source001,Source002,Source003,Source004,Source005,Source006,Source007,Source008,Source009,Source010
0.0147870407709518,0.567264136536328,0.332735863463672,0.00886472628348257,0.000764825101264049,0.0146770269719099,0.00204050668019465,0.00634957395583261,0.00697614406700982,0.0276924163959381,0.0178477397734166
