Unknown,Source001,Source002,Source003,Source004,Source005,Source006,Source007,Source008,Source009,Source010
0.00871637211210938,0.471516013479794,0.428483986520206,0.00421883200389383,3.90404582842998e-05,0.0318113343091943,0.00399027387032003,0.000647042046406246,0.0293716675357675,0.0211814638627043,2.39738013200574e-05
