Unknown,Source001,Source002,Source003,Source004,Source005,Source006,Source007,Source008,Source009,Source010
0.0167454855268377,0.237331552257811,0.662668447742189,0.00661692241000932,0.0172609916493977,0.00781158917346951,0.00224877842451645,0.013913396128282,0.0104091666340124,0.0247106156223171,0.000283054431157909
