Unknown,Source001,Source002,Source003,Source004,Source005,Source006,Source007,Source008,Source009,Source010
0.00517524254075155,0.501321256957369,0.398678743042631,0.0280503172169354,0.0100329243745572,0.00389099392366885,0.00210915323166139,0.00667439238827618,0.0302067840299607,0.00644544162579491,0.0074147506683939
