Unknown,Source001,Source002,Source003,Source004,Source005,Source006,Source007,Source008,Source009,Source010
0.00883089426510669,0.668293653570996,0.231706346429004,0.0357591776635241,0.00109435962740234,0.00181213516077591,0.00653540569836619,0.00772485673305735,0.0179282186266229,0.0172158932538932,0.00309905897125127
