Unknown,Source001,Source002,Source003,Source004,Source005,Source006,Source007,Source008,Source009,Source010
0.00241628598256364,0.272114778712692,0.627885221287308,0.000331297438178549,0.0070234843554741,0.0164951319543127,0.0208953361472656,0.0108610600974711,0.0141837261222326,0.0159308530614694,0.0118628248410323
