Unknown,Source001,Source002,Source003,Source004,Source005,Source006,Source007,Source008,Source009,Source010
0.00753026168770272,0.778173520275099,0.121826479724901,0.0019518719958265,0.0146095320991377,0.0362711270536189,0.00147850320104217,0.0115021035677017,0.0103737577261599,0.00990664861320571,0.00637619405560474
