Unknown,Source001,Source002,Source003,Source004,Source005,Source006,Source007,Source008,Source009,Source010
0.0270012699096714,0.633126392235452,0.266873607764548,0.000857167893154348,0.0235561552588858,0.000243699869521497,0.0130130680387523,0.00490639937544681,0.00976426670878719,0.00826099866800405,0.0123969742777766
