Unknown,Source001,Source002,Source003,Source004,Source005,Source006,Source007,Source008,Source009,Source010
0.014673763535593,0.107318941677323,0.792681058322677,0.00722004730972676,0.0045813719007268,0.0245601835951717,0.0186535146721374,0.0100388592280699,0.00760310640825235,0.0105300467775895,0.00213910657273266
