Unknown,Source001,Source002,Source003,Source004,Source005,Source006,Source007,Source008,Source009,Source010
0.0296697144025474,0.286188376232163,0.613811623767837,0.00202816602256059,0.0124529375113597,0.0040801287417592,0.000689592962250185,0.003831153250264,0.0353211201605442,0.0112443052039455,0.000682881744769222
