Unknown,Source001,Source002,Source003,Source004,Source005,Source006,Source007,Source008,Source009,Source010
0.00347487680142012,0.653178528035557,0.246821471964443,0.00363936635983512,0.00499347267168011,0.00512866194617118,0.0174954764907113,0.00349163169668213,0.00402100493313208,0.00670784983130774,0.0510476592690602
