Unknown,Source001,Source002,Source003,Source004,Source005,Source006,Source007,Source008,Source009,Source010
0.0129780352936444,0.343504685173685,0.556495314826315,0.0140883321872553,0.00127366297692676,0.0135931526615304,0.000449083743534426,0.00201646439144359,0.00826451254706317,0.015375625750814,0.0319611304477879
