Unknown,Source001,Source002,Source003,Source004,Source005,Source006,Source007,Source008,Source009,Source010
0.013764869429426,0.458930623751857,0.441069376248143,0.000432694019436112,0.0285776337627634,0.0127328649720742,0.0236502235206474,0.00147779016573522,0.00207619846249411,0.0129429171804312,0.00434480848699234
