Unknown,Source001,Source002,Source003,Source004,Source005,Source006,Source007,Source008,Source009,Source010
0.00853318177382813,0.284385441110827,0.615614558889173,0.0153388464067332,0.019407431541505,0.00362465871238204,0.00930369876684223,0.0148367789851089,0.00268091467882919,0.00262546038229506,0.0236490287524762
