Unknown,Source001,Source002,Source003,Source004,Source005,Source006,Source007,Source008,Source009,Source010
0.000819657443481284,0.276731472789498,0.623268527210502,0.0115399497402522,0.00642942480577037,0.00718905255842903,0.000945374401278761,0.0121219674732652,0.0221347532671491,0.0100700668353326,0.0287497534750414
