Unknown,Source001,Source002,Source003,Source004,Source005,Source006,Source007,Source008,Source009,Source010
0.000170908384611412,0.222054887043047,0.677945112956953,0.00246831977031711,0.0214992874814814,0.017988753799289,0.00882358034734189,0.00596994063931255,0.019226043760509,0.00823963138250761,0.0156135344346301
