Unknown,Source001,Source002,Source003,Source004,Source005,Source006,Source007,Source008,Source009,Source010
0.00405606998369582,0.134628158841351,0.765371841158649,0.0118395867600596,0.000536786739152998,0.0203228601128985,0.00682842932739523,0.0264364287371344,0.011653478452545,0.0160639085697256,0.00226245131739271
