Unknown,Source001,Source002,Source003,Source004,Source005,Source006,Source007,Source008,Source009,Source010
0.00213003068788892,0.787635095393417,0.112364904606583,4.98665232598435e-05,0.00193220429988043,0.0251604900201606,0.0202322669195561,0.0247843341304461,0.00533620776064262,0.0193804018772596,0.000994197780905792
