Unknown,Source001,Source002,Source003,Source004,Source005,Source006,Source007,Source008,Source009,Source010
0.0047738387651955,0.614226013981849,0.285773986018151,0.0240593396509402,0.00456370663686352,0.0109337210814605,0.00247455407985309,0.0055396747835768,0.0369797137422897,0.00600236417849832,0.00467308708132225
