Unknown,Source001,Source002,Source003,Source004,Source005,Source006,Source007,Source008,Source009,Source010
0.0150693396918875,0.643843584599249,0.256156415400751,0.00796186952359698,0.00461783661554821,0.00319139431879877,0.0076525045934994,0.0130900135604547,0.00894811825814136,0.0238483325714122,0.0156205908666609
