Unknown,Source001,Source002,Source003,Source004,Source005,Source006,Source007,Source008,Source009,Source010
0.00573235048456836,0.614000828744251,0.285999171255749,0.00653091271542761,0.0272487351512093,0.00917833142550542,0.0175046262165863,0.00919503318965281,0.00739074412841872,0.0149389961213457,0.00228027056728569
