Unknown,Source001,Source002,Source003,Source004,Source005,Source006,Source007,Source008,Source009,Source010
0.0332110638569949,0.285331543935402,0.614668456064598,0.00656425554095714,0.00973473821673627,0.00185744329798058,0.00365598338891264,0.00351446382994006,0.0115576509374422,0.0102213428901671,0.0196830580408691
