Unknown,Source001,Source002,Source003,Source004,Source005,Source006,Source007,Source008,Source009,Source010
0.0193313897287231,0.406895709030502,0.493104290969498,0.00613327695266292,0.0162328962595305,0.00780190052509084,0.0128149254900497,0.00933989199245671,0.0204749097511232,0.00624996478268568,0.00162084451767734
