Unknown,Source001,Source002,Source003,Source004,Source005,Source006,Source007,Source008,Source009,Source010
0.00755931990886725,0.695453745855466,0.204546254144534,0.00123996814775002,0.00182732496752388,0.00432104857474627,0.0340657808696667,0.00165941793206436,0.0244746682479771,0.010962093280528,0.0138903780708764
