Unknown,Source001,Source002,Source003,Source004,Source005,Source006,Source007,Source008,Source009,Source010
0.0249317187489684,0.779616680250366,0.120383319749634,0.00149641069723881,0.0203009924662698,0.0071038075936989,0.00500701757369115,0.00275876360293581,0.00382349955600191,0.0257806754976742,0.00879711426352099
