Unknown,Source001,Source002,Source003,Source004,Source005,Source006,Source007,Source008,Source009,Source010
0.00905889427636096,0.194411789856119,0.705588210143881,0.0107395977918009,0.017473507814287,0.0123952448115658,0.0088244312372632,0.00225727649295752,0.0138358098000925,0.00703587843867314,0.018379359336999
