Unknown,Source001,Source002,Source003,Source004,Source005,Source006,Source007,Source008,Source009,Source010
0.0161556514875756,0.202817840984818,0.697182159015182,0.00388489318244211,0.00356384802537522,7.63364840167021e-05,0.00191677804121397,0.000262864311828221,0.000196131446921137,0.00350510488329761,0.0704383921373294
