Unknown,Source001,Source002,Source003,Source004,Source005,Source006,Source007,Source008,Source009,Source010
0.0136402728711088,0.609193992261085,0.290806007738916,0.0123292479995674,0.012627000597236,0.0039866998091159,0.00736589174012523,0.00898844983543146,0.000470226153861735,0.0289598931835856,0.0116323178099679
