Unknown,Source001,Source002,Source003,Source004,Source005,Source006,Source007,Source008,Source009,Source010
0.000359836873986426,0.541291993867309,0.358708006132691,0.0112450260056885,0.00684255602409552,0.0291218745312819,0.000211546836204416,0.0157851309792809,0.0083036954425135,0.013839455735595,0.0142908775713539
