Unknown,Source001,Source002,Source003,Source004,Source005,Source006,Source007,Source008,Source009,Source010
0.0158453369981657,0.594845565759417,0.305154434240583,0.00707791158705294,0.0163542071789925,0.0116570615647177,0.00833144368521992,0.0250427836925702,0.00422220239802103,0.00806869874532495,0.00340035414993499
