Unknown,Source001,Source002,Source003,Source004,Source005,Source006,Source007,Source008,Source009,Source010
0.0208297522764297,0.723181905643626,0.176818094356374,0.00476083176729751,0.000212373465951478,0.0102368612952393,0.0106580445938719,0.000342645688781098,0.0198948074335489,0.0166701334686806,0.0163945500101995
