Unknown,Source001,Source002,Source003,Source004,Source005,Source006,Source007,Source008,Source009,Source010
0.0106674486723464,0.422635769843665,0.477364230156335,0.000398294640255401,0.0240704024438976,0.00369852083096,0.022639679208616,0.000466949407904476,0.00406666130516628,0.00712834169278532,0.0268637017980685
