Unknown,Source001,Source002,Source003,Source004,Source005,Source006,Source007,Source008,Source009,Source010
0.00893082437946116,0.795857981628755,0.104142018371246,0.00403521907167841,0.0145060536126027,0.0156379049329067,0.0244800779703964,0.0211494052282601,0.00502648348104123,0.00581216576452651,0.000421865559126745
