Unknown,Source001,Source002,Source003,Source004,Source005,Source006,Source007,Source008,Source009,Source010
0.00537939896957058,0.647683265793923,0.252316734206077,0.010840471214334,0.0351295713659823,0.000215239239985777,0.00302748780025889,0.002412419617416,0.00444534145516293,0.0372703221738248,0.00127974816346477
