Unknown,Source001,Source002,Source003,Source004,Source005,Source006,Source007,Source008,Source009,Source010
0.00759388420474436,0.292076922099649,0.607923077900351,0.0339924339605718,0.0131181269169991,0.0222322303141731,0.00718096590739292,0.000280456432630613,0.00384552992018502,0.00973929919513122,0.00201707314817185
