Unknown,Source001,Source002,Source003,Source004,Source005,Source006,Source007,Source008,Source009,Source010
0.00247736266396719,0.550263989144297,0.349736010855703,0.0179224773533923,0.0149094754588187,0.0118169183261518,0.0363751582001963,0.011962250769166,0.00327375145495311,0.00051943785874414,0.000743167914610367
