Unknown,Source001,Source002,Source003,Source004,Source005,Source006,Source007,Source008,Source009,Source010
0.013754317077518,0.276614755246177,0.623385244753823,0.0210193106888051,0.00305632807468532,0.0126099854490255,0.0113999034030238,0.00486040761342489,0.018627895203418,0.0066430622950092,0.00802879019509011
