Unknown,Source001,Source002,Source003,Source004,Source005,Source006,Source007,Source008,Source009,Source010
0.00550392602584702,0.225345013369712,0.674654986630288,0.00638529231821909,0.0181486925719012,0.00622279940732431,0.00545388745219877,0.00774225843574467,0.0302518516131291,0.018914642108614,0.00137665006702184
