Unknown,Source001,Source002,Source003,Source004,Source005,Source006,Source007,Source008,Source009,Source010
0.00528343504627399,0.444158128791409,0.455841871208591,1.55539168654096e-05,0.0118922838325641,0.0407718688126394,0.00431735774117964,0.0146971209795572,0.00700263889817465,0.0132877242955215,0.00273201647722408
