Unknown,Source001,Source002,Source003,Source004,Source005,Source006,Source007,Source008,Source009,Source010
0.00757932361971086,0.142843814938385,0.757156185061615,0.0164531515977385,0.0098876495295269,0.00503436163407869,0.0172614948276466,0.0129425446577905,0.0139105045588803,0.0128211179909236,0.00410985158370395
