Unknown,Source001,Source002,Source003,Source004,Source005,Source006,Source007,Source008,Source009,Source010
0.000804336835522799,0.533175680040264,0.366824319959736,0.00762223071334676,0.00209031134974726,0.0487325577152845,0.0214649084187377,0.00370274374559048,0.00409523286475057,0.000333996843144689,0.0111536815138753
