Unknown,Source001,Source002,Source003,Source004,Source005,Source006,Source007,Source008,Source009,Source010
0.0330161981732781,0.450381733716943,0.449618266283057,0.000563346064195226,0.0249205839282272,0.00820026912367105,0.00760020316477802,0.00108546295312473,0.0136371794535162,0.00798650186567877,0.00299025527353066
