Unknown,Source001,Source002,Source003,Source004,Source005,Source006,Source007,Source008,Source009,Source010
0.0102245699422304,0.394907835100702,0.505092164899298,0.0342706139147024,0.00724410924356575,0.0110434555739864,0.00159817055842505,0.0139350591152305,0.0119681093314124,0.00943972647052397,0.000276185849923162
