Unknown,Source001,Source002,Source003,Source004,Source005,Source006,Source007,Source008,Source009,Source010
0.0206195473072837,0.343743243522856,0.556256756477144,0.0147663360739542,0.0228438982587521,0.00452062131410818,0.00108576404233415,0.00769660736911902,0.00793061225556618,0.00217863664577979,0.0183579767331026
