Unknown,Source001,Source002,Source003,Source004,Source005,Source006,Source007,Source008,Source009,Source010
0.0107752500046146,0.729867148725232,0.170132851274768,0.000794099340084014,0.0005774618555547,0.0163494600045005,0.0227356484613941,0.00871067714753346,0.0132024332306245,0.0147548340588221,0.0121001358968721
