Unknown,Source001,Source002,Source003,Source004,Source005,Source006,Source007,Source008,Source009,Source010
0.0361643574405656,0.409270820553392,0.490729179446608,0.00671980946063883,0.00499943363898845,0.000660988887300017,0.00262750827029367,0.0145183448888488,0.00852554779538313,0.00603201676375582,0.0197519928542256
