Unknown,Source001,Source002,Source003,Source004,Source005,Source006,Source007,Source008,Source009,Source010
0.0016781289513848,0.627971599589481,0.272028400410519,0.00484896789446308,0.0173638528519574,0.00482772320749928,0.0015319818935632,0.00381956872818849,0.0112997974923839,0.0497573942308731,0.00487258474968668
