Unknown,Source001,Source002,Source003,Source004,Source005,Source006,Source007,Source008,Source009,Source010
0.00476455623816494,0.425772051260245,0.474227948739754,6.94520395294379e-05,0.00163843480309576,0.0261488464309315,0.00550913704885753,0.021209597975061,0.0162543981567407,0.00420413638955694,0.0202014409180622
