Unknown,Source001,Source002,Source003,Source004,Source005,Source006,Source007,Source008,Source009,Source010
0.00136237496973017,0.575710403174614,0.324289596825386,0.00936143508606123,0.00378062376614337,0.00803277579183984,0.0239406888310726,0.000656942654241173,0.0148840635086824,0.0223203265234238,0.0156607688688053
