Unknown,Source001,Source002,Source003,Source004,Source005,Source006,Source007,Source008,Source009,Source010
0.00573055714859902,0.374191232908953,0.525808767091047,0.010301071386119,0.0161779888067132,0.00691337280598245,0.0234684126454663,0.0055059639980878,0.00590770384481349,0.0084750822896488,0.01751984707457
