Unknown,Source001,Source002,Source003,Source004,Source005,Source006,Source007,Source008,Source009,Source010
0.00739944860575264,0.109099993009146,0.790900006990854,0.00330159884743397,0.0259936468257887,0.00994463268285183,0.0130055777026512,0.00634368117340035,0.00786620399330734,0.0168411432566609,0.00930406691215297
