Unknown,Source001,Source002,Source003,Source004,Source005,Source006,Source007,Source008,Source009,Source010
0.0150175451115908,0.562838350460392,0.337161649539608,0.00840092735935977,0.0309395222228946,0.032088086601591,0.000405569461968876,0.00659740395244311,0.000208348083855082,0.00425138994770437,0.00209120725859239
