Unknown,Source001,Source002,Source003,Source004,Source005,Source006,Source007,Source008,Source009,Source010
0.011264622733858,0.584336003743108,0.315663996256892,0.016043342024097,0.014855795772926,0.00584259270073792,0.00175624304825713,0.00934516478303214,0.0252034795257597,0.00921163936192297,0.00647712004940912
