Unknown,Source001,Source002,Source003,Source004,Source005,Source006,Source007,Source008,Source009,Source010
0.00555302287258885,0.656049301926505,0.243950698073495,0.0301996782403235,0.00469044828719225,0.0227797794293466,0.00615847796076953,0.00682140093316907,0.0158645770187376,0.00112169870655472,0.00681091655131779
