Unknown,Source001,Source002,Source003,Source004,Source005,Source006,Source007,Source008,Source009,Source010
0.00339992976895968,0.669891124697489,0.230108875302511,0.000420086687850714,0.00531220702590522,0.000734171757776069,0.014175868729318,0.00306478880408477,0.0219886961295804,0.0243143738851868,0.0265898772113383
