Unknown,Source001,Source002,Source003,Source004,Source005,Source006,Source007,Source008,Source009,Source010
0.00447610357610788,0.286439538876031,0.613560461123969,0.0224896657633709,0.00334115822465782,0.0160736068856656,0.00454418370895222,0.0138653307585947,8.48203896024609e-05,0.0254261836495458,0.00969894704350255
