Unknown,Source001,Source002,Source003,Source004,Source005,Source006,Source007,Source008,Source009,Source010
0.00692254932783946,0.252903838328182,0.647096161671817,0.00370549074812473,0.00221018803692068,0.013886000870516,0.000175982725381999,0.0433567465378697,0.0134218587519656,0.00787758910103845,0.00844359390034336
