Unknown,Source001,Source002,Source003,Source004,Source005,Source006,Source007,Source008,Source009,Source010
0.0151787446665922,0.265444685580516,0.634555314419484,0.0231152382377299,0.00286972789497878,0.0200737955401746,0.0066554160341433,0.00699174502062836,0.00696730844907935,0.00163252290540674,0.0165155012512668
