Unknown,Source001,Source002,Source003,Source004,Source005,Source006,Source007,Source008,Source009,Source010
0.0450788710256507,0.295326866379049,0.604673133620951,0.00374443366638719,0.0166657059614744,0.0099644702015237,0.00135518006776801,0.00536700777818372,0.00905915212704648,0.00791108588477638,0.000854093287189342
