Unknown,Source001,Source002,Source003,Source004,Source005,Source006,Source007,Source008,Source009,Source010
0.0117239405816934,0.473197921105347,0.426802078894653,0.00426643041619136,0.022691433593591,0.0157177076434239,0.00602249307359711,0.0244151667198996,0.00237319198381227,0.00121354297953589,0.0115760930082554
