Unknown,Source001,Source002,Source003,Source004,Source005,Source006,Source007,Source008,Source009,Source010
0.00870195271360381,0.505057165320018,0.394942834679982,0.00649546081611238,0.0147578662534545,0.000467602975941289,0.00213720896482429,0.0363504015440346,0.0254865452264392,0.00327523646992467,0.00232772503566524
