Unknown,Source001,Source002,Source003,Source004,Source005,Source006,Source007,Source008,Source009,Source010
0.00273297365352355,0.709489806293211,0.190510193706789,0.0103043213318115,0.00283717899621672,0.0129812307687103,0.0391568592077101,0.0209405881509117,0.00208456779674252,0.00661952368118401,0.0023427564131895
