Unknown,Source001,Source002,Source003,Source004,Source005,Source006,Source007,Source008,Source009,Source010
0.01539848469329,0.169474898194415,0.730525101805585,0.00754691557788197,0.000724695581719097,0.048472899409325,0.0147163571681446,0.000154214993605055,0.00781242219652996,0.00129012596741924,0.00388388441208505
