Unknown,Source001,Source002,Source003,Source004,Source005,Source006,Source007,Source008,Source009,Source010
0.0141859584322953,0.73072727286875,0.16927272713125,0.00177263597198867,0.0142400837474377,0.0044071869667381,0.00170101568245585,0.0190338304707597,0.00224154752265202,0.0243571412702552,0.0180605999354174
