Unknown,Source001,Source002,Source003,Source004,Source005,Source006,Source007,Source008,Source009,Source010
0.0110259332664935,0.168730525713175,0.731269474286825,0.00535342339907133,0.00597517326319767,0.0151148943096407,0.00208270457317093,0.0415481050809984,0.00790027979242168,0.00041881659099952,0.0105806697240063
