Unknown,Source001,Source002,Source003,Source004,Source005,Source006,Source007,Source008,Source009,Source010
0.00250073707881971,0.349356636838391,0.550643363161609,0.00990874911493592,0.0297234756169313,0.011686465208668,0.00645580145358451,0.0145546350591045,0.000487689056365119,0.0183550901831503,0.00632735722844066
