Unknown,Source001,Source002,Source003,Source004,Source005,Source006,Source007,Source008,Source009,Source010
0.00395930001833605,0.422141291705479,0.477858708294521,0.0195766075536577,0.00937352209935294,0.00888840261491153,0.010014486507681,0.00599368318338539,0.00312095007012144,0.0255818446696387,0.0134912032829152
