Unknown,Source001,Source002,Source003,Source004,Source005,Source006,Source007,Source008,Source009,Source010
0.0125833406559527,0.602926990922711,0.297073009077289,0.00528649673535394,0.00601063180872364,0.0123763453376782,0.0332286556920527,0.000954899287442188,0.00648854757161902,0.00684043337344066,0.016230649537737
