Unknown,Source001,Source002,Source003,Source004,Source005,Source006,Source007,Source008,Source009,Source010
0.00368469336485386,0.744659906382278,0.155340093617722,0.0232247415273862,0.000424340323002028,0.0480494836264624,0.00147546246019397,0.00360825306812166,0.0111743605077201,0.00213452064763937,0.00622414447462036
