Unknown,Source001,Source002,Source003,Source004,Source005,Source006,Source007,Source008,Source009,Source010
0.00716526908601996,0.217802310121643,0.682197689878357,0.00312417997139732,0.00474446372579481,0.00133818547410165,0.0257712814966831,0.00547316190751386,0.00743935292410284,0.00992462217708873,0.0350194832372977
