Unknown,Source001,Source002,Source003,Source004,Source005,Source006,Source007,Source008,Source009,Source010
0.00522121283587833,0.238896498190851,0.661103501809149,0.00294598258531709,0.000117179037418254,0.00126010974711795,0.00675737638469368,0.0177716264613492,0.0141174782768228,0.0411242200713239,0.0106848146000787
