Unknown,Source001,Source002,Source003,Source004,Source005,Source006,Source007,Source008,Source009,Source010,Source011,Source012,Source013,Source014,Source015,Source016,Source017,Source018,Source019,Source020,Source021,Source022,Source023,Source024,Source025,Source026,Source027,Source028,Source029,Source030,Source031,Source032,Source033,Source034,Source035,Source036,Source037,Source038,Source039,Source040,Source041,Source042,Source043,Source044,Source045,Source046,Source047,Source048,Source049,Source050
0.000862137689094507,0.328638638363571,0.571361361636428,2.02280542974666e-05,9.88810681353976e-05,0.000372910093958048,0.000118974024313267,0.0014308265478734,0.000265168502496935,0.000950672184554534,0.00154688536649841,0.000626741347859638,0.000764810163753804,0.00491070401082424,0.00611146450021482,0.00148139047674752,0.00141045701176219,0.00235927276240374,6.69364094906545e-05,0.00143627157688828,0.0122680782897839,0.00106402544476355,0.000671559141721066,0.00331814242824611,0.000570927485162182,0.00378511213663256,0.00121167048816434,0.000278640687840334,0.00169031684855906,0.00436579070514116,0.000789173883070809,0.00729354219452653,0.00412224851760305,0.000909906110757507,0.00188429783535563,1.92141851387702e-05,0.001052905891613,0.00132114068445268,0.000825549925827318,0.00535486385812097,0.000374995307829316,0.00139425987747085,0.00439157897151674,6.26887634339914e-05,0.00375249891146405,0.00264736622846515,0.00155640922666406,0.000921969083935353,0.00332590733286222,0.000884912110916415,0.00305557565179444
