Unknown,Source001,Source002,Source003,Source004,Source005,Source006,Source007,Source008,Source009,Source010,Source011,Source012,Source013,Source014,Source015,Source016,Source017,Source018,Source019,Source020,Source021,Source022,Source023,Source024,Source025,Source026,Source027,Source028,Source029,Source030,Source031,Source032,Source033,Source034,Source035,Source036,Source037,Source038,Source039,Source040,Source041,Source042,Source043,Source044,Source045,Source046,Source047,Source048,Source049,Source050
0.00387480562079497,0.471185138316954,0.428814861683046,0.00137186166750831,9.16299033666546e-05,0.00341585093795507,0.000192929878926837,0.00307017465150131,0.000738774188552183,0.000272496882898839,0.00135590963885686,0.000643322653454123,0.00158308188333391,0.00692292932679335,0.000819857361047122,0.00241975828488068,0.00188275601654442,0.00103813406145598,0.00732961305205529,1.66667848103828e-05,0.00490212641253124,0.00191466791062089,0.00283251800682372,0.00137679201915627,0.0034942628101128,0.000997699631221321,0.00258808830680523,0.0025198798378192,0.00023104740231289,0.00229877029146203,0.00530705903930993,0.00171872243181044,0.00266057389085381,0.000377446939254749,0.00132764054993449,0.00319843698633805,0.00491018507539525,0.000763314391018837,0.000642306807652107,0.00391172914373666,0.000849008035329412,0.00418531542545082,0.000286823275079365,0.000752215135847328,1.60404089406068e-05,0.00241198171124768,0.000116031306712451,0.000311973504381852,0.00092433232865228,0.00367285840055332,0.00145959978889866
