Unknown,Source001,Source002,Source003,Source004,Source005,Source006,Source007,Source008,Source009,Source010,Source011,Source012,Source013,Source014,Source015,Source016,Source017,Source018,Source019,Source020,Source021,Source022,Source023,Source024,Source025,Source026,Source027,Source028,Source029,Source030,Source031,Source032,Source033,Source034,Source035,Source036,Source037,Source038,Source039,Source040,Source041,Source042,Source043,Source044,Source045,Source046,Source047,Source048,Source049,Source050
0.00709337826731708,0.115502869770548,0.784497130229452,0.00127910111946982,0.00899185472722909,0.00231460188240751,0.00128817991865688,0.00131784487588426,0.00129657338508456,0.00121050929715455,0.000290572401127321,0.00262863105229932,0.000661427416513366,0.00281269775959332,0.00353087096276386,0.00638226906175342,0.001379702593317,0.00127235492816765,0.00115723829306561,0.000202627379494247,0.00135050232416636,0.000284421147919259,0.00299332162719089,0.00145216887393966,0.00142138967344266,0.000931030471883853,0.00356980010812443,0.00158820893688922,0.00237353722469374,0.000291532911273835,0.00313997882885189,0.0011713141071317,0.00942831078324971,0.00540450481002552,0.000179603860032798,0.000148708108716746,0.000837038604471453,5.38256530280267e-05,0.00230945670569345,0.000913051924941665,0.00035081885430306,0.00243809011167486,0.00489868920034085,0.000403168617605804,0.00218517830618739,0.000362835733287693,0.00169493827381698,0.00096957262152727,7.66365079436464e-05,0.000969793081870352,0.000698136684476339
