Unknown,Source001,Source002,Source003,Source004,Source005,Source006,Source007,Source008,Source009,Source010,Source011,Source012,Source013,Source014,Source015,Source016,Source017,Source018,Source019,Source020,Source021,Source022,Source023,Source024,Source025,Source026,Source027,Source028,Source029,Source030,Source031,Source032,Source033,Source034,Source035,Source036,Source037,Source038,Source039,Source040,Source041,Source042,Source043,Source044,Source045,Source046,Source047,Source048,Source049,Source050
4.04530254186047e-05,0.758193399010114,0.141806600989886,0.00204382615813012,0.00227733273679282,0.00152482000036733,0.00194107787908877,5.71913774590563e-05,2.2530073602286e-05,0.00108360761932577,0.00130550274603744,0.000233977363178471,0.00084959043000585,0.00387129594483355,0.00227864564117642,0.00242061247263068,0.00519584330841636,0.00249207651366521,4.61053814948951e-05,0.00834284058176801,0.000793134980173692,0.00882300057004961,0.000810660681550047,0.00110413152756574,0.000946324995231376,2.0970333212629e-05,0.00523550955999261,0.00440514069872353,0.00945369343377699,0.00024887210002603,0.00076338487232733,0.00532910857428947,0.000655779290489779,0.00362351549957041,3.81515716408381e-05,0.0044569204378936,0.00106170213031033,0.00159455946432194,0.00128057279372089,0.000321004517570241,0.000636303206549626,0.00139231903703904,0.000656409183671539,0.00146640176186874,0.000456242383876915,0.000184545335238463,0.000831628513521764,0.00180345615679896,0.003390245196855,0.000509267856616469,0.0016797140821347
