Unknown,Source001,Source002,Source003,Source004,Source005,Source006,Source007,Source008,Source009,Source010,Source011,Source012,Source013,Source014,Source015,Source016,Source017,Source018,Source019,Source020,Source021,Source022,Source023,Source024,Source025,Source026,Source027,Source028,Source029,Source030,Source031,Source032,Source033,Source034,Source035,Source036,Source037,Source038,Source039,Source040,Source041,Source042,Source043,Source044,Source045,Source046,Source047,Source048,Source049,Source050
0.00252297762800491,0.761788042890779,0.138211957109221,0.00198761790788392,0.00182395992420867,0.000526378422349693,0.00148644397222085,0.00215998556729112,0.00152364314367285,0.00356990839009592,0.000476715292398232,0.000776557831972765,0.00137605494461095,0.00471608839429294,0.00568651454531118,0.00156697812240522,0.000819363561651702,0.00086523571118034,0.00129683274590924,0.00260577160711934,0.00136031285035346,0.000227396763348313,0.000530333499994975,0.00158911614555856,6.93424276271027e-06,0.00135266315539385,0.00827294075585239,0.00694671724821444,0.00493471852184647,3.73820572780623e-05,0.000685614933717705,0.000303968008024432,0.000271240584230825,0.00897047275967083,0.00238303766932931,0.00185247910584397,0.00153416833788315,0.000487940346483353,0.00318136717656283,0.000248166026046257,0.000889603400253084,0.00120126979679634,0.00147075413837917,0.000895304539803617,0.00501771534115507,3.93572246623592e-05,0.00162477361463164,0.00201995033088232,0.00189077116990884,0.00154920203139735,0.00243730051115448
