Unknown,Source001,Source002,Source003,Source004,Source005,Source006,Source007,Source008,Source009,Source010,Source011,Source012,Source013,Source014,Source015,Source016,Source017,Source018,Source019,Source020,Source021,Source022,Source023,Source024,Source025,Source026,Source027,Source028,Source029,Source030,Source031,Source032,Source033,Source034,Source035,Source036,Source037,Source038,Source039,Source040,Source041,Source042,Source043,Source044,Source045,Source046,Source047,Source048,Source049,Source050
0.000832028354958479,0.230691984058454,0.669308015941546,0.000430093439210121,0.00664829067375514,0.000683790155900551,0.00414246841602275,0.0032460087880801,4.03320172625394e-05,0.00154943831848769,0.00100868539286246,0.0028288484761471,0.00232845659528511,0.00165918124790318,0.00311904098847691,0.000360002775799471,0.001859481922439,0.00148925683248515,0.000587388254521766,0.0069840556857488,1.37364014399438e-05,0.000846021255130902,0.000322517561683716,0.000683582327389256,0.00131978839892175,1.80464113173552e-05,0.00476694136571577,0.00684991637077585,0.00220928455476569,0.00505198223364498,0.00129248015046034,1.45115727362233e-05,0.00372801262826543,0.00180072377437019,0.00197470073078167,0.000180153071523072,0.00322922041992898,0.000184642211402002,0.00205312198940007,0.000825383709132903,0.000838045902854207,0.00104957078093811,0.00175002553714,0.00572229703450069,0.00263304096377686,0.00138763726584477,0.00528728092633445,0.000206030218540079,0.00263148773307341,0.000110074233809674,0.0012228939290553
