Unknown,Source001,Source002,Source003,Source004,Source005,Source006,Source007,Source008,Source009,Source010,Source011,Source012,Source013,Source014,Source015,Source016,Source017,Source018,Source019,Source020,Source021,Source022,Source023,Source024,Source025,Source026,Source027,Source028,Source029,Source030,Source031,Source032,Source033,Source034,Source035,Source036,Source037,Source038,Source039,Source040,Source041,Source042,Source043,Source044,Source045,Source046,Source047,Source048,Source049,Source050
0.000253503099945659,0.599449884554695,0.300550115445305,0.00264870354947697,0.000835985681492161,0.000683837738969288,0.00153832283285321,0.00191475702422621,0.00198778262905002,0.00077723639061098,0.00048100356599167,0.00128807918528901,0.00320239024741879,0.00278712127568008,0.000873820066669275,0.00797529730639059,0.00506323834010619,0.00439704806365816,0.000139604904438647,0.000575587739295123,0.000386826279308441,0.00190899676954713,0.00429472678718193,0.00694180412800554,0.00234954913089924,0.000340398471654948,0.00218052617280589,0.00138470920648516,0.000908076003974734,0.000474096342135841,0.00640098519586916,0.000388278426150952,0.000838828395084167,0.00114109909478269,0.000301896300412289,0.00216460193531148,0.00419419514426679,0.00570275782489079,0.00107363697204962,0.00485091532655268,0.00253873129959605,0.00197986212503299,0.000954824545744077,0.00310409885544734,0.00180363487030332,0.00166355315920395,0.000329534369702119,0.000605297674047302,0.000221517566885866,0.00021228873318749,0.000936433251918008
