Unknown,Source001,Source002,Source003,Source004,Source005,Source006,Source007,Source008,Source009,Source010,Source011,Source012,Source013,Source014,Source015,Source016,Source017,Source018,Source019,Source020,Source021,Source022,Source023,Source024,Source025,Source026,Source027,Source028,Source029,Source030,Source031,Source032,Source033,Source034,Source035,Source036,Source037,Source038,Source039,Source040,Source041,Source042,Source043,Source044,Source045,Source046,Source047,Source048,Source049,Source050
0.000478643054341099,0.75435718255521,0.14564281744479,0.000279676256407854,0.000848218856664262,0.00426056928303662,0.00832370482513546,0.00294396970823407,0.00221914242793519,0.00346144348416966,0.00265295122114482,0.00132908175100259,9.44662466139579e-05,0.000410018382833711,0.000438831847979686,0.00198346451891604,0.00293467764134312,0.00078217051384996,0.000806475569509857,0.00147662320840345,0.0037120898609553,0.001402638091429,0.0023807909866611,0.00337286546593774,0.0013274651693383,0.000270163837247551,0.00141055677938442,0.00237033799628735,0.00157618041271414,0.000143364270923955,0.00319886434093496,0.00261881510401871,0.00183275732232424,0.00197734331614407,0.00309190906122068,0.000415442559635528,0.00204238331724027,0.00096077376948134,0.00131251721877743,0.00176816488607339,0.00481695812930586,0.00512265555864373,0.00198960164050387,0.00168500629123743,0.000456051521067089,0.002591503379252,0.00142561921838641,0.00123797188113866,0.00251936280509153,0.00520655070768312,3.9166303439386e-05
