Unknown,Source001,Source002,Source003,Source004,Source005,Source006,Source007,Source008,Source009,Source010,Source011,Source012,Source013,Source014,Source015,Source016,Source017,Source018,Source019,Source020,Source021,Source022,Source023,Source024,Source025,Source026,Source027,Source028,Source029,Source030,Source031,Source032,Source033,Source034,Source035,Source036,Source037,Source038,Source039,Source040,Source041,Source042,Source043,Source044,Source045,Source046,Source047,Source048,Source049,Source050
0.000504672103747697,0.277795212390824,0.622204787609176,0.000736411270609627,0.00232560023120153,0.000731423759787676,0.00334537736550892,0.000629693703539634,0.00297543080836414,0.00330209660664832,0.00355167472594606,0.00122442856868498,0.00395434896858061,0.000120320252822563,0.00072015199454729,0.0015357539959032,0.000757341356670696,0.00230526744091673,0.0019475790913542,0.00410895365572132,0.000770444349584549,0.000102467521974282,0.000370898665874272,0.000499476292117427,0.000895736262856798,0.000102956185690519,0.000405487336911342,2.99773301311959e-05,0.00213188817871517,0.000745713714729194,0.00155964660384968,0.000645787457057021,0.0106420151359182,0.00070241400576908,6.37430835981667e-05,0.00212721099775371,0.00220034755717685,0.00206409666225045,0.000742509151364323,0.00227179071635644,0.00214001271461622,0.00818375238065547,0.000899426152027995,0.000564905068923081,0.00582786308351766,0.00773521626403129,0.00285809614171873,0.0016610383385857,0.00403007983952463,0.000825774482794703,0.0014227024233706
