Unknown,Source001,Source002,Source003,Source004,Source005,Source006,Source007,Source008,Source009,Source010,Source011,Source012,Source013,Source014,Source015,Source016,Source017,Source018,Source019,Source020,Source021,Source022,Source023,Source024,Source025,Source026,Source027,Source028,Source029,Source030,Source031,Source032,Source033,Source034,Source035,Source036,Source037,Source038,Source039,Source040,Source041,Source042,Source043,Source044,Source045,Source046,Source047,Source048,Source049,Source050
0.00174035810466805,0.69366059127437,0.20633940872563,0.000363948942440154,0.00280069134783266,0.00592065769671796,0.000543713803805046,0.000110401238724343,0.00243583998771971,0.000748229520022182,0.00315266291141245,0.00138023133493022,0.000100087851586865,0.000141105122963413,0.000310742392597672,0.00109022966967872,0.00357941758652039,0.00310635633940398,0.00122327823949265,0.00477555019226214,0.000229365526454298,0.00108231970463757,0.00143474990036542,0.00104734607395647,0.00412260621268027,0.00280604324371195,0.00160896661133456,0.00189545357705289,0.000935470135733638,0.00151349203281374,0.000711099000171741,0.00571117059327504,0.00205971060556703,0.00175836906659921,0.00507694958031203,0.00530588462179796,0.00169841100272939,0.00157941865761121,0.00237744221399225,0.00155310275312363,0.00276698181052641,0.0010427203078217,0.00174368714211328,0.00557349528501061,0.00257751934158214,0.000571889163409815,0.000374254442157586,0.000804032542473872,0.0039626948658113,8.69276920792414e-05,0.00246492401031513
