Unknown,Source001,Source002,Source003,Source004,Source005,Source006,Source007,Source008,Source009,Source010,Source011,Source012,Source013,Source014,Source015,Source016,Source017,Source018,Source019,Source020,Source021,Source022,Source023,Source024,Source025,Source026,Source027,Source028,Source029,Source030,Source031,Source032,Source033,Source034,Source035,Source036,Source037,Source038,Source039,Source040,Source041,Source042,Source043,Source044,Source045,Source046,Source047,Source048,Source049,Source050
0.000716699552114476,0.767591733150864,0.132408266849136,0.000291958638300501,0.000671776932094143,0.00315343554636213,0.00152336606743515,0.000628176422154333,0.004635499661204,0.00220859821172554,0.000872315848794199,0.000405495877529129,0.000283145516072993,0.000873294095962665,0.00230755899805269,0.000862603760483522,0.0012065316546155,0.000920106036804047,0.00174295579261198,0.00262698307192795,0.00997520453018101,0.00323895010633318,0.000468770467338221,0.000501263443209337,0.000804979783704019,0.00303180799216317,0.00773015752268431,0.00211465568898651,0.000286158108924423,0.000746904436721404,0.000230072748762049,0.000703577761782053,0.00162954961186207,0.00084137651926399,0.0021659616864118,0.00165717402052181,0.00511436131281855,0.00110564046633958,0.00499837781912469,0.00139317404393004,0.00245511270551499,0.00390743227662861,0.00184241661767074,0.00318775595995469,0.000719018895192268,0.00155657122217033,0.00514271223062391,0.00303082716916484,0.00307619710471627,0.000382752612931433,3.05834501247795e-05
