Unknown,Source001,Source002,Source003,Source004,Source005,Source006,Source007,Source008,Source009,Source010,Source011,Source012,Source013,Source014,Source015,Source016,Source017,Source018,Source019,Source020,Source021,Source022,Source023,Source024,Source025,Source026,Source027,Source028,Source029,Source030,Source031,Source032,Source033,Source034,Source035,Source036,Source037,Source038,Source039,Source040,Source041,Source042,Source043,Source044,Source045,Source046,Source047,Source048,Source049,Source050
0.00157673003198141,0.358039186086176,0.541960813913824,0.00130384086073538,0.00413340468211727,0.000126823389558253,0.00472095888898849,0.00432666940376917,0.00369032123819909,0.00267885254606146,9.59811880054314e-05,0.000397013191996696,0.00174844260211364,0.00300225622309998,0.00209091359217794,0.00463912568116264,0.00291194540126649,0.00462900593627494,0.000462857774829925,0.00185553993390451,0.00200947525349937,0.00180358358035976,6.9263463753022e-05,0.00844064199640057,0.00338564780420478,0.000155031433525381,0.00105212438641538,0.00171451591076095,0.00314024009894731,0.000891232075491184,0.000347328172271179,0.000182972350199384,0.000430281883793813,0.00156001547754703,0.000597924386964406,0.00195047273488098,0.000150833618296565,0.000343891248408927,0.000384623381655904,0.00142637833647955,0.000468447198963969,0.000636063346465701,0.00194800363524023,0.00619194646573343,0.00138817340397348,0.00492390607248407,0.00110485631667408,0.000959146023912655,0.00126589460345105,0.00465373045048965,0.00203267232251349
