Unknown,Source001,Source002,Source003,Source004,Source005,Source006,Source007,Source008,Source009,Source010,Source011,Source012,Source013,Source014,Source015,Source016,Source017,Source018,Source019,Source020,Source021,Source022,Source023,Source024,Source025,Source026,Source027,Source028,Source029,Source030,Source031,Source032,Source033,Source034,Source035,Source036,Source037,Source038,Source039,Source040,Source041,Source042,Source043,Source044,Source045,Source046,Source047,Source048,Source049,Source050
0.000943808604959996,0.708377143522586,0.191622856477414,0.000839566202541914,0.00302284681282496,0.000250607500923191,0.000487091437321875,0.00010831619007961,0.00411180139156133,0.00590507941634087,0.00118268991076097,0.000558220182845087,0.0017920127262472,0.00128468925346549,0.00131730513644482,0.00635186139678519,0.00455666954565453,0.00229492712972049,0.00165277381131537,0.000918458811326174,0.00377906196153379,0.00190389222859357,0.000759311474211992,0.000175199811443906,0.00116986220635929,0.0011346635512683,0.00287058659043437,0.000412786405112138,0.00137770925503938,0.00117059940764669,0.00138484523640117,0.000615352861162644,0.00128568270453232,0.0059690601772374,0.000143581568493581,0.00087345012404625,0.001715124193374,0.00743274072147594,0.00565174882982274,0.00703657731676502,0.000119760978877191,0.00117007365102543,0.00119275190756702,0.00312115516626054,0.000401825402246612,0.000398236605774907,0.00315953190940457,0.00105090715010965,0.00371546877732629,0.000367310265663101,0.00086241609967111
