Unknown,Source001,Source002,Source003,Source004,Source005,Source006,Source007,Source008,Source009,Source010,Source011,Source012,Source013,Source014,Source015,Source016,Source017,Source018,Source019,Source020,Source021,Source022,Source023,Source024,Source025,Source026,Source027,Source028,Source029,Source030,Source031,Source032,Source033,Source034,Source035,Source036,Source037,Source038,Source039,Source040,Source041,Source042,Source043,Source044,Source045,Source046,Source047,Source048,Source049,Source050
0.00240025141003973,0.614232021922983,0.285767978077017,0.000782377014983618,0.00830220332501854,0.0082979836304434,0.00166717494301011,7.74298889151171e-06,0.00778965183118801,0.0022845827976662,3.27393867409526e-05,0.000581329628793127,0.00322585069595038,0.00348964468452971,0.00114564902944902,0.000104138457979331,0.000318357080363397,0.00127640145938727,0.000163572161365265,0.000272097674799246,0.000978183068413791,7.70031567457074e-06,0.000957287485116005,0.00339779015937178,0.00105321325612187,0.00138234075591165,0.00462065391347192,0.00165362731370791,0.00122804948808874,0.00133703768152261,0.000436061849498038,0.000351010867389754,0.000169704348474949,0.000201972878181328,0.00223633536261215,0.000224198793104795,0.00488003242285302,1.04508011544287e-06,0.00221177417311174,0.00427893241958789,0.00392527529560576,0.000437203740783529,0.00773906371023982,0.00464632609309824,0.00095717889949168,0.00116432160531645,0.000335643394122148,0.00328237205706757,0.00101905218349543,0.00151391954256099,0.00123094364528964
