Unknown,Source001,Source002,Source003,Source004,Source005,Source006,Source007,Source008,Source009,Source010,Source011,Source012,Source013,Source014,Source015,Source016,Source017,Source018,Source019,Source020,Source021,Source022,Source023,Source024,Source025,Source026,Source027,Source028,Source029,Source030,Source031,Source032,Source033,Source034,Source035,Source036,Source037,Source038,Source039,Source040,Source041,Source042,Source043,Source044,Source045,Source046,Source047,Source048,Source049,Source050
0.00183464677249254,0.703527774916207,0.196472225083793,0.000306818565215015,0.00358239469066137,0.00116908887252528,0.00569618090623931,0.00116222792542786,0.000680620034461085,0.00188093692802619,0.00207927069035323,0.00100017213983116,0.00982936741580311,0.00241550885652888,0.000602087129605892,0.00187098134096942,0.00111633176599711,0.000498503199106912,0.000269550149341909,0.0038273542083926,0.000654734887233,0.00333669257974045,0.00130150524822199,0.00326577956460615,0.00139885461552575,0.00381425573881248,0.00239246638496376,0.00295037837722963,0.00348872603014483,0.00124255478513897,0.00295173388913176,0.000139982679800718,0.0028361551674707,0.0017630586657991,0.000492930796981538,0.000755539840333649,0.0021169489860316,0.00652586070449612,0.00125304053956118,0.000407383486927952,0.001809557082729,0.00126863786163267,0.000193102157574236,2.78798417404951e-05,0.000384565189964318,0.000133821827939184,0.00339837009718525,0.00267474946201576,0.00193682392187432,0.00353457136412068,0.00172729663409387
