Unknown,Source001,Source002,Source003,Source004,Source005,Source006,Source007,Source008,Source009,Source010,Source011,Source012,Source013,Source014,Source015,Source016,Source017,Source018,Source019,Source020,Source021,Source022,Source023,Source024,Source025,Source026,Source027,Source028,Source029,Source030,Source031,Source032,Source033,Source034,Source035,Source036,Source037,Source038,Source039,Source040,Source041,Source042,Source043,Source044,Source045,Source046,Source047,Source048,Source049,Source050
0.000271719387741499,0.533676822234693,0.366323177765307,0.00393732861129589,0.0107193792958431,0.00394486476124142,0.0044620152647267,0.00348315639589358,0.00174032283959441,0.000354802609991007,0.0015981848058216,0.000662120831903313,0.00531240320804277,0.000223683326464978,0.000950237043340481,0.00172221768004454,0.00127360453222616,0.000363270733487839,0.00117382090734465,0.001506998290292,0.000331032698798642,0.00056753087764235,0.00356975819293106,0.000804014964054741,0.0012977061254834,0.000459020590220751,0.00034370189862183,0.00100184708353662,0.00271512425210694,0.00694628933502077,0.000179156738223019,0.00108733125948632,0.000974267694293083,0.000462318985420362,0.00226347308694558,0.00393311266335469,0.00128502498054467,0.000337098990545811,0.00173652578299446,0.000250559316505705,0.00830316287392692,0.0044929585853537,0.000839388231868217,0.00127422239120189,0.000715389272858315,0.000601890317015362,0.000482945538462232,3.94149593923908e-05,0.000816639072179018,0.00455010389085569,0.00363885882485949
