Unknown,Source001,Source002,Source003,Source004,Source005,Source006,Source007,Source008,Source009,Source010,Source011,Source012,Source013,Source014,Source015,Source016,Source017,Source018,Source019,Source020,Source021,Source022,Source023,Source024,Source025,Source026,Source027,Source028,Source029,Source030,Source031,Source032,Source033,Source034,Source035,Source036,Source037,Source038,Source039,Source040,Source041,Source042,Source043,Source044,Source045,Source046,Source047,Source048,Source049,Source050
1.12029460320466e-06,0.420881294831668,0.479118705168332,0.00158381304681778,0.00305775356200663,0.0008891220173279,0.00125088142185802,0.0031805512656786,0.00115646012747536,0.00280611820767173,0.000502228404629479,0.00205240376980823,0.00398774581348477,0.000267732082441956,0.000165706635188199,0.00621049125273696,0.00214019898958255,0.003234364563039,0.0021656058733094,0.000270017537979307,0.00172682985962231,0.000747396227954663,8.78334715637645e-05,0.000864416630289716,0.000676463111789664,0.000162045262372937,0.00579140616882979,0.00297920530104718,0.00155041455145113,0.0010845709322244,0.0050273079412246,0.000505675355369074,0.00304696194122256,0.00237332028936518,0.00115061345200884,0.00339745783533338,0.00387827045451136,0.00501421077136607,7.94707653005375e-05,0.000176558091589339,0.00139894565738856,0.000680601567823531,0.00146595489764775,0.000210810786988795,0.000634155173330468,0.00842928466139849,0.00169358762945704,0.00170858584239146,0.000145846389154366,0.00102051150225357,0.00736897261209041
