Unknown,Source001,Source002,Source003,Source004,Source005,Source006,Source007,Source008,Source009,Source010,Source011,Source012,Source013,Source014,Source015,Source016,Source017,Source018,Source019,Source020,Source021,Source022,Source023,Source024,Source025,Source026,Source027,Source028,Source029,Source030,Source031,Source032,Source033,Source034,Source035,Source036,Source037,Source038,Source039,Source040,Source041,Source042,Source043,Source044,Source045,Source046,Source047,Source048,Source049,Source050
0.00190556122382754,0.256329380824919,0.643670619175081,0.00697252175806755,0.00274144743854791,0.00532902439439372,0.000716172510661789,0.000460310659560866,0.00537123900580242,0.000545564833420925,0.0044492188206842,0.00376837610430436,0.000189900719357847,0.000301727923961976,0.00135388079139465,0.00104130391414861,0.000544033169014987,0.000959374352390991,0.00181336124230898,0.00228506786313917,0.00329080912438083,0.00598828359861063,0.00177879949094248,0.000106636581819078,0.00473223538024333,0.00134113589368206,0.000890228124119971,0.00056188514811367,0.00510917019313399,0.00240977765384317,0.00237622375819589,0.00277278690819579,0.000704975773701613,1.53343394680704e-06,0.00134784238314488,0.00125162304442939,0.000608489512937475,0.00130862162830605,0.000813079015125242,0.0001160184017778,0.00158043207914802,0.00114019743047082,0.00123829291775753,0.000169453847092022,0.00298944487660594,0.000311542320349041,0.000291094233587375,0.00915191267577151,0.00127161726107207,0.0033569190760731,0.000240851508433904
