Unknown,Source001,Source002,Source003,Source004,Source005,Source006,Source007,Source008,Source009,Source010,Source011,Source012,Source013,Source014,Source015,Source016,Source017,Source018,Source019,Source020,Source021,Source022,Source023,Source024,Source025,Source026,Source027,Source028,Source029,Source030,Source031,Source032,Source033,Source034,Source035,Source036,Source037,Source038,Source039,Source040,Source041,Source042,Source043,Source044,Source045,Source046,Source047,Source048,Source049,Source050
0.000474238458359194,0.759090434046518,0.140909565953482,0.00329609793409276,0.00185458033454876,0.00538144696206504,0.00481270651294472,0.000202857118424891,0.00131284505881393,0.001049481111409,0.00320900838453591,0.00213959159405051,0.000349904434282953,0.00149628095959402,0.00175654626911142,0.00215644248271139,0.00201639158929187,0.000779069957878265,0.00174989565769974,0.0038271196537303,0.00359065914831264,0.0013946537631971,0.0024111527472425,0.0048269755862171,0.000519382332906651,0.000309086072854821,0.000796495831106723,0.00250781407094027,0.000915497052171832,0.0051108211917331,0.00214315808846329,1.28616326211296e-05,0.0013953956723494,0.00029997889928171,0.00338270142160771,0.00165097285961529,0.0017509540775462,0.00431186780062451,0.00273247456890248,0.00106877456993672,0.00392766145219691,0.00051432438809169,0.00330380051506793,0.00226719664324037,0.000979827759230598,0.00148776901423694,0.00479392266813246,0.000507902271390667,0.00199159553845295,0.000753119403013777,0.000476698485769798
