Unknown,Source001,Source002,Source003,Source004,Source005,Source006,Source007,Source008,Source009,Source010,Source011,Source012,Source013,Source014,Source015,Source016,Source017,Source018,Source019,Source020,Source021,Source022,Source023,Source024,Source025,Source026,Source027,Source028,Source029,Source030,Source031,Source032,Source033,Source034,Source035,Source036,Source037,Source038,Source039,Source040,Source041,Source042,Source043,Source044,Source045,Source046,Source047,Source048,Source049,Source050
0.00145280287890284,0.792438618671183,0.107561381328817,0.00100079638420172,0.00186144193191242,0.00416438356504105,0.000542475295939851,0.000683572100297402,0.00296564365768649,0.00390095987463074,0.0048529796969323,0.00400052287178632,0.00183364184394571,0.00287193873209701,0.00088418490203433,0.00867575398462036,0.000793729082271637,0.00241122463980148,0.00601597945173827,0.000269116331779033,0.00357126669856181,0.000416176976892315,0.00196335974346208,0.005855990597271,0.00227285366061278,8.76579671004427e-05,0.0016311725513393,0.000584059625090976,0.00382189870253246,0.00323759960588145,0.00340126144968813,0.00167884745482719,0.000342170641248894,0.00157765808536549,0.00164594145791785,0.000436659408913958,0.00259413896325529,0.00362680342058405,0.000156831873104592,0.00075124613736972,0.000416243700712958,0.000856012578426938,0.00169830864037118,0.000415208089192399,0.000939528598956479,0.000476778195533561,0.000696349561309367,0.00202397479798769,0.00146868651582123,0.00103342286869158,0.00114074420635785
