Unknown,Source001,Source002,Source003,Source004,Source005,Source006,Source007,Source008,Source009,Source010,Source011,Source012,Source013,Source014,Source015,Source016,Source017,Source018,Source019,Source020,Source021,Source022,Source023,Source024,Source025,Source026,Source027,Source028,Source029,Source030,Source031,Source032,Source033,Source034,Source035,Source036,Source037,Source038,Source039,Source040,Source041,Source042,Source043,Source044,Source045,Source046,Source047,Source048,Source049,Source050
0.00604808785826741,0.494930021100498,0.405069978899502,0.00282268128514145,0.000576288887320951,0.000467934376080535,0.00544285976841454,0.00177701381242574,0.00310576588678996,0.00104929680607535,0.000660326870071919,0.000204260027011102,0.00158450424202569,0.000631340335236663,0.00306802796351657,0.00196053668894569,0.00156527559547063,0.001353513404048,0.000984411328134123,0.00311326928882609,0.000203837518065492,0.00270623749973542,0.00331208248346626,0.00602951327047242,0.000918477747905073,0.000862577581093187,0.0075520163045903,0.000685419183308568,0.000815915466198871,0.00284441171065737,0.00141258684074434,0.00173735886852588,0.000478351193106163,0.000508317391140993,0.00325431691631728,0.000173106092226677,0.00570108865707978,0.00514745201178684,0.00179821420418713,0.00199887667470417,0.000343882661720555,0.00107338930664746,0.00515181789660857,9.22039008652868e-05,0.00265431256650212,0.000539089642501814,0.000168718514088925,0.000726016915294312,0.00188600352826472,0.00168074485138745,0.00112826817700414
