Unknown,Source001,Source002,Source003,Source004,Source005,Source006,Source007,Source008,Source009,Source010,Source011,Source012,Source013,Source014,Source015,Source016,Source017,Source018,Source019,Source020,Source021,Source022,Source023,Source024,Source025,Source026,Source027,Source028,Source029,Source030,Source031,Source032,Source033,Source034,Source035,Source036,Source037,Source038,Source039,Source040,Source041,Source042,Source043,Source044,Source045,Source046,Source047,Source048,Source049,Source050
0.000673125940587162,0.533198799983238,0.366801200016762,0.00598972068900293,0.00201607780685768,0.00315667204873216,0.000365827520387956,0.000659755719714207,0.000549443558361395,0.00514398357489196,0.00100671455403731,0.000873446756491766,0.00186247612733582,0.00301488813328574,0.000209841697741719,0.000893324900915854,0.000802577750502911,0.000964385092487643,0.00198568702288303,8.80052460436593e-05,0.00194745642112638,0.000294422395728184,0.00237246802323961,0.00416688817119178,0.000523297658301089,0.00349477384461454,0.00567723033743131,0.00143565706876406,0.0038903116261734,0.00159829915336017,0.000634621486810355,0.000874844466694505,0.00383874335189054,0.000839709736546,0.00842157635545026,3.58918407106293e-05,0.00367821472161917,9.1982386905212e-05,0.00199066288533594,0.00113013001870111,0.000317209374017993,0.00015005624434391,0.00114648775544711,0.000322046610144074,0.000745701659719066,0.0135293074404812,0.000830764091134344,0.00122842949241226,0.00321126905341705,0.000785799870196733,0.000539792317831168
