Unknown,Source001,Source002,Source003,Source004,Source005,Source006,Source007,Source008,Source009,Source010,Source011,Source012,Source013,Source014,Source015,Source016,Source017,Source018,Source019,Source020,Source021,Source022,Source023,Source024,Source025,Source026,Source027,Source028,Source029,Source030,Source031,Source032,Source033,Source034,Source035,Source036,Source037,Source038,Source039,Source040,Source041,Source042,Source043,Source044,Source045,Source046,Source047,Source048,Source049,Source050
0.00356136382219507,0.150873375069671,0.74912662493033,0.00216291971130525,0.00833946882192858,0.00325079075163354,0.000750668866268164,0.00403902035191886,0.00112549981563299,0.000584337635603659,0.00268312195418747,0.00123789524794589,0.000598337414658216,0.000654345653150074,0.000113840612742849,0.000829048247313793,0.00229045532525002,0.000117816870805638,6.48373293406668e-05,0.00104770752371342,0.00146337582721908,0.00167553192668842,0.00115121749170392,0.00272272063857597,0.00619240233083273,0.000572603002505373,0.00212525227452929,0.00271421124746328,0.00921685754215313,0.00239770736604046,0.000209581055433099,0.000299292510897773,0.00320511616697734,0.000708073122841097,0.00296529510757286,0.000197379052698933,0.00189184772108084,0.00420795130257018,0.000575133547666483,0.00366669336162554,0.000158531991268521,0.00104924859219942,0.000428349485660021,0.000124726338145876,0.00243093394377072,0.0016017771769454,0.00148121043466523,0.00238576900941486,0.00565783368916096,0.00288314147390584,0.000188759312193231
