Unknown,Source001,Source002,Source003,Source004,Source005,Source006,Source007,Source008,Source009,Source010,Source011,Source012,Source013,Source014,Source015,Source016,Source017,Source018,Source019,Source020,Source021,Source022,Source023,Source024,Source025,Source026,Source027,Source028,Source029,Source030,Source031,Source032,Source033,Source034,Source035,Source036,Source037,Source038,Source039,Source040,Source041,Source042,Source043,Source044,Source045,Source046,Source047,Source048,Source049,Source050
0.00408588235072422,0.284636111504877,0.615363888495123,0.00197659674066743,0.00195400883828003,0.00249931420671194,0.00150051206215842,0.00510604442998865,0.00182626682456341,0.00139674521673724,0.000441011250449665,0.00109094037543242,0.00203438909811489,0.00197063425269444,0.00384005716869873,0.00099339878297917,0.00110903840105898,0.00228229558126538,0.000220925592788083,0.000778578173807559,0.000761955780557788,0.00116303307217721,0.00237646801644458,0.0023873124176692,0.00245338108101377,0.000989969433854855,0.00401562885487741,0.00192638142133432,0.00318900966393818,0.0040821331710197,0.00526259304877166,0.00286676438445631,0.000986820473059022,0.00284885500322228,0.00456004769440262,0.00179900251871692,0.000475894931022932,0.00287707750392661,0.000768129519422678,0.000897248247701909,0.000146952641840275,0.00224919843391605,0.0023370552660722,0.00139102258172332,0.00132905576935947,0.000614462785217195,0.000294858323607906,0.000109758875205563,0.00246807243316383,0.00291821239115168,0.00434700491403191
