Unknown,Source001,Source002,Source003,Source004,Source005,Source006,Source007,Source008,Source009,Source010,Source011,Source012,Source013,Source014,Source015,Source016,Source017,Source018,Source019,Source020,Source021,Source022,Source023,Source024,Source025,Source026,Source027,Source028,Source029,Source030,Source031,Source032,Source033,Source034,Source035,Source036,Source037,Source038,Source039,Source040,Source041,Source042,Source043,Source044,Source045,Source046,Source047,Source048,Source049,Source050
0.000975501029125672,0.356045451574522,0.543954548425478,0.00368271434053926,0.002764258120588,0.00393314016600698,0.00444054852629456,0.000697183209609147,0.000357771462893021,0.0099529874082374,0.00206666078586901,0.000215038705305755,0.000672332323912703,0.00124029271174495,0.00331138692005229,0.00300110478828971,0.000438068414049757,0.000709744526557997,0.000148831977249512,0.000788635488077062,0.00301385017167715,0.00112578733699373,0.00486656823777096,0.00278690284115686,0.0023244478925506,0.000815865324661685,0.00110803710633086,0.00130342916597021,0.0010206371090915,0.00190394519789959,0.000772314043774602,0.00406274258342532,0.0029382543763654,0.00158020549031298,0.00448165895472978,0.00184686612859196,0.00115107338065486,0.00650164017400659,0.000530730837885806,0.00052434240958445,0.000350411739383382,0.00265081514222781,0.00377930157824608,0.00133598120431202,0.000843097297455085,0.0018698428766255,0.00213197202517994,0.000200386535952063,0.000190486635911579,0.00234485796948958,0.00024734732737925
