Unknown,Source001,Source002,Source003,Source004,Source005,Source006,Source007,Source008,Source009,Source010,Source011,Source012,Source013,Source014,Source015,Source016,Source017,Source018,Source019,Source020,Source021,Source022,Source023,Source024,Source025,Source026,Source027,Source028,Source029,Source030,Source031,Source032,Source033,Source034,Source035,Source036,Source037,Source038,Source039,Source040,Source041,Source042,Source043,Source044,Source045,Source046,Source047,Source048,Source049,Source050
0.000735554334943811,0.528032778012354,0.371967221987646,0.007315225629286,0.000772474634257206,0.00284705461164798,0.00323585516797701,0.000314200756276121,0.00603890811042448,0.00114072189083144,0.00123186088896876,0.00101141740466316,0.000416469190330141,0.000679828659920318,0.00374236137984204,9.28725421208937e-05,0.00312044192994301,4.9285409276339e-05,0.00962187287997355,0.00174518870268866,0.000824037156513856,0.00129585869220507,2.06011684682492e-05,0.00089571987387965,0.000560355674764434,0.00395726909276968,8.02080916398381e-05,0.00343413634501079,0.000748666008077117,0.00154248602858879,0.00168881006625497,0.000311081270113553,0.00167107387280626,0.00139817702108122,0.00138545035512679,0.000137336157042178,0.00128074660892421,0.00818027783898958,0.00012942649020516,0.000155921504103711,0.00308116556729725,0.00424440462248544,0.000415308636078869,0.00379528945924642,0.00089413848952827,0.00233873141290109,0.002875892199743,0.00186289583151987,0.000540434910219357,0.00520111023465602,0.000941395196388404
