Unknown,Source001,Source002,Source003,Source004,Source005,Source006,Source007,Source008,Source009,Source010,Source011,Source012,Source013,Source014,Source015,Source016,Source017,Source018,Source019,Source020,Source021,Source022,Source023,Source024,Source025,Source026,Source027,Source028,Source029,Source030,Source031,Source032,Source033,Source034,Source035,Source036,Source037,Source038,Source039,Source040,Source041,Source042,Source043,Source044,Source045,Source046,Source047,Source048,Source049,Source050
0.00301132853855299,0.63762743145822,0.26237256854178,0.000369583198125891,0.000865833952975727,0.0019052201127859,0.00155888384131748,0.000290314640960192,0.00552912004477239,0.0065762461252013,0.000670505313968979,0.000670691453411312,0.00052617965698966,0.000952535573119292,0.000515699139442287,0.00110802850983148,0.00505417594425458,0.00314562061922921,0.00448307940413634,0.00129377850558721,0.000807970880816353,0.00882258585800588,0.00161344849325865,0.0057305107493907,0.000839544498471483,0.000544667961049197,6.90160851940266e-05,0.000725628020149153,0.00187230657879827,0.000158877047996319,0.00134280297707174,0.00423065320474649,0.000618297149100206,0.00226995054630439,0.00157606773750604,0.00233971462371431,0.00780361474331668,0.00155082107080526,0.000876725249945243,0.00143495064850269,0.00162590535742539,0.00179022299439935,0.000575264379413521,0.000357125593930285,0.00183282425655588,0.0015265651054135,0.000396337315004109,0.000267987612316951,0.00509078307850085,0.00145063189960411,0.00133137370863071
