Unknown,Source001,Source002,Source003,Source004,Source005,Source006,Source007,Source008,Source009,Source010,Source011,Source012,Source013,Source014,Source015,Source016,Source017,Source018,Source019,Source020,Source021,Source022,Source023,Source024,Source025,Source026,Source027,Source028,Source029,Source030,Source031,Source032,Source033,Source034,Source035,Source036,Source037,Source038,Source039,Source040,Source041,Source042,Source043,Source044,Source045,Source046,Source047,Source048,Source049,Source050
0.000421986886207538,0.677757488027403,0.222242511972596,0.00193933228255084,0.00165104111311894,0.000115796225136462,0.00281803240136563,0.00629099461805808,0.000151950395873815,0.00217034862113316,0.00316042122475769,0.00103037971552431,0.000695143415058086,0.000889486720988578,0.00151768832012502,0.0032823451245208,0.000625225735352303,0.00428293901279446,0.000914439644534311,0.00238517180653686,8.33889028545432e-05,0.00209514668699117,0.00575221029190031,0.00103763466622448,0.000124744421938621,0.000569820764254204,0.00440701036701123,0.00328671933861013,0.000686209084355823,0.00464994628789667,0.000111393667997875,0.0015049428932383,0.00520420264674041,0.00129100321075739,0.00311423357846024,0.00249856732226401,0.00309173945777069,0.00188982599526535,0.00201647687356967,0.00278977955504523,0.00277579494005771,0.000212862385251198,0.00100931979570175,0.000452114447053276,0.000332850470385983,0.00293749038516367,0.00204501772954381,0.00128107943193203,0.000910265537102934,0.001400937492496,0.00609454810852838
