Unknown,Source001,Source002,Source003,Source004,Source005,Source006,Source007,Source008,Source009,Source010,Source011,Source012,Source013,Source014,Source015,Source016,Source017,Source018,Source019,Source020,Source021,Source022,Source023,Source024,Source025,Source026,Source027,Source028,Source029,Source030,Source031,Source032,Source033,Source034,Source035,Source036,Source037,Source038,Source039,Source040,Source041,Source042,Source043,Source044,Source045,Source046,Source047,Source048,Source049,Source050
0.000826976046931096,0.456163279058736,0.443836720941264,0.0020828607197776,0.00122028177304013,0.00232317379243811,0.00101088076979069,0.000136888561902713,0.00170737031578979,0.00377640352151942,0.00595490634241479,0.000277018236556097,0.00231309692437085,0.00465053869187924,0.000100419670668048,0.0010115971144196,0.000559159154118478,0.000550693424624832,0.00408326622567698,0.0032795727626105,0.00928352128695706,0.00082162288281871,0.000743712069810727,0.00515929877405933,0.000327411394971736,0.0024465894889494,0.00429003076784725,0.000569929900024402,0.00326317298995182,0.000560793830428361,0.00312790098272314,4.97748814945903e-05,0.00122416843687025,7.40975355316978e-05,0.000756953389122553,0.00815122261247544,0.00287582101068519,0.000612868883886199,0.00366898858898585,0.00108080101126211,0.00215862403317435,0.00288862127533902,0.00187606563568032,0.000208502775358965,0.00198070894491426,0.00154762160656399,0.00101048976247979,0.000201330159118381,8.14971766228844e-05,0.00117375949682615,0.00191899436653708
