Unknown,Source001,Source002,Source003,Source004,Source005,Source006,Source007,Source008,Source009,Source010,Source011,Source012,Source013,Source014,Source015,Source016,Source017,Source018,Source019,Source020,Source021,Source022,Source023,Source024,Source025,Source026,Source027,Source028,Source029,Source030,Source031,Source032,Source033,Source034,Source035,Source036,Source037,Source038,Source039,Source040,Source041,Source042,Source043,Source044,Source045,Source046,Source047,Source048,Source049,Source050
0.000306840544199409,0.434755640580606,0.465244359419394,0.00156200719495707,0.000186504497082793,3.64034199560857e-05,0.00360834298672021,0.000795631626392709,0.0012046426594752,0.0017588249775109,0.00144799986211363,0.00361053468882366,0.000399021111321544,0.00305351538565387,0.00158090379388368,0.00122801266982884,0.000291764475652332,0.00319783871444377,0.00299371967484517,0.00229460811138032,0.000775231638931878,0.00547391029031059,0.00218342850010645,0.001666243877575,0.00445755762673222,0.00293648452995515,0.00403302543221514,0.00144823833830071,0.00152427176554456,0.00461389090456636,0.00339855384906585,0.00182396180310082,0.00802468041124265,0.00017657854067334,0.00169502867736747,0.000822030256070357,0.00242296191348446,0.000236849056955954,0.000133033949512597,0.00101314058770226,0.000177253880908884,0.00279531739006318,0.000588577217163632,0.000563144922040522,0.00250922963062304,0.00124754732395026,0.00908296751280178,0.00167165623906214,0.000518427113984536,0.000144508741288766,0.00228515168445825
