Unknown,Source001,Source002,Source003,Source004,Source005,Source006,Source007,Source008,Source009,Source010,Source011,Source012,Source013,Source014,Source015,Source016,Source017,Source018,Source019,Source020,Source021,Source022,Source023,Source024,Source025,Source026,Source027,Source028,Source029,Source030,Source031,Source032,Source033,Source034,Source035,Source036,Source037,Source038,Source039,Source040,Source041,Source042,Source043,Source044,Source045,Source046,Source047,Source048,Source049,Source050
0.000422591015179315,0.344865274957743,0.555134725042257,0.000319658044043662,1.76277821158695e-05,0.00274238747662379,0.00149818167205387,0.000754409634576544,0.0035902945133206,0.00657641064037469,0.00147720006679092,0.000344954470659309,0.00421957925505531,0.000273066082342638,0.00241332717340427,0.000306111930106477,0.00499010685226579,0.00438159107791748,0.000672026246441887,0.00126179153753517,0.000482338254838878,0.000509607579966455,0.00132987227058104,0.00141137077781998,0.0023957794338897,0.000335763034905799,0.000325416143493602,0.000745816494179676,0.00375972168618664,0.000160076719823852,0.00220412478847069,0.00153855469554306,0.00107552804675565,0.00302777777331429,0.00144318480512101,0.00999277466693274,0.000995187244593541,0.000652038721096941,0.00234699836671458,4.98913918374931e-05,0.00567204815514215,0.000561462893365997,0.00305518996672749,0.000462489131190206,0.00274443201730768,0.00510790960123986,0.00171138208122903,0.000672019769157266,0.00099386369144371,0.0025501554990081,0.00542590882731525
