Unknown,Source001,Source002,Source003,Source004,Source005,Source006,Source007,Source008,Source009,Source010,Source011,Source012,Source013,Source014,Source015,Source016,Source017,Source018,Source019,Source020,Source021,Source022,Source023,Source024,Source025,Source026,Source027,Source028,Source029,Source030,Source031,Source032,Source033,Source034,Source035,Source036,Source037,Source038,Source039,Source040,Source041,Source042,Source043,Source044,Source045,Source046,Source047,Source048,Source049,Source050
0.00392831476476834,0.579243229451497,0.320756770548503,0.00444422964748686,0.000553708980018887,0.000677513510943122,0.000910630118216245,0.000370248156505681,0.00695819600121687,0.000299893483198916,0.000517532128688447,0.000188309987245392,0.00110657018356585,0.00021830319185861,0.00117610542303131,0.00503989330714149,0.00725205872516441,0.00699340769291311,0.0008359680113682,0.00177906323973963,0.00193171831148096,0.00469989854287635,0.000276100794984367,0.000737744567740718,0.00154659952643955,0.00111394029722314,0.000469167219982406,0.000749541861065502,0.00205267617124991,0.0023383585105914,0.00742531765133641,9.6625159778965e-05,0.00392544631131825,0.00239336671142361,0.000249620693014918,0.000179593149058955,0.00252645091618538,0.00199985550059867,0.000129032277460021,0.00210403770054813,0.00426434547267686,0.00152485666752597,0.00109445037545247,0.00157993789802846,0.00476522274929506,0.000186421554409132,0.00180918624398958,0.000658941225792112,0.00332896264299104,0.000291915751039972,0.000300720991370326
