Unknown,Source001,Source002,Source003,Source004,Source005,Source006,Source007,Source008,Source009,Source010,Source011,Source012,Source013,Source014,Source015,Source016,Source017,Source018,Source019,Source020,Source021,Source022,Source023,Source024,Source025,Source026,Source027,Source028,Source029,Source030,Source031,Source032,Source033,Source034,Source035,Source036,Source037,Source038,Source039,Source040,Source041,Source042,Source043,Source044,Source045,Source046,Source047,Source048,Source049,Source050
0.000509315470624151,0.444441182378563,0.455558817621437,0.00306729784888264,0.000375822986289798,0.00309671229842987,0.00378871500474655,0.00436197248084739,0.00333163757669347,0.000840112433033518,0.00387518543536442,0.000539024356056719,0.000706595701419408,0.000234095613029465,0.00239428277704516,0.000932399359070514,0.0037470181597252,0.000271882513227963,0.00323002491717537,0.00550659611997558,0.00500013170707604,0.000753305391262196,0.00042807586458405,0.00102534567873032,0.0108087183947035,0.000362832890733264,0.00161977853471725,0.00401755084318087,0.00303911715246881,0.00107271465398955,0.000150101207325037,0.000481524716459442,0.000230997547898388,0.000687470556010556,0.000582067880618679,0.00218918005346625,0.00119168436168439,0.0043822745870373,0.00245811177743058,0.000569922254053128,0.00215658290480579,4.2305529324474e-05,0.000120521877777422,0.00131688854431429,0.00050619577621526,0.0003188063759396,0.00414140330711489,0.00131808871818823,0.00237148326335438,0.00191529583421548,0.00393283076368338
