Unknown,Source001,Source002,Source003,Source004,Source005,Source006,Source007,Source008,Source009,Source010,Source011,Source012,Source013,Source014,Source015,Source016,Source017,Source018,Source019,Source020,Source021,Source022,Source023,Source024,Source025,Source026,Source027,Source028,Source029,Source030,Source031,Source032,Source033,Source034,Source035,Source036,Source037,Source038,Source039,Source040,Source041,Source042,Source043,Source044,Source045,Source046,Source047,Source048,Source049,Source050
0.00148749359963511,0.704866320987077,0.195133679012923,0.0041266866603784,0.00287418540362174,5.16968973968358e-05,0.00316212396274946,0.000210287951936979,0.00136149859459752,0.000275767886389888,0.000362504865070992,0.00360274773505969,0.000782950680382758,0.0017536975445532,0.000211959897126613,0.00216072993923666,0.000331707828922688,0.00531548814532391,0.00298446866608203,0.000996989793007872,0.00360511632766859,0.0012614084668352,4.58307822617239e-05,0.00343162611138641,0.000267686739463098,0.00155383689514611,0.0032041574195431,0.000641493238568818,0.000204094704791919,0.00116893679111473,0.00407344728650962,0.00728432839192639,0.00193848741910249,0.00327075765615815,0.00399917278655986,0.00147335348852116,0.000962241690320271,0.00527341201641722,0.00252425560225165,0.00416012600653006,0.00102184748044067,0.000426038202811739,0.00315387344881612,0.00575451886079462,0.000225883471775076,0.000535708762643826,1.77397274759472e-05,3.70624286352447e-05,0.00141884481111408,0.0029145889869308,0.00209713794601295
