Unknown,Source001,Source002,Source003,Source004,Source005,Source006,Source007,Source008,Source009,Source010,Source011,Source012,Source013,Source014,Source015,Source016,Source017,Source018,Source019,Source020,Source021,Source022,Source023,Source024,Source025,Source026,Source027,Source028,Source029,Source030,Source031,Source032,Source033,Source034,Source035,Source036,Source037,Source038,Source039,Source040,Source041,Source042,Source043,Source044,Source045,Source046,Source047,Source048,Source049,Source050
0.00179084851641496,0.780439903196097,0.119560096803903,0.000702225257547252,0.000608964997789944,0.00407825684846671,0.0021427030340782,0.00119630733405358,0.00216082178452134,0.000604294955348473,0.00348751320560978,0.000847858156137092,0.00167063913143741,0.00341165280808028,0.00246646439520208,0.00128779097464433,0.00247475963862552,0.0030260586701108,9.40066081344569e-05,0.00212393125447434,0.000109377787383378,0.0020349221400472,0.00268180867836023,0.000570172553575043,0.0030498669396636,0.00199741891927859,0.000524133138124103,0.00882116263089773,0.000871965089160035,0.00332354923701363,0.00108621548122382,0.00107842492669762,0.00058445465031925,0.000442769247170414,0.00254572648173955,0.00238299717872668,0.0032829439781824,0.00330897981569281,0.0083347242543561,0.00695157745646506,0.00213902631078624,6.09542579557872e-05,0.00257579964789087,0.000771150918149465,0.00145910443410525,2.18253691452043e-05,0.00152625298875678,0.000612198749838257,0.00118311852685401,0.000454013162857915,0.00103826747890637
