Unknown,Source001,Source002,Source003,Source004,Source005,Source006,Source007,Source008,Source009,Source010,Source011,Source012,Source013,Source014,Source015,Source016,Source017,Source018,Source019,Source020,Source021,Source022,Source023,Source024,Source025,Source026,Source027,Source028,Source029,Source030,Source031,Source032,Source033,Source034,Source035,Source036,Source037,Source038,Source039,Source040,Source041,Source042,Source043,Source044,Source045,Source046,Source047,Source048,Source049,Source050
5.75567419003576e-05,0.322370279316361,0.577629720683639,0.000808205527032333,0.0052333454105217,0.00419348091020043,0.000583137329146162,0.00623680092894261,0.00166833808180647,0.000555530517424138,0.00178312494745328,0.000202436103987068,0.000923274012491712,0.00161352947755111,0.00326641177361809,0.00209234956076279,0.00236964990851168,0.00112567411878419,0.000541775338251428,0.000852572668072504,0.000134571153662794,0.00046590756914144,0.00242134188329364,0.00211548685553853,0.00218502968159242,0.000613236497162128,0.00174149345478006,0.00329663075197628,0.00206049681362298,0.000754914830658849,0.0044308435876801,0.00131854463344169,2.11285511119678e-05,0.000862616971558694,0.000503998515897082,0.00179497859779337,0.00434004383791186,0.000700597620176845,0.00159840016916728,0.00458462890210015,0.00150163103294215,0.000218635088583845,0.00917025530911429,0.00345105254087652,0.00128856756918124,0.00026785748496295,0.00804498444519308,0.000598966242761068,1.85981751078546e-07,0.00100625649571596,0.00439952357419156
