Unknown,Source001,Source002,Source003,Source004,Source005,Source006,Source007,Source008,Source009,Source010,Source011,Source012,Source013,Source014,Source015,Source016,Source017,Source018,Source019,Source020,Source021,Source022,Source023,Source024,Source025,Source026,Source027,Source028,Source029,Source030,Source031,Source032,Source033,Source034,Source035,Source036,Source037,Source038,Source039,Source040,Source041,Source042,Source043,Source044,Source045,Source046,Source047,Source048,Source049,Source050
0.00564432570157845,0.739191530205638,0.160808469794362,0.00381798978218814,0.00098874689019778,0.000681486546068244,0.0040222505548501,0.00175105105511094,0.00171161608823433,0.00106663377179175,0.000110035739813386,0.00195562075684847,4.42121336772752e-05,0.000954189671724219,7.44740856664167e-05,0.000518627444607648,0.00285045047869377,0.000726933752204888,0.00220208708240118,0.000948826869821817,0.00293601221801975,0.00315201985334774,0.00020856404878389,0.00120780259671673,4.92347019672664e-05,0.00147133601793308,0.000267497188446103,0.00740293488524202,9.54230347817605e-05,7.60673328421933e-05,0.00458191738742451,0.000773110712859756,0.00220682096845157,0.00192355775130215,0.00150942942517483,0.00362997343967383,0.00422442170808836,0.000659738104065898,0.00823034442946564,0.00056779255659271,0.000939901408836922,0.000381448813783075,0.000295358989491822,0.00121468043195508,0.00380647480903609,0.00643324852294777,0.00109838018448431,0.00279285715599028,0.00172868853119803,0.00571634551657526,0.000349058869042753
