Unknown,Source001,Source002,Source003,Source004,Source005,Source006,Source007,Source008,Source009,Source010,Source011,Source012,Source013,Source014,Source015,Source016,Source017,Source018,Source019,Source020,Source021,Source022,Source023,Source024,Source025,Source026,Source027,Source028,Source029,Source030,Source031,Source032,Source033,Source034,Source035,Source036,Source037,Source038,Source039,Source040,Source041,Source042,Source043,Source044,Source045,Source046,Source047,Source048,Source049,Source050
0.000691070913404032,0.358225529765126,0.541774470234874,0.0013435537538681,0.000267775122270114,0.00324141869644861,0.00101678136637973,0.00347850843739135,0.00172154999420546,0.000720127526349965,0.00422833938295357,0.000250754380012638,0.00304357251729933,0.000248845554575598,0.00177415325057796,0.00439570623437495,0.00315242924938543,0.00101058345808353,0.00426917788250914,0.00425618158060891,0.00206343551669271,0.000492329207966908,0.000291745343816446,0.000351960314519711,0.00147055469678343,0.00146126232504491,8.44312718780053e-06,0.00155371766232257,0.000878191513575963,0.00317384094046216,0.0007395838325189,0.00627053030368849,0.000524694538638216,0.00276491798425208,0.000882429973454182,0.000121018828344177,0.0058030501795012,0.00232004342411529,0.00335013851604507,0.00157038358433647,0.0041152074396357,0.000834953529670245,0.00513436799470914,0.00441372478632994,2.73380577895891e-05,0.000271898023658816,0.000356199676666546,0.00281936135564221,0.00318279718185201,0.00209242673824832,0.00154892410183237
