Unknown,Source001,Source002,Source003,Source004,Source005,Source006,Source007,Source008,Source009,Source010,Source011,Source012,Source013,Source014,Source015,Source016,Source017,Source018,Source019,Source020,Source021,Source022,Source023,Source024,Source025,Source026,Source027,Source028,Source029,Source030,Source031,Source032,Source033,Source034,Source035,Source036,Source037,Source038,Source039,Source040,Source041,Source042,Source043,Source044,Source045,Source046,Source047,Source048,Source049,Source050
0.00207995408776358,0.202227830327187,0.697772169672813,5.52911273962061e-05,0.00102659348252985,0.000100525849508138,0.00132298379650743,0.00152394639779352,0.00205470179277988,0.00237939125033644,0.00273781282020899,0.00269965313212912,0.00396265211806869,0.00243105802085745,0.0083809980505061,0.00046358198120417,0.00165411081043738,2.84728625714794e-05,0.000227696907738766,0.000922483146033911,0.00796691565826088,0.00184388976316413,1.72490372985588e-05,0.00103361745144174,0.000853757436096698,0.00161014163032341,0.00124436460951098,0.000450227673012373,0.00250566976853548,0.00164168798088375,0.00220940011918307,0.00164232997552788,0.00202661402396811,0.00470318456901778,0.00103901746790194,0.00230532174024642,0.00101478264578743,0.000961601532492738,0.0006790667999773,0.00123551618129108,0.00631490827922484,0.000558334457803017,0.00212489734823679,0.00451938466835949,0.00234902978735874,0.0028414039339673,0.000137817795599796,0.00228238240192932,8.98114158438411e-05,0.000253770105472514,0.00749199610791148
