Unknown,Source001,Source002,Source003,Source004,Source005,Source006,Source007,Source008,Source009,Source010,Source011,Source012,Source013,Source014,Source015,Source016,Source017,Source018,Source019,Source020,Source021,Source022,Source023,Source024,Source025,Source026,Source027,Source028,Source029,Source030,Source031,Source032,Source033,Source034,Source035,Source036,Source037,Source038,Source039,Source040,Source041,Source042,Source043,Source044,Source045,Source046,Source047,Source048,Source049,Source050
0.00226476875281701,0.628383365141908,0.271616634858092,0.00171457317346956,0.00127749998390589,0.00129088217202834,0.000836971418436455,0.000153152956325062,0.00430473391265947,0.0037131494145472,0.00108432116957685,0.000834115365497798,0.00365266849480403,0.00631540597361958,0.00226120336865955,0.00207926812758873,0.00360986103065511,0.00133766761679073,0.00762525662574139,0.000203175803094002,0.000353271742168357,0.00207812369380867,0.00073266722575789,0.000327703069863037,0.0035416265470863,0.00318110801490856,0.001497100539469,0.000142498055505751,5.07472925545424e-05,0.00393842206131713,0.00236643527742061,0.0053817571335981,0.000190420023883114,0.000202412951962955,0.00109878587673378,0.00763952398798038,0.0027667796726541,9.9086205656352e-05,0.00270777485732443,0.00106859910611307,0.00450243960107409,0.0022413999328276,0.00145380154029232,0.00030207496677888,0.000541872709633734,6.28067612726962e-06,2.62583560633899e-06,0.00117888036850589,0.00234820249856431,0.0001726061188264,0.00332629705578023
