Unknown,Source001,Source002,Source003,Source004,Source005,Source006,Source007,Source008,Source009,Source010,Source011,Source012,Source013,Source014,Source015,Source016,Source017,Source018,Source019,Source020,Source021,Source022,Source023,Source024,Source025,Source026,Source027,Source028,Source029,Source030,Source031,Source032,Source033,Source034,Source035,Source036,Source037,Source038,Source039,Source040,Source041,Source042,Source043,Source044,Source045,Source046,Source047,Source048,Source049,Source050
0.000115008445824047,0.644185952052364,0.255814047947636,0.000122851422848034,0.000240781802023098,0.000867624408783261,0.00485437796207945,0.00313869999323035,0.00159252954311471,0.00289200103974476,0.00137723100343851,0.00225663811741909,0.000391937298344214,0.00729595048300985,0.00161371785403147,0.000117487949580468,0.00148714770111956,0.001182413479624,0.000731634844877766,0.00120011770912626,0.00167235748976667,0.00154909479526271,0.00685274604936102,0.00410264904605273,0.000281950578366991,0.000655785861905276,0.00313381827827739,0.00366780073332349,7.7165516956782e-05,0.00242825101409372,0.00359351949544299,0.000932378641030267,0.000200300510689495,0.00387014319308948,2.97423588629871e-05,0.000273241695997702,0.0114087165180895,0.00381199280626426,0.00454044972808272,0.00375291176445025,0.000430964504757371,0.000900596584543795,0.00176116707957188,0.00332065192995296,0.00119070500312667,3.17731301114425e-05,0.00136122650693309,0.000829860314506961,0.00102962548815738,0.000533227332465388,0.000297034992287701
