Unknown,Source001,Source002,Source003,Source004,Source005,Source006,Source007,Source008,Source009,Source010,Source011,Source012,Source013,Source014,Source015,Source016,Source017,Source018,Source019,Source020,Source021,Source022,Source023,Source024,Source025,Source026,Source027,Source028,Source029,Source030,Source031,Source032,Source033,Source034,Source035,Source036,Source037,Source038,Source039,Source040,Source041,Source042,Source043,Source044,Source045,Source046,Source047,Source048,Source049,Source050
0.00432543011248421,0.639879071021851,0.260120928978149,0.00117298856367699,0.0023505435035137,0.00188301247919436,0.00273708227939031,0.000350694643960638,0.00139951434132442,0.00545818488720147,0.00106011923437927,0.000296044475518543,0.000136972768848329,0.00163650594445084,0.000849578824487285,1.83266054085021e-05,0.0027000306518708,0.0015161169202978,0.00139051136615072,0.00222796756057619,0.0118121797982439,0.0043107633660702,0.00223349358696071,0.0043593876171375,0.00286538261925833,0.00257053807930571,0.00076083385774595,0.000265861674207518,0.000947849055834543,0.0031839875766727,0.00490962613383252,0.00304301472519497,0.00153475267131111,0.000759980697956609,0.000905660621726941,0.000696389719839294,0.00311260328422001,0.00149012524700653,0.000219745387150031,0.00153810345376677,0.000840046677389616,0.00264643211488063,0.000415601051953684,0.00309232681891122,0.00020529072179493,0.00193711537299393,0.00109234461121692,0.00481237633502318,0.000363122153240018,0.000171137562601011,0.00139430224381856
