Unknown,Source001,Source002,Source003,Source004,Source005,Source006,Source007,Source008,Source009,Source010,Source011,Source012,Source013,Source014,Source015,Source016,Source017,Source018,Source019,Source020,Source021,Source022,Source023,Source024,Source025,Source026,Source027,Source028,Source029,Source030,Source031,Source032,Source033,Source034,Source035,Source036,Source037,Source038,Source039,Source040,Source041,Source042,Source043,Source044,Source045,Source046,Source047,Source048,Source049,Source050
0.00138326296372038,0.560314189573241,0.339685810426759,0.000561229259823912,0.00094891720798909,0.00233169808864243,0.00432732961136338,0.00268961469881302,0.00100739679082697,0.00142994956285601,0.00585553928948955,0.000471555085088348,0.000333049715228468,0.00211382799128384,0.000623453487562969,0.000765910764735408,0.00233132148711882,0.000868353181016395,0.00166944010638721,0.000193116864221573,0.00200396479383825,0.000670387142817103,0.00230891945555007,0.00107551022186861,0.00216312147073519,0.0108365371610101,0.00032541152474392,0.00028507973664185,0.00300283383188597,0.000330844488028602,0.0066300825282707,0.00339279772864784,0.000455074995348887,0.000684923939989336,0.00546285865335833,0.000320101860660367,0.00346292146042627,0.0010938882655612,0.00167068820703657,0.00234920229770413,0.00487813493252858,0.00127435359097471,0.00364518573677381,0.00305705766816251,0.000217681278677698,0.00130996585952688,0.000373461096354983,0.0020227765779823,0.000274874899999462,0.000145927315809692,0.00437046512291827
