Unknown,Source001,Source002,Source003,Source004,Source005,Source006,Source007,Source008,Source009,Source010,Source011,Source012,Source013,Source014,Source015,Source016,Source017,Source018,Source019,Source020,Source021,Source022,Source023,Source024,Source025,Source026,Source027,Source028,Source029,Source030,Source031,Source032,Source033,Source034,Source035,Source036,Source037,Source038,Source039,Source040,Source041,Source042,Source043,Source044,Source045,Source046,Source047,Source048,Source049,Source050
0.000688562364663686,0.315303010299925,0.584696989700075,0.00237171136265338,0.00154168572944165,0.00182803040945923,0.00290051359599605,0.00405512574882143,0.00428638341294623,0.0012473269696352,0.000233589293402154,0.00647408161491386,0.00069297600250539,0.000397273992155493,0.00221033073681186,0.00108744270854564,0.00101235089690429,0.0102444256965235,0.00333949039827497,0.00134419158231586,0.00279586071722328,0.00505211700811362,0.0026437102103354,0.00199523445879211,0.00213689556896774,0.00112943645261674,0.000801368832412297,0.00134666639357811,0.000135141645079094,0.00099923688095255,0.00225482882535549,0.000723921804209406,0.00316830343229121,0.00177715912177553,0.000974070515758325,0.00189049203802912,0.00344013926037417,0.000992594661778909,0.000196450400005174,0.000952223456990756,0.00232395572722066,0.000549171544188916,0.00298728229238283,0.000430836509019307,0.00166847441612264,0.0021007374176891,0.00127485827598999,0.00177491172734172,0.000556920965052866,0.0037993690801579,0.00117213784422504
