Unknown,Source001,Source002,Source003,Source004,Source005,Source006,Source007,Source008,Source009,Source010,Source011,Source012,Source013,Source014,Source015,Source016,Source017,Source018,Source019,Source020,Source021,Source022,Source023,Source024,Source025,Source026,Source027,Source028,Source029,Source030,Source031,Source032,Source033,Source034,Source035,Source036,Source037,Source038,Source039,Source040,Source041,Source042,Source043,Source044,Source045,Source046,Source047,Source048,Source049,Source050
0.00250420223277863,0.424465685807156,0.475534314192844,0.000227744009694135,0.000669307032286533,0.00379806322501059,6.48868366903096e-05,0.00104313390557139,0.00487066894565478,2.78101625892829e-05,0.00105296835205717,0.00197239927850914,0.000917252588701869,0.00339489946108285,0.00448526077935239,0.00185971439307437,0.0013663921552737,0.000918911782847625,0.00218893285785493,0.000488266248009694,0.00289227247393709,0.000246786152875482,7.8211851133124e-06,0.00312464302708132,0.00239318457617128,0.00155230641449273,0.00196366704531953,0.00494391612996194,0.00724428310216986,0.000815630050825809,0.00092136101580038,0.00624841389795118,0.000601536476654971,0.000990340648008115,0.000479469859544951,0.00277392735819839,0.000931528557319213,0.000606824241972402,0.00331659636707638,0.00137616605754612,0.00129913682521046,0.00323415152058532,0.00899785423939898,0.00304473285579756,0.00233846564478779,0.00116929204915227,0.00161782840217333,0.000347689734269296,0.000609256793889278,0.00100649575010053,0.00105360729957529
