Unknown,Source001,Source002,Source003,Source004,Source005,Source006,Source007,Source008,Source009,Source010,Source011,Source012,Source013,Source014,Source015,Source016,Source017,Source018,Source019,Source020,Source021,Source022,Source023,Source024,Source025,Source026,Source027,Source028,Source029,Source030,Source031,Source032,Source033,Source034,Source035,Source036,Source037,Source038,Source039,Source040,Source041,Source042,Source043,Source044,Source045,Source046,Source047,Source048,Source049,Source050
0.0035540395024693,0.474431480206896,0.425568519793104,0.0077524889946011,0.0025437146179764,0.000774224590654268,0.000323907473101024,0.00661048110033584,0.00190497532970144,0.000383971755467717,0.000545196535639796,0.00540570624561169,0.000740159788769316,0.00333747059515533,0.00483346058279311,0.00095521257182682,0.00127839251886932,0.00116211430658027,0.00151080726560228,0.000110048857284026,0.000772052473632502,0.00235642982167766,0.000726396264287047,0.00242196357182311,0.00673491627869631,0.00183004531467059,0.000256179877566611,0.000555055551067856,0.0013425690857549,0.00206649829879254,0.00207123705023563,0.0039966368093385,0.000897259095646992,1.60411259330464e-05,0.0022384652375059,0.00179744807967062,0.00153389660237985,0.000816829734753218,0.00126582940164212,9.16174699287591e-06,0.00168341665506612,0.000108225444559341,0.000565702925754148,0.00455571058206216,0.0039740226227791,0.000800857441709342,0.00263717673366845,0.000847174037790382,0.00203635766447698,0.00451054226928023,0.00084952956834678
