Unknown,Source001,Source002,Source003,Source004,Source005,Source006,Source007,Source008,Source009,Source010,Source011,Source012,Source013,Source014,Source015,Source016,Source017,Source018,Source019,Source020,Source021,Source022,Source023,Source024,Source025,Source026,Source027,Source028,Source029,Source030,Source031,Source032,Source033,Source034,Source035,Source036,Source037,Source038,Source039,Source040,Source041,Source042,Source043,Source044,Source045,Source046,Source047,Source048,Source049,Source050
0.00120936121474689,0.660381865170851,0.239618134829149,0.00240492263608913,0.00238744382088768,0.000763642303547311,0.011162297406379,0.00498996693126156,0.00314833004557623,4.66298049057496e-05,0.00028548422892818,0.00180871951888182,0.000278945544451035,0.000368993651002183,0.000752829624896549,0.0102197983173219,0.00225169986348535,0.0012026114721937,0.0016834116004877,0.00126416789647956,5.93906826895115e-05,0.00149116332165644,0.00125638492435232,0.00098840539884934,0.000586812100190823,0.00200365065143008,0.00329851831309214,8.05205284998746e-05,5.82903301018584e-05,0.00280062003714411,0.00430784192997056,0.000333109779308116,0.0036786254313532,0.000513340141153258,0.00105091300193534,0.00326376062805911,0.00125704194256603,0.00168788666723343,0.0046033467082348,0.0017917611590389,0.000718111212425005,0.000580022188051357,8.0537426717051e-05,0.00409347474702679,0.00185192147805079,6.14383733231214e-05,0.00367915230307656,0.000589550538004361,0.00438080008111235,0.000197931201879631,0.00242642089195213
