Unknown,Source001,Source002,Source003,Source004,Source005,Source006,Source007,Source008,Source009,Source010,Source011,Source012,Source013,Source014,Source015,Source016,Source017,Source018,Source019,Source020,Source021,Source022,Source023,Source024,Source025,Source026,Source027,Source028,Source029,Source030,Source031,Source032,Source033,Source034,Source035,Source036,Source037,Source038,Source039,Source040,Source041,Source042,Source043,Source044,Source045,Source046,Source047,Source048,Source049,Source050
0.00213314501880779,0.358238157640864,0.541761842359136,0.0106701926745925,0.00394892007204988,0.000283450859446987,0.00267192757956708,0.000794170899500421,0.00032168242914665,0.00101909966676578,0.000581800070146662,0.000788771564921203,0.00315877412723125,8.15556410459511e-06,0.000819917373728045,0.0021413187045127,0.00225473088088117,0.000539761291954385,7.40197727933991e-05,0.000399702587546771,0.00316272298967626,0.000903506487534322,0.00277271117912038,0.00279011236208101,0.000293532327982005,0.000361799139854473,0.00548505814923936,0.00266745869486976,0.00276965838202201,0.00451144514776035,0.00147287268202736,0.00153858961288416,0.000512847655415527,0.00351834628175696,0.00362313558192333,0.000536550265986247,0.000297613505124592,0.000620669097352966,0.00434519738911505,0.00310905831226795,0.00269259884334945,0.0013478313326093,0.00534978605088544,0.000815690947363199,0.00110890571316611,0.00185536810843463,0.000185763300227259,0.00356580603532686,0.00208528554428947,0.00047795352158855,0.00261258422106835
