Unknown,Source001,Source002,Source003,Source004,Source005,Source006,Source007,Source008,Source009,Source010,Source011,Source012,Source013,Source014,Source015,Source016,Source017,Source018,Source019,Source020,Source021,Source022,Source023,Source024,Source025,Source026,Source027,Source028,Source029,Source030,Source031,Source032,Source033,Source034,Source035,Source036,Source037,Source038,Source039,Source040,Source041,Source042,Source043,Source044,Source045,Source046,Source047,Source048,Source049,Source050
0.00188338067423147,0.146723738182905,0.753276261817095,0.000122888200145968,0.000420372722543635,0.000876403753040123,0.000427069354177893,0.00269208660870758,0.000932564891500496,0.00161768113398632,0.00190293507014423,0.000314166642963416,0.00108373959805081,0.00252194089986485,0.00189189215855763,0.00101059486402689,0.00277042222723697,0.000193938342647898,0.000542997266468337,0.00181031161003844,0.0031551722888053,0.00130851526873305,0.00385853818711321,0.000696178238615852,0.00381703339719629,0.00463970510382013,0.00177475893797899,0.000184651532148591,0.000309889393314159,0.000310053551059526,0.00157285985357526,0.00567186468575744,0.00135429609589648,0.00298634053283326,0.00114329702185068,0.00784499160481881,0.00101264198095678,0.00407272201107624,0.00246429843956901,0.00244033591132592,0.0025276843781482,0.0015402778780838,0.000210858243746748,0.00245192955744225,0.00218591621782502,0.00255932392661376,0.00178115383086802,0.00235842591976373,0.000907039745956394,0.00748317189344124,0.0023606883533329
