Unknown,Source001,Source002,Source003,Source004,Source005,Source006,Source007,Source008,Source009,Source010,Source011,Source012,Source013,Source014,Source015,Source016,Source017,Source018,Source019,Source020,Source021,Source022,Source023,Source024,Source025,Source026,Source027,Source028,Source029,Source030,Source031,Source032,Source033,Source034,Source035,Source036,Source037,Source038,Source039,Source040,Source041,Source042,Source043,Source044,Source045,Source046,Source047,Source048,Source049,Source050
0.00124294824652432,0.106060685442531,0.793939314557469,0.0070530786787767,0.00160858285271054,0.00306980761228205,0.000157608305979012,0.00308661411991619,0.00448482254559712,0.000354133184698147,0.00198412827101508,0.000807254567120869,0.00121540398613362,0.0038403655769523,0.00270756959334546,0.000702548435658277,0.000536856213614211,0.00326052392452381,0.000534291981852629,0.00127256562824563,0.000106842358088289,0.00597782298551758,0.000475873540754364,0.0034766491971476,0.00166386403200901,0.000297584135828427,0.00722189193492267,0.000236502305463373,0.0019835405282386,0.00356807901404188,2.91587393021552e-05,0.000134470559830327,0.000356349391318249,0.00279230835927135,0.00340100439541714,0.00324893745427419,0.000927503281512424,0.00304829772899762,0.0023715555401177,0.000675503619219787,2.78846927151222e-05,0.000202640763936332,0.00371502038173963,0.00354142941565623,0.000806058994447622,0.00104314297693893,0.00648151540677884,0.000854141750653653,0.00161335018198195,0.000283311834686902,0.00151866077424608
