Unknown,Source001,Source002,Source003,Source004,Source005,Source006,Source007,Source008,Source009,Source010,Source011,Source012,Source013,Source014,Source015,Source016,Source017,Source018,Source019,Source020,Source021,Source022,Source023,Source024,Source025,Source026,Source027,Source028,Source029,Source030,Source031,Source032,Source033,Source034,Source035,Source036,Source037,Source038,Source039,Source040,Source041,Source042,Source043,Source044,Source045,Source046,Source047,Source048,Source049,Source050
0.00157441170980146,0.375523431199641,0.52447656880036,0.00391434541157641,0.00683380186768975,0.000149793328312035,0.0032804998080874,0.000694886016388639,0.00146174288551891,0.00296611201768272,0.00112415892639251,0.000879496916463736,1.4241743723722e-05,0.000847863741418357,0.000793900534054876,0.00111447510853424,0.00065537992992731,0.000977855035611709,0.00239045611217696,0.000721313150566071,0.00764853896984002,0.00157771658666902,0.00154234806513369,0.000479815970731857,0.00113508522199557,0.00660492704227362,0.00252428695800215,0.000741671949470424,0.00120184560910591,0.000980396622961912,0.00389119448086084,0.0011935617643001,0.000986620704941307,0.000807640736316571,0.00149930375506808,0.00163577389151609,0.000792195180538977,0.00273041353730187,0.000338792289502328,0.000585304298095636,0.000928515341383231,0.000710085714633453,0.00353926662721567,0.00259416742082486,0.00140819612750195,0.00878325230294928,0.00191699694733336,0.00127576360693421,0.00693593104305987,0.000172741044786588,0.0024429159448247
