Unknown,Source001,Source002,Source003,Source004,Source005,Source006,Source007,Source008,Source009,Source010,Source011,Source012,Source013,Source014,Source015,Source016,Source017,Source018,Source019,Source020,Source021,Source022,Source023,Source024,Source025,Source026,Source027,Source028,Source029,Source030,Source031,Source032,Source033,Source034,Source035,Source036,Source037,Source038,Source039,Source040,Source041,Source042,Source043,Source044,Source045,Source046,Source047,Source048,Source049,Source050
0.00199889120453815,0.14837867802909,0.75162132197091,0.00189224269862795,0.00469295413254195,0.000616689929597875,0.00202730766850567,0.00225565619434658,0.00795475933113903,0.000718697146286013,0.00227564090177414,0.00139880946210992,4.7724628611852e-05,0.0106654199798525,9.90993003052822e-05,0.00200005274595463,0.00301281033752201,0.00457090477037338,0.00118865946167434,0.000638454107611968,0.000716147778704531,0.00368807467581399,0.00181004249684484,0.00133839533107301,0.00139157662817915,0.000753051521370585,0.00477824506218464,0.00339963103165984,0.00520675616129174,2.095607719411e-05,0.0041524454435881,0.00156234634096341,0.00450059138955915,0.000225422158350814,0.00345567677639445,0.000859481285395522,0.00278680478861185,8.8303873465952e-05,0.000840644102989029,9.56029220397593e-05,0.000300162732864737,0.000589892762346642,0.000234255524562552,5.5726942263384e-05,0.000599597994499311,0.000851051718392344,0.00553178545872592,0.000374421969575157,0.000697921197520174,0.000737885934867201,0.000302327917334763
