Unknown,Source001,Source002,Source003,Source004,Source005,Source006,Source007,Source008,Source009,Source010,Source011,Source012,Source013,Source014,Source015,Source016,Source017,Source018,Source019,Source020,Source021,Source022,Source023,Source024,Source025,Source026,Source027,Source028,Source029,Source030,Source031,Source032,Source033,Source034,Source035,Source036,Source037,Source038,Source039,Source040,Source041,Source042,Source043,Source044,Source045,Source046,Source047,Source048,Source049,Source050
0.000174489099933966,0.317613818478949,0.582386181521051,0.00183031933103145,0.00278132917142374,0.000768354703959668,0.00514860216861329,0.00376074133968622,0.00359834599628901,0.000123718485005777,0.00363776144757491,0.001867401146503,0.00410195153160946,0.00143118228851526,0.0015325177600014,0.00223126133687632,0.000398599345191785,0.00111479102498869,0.00548426471997855,0.00235410614195078,0.00371250422715318,0.00164347262557724,0.00281523998652208,0.00155756345224576,0.000762309503001382,0.00521327792797143,0.0029229448502914,0.00036483554922153,0.0025949655085344,0.000188242766387209,0.000406062421992508,0.00153573754071134,0.00158793386998118,0.00230425416170568,0.00246403312488178,4.88655613516302e-05,0.00565994195494491,0.000436269392983097,0.00110462319687349,0.00255177674376787,0.00036258168306445,0.000784148157433449,0.00117947055439582,0.00384343417956202,0.00127509763615132,0.00138509380979182,0.000548132431703172,0.0047880733796272,0.00124406999423634,0.000125022059650412,0.00225028470915159
