Unknown,Source001,Source002,Source003,Source004,Source005,Source006,Source007,Source008,Source009,Source010,Source011,Source012,Source013,Source014,Source015,Source016,Source017,Source018,Source019,Source020,Source021,Source022,Source023,Source024,Source025,Source026,Source027,Source028,Source029,Source030,Source031,Source032,Source033,Source034,Source035,Source036,Source037,Source038,Source039,Source040,Source041,Source042,Source043,Source044,Source045,Source046,Source047,Source048,Source049,Source050
0.00185948419275614,0.666200093855548,0.233799906144452,0.000714475896035646,0.00157269954048827,0.0023389650124687,6.68945494376783e-05,0.00141084074319136,0.00132403655934521,0.000388853749434154,0.000134837525904748,0.00167823023356389,0.00472168318340449,0.000132143041112252,0.000816439483552214,0.00274172890674389,0.00173348828939934,0.000121746285834574,0.000325109538007782,0.00385912541651285,0.00201519750293371,0.00133682573106004,0.000107523792617874,0.00133939655503695,0.000560824732388106,0.00110741080642379,0.000703685273648597,0.000341866757737469,0.00341368942455477,0.000857122707421314,1.11684504451218e-05,0.00987916961064979,0.00251690467920587,0.000514652304034807,0.00539289659489641,0.00844630254367565,0.00210058206532772,0.000767769618694965,0.00768650854272533,0.00178842724443958,0.00118307939744796,4.39078429498737e-05,0.00130076560479845,0.00135214022998822,0.00243100775807673,0.00272388575848818,0.00265468468305523,0.00509383610720851,0.000471605795765843,0.00229380389832777,0.00362257583878215
