Unknown,Source001,Source002,Source003,Source004,Source005,Source006,Source007,Source008,Source009,Source010,Source011,Source012,Source013,Source014,Source015,Source016,Source017,Source018,Source019,Source020,Source021,Source022,Source023,Source024,Source025,Source026,Source027,Source028,Source029,Source030,Source031,Source032,Source033,Source034,Source035,Source036,Source037,Source038,Source039,Source040,Source041,Source042,Source043,Source044,Source045,Source046,Source047,Source048,Source049,Source050
0.000166790909502254,0.148481474818486,0.751518525181514,0.000708051224948423,0.00518717280539483,0.00113491898396476,0.000375322510313013,0.00151068476784483,0.000748824016681074,5.11486774259417e-05,0.000447773963750686,0.000488835780528842,0.00220563039628811,0.00312174643435756,0.00559622084613962,0.000184299059536039,0.000247278344836797,0.000243423085164392,0.00235188088372764,0.000596768833307017,0.000391932879372986,0.00505049746722651,0.00340218415123713,0.000315289756475668,0.00341912466650926,0.000488240713163488,0.00194728867724538,0.00138593930241777,0.00773523815691121,0.00365920796687533,0.000984665070379024,0.00146312569749174,0.000612966006273031,0.00211834350192687,0.00223283865436741,0.00154107694314288,0.00276102985385642,0.00469071509581192,0.00149057074190332,0.0108827384204969,0.000237875827145906,9.52792583013165e-05,0.00385111994982508,0.0012353475937116,0.00226773398362668,0.00436855066957678,0.00188261101202615,0.000409280156578049,0.00215238024428299,0.0012870474306945,0.000272988627434841
