Unknown,Source001,Source002,Source003,Source004,Source005,Source006,Source007,Source008,Source009,Source010,Source011,Source012,Source013,Source014,Source015,Source016,Source017,Source018,Source019,Source020,Source021,Source022,Source023,Source024,Source025,Source026,Source027,Source028,Source029,Source030,Source031,Source032,Source033,Source034,Source035,Source036,Source037,Source038,Source039,Source040,Source041,Source042,Source043,Source044,Source045,Source046,Source047,Source048,Source049,Source050
2.00535824663005e-05,0.332549734086878,0.567450265913122,0.000535186003324093,0.000610668505800906,0.00218969134644319,0.000658809990401535,0.00133105905356894,0.00422418309768492,0.00868663713194427,0.00299363992036053,0.00177806753968369,0.000777230855840105,0.000310859785472723,0.00338939706784247,0.00321455757901578,0.000637381545132104,0.00384916670406396,0.00271274011584161,0.000566753412745142,0.000258284844603141,0.00127590978646124,0.00225414233996934,0.00244527677284258,0.00578485532331458,0.00034175720267708,0.00553884255607416,0.00341148496222648,0.00186057305756959,0.0013461824003229,0.00241323165526178,0.000640904479137436,0.000940733711148755,0.00036963186760156,0.000408571964392198,0.000401284429449718,0.00246189981530917,0.000465152339098865,0.00331586642790322,2.40841410242288e-05,0.00287356536613398,0.00267272729796289,4.85206250983854e-05,0.00381066642063537,0.00645871498285827,0.00148552981160648,0.00371379558198135,0.000972642343837262,0.000493347685124189,0.00147073254534558,0.00155500402539596
