Unknown,Source001,Source002,Source003,Source004,Source005,Source006,Source007,Source008,Source009,Source010,Source011,Source012,Source013,Source014,Source015,Source016,Source017,Source018,Source019,Source020,Source021,Source022,Source023,Source024,Source025,Source026,Source027,Source028,Source029,Source030,Source031,Source032,Source033,Source034,Source035,Source036,Source037,Source038,Source039,Source040,Source041,Source042,Source043,Source044,Source045,Source046,Source047,Source048,Source049,Source050
0.00435524288532716,0.611580422988881,0.288419577011119,0.000249013808017826,0.000368931605797778,0.00554796652493396,0.000797688662831125,0.0013379274997583,0.00101211700040467,0.00127020232492282,0.00206433013613238,0.00185935359580192,0.00269785505987997,0.00686665030358398,3.72681328177114e-05,0.00572465923125319,0.00212546312484203,0.00274442827039861,0.00264047459145784,0.000816833123588105,0.00544094281020794,0.0013434041347297,0.00463469231803803,0.000886142982110957,0.00429007794311571,0.000442990413051943,0.00461636296025373,0.00149693027073167,0.000157346513469851,0.00216584962808264,0.00600784555462719,0.000260750737914473,0.00465565738957875,0.00124527124890355,0.000150159125308715,0.00272855387282955,0.00077688893355822,0.00112008783604404,0.000882649181068513,0.00158172600177447,0.00110558326563853,0.00112609277401973,0.000632407860192168,0.00123750847749374,5.85916607608784e-05,0.000301481240139315,0.00182266397254936,0.000133686214167229,0.00141035503695187,0.00100887291348245,0.00376202084745566
