Unknown,Source001,Source002,Source003,Source004,Source005,Source006,Source007,Source008,Source009,Source010,Source011,Source012,Source013,Source014,Source015,Source016,Source017,Source018,Source019,Source020,Source021,Source022,Source023,Source024,Source025,Source026,Source027,Source028,Source029,Source030,Source031,Source032,Source033,Source034,Source035,Source036,Source037,Source038,Source039,Source040,Source041,Source042,Source043,Source044,Source045,Source046,Source047,Source048,Source049,Source050
0.00345619400779184,0.689298353385133,0.210701646614867,0.0039500841903161,0.00102184915586699,0.00050295587772147,0.00102714029918481,0.000274811595883683,0.00184556490383131,0.000843304743375306,0.00577554241419017,0.000451310413299126,0.000783232492752729,0.00236146034825804,0.000597481018164908,0.00189315168725596,0.000434582733671856,0.00202851312026427,0.000260333752816764,0.00234379667671151,0.000405681017689049,0.00307859705565632,0.000890228552895791,0.00151300754485968,0.00375831994185085,0.00548825270217599,0.00130592356072107,0.00859807415633205,0.00291201645709894,0.000446759510629894,0.00278974501212586,0.00166849672320276,0.000885778772417488,0.000539054421205521,0.00385384039553952,1.68714536797447e-08,0.00445312228285939,0.000372061400784732,0.00346920510061161,0.000919412039790084,6.61209248188318e-05,0.00586970305466508,0.00102018752246471,0.0030610476676045,0.00230977884851329,0.000375107296027103,5.4726350635229e-05,0.00150272438737684,0.00273293189637619,0.00389347723644977,0.0019152918638113
