Unknown,Source001,Source002,Source003,Source004,Source005,Source006,Source007,Source008,Source009,Source010,Source011,Source012,Source013,Source014,Source015,Source016,Source017,Source018,Source019,Source020,Source021,Source022,Source023,Source024,Source025,Source026,Source027,Source028,Source029,Source030,Source031,Source032,Source033,Source034,Source035,Source036,Source037,Source038,Source039,Source040,Source041,Source042,Source043,Source044,Source045,Source046,Source047,Source048,Source049,Source050
0.00025094763375257,0.462265892933831,0.437734107066169,0.000318779308134191,0.00209264968420057,0.000176535522226927,0.00054635439741001,0.000979205536749906,0.00392800448162417,0.00681994869854556,0.00130718900130325,0.00189555503274723,0.00150280925535128,0.00228908039654825,0.00196058814637266,0.0103326297464099,0.0004707982931006,0.00279515358821811,0.0022437012567529,0.00336155340070443,0.00164899574953369,0.00138616116896054,0.00182232847322295,0.000751686034375933,0.000113708641859723,0.00118834093305215,0.000376312096939749,0.000507684413644766,0.00556509006976677,0.000791821478227368,0.00955990838463679,0.00310003527092307,0.00152896262257519,0.00101817592658712,0.000545806133560268,0.00102775922440042,0.00267268339703541,0.00137611933537914,0.000198591985092847,0.00145372541471345,0.00151686209653331,0.00260998779021964,0.00210148716785509,0.00222644305943871,0.000988257066532973,0.00129495740362523,0.00461287807890408,0.00105313869476312,0.00141233032637834,0.000444371760177162,0.00183390642093251
