Unknown,Source001,Source002,Source003,Source004,Source005,Source006,Source007,Source008,Source009,Source010,Source011,Source012,Source013,Source014,Source015,Source016,Source017,Source018,Source019,Source020,Source021,Source022,Source023,Source024,Source025,Source026,Source027,Source028,Source029,Source030,Source031,Source032,Source033,Source034,Source035,Source036,Source037,Source038,Source039,Source040,Source041,Source042,Source043,Source044,Source045,Source046,Source047,Source048,Source049,Source050
0.00424255586854741,0.548831093247136,0.351168906752864,0.001753467474902,0.00334488361580169,0.00347938477041165,0.0033285693936366,0.0016835807144768,0.00347345691694313,0.00279724293515788,0.00456070218016876,0.00432570678923688,0.000397863811068204,0.00227018438881108,0.000420184957673457,0.000667471725552264,0.00120864576302501,0.000698694823938521,0.00189427543728134,0.000969767500956574,0.00223936952206494,0.000215493282207081,0.00216983018472546,0.000430063283459859,0.0070882010270851,0.000941994509357904,0.000438620652539704,0.000928542823920973,0.000317762008563618,3.62587276723685e-05,0.00798725331765877,0.000194276044087993,0.00304588179033466,0.000563725398187374,0.00299176892045314,0.00205698348632576,0.0028371005973991,0.0029082047056214,0.00339127426689797,0.00275206530189989,0.000187249141894932,5.16111251564893e-05,0.00139873291730686,0.000708656312196064,0.000137478910067978,0.00497511408328575,0.000337302621463276,0.000513422978203916,0.00170609428573034,0.00304249693834145,0.00189053176830063
