Unknown,Source001,Source002,Source003,Source004,Source005,Source006,Source007,Source008,Source009,Source010,Source011,Source012,Source013,Source014,Source015,Source016,Source017,Source018,Source019,Source020,Source021,Source022,Source023,Source024,Source025,Source026,Source027,Source028,Source029,Source030,Source031,Source032,Source033,Source034,Source035,Source036,Source037,Source038,Source039,Source040,Source041,Source042,Source043,Source044,Source045,Source046,Source047,Source048,Source049,Source050
0.00062465923187081,0.374801150329695,0.525198849670305,0.00229353646619373,0.00093056612880301,9.50399021120456e-06,0.00062962041186648,0.000143386095078243,0.00284722779447239,0.00387107740960779,0.00292764272858221,0.000248185689757724,0.00102726956436688,0.00393855041263579,0.00278549382362278,0.00105403064401209,0.00892817851379842,0.00171995585870932,0.000336582037704338,0.00173593755343621,1.73796916185099e-05,0.00816479250619889,0.00187776583634434,0.000274876492935138,0.00206096137135505,0.000731051808733317,0.00253917346948976,0.000525194621689242,0.00130426277666987,0.000680898110355041,0.00103043297959095,0.00728747842391329,0.000652415027215553,0.00170768656929919,0.000857832167908227,0.00353992887126468,0.000566100702585883,0.000609113408029223,0.00262174225396101,0.000479979007408894,0.00394097851605749,0.00303518298125627,0.00173368944495994,0.000362590984177101,0.00183134534624028,8.57764587730626e-05,0.00235485106637907,0.00279862510668485,0.00807067140789345,0.000490203289750793,0.00171561494653215
