Unknown,Source001,Source002,Source003,Source004,Source005,Source006,Source007,Source008,Source009,Source010,Source011,Source012,Source013,Source014,Source015,Source016,Source017,Source018,Source019,Source020,Source021,Source022,Source023,Source024,Source025,Source026,Source027,Source028,Source029,Source030,Source031,Source032,Source033,Source034,Source035,Source036,Source037,Source038,Source039,Source040,Source041,Source042,Source043,Source044,Source045,Source046,Source047,Source048,Source049,Source050
0.00242751564775761,0.398319706972766,0.501680293027233,0.00241174587746042,0.00276829290159997,0.00156134212489716,0.000620396697632576,0.000991726871172262,0.000887831306690647,0.00148394963775063,0.000530075372782703,0.000763939985817605,0.00495111291477045,0.00189340440641287,0.00462525932296357,0.00028531988606145,0.00211909876497776,0.0025518323487549,0.00209428020125775,0.000631052332844975,0.00222865233654791,0.00107530550618158,0.0071010845480908,7.57897200459094e-05,0.00628671797183575,0.00145602990197995,0.00108969602259423,0.0023108623642423,0.000481962301775409,0.00103503629716074,1.267240317351e-05,0.00162538587797946,9.55660767317297e-05,0.00567447651428953,0.00315791768259793,4.49325669072717e-05,0.00141888872519957,0.000490115721548662,5.35261005154837e-05,0.000267410681513083,0.00194479431907282,0.00064204759901965,0.00356186181516328,0.000109055731807879,0.00329415020400649,0.00611452941511601,0.00191971307374876,8.73673006844413e-05,0.000185390740561309,0.00816054942673587,0.00440033445156734
