Unknown,Source001,Source002,Source003,Source004,Source005,Source006,Source007,Source008,Source009,Source010,Source011,Source012,Source013,Source014,Source015,Source016,Source017,Source018,Source019,Source020,Source021,Source022,Source023,Source024,Source025,Source026,Source027,Source028,Source029,Source030,Source031,Source032,Source033,Source034,Source035,Source036,Source037,Source038,Source039,Source040,Source041,Source042,Source043,Source044,Source045,Source046,Source047,Source048,Source049,Source050
0.000441120291498542,0.366260555055145,0.533739444944855,0.00345918611595415,0.00131156775031547,0.00309273771695374,0.00130680021840735,0.000165445155530615,1.84663631741909e-05,0.00279942109048577,0.000942997687360726,0.00263670404413329,0.000370952358686557,0.000829435673962414,0.000197387334618644,0.00555461685523841,0.00131761835125699,0.000660612075187152,0.000949488642616159,0.00208171255564928,0.00357282926049849,0.00491580154158908,0.00144720309831758,0.00414196696426673,0.00173642729664425,0.000601809874097883,0.00145598553846562,0.00128883956918182,0.00174397326256813,0.0063657148913436,0.00145091251163415,0.00253747310867525,0.00282780922561242,0.00159233643500718,0.000295223679580178,0.00258337688190703,0.00201919773019997,0.00987292278112362,0.000191828296378339,0.000167488990068928,0.000100614815941409,0.000888379312908383,6.90154223311534e-05,0.00121653420807095,9.97854475811867e-05,0.00760545541177429,0.00321658727106644,0.00213263867944448,0.00139358643110353,0.00413455698999948,0.000197454791589047
