Unknown,Source001,Source002,Source003,Source004,Source005,Source006,Source007,Source008,Source009,Source010,Source011,Source012,Source013,Source014,Source015,Source016,Source017,Source018,Source019,Source020,Source021,Source022,Source023,Source024,Source025,Source026,Source027,Source028,Source029,Source030,Source031,Source032,Source033,Source034,Source035,Source036,Source037,Source038,Source039,Source040,Source041,Source042,Source043,Source044,Source045,Source046,Source047,Source048,Source049,Source050
0.00228258047980131,0.375745381627676,0.524254618372324,0.00346054549364377,0.000265447607650705,0.0011278921456787,0.000452034090693663,0.00410344289052084,0.00526142256631009,0.00434440382000625,0.00112919328412083,0.000981632693052441,0.000523137678999941,0.00285881665273921,0.0012047881091046,0.00194140136681214,0.0017843549288599,0.00204706717502774,0.00162938743671704,0.00241942479309781,0.0018820650612322,0.00131250484669007,0.00392108390692429,0.000498153586015795,0.00170738369729905,0.00415809401653008,0.0028982999962623,0.00355213440164509,0.000158677883908741,0.00177759315902003,0.00392427466950973,0.00204945187094603,0.000750993158047679,0.000678630436862198,0.00257111546122279,0.000158118411940295,0.00137415616262678,0.00318674757021336,0.00298111459717684,0.000894671970121076,0.00393096639710071,0.00339205925277382,0.000175493264700559,0.00203940236911877,0.000477111740002034,0.00268448415091039,0.000367558552672919,0.00196640756011315,0.000969087151565899,0.00427701985138908,0.00146817163262115
