Unknown,Source001,Source002,Source003,Source004,Source005,Source006,Source007,Source008,Source009,Source010,Source011,Source012,Source013,Source014,Source015,Source016,Source017,Source018,Source019,Source020,Source021,Source022,Source023,Source024,Source025,Source026,Source027,Source028,Source029,Source030,Source031,Source032,Source033,Source034,Source035,Source036,Source037,Source038,Source039,Source040,Source041,Source042,Source043,Source044,Source045,Source046,Source047,Source048,Source049,Source050
0.00316646482716864,0.565211677824986,0.334788322175014,0.00269453192143642,0.00545158910101197,0.000831370512721024,0.00175889813522839,0.00543673115580927,0.000649779264251086,0.000479568617427324,0.00186645837832834,0.00142677586406189,0.000372121047003676,0.00316602434516821,0.000446824980065554,0.00212845448436206,5.99331621685407e-05,0.000904569786379119,5.35195099183995e-06,0.00169347337190575,0.000336851456191598,0.000927361567695929,0.000316891714915166,0.0014893433319,0.00236724898871977,0.00119220727086476,0.00232486190078616,0.00350715682093866,0.00254099871898926,0.00312221395506362,0.00375190330627363,0.00645891552044263,0.00396624640027314,0.00108064400604851,0.00228122071226039,0.00240156906047973,0.00486774921068234,0.00217046945252065,0.000154554636692585,0.000137087837023717,0.00152579405215639,0.00352133060299084,0.00468353448848268,0.00293351686052425,0.000922613932076942,0.0043449190805165,0.000265860344186764,0.00123948523562886,0.000152901190612392,0.00215310322366675,0.000322524214906228
