Unknown,Source001,Source002,Source003,Source004,Source005,Source006,Source007,Source008,Source009,Source010,Source011,Source012,Source013,Source014,Source015,Source016,Source017,Source018,Source019,Source020,Source021,Source022,Source023,Source024,Source025,Source026,Source027,Source028,Source029,Source030,Source031,Source032,Source033,Source034,Source035,Source036,Source037,Source038,Source039,Source040,Source041,Source042,Source043,Source044,Source045,Source046,Source047,Source048,Source049,Source050
0.00190385769886196,0.740112631558222,0.159887368441778,0.000807296706545073,1.64978523269264e-05,0.00130998787511981,5.26570335191524e-05,0.000370733056020222,0.00222814569659969,0.00266810371909949,0.00525098703233496,0.00322845820451838,0.00296231511342175,0.00408402956991975,0.000645169163297474,0.00478961514177636,0.0018395669649676,0.000848321104626173,0.000763372547886222,0.000933247044396193,0.00120523110834153,0.003924840278429,0.000439698150234331,0.00457696790468329,5.73780662748831e-05,0.0030554725149227,0.00322402346916246,0.00877258506330265,0.00464343680682222,0.00160229573695947,0.000305989110175809,0.00252806192125018,0.000454679956762971,0.000263468428669573,0.00306398804323129,8.26901737303401e-05,0.000336236713572282,0.000503801417917101,0.00266389032671195,0.00295887520477492,0.00550790590127526,0.00344576664937304,0.000410673189445664,0.00109313486900286,1.83172969224345e-05,0.00136122115162195,0.00058103708686672,0.00160292247109121,0.00103537818485939,0.00410272337168375,0.0014749479066916
