Unknown,Source001,Source002,Source003,Source004,Source005,Source006,Source007,Source008,Source009,Source010,Source011,Source012,Source013,Source014,Source015,Source016,Source017,Source018,Source019,Source020,Source021,Source022,Source023,Source024,Source025,Source026,Source027,Source028,Source029,Source030,Source031,Source032,Source033,Source034,Source035,Source036,Source037,Source038,Source039,Source040,Source041,Source042,Source043,Source044,Source045,Source046,Source047,Source048,Source049,Source050
0.00467524213871523,0.11645624993875,0.78354375006125,0.000359855198272447,2.30064101276169e-05,0.00234807467401163,0.00148082100848543,0.00163470780527976,0.00176124310603175,0.000356948934461636,8.09326060061548e-05,0.00248226204985379,0.000820010316719405,0.000945123074993153,0.000618231344928974,0.00331830039367577,0.000924746653784856,0.00206443762264811,0.00447158912526901,0.00623353151924831,0.00115060483639544,0.000560251992737847,0.00479766504033625,0.00227186193429732,0.00125635981153136,0.00175578257979286,0.000792114522599706,0.00313343300172289,0.000584820155785879,0.00059976433935916,0.00506505894921544,0.00333380116908449,3.64966325038013e-05,0.00633158692826112,0.00521244938428931,0.000523863747100583,0.00218508748299835,0.000275736707055246,0.000965283473277374,0.000678398814659479,0.00120493699626871,0.00151736459768284,0.00325641622721932,0.0072466512198261,0.000816415136100442,0.00137565559331946,0.00350390534931691,0.00204570426420036,0.00056587178261372,0.000968829534809032,0.00138876381312614
