Unknown,Source001,Source002,Source003,Source004,Source005,Source006,Source007,Source008,Source009,Source010,Source011,Source012,Source013,Source014,Source015,Source016,Source017,Source018,Source019,Source020,Source021,Source022,Source023,Source024,Source025,Source026,Source027,Source028,Source029,Source030,Source031,Source032,Source033,Source034,Source035,Source036,Source037,Source038,Source039,Source040,Source041,Source042,Source043,Source044,Source045,Source046,Source047,Source048,Source049,Source050
0.000809432502402964,0.763245688170655,0.136754311829345,0.000497891465271881,0.00141875663796293,0.00049865491368036,0.00243293312288275,0.003592917440807,0.00303250182737274,0.000836992612901861,0.00320240869981067,0.0030554964741611,0.000326505720754099,0.000727126186381296,0.00210390389178024,0.00112174664647546,0.00257994220856231,0.000881036633650225,0.00147662200098632,0.00281090372294707,0.00180691601646449,0.004534816530429,0.00149800797787273,0.00508515106900564,0.000915892139035875,0.003431595636611,0.00183289899541801,0.00066764900584564,0.00194738798509471,0.00532215739861157,0.000776977296473404,0.000274472783263484,0.00252294616855184,0.00110807020507927,0.00506911329860711,2.88424940575545e-06,0.00291189995927146,2.71932200491184e-05,0.000780105117630032,0.00393140302466606,0.00182489052313006,0.00180422116386494,0.000740242930732858,0.00202084104657762,0.00453476035883413,0.00479184095495741,5.30404006317525e-05,0.00346574861476495,0.000878311118589212,0.00156128745188054,0.00247150464985906
