Unknown,Source001,Source002,Source003,Source004,Source005,Source006,Source007,Source008,Source009,Source010,Source011,Source012,Source013,Source014,Source015,Source016,Source017,Source018,Source019,Source020,Source021,Source022,Source023,Source024,Source025,Source026,Source027,Source028,Source029,Source030,Source031,Source032,Source033,Source034,Source035,Source036,Source037,Source038,Source039,Source040,Source041,Source042,Source043,Source044,Source045,Source046,Source047,Source048,Source049,Source050
0.00259576267413963,0.308318396493871,0.591681603506129,0.000203460475610222,0.00121587563338467,0.00861993689607495,0.00362990030426964,0.00162684937018958,0.00197654226021376,0.000211638172007427,0.00130720740070791,0.000424711893060346,0.00130177158303181,7.52759136908146e-05,0.000125845164818237,0.00661921641620454,0.00406803998103984,0.00366072631183149,0.0013165050885432,0.000299956324383698,0.000310176970841691,0.00548209592419385,0.00191466375951843,0.00090175350592194,0.00143295157039381,0.00117396054338639,0.00579884449029923,0.000530959985304944,0.000895337109476135,0.000302948102549006,0.00616755747527453,0.000390886801146805,0.000345680655394597,6.53824442407743e-05,0.000605937101907667,0.000570221486622935,0.000973731646935557,0.0046543462958632,0.00716257027854789,0.00550502089676637,1.4400488745084e-05,0.000167352674058928,0.00045142435082242,0.000515729750468692,0.000219613907252366,0.00425523112110306,0.00173938989083982,0.00279213394301557,0.00282909502746907,0.00199982699499158,0.000551552943445838
