Unknown,Source001,Source002,Source003,Source004,Source005,Source006,Source007,Source008,Source009,Source010,Source011,Source012,Source013,Source014,Source015,Source016,Source017,Source018,Source019,Source020,Source021,Source022,Source023,Source024,Source025,Source026,Source027,Source028,Source029,Source030,Source031,Source032,Source033,Source034,Source035,Source036,Source037,Source038,Source039,Source040,Source041,Source042,Source043,Source044,Source045,Source046,Source047,Source048,Source049,Source050
8.85926892873021e-05,0.176407062337306,0.723592937662694,0.00144276466666746,0.000464718330210433,0.00255793487680135,0.00152792734763927,0.000326593416052543,0.000310401260883518,0.000331855515741821,0.00154153091381131,0.000407170858771589,0.00559325140823071,0.000815429305317623,6.26936027502341e-05,0.00145099284566484,0.000131047808391201,0.00088413411371811,0.00259308603602326,0.00434053353947666,0.00121472292212946,0.00750530789644956,0.00186506979714569,0.00116242679712538,0.00161933473908249,0.000560884914801778,0.0044507082093794,0.00309228544943353,0.000903310600957111,0.00772550383002171,0.00040917934612997,0.000860755508311666,0.0041815603089132,0.000598370143505873,0.00101981317573544,0.00454758018264778,0.00032611557252189,0.000840828475072578,0.000290894676920051,0.0032134110163551,0.00453242592296359,0.00144658211727758,0.000868822952603955,0.00317510204715277,0.00649231728132128,0.00291992894164999,0.000332200397911337,0.00181518502339327,0.00215997821360418,0.00439861147191475,0.000600123532128411
