Unknown,Source001,Source002,Source003,Source004,Source005,Source006,Source007,Source008,Source009,Source010,Source011,Source012,Source013,Source014,Source015,Source016,Source017,Source018,Source019,Source020,Source021,Source022,Source023,Source024,Source025,Source026,Source027,Source028,Source029,Source030,Source031,Source032,Source033,Source034,Source035,Source036,Source037,Source038,Source039,Source040,Source041,Source042,Source043,Source044,Source045,Source046,Source047,Source048,Source049,Source050
0.00041998932029562,0.360248018340403,0.539751981659597,0.00122266430564462,0.00275233091068881,0.00013732306096897,0.00199693860837938,0.00157204219448118,0.00124822786898002,0.000157154942606398,0.000393898270439421,0.00267078799868334,0.00938819325961222,0.00674248925547014,0.00032673847532776,0.00267146126997529,0.00152658080603151,0.00327316870342746,0.00190515343951359,0.000736601636365633,0.00202309159783558,0.00503864757154382,0.00119568421428779,9.17780235781296e-05,0.00139220552961191,0.00071084551011876,0.00197337071154071,0.000587356589336936,0.00252989044143092,0.00134567845407641,0.000543868548256084,0.000233001884471166,0.00039796867420478,0.00267493522828125,0.00143075085314827,0.000347637134649032,0.00436535093514139,0.0041665089652472,0.00152208327118684,0.00203226333332589,0.00404762225528869,0.000264229700425635,0.00242183804099152,0.00187065621356628,0.00186900694994849,0.00122607137485615,0.00274812020815847,0.000952076431084363,0.00321376232163721,0.00374155058360359,0.00390040412227533
