Unknown,Source001,Source002,Source003,Source004,Source005,Source006,Source007,Source008,Source009,Source010,Source011,Source012,Source013,Source014,Source015,Source016,Source017,Source018,Source019,Source020,Source021,Source022,Source023,Source024,Source025,Source026,Source027,Source028,Source029,Source030,Source031,Source032,Source033,Source034,Source035,Source036,Source037,Source038,Source039,Source040,Source041,Source042,Source043,Source044,Source045,Source046,Source047,Source048,Source049,Source050
0.00248921351886063,0.199853513982083,0.700146486017917,0.00127178789192139,0.00114842083467649,0.00168372031295069,0.00135658051067258,0.00219042322275985,1.44028361261809e-05,0.00146402192295025,0.00608698318519968,0.000546875691586743,0.000725100148744731,0.00903461873541397,0.000905555544213663,0.00461613541634061,0.00436863977792967,0.0011583568786348,0.00127812806270064,0.00231354538806312,0.00244853746108819,0.00444856836128632,6.39680801724951e-05,0.00495330650984699,0.00222149812856256,0.0032492913947729,0.00375226060576518,0.00175923577019378,5.69044555061752e-06,0.00313610219433302,0.00143056018951284,0.000419425625607517,0.000422403680415975,0.00254501841585548,0.000422841318896341,0.000397268934895348,0.000580134476414697,1.63653791776883e-06,0.0024317245967574,0.00182446263765228,0.000469398305338561,0.00561036656774601,7.14087658796885e-05,0.000455052469015498,0.00361786844701729,2.20691406382718e-05,0.00298066698541056,4.29423586972781e-05,0.00366574731461456,0.00339466252777346,0.000503371872625401
