Unknown,Source001,Source002,Source003,Source004,Source005,Source006,Source007,Source008,Source009,Source010,Source011,Source012,Source013,Source014,Source015,Source016,Source017,Source018,Source019,Source020,Source021,Source022,Source023,Source024,Source025,Source026,Source027,Source028,Source029,Source030,Source031,Source032,Source033,Source034,Source035,Source036,Source037,Source038,Source039,Source040,Source041,Source042,Source043,Source044,Source045,Source046,Source047,Source048,Source049,Source050
0.00240071057728208,0.570042250642703,0.329957749357297,0.0014120042178814,0.000964288814141815,0.000712644756524545,0.00162593120878644,0.000845477000729847,0.00285123907699935,0.00117837080456686,0.00191444435794077,0.00081600786813155,0.000237557777652968,0.00463314544586691,0.00210220847812499,0.00247863179981281,0.00116514821902418,0.000901093345114918,0.00139096647227857,0.00110732531831982,0.000419592243354012,0.00278631353658662,0.000162238204274922,0.00938341155761639,0.00372407178112377,0.00178632167123131,0.00327599735684872,0.000641164549128408,0.00256744555208655,0.00267482899379834,0.00524264706403123,0.000814984699844116,0.00159199435441773,0.000120952276382936,0.0046835259655769,0.00193334772067702,0.000194184543663371,0.00262021363263058,0.00288483299084487,0.00305338397731333,0.00081079463131845,0.00167537646574103,0.0014696739732724,0.00274907774609287,0.00106203816591327,0.000397168557808683,0.000370481100178538,0.000756498233418397,0.0031410411612421,0.00631865378409062,0.00195054797031267
