Unknown,Source001,Source002,Source003,Source004,Source005,Source006,Source007,Source008,Source009,Source010,Source011,Source012,Source013,Source014,Source015,Source016,Source017,Source018,Source019,Source020,Source021,Source022,Source023,Source024,Source025,Source026,Source027,Source028,Source029,Source030,Source031,Source032,Source033,Source034,Source035,Source036,Source037,Source038,Source039,Source040,Source041,Source042,Source043,Source044,Source045,Source046,Source047,Source048,Source049,Source050
0.00410185637615127,0.390705068584621,0.509294931415379,0.00380797178026941,0.000443388991136691,0.000635156442103368,6.9302601126654e-05,0.00217423685749151,5.66010876805543e-05,0.00500857517678696,0.000301665186794585,0.00221284739590551,0.00721459188000695,0.00407202415665247,0.00396558426426393,8.71287808612238e-05,0.000559089468489623,0.00107762244710506,0.000738753499770898,0.000318576711530806,0.000309239362061635,0.000475011554104019,0.000910098465208441,0.00365783202039669,0.00396403949478869,0.000202892932271003,0.00757204767651558,0.00124331448906805,0.000693865352047638,4.5582265039366e-05,1.13762585417148e-05,0.00121416002484878,0.00435545825251137,0.00255053450627202,0.00501374654074703,0.000493121219557119,0.00274221771494051,0.000185680632853409,0.000661606465652537,0.00114362994530949,0.000169077565619557,0.00818976365847342,0.00355868900608564,0.00702547948301558,0.000928379459786238,0.00341464423697686,0.000161047654775036,0.00125746461023181,0.0004001801558425,0.000414492104671566,0.000190353787659159
