Unknown,Source001,Source002,Source003,Source004,Source005,Source006,Source007,Source008,Source009,Source010,Source011,Source012,Source013,Source014,Source015,Source016,Source017,Source018,Source019,Source020,Source021,Source022,Source023,Source024,Source025,Source026,Source027,Source028,Source029,Source030,Source031,Source032,Source033,Source034,Source035,Source036,Source037,Source038,Source039,Source040,Source041,Source042,Source043,Source044,Source045,Source046,Source047,Source048,Source049,Source050
0.00533930943606819,0.392939114531285,0.507060885468715,0.00163758781266483,0.000737767310311393,0.000260129990802971,0.0114434466646164,0.00515606738420575,0.00347973154268506,0.000699569577273506,0.00303850592362962,8.13232092655104e-05,0.00498880066589265,0.000159065324118086,0.00086419705387779,0.000352518666421221,0.00131782211852958,0.00207546544622998,0.0005177965569304,0.00471582909118362,0.000422720596028881,0.000130622303750778,0.00337873556816913,0.00173653321046923,0.00660588697479965,0.00107984167670914,0.000354990318327435,0.00246238576225563,0.000920927896436805,0.00018286348871874,0.00166159932354226,0.00751792101583113,0.0032649951170523,0.00150332673722319,0.0026212704807026,0.001348600442155,0.000424632738152928,0.000332623674480877,0.00282953498727135,0.0014775841515274,0.000163119839616546,0.00213219128534417,0.00027117958679134,0.000235753748543596,4.7136889073718e-05,0.00268544757812237,0.000259265760419692,0.00174288513380119,0.00423066351844654,0.000373747012077716,0.000736079409452139
