Unknown,Source001,Source002,Source003,Source004,Source005,Source006,Source007,Source008,Source009,Source010,Source011,Source012,Source013,Source014,Source015,Source016,Source017,Source018,Source019,Source020,Source021,Source022,Source023,Source024,Source025,Source026,Source027,Source028,Source029,Source030,Source031,Source032,Source033,Source034,Source035,Source036,Source037,Source038,Source039,Source040,Source041,Source042,Source043,Source044,Source045,Source046,Source047,Source048,Source049,Source050
0.000390579251080794,0.286498747534899,0.613501252465101,0.00225742777162778,0.00220218796511347,0.00102756643513262,0.000592604413293252,0.000186758158222008,1.62379793611098e-05,0.00135860187718985,0.00183987223683794,6.8523996912364e-05,0.00163386539137172,0.0010011408360953,0.00234740456488965,0.00474095842877454,0.000814537853847991,0.00190270606677453,0.00730759772938524,0.000756303047632641,0.0104484558532419,0.00169331936972683,0.00379644693849354,0.00115629026642912,0.00317240640543346,3.89345716172141e-05,5.25001018610146e-05,0.00101175660252426,0.00205216175714776,0.000826411685720306,0.00576716543784986,0.000524534184679675,0.00783730083055337,0.00455376557143388,0.000785336604110984,0.000354788020876422,0.00346770355151903,6.06804376094276e-05,0.0023659001549686,0.00130662692420025,0.00135298758693729,0.000894479960727352,0.000383560373914052,0.00028715619469004,0.00168545519246766,0.00508199215988135,0.00124425030921966,0.00223511394593903,0.00361382714296207,0.00086744401527547,0.000636373844446283
