Unknown,Source001,Source002,Source003,Source004,Source005,Source006,Source007,Source008,Source009,Source010,Source011,Source012,Source013,Source014,Source015,Source016,Source017,Source018,Source019,Source020,Source021,Source022,Source023,Source024,Source025,Source026,Source027,Source028,Source029,Source030,Source031,Source032,Source033,Source034,Source035,Source036,Source037,Source038,Source039,Source040,Source041,Source042,Source043,Source044,Source045,Source046,Source047,Source048,Source049,Source050
0.00298404694799657,0.693866566589457,0.206133433410543,8.97975950662008e-06,0.00240876635578111,0.00204797070937166,0.00178108918828992,0.0040434226055947,0.000746918857791229,0.000517520063487669,0.00682956876975404,0.00028564785907925,0.000457373292631718,0.00103282727058449,0.000214194026825237,0.00416730763669175,0.00220674616158094,0.000484036067422494,0.000249539136042793,0.00943921404328633,0.00902403120381739,0.00167367259346083,9.68757942369738e-05,0.000641781111652537,0.00107526391486707,0.00024301007129568,0.00147508937131208,0.000381513085782452,0.00019689431671197,0.00215404558809046,0.00233389093155038,0.000212370112645486,0.00164091578889873,0.00615327611694286,0.00113748425529306,0.000783705234346605,0.00778634140858536,0.00199496179440967,0.00117457567479213,0.000184668102668472,0.00225104250424675,0.00414491348414195,0.00471412212433002,0.000600966491612728,0.000711261829579592,0.000602697546272463,0.00294027247858407,0.00152536819196341,0.000754810193707364,0.000504714666666002,0.000980295265816939
