Unknown,Source001,Source002,Source003,Source004,Source005,Source006,Source007,Source008,Source009,Source010,Source011,Source012,Source013,Source014,Source015,Source016,Source017,Source018,Source019,Source020,Source021,Source022,Source023,Source024,Source025,Source026,Source027,Source028,Source029,Source030,Source031,Source032,Source033,Source034,Source035,Source036,Source037,Source038,Source039,Source040,Source041,Source042,Source043,Source044,Source045,Source046,Source047,Source048,Source049,Source050
0.00461604463818886,0.476383844651416,0.423616155348584,0.001958510922148,0.000821334548189085,0.00518841878102894,0.00145802965048487,0.000438735150857412,0.000172305089104749,0.0015611660732459,0.00851389950131157,0.00988932670017095,0.000797344593539217,0.00547744466298238,0.0011970057120696,0.00542397773275383,0.00251847702893687,3.4014192274959e-05,0.0014002681858055,0.00171705942290424,0.00184160789881649,0.0029677037941143,9.18345558879188e-05,0.00494429663611357,8.81130649915955e-05,0.000302807157577293,0.00234776954475831,0.00269089578498653,0.00214750962865819,0.00149727678069288,0.00130540424464055,0.000182790749229185,0.000528881324461674,0.00024086343653876,0.00495488130435285,0.00386168547028,0.0025995010199,7.6102685286769e-05,0.000117031553559089,0.000549774027020151,0.00165121038826249,0.00148149394528803,0.00346719569087548,0.000743256990137335,1.85355113079833e-05,0.00134864351130993,0.000111140093894352,0.00106549329877369,0.00153651739843957,0.000202314680314617,0.00185410524353344
