Unknown,Source001,Source002,Source003,Source004,Source005,Source006,Source007,Source008,Source009,Source010,Source011,Source012,Source013,Source014,Source015,Source016,Source017,Source018,Source019,Source020,Source021,Source022,Source023,Source024,Source025,Source026,Source027,Source028,Source029,Source030,Source031,Source032,Source033,Source034,Source035,Source036,Source037,Source038,Source039,Source040,Source041,Source042,Source043,Source044,Source045,Source046,Source047,Source048,Source049,Source050
0.00125324790506822,0.643104491337187,0.256895508662813,0.00254442082658894,0.000154646552035107,0.00116313985662446,0.00180715198876461,0.00503192990771994,0.000746720214576252,0.00366431087079175,0.00453754436648058,0.000709051496558807,0.00312326510024724,0.00137172247004113,0.0027372680070841,0.00176704250847556,0.00336189386620704,0.000415626709409638,0.00104621032763455,0.00294628430092427,0.00210182025807974,0.000601899464109532,0.0020053357853479,8.7618171763775e-05,0.000279189544986217,0.000880879425826992,0.00907065431997912,0.00268901049347481,0.00193513473470935,0.000275109092409366,0.00185029941847075,0.00125866352835701,0.00105393268743401,0.00242875192692275,0.00502623846054566,0.000805703997983653,0.00286797743043462,0.000925786308500171,0.000811194444167597,0.00532530624385907,0.00242673445069534,2.45123995964138e-06,0.000240294624404709,0.00352491421756314,0.000930223014735246,0.00247938377830115,0.00121643116621234,0.00177562162351999,0.000985298835953421,0.00499358367191983,0.000763080364140915
