Unknown,Source001,Source002,Source003,Source004,Source005,Source006,Source007,Source008,Source009,Source010,Source011,Source012,Source013,Source014,Source015,Source016,Source017,Source018,Source019,Source020,Source021,Source022,Source023,Source024,Source025,Source026,Source027,Source028,Source029,Source030,Source031,Source032,Source033,Source034,Source035,Source036,Source037,Source038,Source039,Source040,Source041,Source042,Source043,Source044,Source045,Source046,Source047,Source048,Source049,Source050
0.00951750035088492,0.753722165781917,0.146277834218083,0.00265201385542435,0.000810373263497991,0.000297574975666475,0.000465321657913761,3.14717837330328e-05,0.000452073719894326,0.00183866342152252,0.00163884607059194,0.00221342013639658,0.00133913483355153,0.00173665706549839,0.00025508776116621,0.00525020616433523,0.00303407456594513,0.000342193687570167,0.000603291238278951,0.00358876166856936,0.000667601890024552,0.00505495445352816,0.00312232222636288,0.0041778206625172,0.00464589073119283,0.00111992168907363,0.000180788137939427,0.00230406882549914,8.34579778562871e-05,0.00138804352714633,0.000206069305885181,0.00210281283591414,0.00300304097951112,0.00400368193423094,0.00344397709399561,0.000633029089437687,0.00240680614309621,0.000741387827942449,0.00255536845969192,0.00268673894170122,0.000945471595365166,0.00317448907356428,0.000527011381186244,0.00406744242046875,0.000453616463329109,0.00483520638003963,0.000517060142477839,0.000270666674663956,0.000758700378663564,0.00242435609760557,0.00143153043964808
