Unknown,Source001,Source002,Source003,Source004,Source005,Source006,Source007,Source008,Source009,Source010,Source011,Source012,Source013,Source014,Source015,Source016,Source017,Source018,Source019,Source020,Source021,Source022,Source023,Source024,Source025,Source026,Source027,Source028,Source029,Source030,Source031,Source032,Source033,Source034,Source035,Source036,Source037,Source038,Source039,Source040,Source041,Source042,Source043,Source044,Source045,Source046,Source047,Source048,Source049,Source050
0.00107747382303776,0.718501324723069,0.181498675276931,0.00219863806251089,0.000647679238674988,0.00316364030796393,0.00220919627028729,0.00195382225030864,0.000663029628078031,0.00198662324163943,0.00272377384710292,0.000386406179269375,0.000318048373310594,0.0020567684169201,0.00107088119754658,0.00140857911023877,0.00251760039395721,0.00143193322087511,0.00121018310238096,0.00864698686989739,0.00248865122768067,0.00120660710991068,0.00530268910053488,0.00228958855251899,0.00194471429163163,0.00488108098615643,0.00367848369565467,0.00101672904646284,0.00117725457963893,0.00100889175968696,0.000595744878841538,0.000185566423030935,0.00296285171878963,0.000790602173831487,0.00510136965417437,0.000447470966751318,0.000227027939600837,0.00239812724159243,0.000455496881525892,0.0136433271020193,0.0017182166579791,0.000255397252818532,0.00176338312622611,0.00254884553120571,0.000863465425254797,0.000207912870278968,0.000209080875222888,0.00154712172144891,0.000324547113392259,0.00061234253952466,0.00247614802261362
