Unknown,Source001,Source002,Source003,Source004,Source005,Source006,Source007,Source008,Source009,Source010,Source011,Source012,Source013,Source014,Source015,Source016,Source017,Source018,Source019,Source020,Source021,Source022,Source023,Source024,Source025,Source026,Source027,Source028,Source029,Source030,Source031,Source032,Source033,Source034,Source035,Source036,Source037,Source038,Source039,Source040,Source041,Source042,Source043,Source044,Source045,Source046,Source047,Source048,Source049,Source050
0.00117319017404525,0.234660888076878,0.665339111923122,0.00125156437321706,0.000242170446488015,0.00797995999841435,0.000335678131909863,0.00284823736756498,0.000544519041414003,0.000348436282624139,0.000532807944987587,0.00377460286673744,0.000228870238903803,0.00186260674911275,0.00317052313318587,0.0066732203136188,0.00173512832666132,2.57467371827007e-05,0.002640866583631,0.000969605660939693,0.00270297941013456,0.000295339955643983,0.000307662282193179,0.00155558482385088,0.00157232397539452,0.00181938475980422,0.00103678161907818,0.00208604148640463,0.00494437392785041,0.0018762099891412,0.00148402218166778,0.00210675079033515,0.00519392425512991,0.00156927909273956,0.000884621678387836,0.000620998372040225,0.00166502667925494,0.0027022909916049,0.000262430786395078,0.00526332690343391,0.00409750558664529,0.00160483717702424,0.00062083148452326,0.000108954164400886,0.00105804831578721,0.00274748011052876,0.00424568149838057,0.000771216748069833,0.00226339908425336,0.00284723086458438,0.00334772663467849
