Unknown,Source001,Source002,Source003,Source004,Source005,Source006,Source007,Source008,Source009,Source010,Source011,Source012,Source013,Source014,Source015,Source016,Source017,Source018,Source019,Source020,Source021,Source022,Source023,Source024,Source025,Source026,Source027,Source028,Source029,Source030,Source031,Source032,Source033,Source034,Source035,Source036,Source037,Source038,Source039,Source040,Source041,Source042,Source043,Source044,Source045,Source046,Source047,Source048,Source049,Source050
0.00396847198294911,0.426907461599336,0.473092538400664,0.00307595038131591,0.00101937201434417,0.000405044258038206,0.00076845688734722,0.000550622832117327,0.00687911574137936,0.00342221101047832,0.000194754144343432,0.00130410128808284,0.000350441974040978,0.00946634107863828,0.00303083250257881,0.00143445474761724,0.00198475943017694,0.00253578258212984,0.00153322355232277,0.00382069801325784,0.000623512162665933,0.00506468154838296,0.00365759917238439,0.0014153263597156,0.00524456909667398,0.000252693939980526,0.000124730491282944,0.00064539633933315,0.00252398914772059,0.00765850786670351,0.00124735718320551,0.000463509571429191,0.000869469349928039,0.00153511201388771,0.00300126017832299,0.00236095884161882,0.002157107431755,0.0011759946450941,0.00170801693004052,0.000626853045989609,0.00189811162734646,0.000478748861243002,0.000402017295642221,0.00192645914947892,0.000193705369378301,0.00137436467714713,0.000860581791330672,0.000633635275516588,0.000314927013096704,0.00245863776002556,0.00135753144252074
