Unknown,Source001,Source002,Source003,Source004,Source005,Source006,Source007,Source008,Source009,Source010,Source011,Source012,Source013,Source014,Source015,Source016,Source017,Source018,Source019,Source020,Source021,Source022,Source023,Source024,Source025,Source026,Source027,Source028,Source029,Source030,Source031,Source032,Source033,Source034,Source035,Source036,Source037,Source038,Source039,Source040,Source041,Source042,Source043,Source044,Source045,Source046,Source047,Source048,Source049,Source050
0.00216656603589657,0.613046447579216,0.286953552420784,0.00166900880930171,0.00510763867591183,0.00243140100056931,9.44473369156159e-05,0.00972013085908525,0.00393662294711556,0.0061835523870163,0.00146994699027097,0.00155314027186463,3.88638801642657e-05,0.000481220169335166,0.00237902281639519,0.00975730708423331,0.00197495426164533,0.00028531750545493,0.00197795379286076,0.00214907339237626,0.00177899365468,0.000545136224315018,0.00187722005055443,0.00079375078072279,0.00143844356566279,0.0005774558181225,0.00810683031642684,0.000437038928354066,0.000474949454687719,0.00059104777923892,0.00160188689605781,0.000681943442560471,0.00149858858757764,0.000352656891397671,0.00535607951519797,0.000599089203641581,8.35095215367923e-05,0.00297591718932906,0.00184655679436235,0.00146703942329812,0.00048154539885967,0.00235360182537516,0.00045930592696371,7.27144360819179e-05,0.00543786436473161,9.77904696590432e-05,8.73906728834194e-05,0.000577703550661643,0.00247980091494527,0.000689469518745246,0.000802510666955814
