Unknown,Source001,Source002,Source003,Source004,Source005,Source006,Source007,Source008,Source009,Source010,Source011,Source012,Source013,Source014,Source015,Source016,Source017,Source018,Source019,Source020,Source021,Source022,Source023,Source024,Source025,Source026,Source027,Source028,Source029,Source030,Source031,Source032,Source033,Source034,Source035,Source036,Source037,Source038,Source039,Source040,Source041,Source042,Source043,Source044,Source045,Source046,Source047,Source048,Source049,Source050
0.00031982520170149,0.138170461470281,0.761829538529719,0.000435779412414425,0.00102473870638896,0.00159790533341683,0.000525745821116263,0.00313420096569772,0.00268228782827474,0.0049058945842912,0.00126885136266102,0.00276590748908392,0.0009629925400094,0.000417537545667488,0.00451919472768369,0.00403719680773509,0.000806290577104815,0.00238996663231896,0.00177840946590953,0.00169159615442688,0.00236779724552018,0.000741403429167126,0.000832558776879409,0.000425911237820232,0.000886378928778878,0.00221960675248166,0.00262742805642775,0.00125207912891528,0.000474402338271286,0.00138912947045393,0.00363956088547272,0.00342335931096765,0.00252989366806859,0.000729257307819826,0.00230299517674897,0.00127075365811818,0.000182149663668071,0.00704459432312503,0.00263049591388617,0.000697152779721347,0.0027641374978628,0.000853303503021044,0.0033421197397963,0.000460205445105418,0.00100656559374212,0.00424313495253942,0.00532776946539227,3.1834895165454e-05,0.00850380562393205,0.000494650997182,4.1243078046358e-05
