Unknown,Source001,Source002,Source003,Source004,Source005,Source006,Source007,Source008,Source009,Source010,Source011,Source012,Source013,Source014,Source015,Source016,Source017,Source018,Source019,Source020,Source021,Source022,Source023,Source024,Source025,Source026,Source027,Source028,Source029,Source030,Source031,Source032,Source033,Source034,Source035,Source036,Source037,Source038,Source039,Source040,Source041,Source042,Source043,Source044,Source045,Source046,Source047,Source048,Source049,Source050
7.26303302173193e-05,0.645902653398415,0.254097346601585,0.00249209215353356,0.000965276538108407,0.00151793918386662,0.00784457873449107,0.003582811142588,0.000340200043957465,0.0048769755375699,0.00296953305522173,0.000741939982121775,0.00231900815546403,0.000944239532711369,0.000927815336221311,0.00221698721357536,0.00183530297564988,0.000613809888773615,0.00623587404643344,0.000357933537523106,0.000256671216364437,0.00158830451855835,0.00217437249726418,0.000591950263068773,0.00075008051874234,9.27652189839136e-05,0.000551102954339281,0.00118187065737846,0.00116063653879307,0.00686520549804279,0.000211506583043481,0.0013599360668815,0.000205088710900086,0.00099840464524511,0.00569124391198989,0.000704841855421742,0.00129236211579037,0.00704955093695818,0.00297729281998724,0.00125464486775813,0.0070460013245979,0.00301282696686949,0.000528486568850127,0.00159125734284523,0.000576237251005017,0.000822853461024721,0.00336084753101966,0.00263277032319475,8.70489433299314e-05,0.001658802650242,0.000870087853481844
