Unknown,Source001,Source002,Source003,Source004,Source005,Source006,Source007,Source008,Source009,Source010,Source011,Source012,Source013,Source014,Source015,Source016,Source017,Source018,Source019,Source020,Source021,Source022,Source023,Source024,Source025,Source026,Source027,Source028,Source029,Source030,Source031,Source032,Source033,Source034,Source035,Source036,Source037,Source038,Source039,Source040,Source041,Source042,Source043,Source044,Source045,Source046,Source047,Source048,Source049,Source050
0.00216335792315113,0.442819453020863,0.457180546979137,0.0018573196791386,0.00207261738910932,0.00100858555068115,0.00417831870038259,0.000579081634873614,0.00261964786631463,0.000914012237361916,0.00212785101819781,0.000392405912139469,0.0010924761562159,0.00142911931290161,0.000120180771932952,0.00983730235875633,0.00047859165522986,0.00484344268263501,0.000251268586258871,0.000866101771918493,0.00132167970192993,0.000979277750016776,0.0018721267046429,0.000458956092629565,0.00129605557574154,0.0001199813432361,0.00456885630690611,0.00128346140790615,0.00328513311973881,0.000806914748859672,0.00163861620219708,0.000225628077276099,0.0014629760307023,0.000591431622456803,1.12980065034699e-05,0.00198392599406127,0.00160313105011275,0.00354708461342019,0.00230243716061835,0.00179661505488564,0.00081719119905791,0.000607142626272925,0.0104946201348034,0.00433909429382249,0.00421211307914067,0.0016209348695312,0.00508525832453643,0.00103718450425176,0.00175384793231452,0.000191860644364817,0.00185348462086309
