Unknown,Source001,Source002,Source003,Source004,Source005,Source006,Source007,Source008,Source009,Source010,Source011,Source012,Source013,Source014,Source015,Source016,Source017,Source018,Source019,Source020,Source021,Source022,Source023,Source024,Source025,Source026,Source027,Source028,Source029,Source030,Source031,Source032,Source033,Source034,Source035,Source036,Source037,Source038,Source039,Source040,Source041,Source042,Source043,Source044,Source045,Source046,Source047,Source048,Source049,Source050
0.000164168111467279,0.581441355862588,0.318558644137412,0.0120756651859475,0.00162122892843584,0.000311783765661102,0.00176759040502889,1.49762054605746e-05,0.00395098025617907,0.00152415605840537,0.000295370334306314,0.00789379530190626,0.00654146972621488,0.00879868505302465,0.00203663902655356,0.00220298335120446,0.00660418216622445,0.00152438242074416,0.000361035310354773,0.000548482493696229,0.00236864414225553,0.000483901871394454,0.000447030118711417,0.000709226746429383,0.000866630936948171,0.000437467281521958,0.000382469646794366,0.00260184541204913,0.00186543691346499,0.00301452449951942,0.00171127951567519,2.45662321648556e-05,0.000547142212533333,0.00446086665200135,0.00320454504975513,2.20537744671226e-05,0.0017062943019164,0.000286877217291874,0.00128333944268168,0.000443655576686086,1.8543443974648e-05,0.00240747002717327,0.00212863811659972,0.00172626246206844,0.000971343569943609,0.00123918084252665,0.00027556987821489,0.00387643003869031,0.000197813585473096,0.00136017557592208,0.000693200814336093
