Unknown,Source001,Source002,Source003,Source004,Source005,Source006,Source007,Source008,Source009,Source010,Source011,Source012,Source013,Source014,Source015,Source016,Source017,Source018,Source019,Source020,Source021,Source022,Source023,Source024,Source025,Source026,Source027,Source028,Source029,Source030,Source031,Source032,Source033,Source034,Source035,Source036,Source037,Source038,Source039,Source040,Source041,Source042,Source043,Source044,Source045,Source046,Source047,Source048,Source049,Source050
0.000356619441011486,0.137968393959551,0.762031606040449,0.00184473454991941,0.00157094719135536,0.00236765975470119,0.00243017349349743,0.00340258792218858,0.00103739641240296,0.00640647876125761,0.00108119040791884,0.00108440959497587,0.00302717252025581,0.000800971320746125,0.00143376164746959,0.00250231205312176,0.0017955327544474,0.000149823874483628,0.00209125571885037,0.000660931255661042,0.00524124291901593,0.00023809000570838,0.000734450367366651,0.000311647638345491,8.34322262209213e-05,0.00233814506791106,0.00261416181695938,0.00272928852018806,0.00353014755646909,0.000907766057069605,0.00356646591242663,0.000861025110154492,0.00174401035725138,0.00514353763321015,0.000935134291856646,0.000969693760392107,0.00124644553026597,0.00391651406023112,1.20385953728183e-05,0.00213162217391992,0.000103361918776274,0.00466084071409797,0.00310325360787511,0.000489764241049735,0.000135114067472241,0.000624126822192131,0.0108862199039139,0.00218928795898855,0.00136985990743306,0.00302829314312848,0.000111059440472226
