Unknown,Source001,Source002,Source003,Source004,Source005,Source006,Source007,Source008,Source009,Source010,Source011,Source012,Source013,Source014,Source015,Source016,Source017,Source018,Source019,Source020,Source021,Source022,Source023,Source024,Source025,Source026,Source027,Source028,Source029,Source030,Source031,Source032,Source033,Source034,Source035,Source036,Source037,Source038,Source039,Source040,Source041,Source042,Source043,Source044,Source045,Source046,Source047,Source048,Source049,Source050
0.00187182280856143,0.523089785610915,0.376910214389085,0.00141750248003198,0.00166172762299864,0.00120389099708467,0.00811746891752922,0.000640025574392808,0.000306143491773701,0.000867348865520649,0.000131441659906936,0.00021244262218443,0.000704042943170145,0.00420776854574403,0.00231993921894997,0.000813642350811876,0.00906451072061481,0.00336107214902384,0.00192397119555163,0.00296837163556893,0.000487561073710044,0.00359753684134676,0.00412883909005747,0.00227985943460016,0.000121013247812263,0.000395034221110208,0.0017205560714828,0.000470203937933185,0.000909016130235533,0.00153298745323201,0.000413206606783552,0.00265813824613018,0.00121270129995999,6.04260413229967e-05,2.43029973482245e-05,0.00248480208698204,0.00412975195394237,0.00124024429692921,2.44874694544323e-05,0.000802714506240929,0.000391384401442188,0.00400912991410911,0.000189464039768344,0.00596868551182936,0.00722144797203946,0.00150163668653364,0.00138913946107859,0.00190828204718137,0.00282948243052641,0.00292702147216426,0.00117780925729317
