Unknown,Source001,Source002,Source003,Source004,Source005,Source006,Source007,Source008,Source009,Source010,Source011,Source012,Source013,Source014,Source015,Source016,Source017,Source018,Source019,Source020,Source021,Source022,Source023,Source024,Source025,Source026,Source027,Source028,Source029,Source030,Source031,Source032,Source033,Source034,Source035,Source036,Source037,Source038,Source039,Source040,Source041,Source042,Source043,Source044,Source045,Source046,Source047,Source048,Source049,Source050
0.00201695465924677,0.61184994725528,0.28815005274472,0.000121003564176781,0.0020355294183812,0.00231787524938184,6.90387454255283e-05,0.000557128768681995,0.000597072494889111,0.00188390822082771,0.000206548436321615,0.00567036716513807,0.000370211810317912,0.00201179846924782,0.00344655235313018,0.00447306624178362,0.00011480912562548,0.000286588099885469,0.00355032342305093,0.00192505532863329,0.0011459158438817,0.00167110446730648,0.00272797441419718,0.000864289466328404,2.00310715395616e-06,0.0121799324918213,0.00151051769980422,0.000624556833180759,0.000923263531390063,0.00034303864926382,0.00199909960176613,0.00497473191154278,0.00138616899763501,0.00298194445124612,0.00281781261510562,0.000517969897436257,0.00359436133324597,0.000949493983019305,0.00135207817240755,0.000408542466461757,0.00517644126547257,0.00174575557892507,0.00423301436040615,0.00135451147251706,0.000813001983829556,0.00063276336853876,0.00118591023419731,0.0030347033499981,0.00218367529669397,0.0027873993520449,0.00222419222903683
