Unknown,Source001,Source002,Source003,Source004,Source005,Source006,Source007,Source008,Source009,Source010,Source011,Source012,Source013,Source014,Source015,Source016,Source017,Source018,Source019,Source020,Source021,Source022,Source023,Source024,Source025,Source026,Source027,Source028,Source029,Source030,Source031,Source032,Source033,Source034,Source035,Source036,Source037,Source038,Source039,Source040,Source041,Source042,Source043,Source044,Source045,Source046,Source047,Source048,Source049,Source050
0.00191999986379642,0.641974905585916,0.258025094414084,0.000484625886436999,0.000195694442525915,0.00272647454321364,0.000295440785540988,0.000169620997858491,0.00284325371441562,0.00339564722667126,0.000256591758435928,0.000595827091623746,0.0038828956768579,0.00201765785180975,0.00270250278131082,0.00129741425383086,0.00420534656426104,0.00532405860175051,0.000607225110252695,0.000207682502017074,0.00143165790733804,0.0011354777441901,0.00106740581529382,0.010814124251606,0.00058801584493719,0.00720215471193716,0.00271319117142404,0.00133891427910348,0.000499178139802352,0.00166812264384248,0.000330739053475149,0.000989527889677686,0.00596802369017599,0.00232677136325704,0.000620264293031143,0.000594690982918726,0.00207818999750699,0.00208078187326668,0.00120125717478466,0.00407518645336073,0.00480998591638643,0.00223215416113612,0.000128492940120639,0.00122921546757019,0.000283432075510935,0.00147243284496376,0.000963008830805508,0.00350583052219042,0.000724692173470706,0.000283277966801696,0.00251584216750448
