Unknown,Source001,Source002,Source003,Source004,Source005,Source006,Source007,Source008,Source009,Source010,Source011,Source012,Source013,Source014,Source015,Source016,Source017,Source018,Source019,Source020,Source021,Source022,Source023,Source024,Source025,Source026,Source027,Source028,Source029,Source030,Source031,Source032,Source033,Source034,Source035,Source036,Source037,Source038,Source039,Source040,Source041,Source042,Source043,Source044,Source045,Source046,Source047,Source048,Source049,Source050
0.00239125268299504,0.599673002128731,0.300326997871269,0.002212460419779,0.00194708600392593,0.000342622360814568,0.00206170472237345,0.00197745321067743,0.00021492736605978,0.000411747486771843,0.00440412349824516,0.000345517137331236,0.0055603751831672,0.000937702088607999,0.00283284743386919,0.000979864074310521,0.000582382753762359,0.00053002380359132,0.00121280482862644,0.00489008780932131,3.8102854618782e-05,0.000123117610939371,0.00260098566612286,0.00122495969767959,0.000990764978024446,0.00100464775052812,0.000487898517457789,0.000555292962306025,0.000301956316117831,0.000881831291208634,0.0011883161787688,9.32721573361149e-05,0.00454277100447108,0.00316156147473968,0.00405130192878804,0.000812752215242447,0.0109762957324813,0.00256063228262372,0.00360767240138,0.000609377246878239,0.00316053308299423,0.00136784452973114,0.00238202708232107,1.46303399533456e-05,0.00304894492269525,0.00459494782329421,0.0029467625464395,0.000812648608781908,0.00131924825419538,0.003563169691274,0.00314074998637731
