Unknown,Source001,Source002,Source003,Source004,Source005,Source006,Source007,Source008,Source009,Source010,Source011,Source012,Source013,Source014,Source015,Source016,Source017,Source018,Source019,Source020,Source021,Source022,Source023,Source024,Source025,Source026,Source027,Source028,Source029,Source030,Source031,Source032,Source033,Source034,Source035,Source036,Source037,Source038,Source039,Source040,Source041,Source042,Source043,Source044,Source045,Source046,Source047,Source048,Source049,Source050
0.00977869409832537,0.526235905651882,0.373764094348118,0.00177643041399764,0.00207450587708573,5.75685339453735e-05,0.00179343386129993,0.00102394246895951,0.00289642539286968,0.000453202471063498,0.00334437762983565,0.00345365798259599,0.000106850525862892,0.00561496258693188,0.000897642667962107,0.00232675667064889,0.00139911903519204,0.00448342007428542,0.0041577637734614,0.00269227427234553,0.000332544430429799,0.000535571157373203,0.000230930565943476,0.00959315819806431,0.000875883522772916,0.000981698364701547,0.00317998846523112,0.0012937613395768,0.000118512107852207,0.000152117468156493,0.001036583710656,0.000708525396811479,0.00774391328157143,0.00253282916414005,0.000406216458706308,0.00118442761258743,5.14791838493434e-06,0.000965276421048668,6.72297707012124e-05,0.00178680580081584,0.00162344101901596,0.00018590595980481,0.00265479093300176,0.00101583623873601,0.00174653711643512,0.000925372952700665,0.00252796075295945,0.00114423940309588,0.000638667576406789,0.00450453981465709,0.000970558740992679
