Unknown,Source001,Source002,Source003,Source004,Source005,Source006,Source007,Source008,Source009,Source010,Source011,Source012,Source013,Source014,Source015,Source016,Source017,Source018,Source019,Source020,Source021,Source022,Source023,Source024,Source025,Source026,Source027,Source028,Source029,Source030,Source031,Source032,Source033,Source034,Source035,Source036,Source037,Source038,Source039,Source040,Source041,Source042,Source043,Source044,Source045,Source046,Source047,Source048,Source049,Source050
0.00425771894216444,0.783561579191428,0.116438420808572,0.000527674377181281,0.00340818347506588,0.000425385235895629,0.001179248093421,0.00103127862568432,0.00200105827039905,0.00169995559583131,0.00184129308401327,0.000433135437466069,0.00108312048873987,0.000251597941896643,0.00414493569415109,0.000572027226211662,0.0034862196771084,0.00269617400430989,0.00137181374148389,0.0013803921602685,0.00174557458170124,0.00533445095372354,0.00200556213113428,0.00232890160011461,0.0010437149203325,0.000145053614669501,0.00318595351383871,0.0022163632242178,0.00579610727417797,0.00406327384496771,0.00103403632716065,0.00113112917500148,0.00211674885147556,0.000797362701372232,0.00251685656491981,0.000512942045728015,0.00218313212064973,0.000624621162803401,0.000758569770259959,0.0065797674883365,0.00228828909587029,0.00475562512508376,0.0021724265937112,0.00181216654729222,0.00194868308652656,0.000956042804506617,0.00108698735735703,0.00147769797555987,0.00312598370512678,0.00205153855591316,0.000413225215175107
