Unknown,Source001,Source002,Source003,Source004,Source005,Source006,Source007,Source008,Source009,Source010,Source011,Source012,Source013,Source014,Source015,Source016,Source017,Source018,Source019,Source020,Source021,Source022,Source023,Source024,Source025,Source026,Source027,Source028,Source029,Source030,Source031,Source032,Source033,Source034,Source035,Source036,Source037,Source038,Source039,Source040,Source041,Source042,Source043,Source044,Source045,Source046,Source047,Source048,Source049,Source050
0.00359228455252346,0.529529690463747,0.370470309536253,0.000190981680562355,0.00823763364818816,0.00405537298176412,0.00399668492014245,0.00127796559237408,0.00012954611143553,0.0020964973733803,0.00270240826874575,0.0031218864525992,0.000754295197311406,0.00464490387410382,8.38606654800738e-05,0.00487717604883448,0.00330693952140785,0.00607681564766023,6.76010320324711e-05,0.00107096847472093,0.00147268509298822,0.00294075514592838,0.00388352067375956,0.00195959026591228,0.00183747244276152,0.00212825794303277,5.79350420656205e-05,1.02356603540897e-05,0.000881365617518793,0.00460560464456132,0.000522373686185194,0.00658400945134033,0.000811223368287262,0.00102909580426151,0.00261468051823004,0.000480086562069713,0.00100060138390539,0.00331969931619947,0.00244611452941247,0.00133312904789197,0.000356458472962372,0.0003526176802518,0.0030457562046412,0.000426353979139456,0.000592716837351131,0.000313622786327847,0.000732446140602126,0.000792160335077358,0.00074415085899854,0.000740003734109088,0.00170145473060652
