Unknown,Source001,Source002,Source003,Source004,Source005,Source006,Source007,Source008,Source009,Source010,Source011,Source012,Source013,Source014,Source015,Source016,Source017,Source018,Source019,Source020,Source021,Source022,Source023,Source024,Source025,Source026,Source027,Source028,Source029,Source030,Source031,Source032,Source033,Source034,Source035,Source036,Source037,Source038,Source039,Source040,Source041,Source042,Source043,Source044,Source045,Source046,Source047,Source048,Source049,Source050
0.00367563629205365,0.781255617121278,0.118744382878722,0.00111299171103699,0.00275845248711794,0.000276007257402876,0.00378499801816598,0.000488239500472587,0.000294009578351233,0.000133127023973471,0.000288032813608175,0.00721868438163045,0.000716082259176869,0.00210984363904483,0.00138623213106277,0.00235324792482214,0.000579118822542054,0.00270790883025877,0.00093595410878334,1.76538475762312e-05,0.00175965807621411,0.002034702863082,0.00177142325750244,0.000218123587863347,0.00570127143201911,0.00370240912883417,0.00370509103007957,0.00580129922202709,0.000331774271680745,0.00248436260406107,0.00112357975635918,0.000227146878972208,0.00144994836481782,0.00233128575967068,0.00164130054222313,0.000858903379952804,0.00573559109536731,0.00145056555077303,0.00550111274792205,0.001642230661036,0.00421861710838799,0.00256926350796775,0.00197636811535578,0.000167278206030589,0.00461398661272806,0.000471388085280438,0.00198415356517744,0.00106021731037137,0.000370630664910759,0.00102877181142543,0.00123132417482614
