Unknown,Source001,Source002,Source003,Source004,Source005,Source006,Source007,Source008,Source009,Source010,Source011,Source012,Source013,Source014,Source015,Source016,Source017,Source018,Source019,Source020,Source021,Source022,Source023,Source024,Source025,Source026,Source027,Source028,Source029,Source030,Source031,Source032,Source033,Source034,Source035,Source036,Source037,Source038,Source039,Source040,Source041,Source042,Source043,Source044,Source045,Source046,Source047,Source048,Source049,Source050
0.00132403540566296,0.538574303749636,0.361425696250364,0.00218444626731547,0.00249092843344536,0.000293485320235471,0.000282646971435438,0.000328058336355166,0.000247716036994918,0.00349049278185219,0.00193302784073268,0.00219494501243098,0.0024622888374248,0.0081764559288372,0.00125742770604784,0.00176726926162665,0.000230284768366391,0.002062584289498,0.00234879067906434,0.00365237794264216,0.00316107666295009,0.000209743272612576,0.00073744404168917,0.00153807526882759,0.00275912886422267,0.000531588258294946,0.00376195165374877,0.000628292278419716,0.000486010162835312,0.000770794101079319,0.00270962945886473,0.00890427734982025,0.000914401173550499,0.00455882585004335,0.00186183028669579,0.00584588289537242,0.00292036813874121,0.00116525463511255,0.00213296779418623,0.000374653187195837,0.00036589982155941,0.00105523086775195,0.00120907312260925,0.0023986038577151,0.000588869260966809,0.00074380387316198,0.00282714898306195,0.000813781488585524,0.00440666281448441,0.00115777489661282,0.00173369385925972
