Unknown,Source001,Source002,Source003,Source004,Source005,Source006,Source007,Source008,Source009,Source010,Source011,Source012,Source013,Source014,Source015,Source016,Source017,Source018,Source019,Source020,Source021,Source022,Source023,Source024,Source025,Source026,Source027,Source028,Source029,Source030,Source031,Source032,Source033,Source034,Source035,Source036,Source037,Source038,Source039,Source040,Source041,Source042,Source043,Source044,Source045,Source046,Source047,Source048,Source049,Source050
0.000885647840726367,0.289365298881044,0.610634701118956,0.00167290847939238,8.64519773826197e-05,0.000414180081341697,0.00439513657853993,0.00262087144447219,0.00123075311086343,0.00892041040561803,9.36903750330626e-05,0.000133522778350331,0.000214607542792523,0.00082855790563452,0.00817952373031312,0.000739193932917177,0.0031325909619981,0.00633308339168835,0.00367485000652477,0.00081974418221761,0.00271314993941686,0.000883200775276978,0.00101333445611037,0.000652820880470195,0.00244760035526805,0.00264875967735157,0.00253155439627849,0.00207119453579392,0.000588280100070442,0.000326102047863097,0.00271829227294703,0.00301125602509804,0.00137136586708164,0.000353757391371326,0.00197636547598416,0.00241537136304159,0.00176233238933617,0.000899180866681909,0.00033250874981936,0.00371366843388154,0.00161616995725938,0.000576869418464235,0.000378895041032718,0.00198383912266825,0.00126410402175242,0.00133849173221349,0.000117141567082611,0.00514738930624512,0.000884130711106286,0.00264344059072252,0.00524370780650403
