Unknown,Source001,Source002,Source003,Source004,Source005,Source006,Source007,Source008,Source009,Source010,Source011,Source012,Source013,Source014,Source015,Source016,Source017,Source018,Source019,Source020,Source021,Source022,Source023,Source024,Source025,Source026,Source027,Source028,Source029,Source030,Source031,Source032,Source033,Source034,Source035,Source036,Source037,Source038,Source039,Source040,Source041,Source042,Source043,Source044,Source045,Source046,Source047,Source048,Source049,Source050
0.000771393244754614,0.611367468734504,0.288632531265496,0.0012637422528504,0.00147803015715335,0.000138942761484385,0.00577963542390322,0.000280437109822494,0.00177850238081942,0.00199170461904677,0.00192662866212631,0.00529597059829766,0.0029992520929252,0.0071187594709046,0.00013044211458831,0.000994527722533427,0.000730672189962475,0.00347241072948222,0.00475055704827465,0.000304680820074626,8.3988681822584e-05,0.00341663138076364,0.00241710991830819,0.00119934395453022,0.00150313590810144,0.000210482458493983,0.00172917868341772,0.0059182361293849,0.00241040879518697,0.00140567554318141,0.00143771759156429,0.00502813084667685,0.00216351150588681,0.00343597614526891,0.00191462262806704,0.000421231275494138,0.00137055714925922,0.00102118250628786,0.000933789978501334,0.000468094340860436,0.00206923982183851,0.00106761651280789,0.00390012854656787,0.000852765585900714,0.00106289140148181,0.00348114238283248,0.001113173938876,0.00125461914429131,0.00124116397898435,0.000734922355762778,0.00352704151059424
