Unknown,Source001,Source002,Source003,Source004,Source005,Source006,Source007,Source008,Source009,Source010,Source011,Source012,Source013,Source014,Source015,Source016,Source017,Source018,Source019,Source020,Source021,Source022,Source023,Source024,Source025,Source026,Source027,Source028,Source029,Source030,Source031,Source032,Source033,Source034,Source035,Source036,Source037,Source038,Source039,Source040,Source041,Source042,Source043,Source044,Source045,Source046,Source047,Source048,Source049,Source050
0.00116794658336105,0.159269174609945,0.740730825390055,0.00240883226922635,0.00292060601301409,7.61288083439407e-05,0.00576665894492264,0.00411112388638684,0.000860664423745906,0.00128132610013087,0.000557161040044447,0.0003533873642073,0.00399759406017863,0.000146551363447277,0.00431419182358004,0.000282089821247766,0.00144690263644693,0.00212766461692546,0.00202751887215961,0.00190800120890358,0.00222777389812746,0.00163946138680892,0.00256977725234444,0.00193282258868489,0.000219681478921978,0.00106101121766209,0.00571828806715442,0.00241575538785047,0.00208298323340957,0.00380827099115441,0.00540898185549652,0.000397525947799865,0.000166120346755758,0.000588476159927327,0.00372758898683847,0.000517428510902985,0.00140020347006324,0.00240102692607235,8.87409995521942e-05,0.00101831899382006,0.00416369526463778,0.00206368029637149,0.00128925722981365,0.00213016896864204,0.00285148790958673,0.00146775719409202,0.00294909507348913,0.000228782836468538,0.00302256271067503,0.000305836833115312,0.00438308814748815
