Unknown,Source001,Source002,Source003,Source004,Source005,Source006,Source007,Source008,Source009,Source010,Source011,Source012,Source013,Source014,Source015,Source016,Source017,Source018,Source019,Source020,Source021,Source022,Source023,Source024,Source025,Source026,Source027,Source028,Source029,Source030,Source031,Source032,Source033,Source034,Source035,Source036,Source037,Source038,Source039,Source040,Source041,Source042,Source043,Source044,Source045,Source046,Source047,Source048,Source049,Source050
0.00366884330921368,0.586050937251814,0.313949062748186,1.50152655448911e-05,0.00588091059280296,0.000208803271815594,0.00142524619063477,0.000423394090996032,0.0001118327238252,0.000765408009079881,0.00239728017804263,0.00036064560974688,0.000608977935428409,0.00102567087873033,0.00100960316680133,0.00182928114530434,0.00271460382548577,0.0041149448496905,0.000372721906206115,0.000684406531851083,0.00442361477664185,0.000418301472631796,0.00773000912785254,0.000312984042013326,0.00680638115721371,0.00426836778339486,0.00265268340572636,0.00139132591191474,0.00207521684726209,0.00170123918480326,0.00137228321862926,0.000552502666380749,0.00174165480347158,0.00776401645939078,0.00206780888729097,0.00140932488142686,0.00288846581634058,0.000658602290205608,0.00164325184509482,0.000491315990675163,0.00187271316600196,0.00156848078433628,0.000884437669900335,0.00047530761468699,0.00623467851971186,0.00209114186866164,0.00331674496667446,0.001515029773112,0.000678800048960778,0.00113296978809465,0.00024275575029772
