Unknown,Source001,Source002,Source003,Source004,Source005,Source006,Source007,Source008,Source009,Source010,Source011,Source012,Source013,Source014,Source015,Source016,Source017,Source018,Source019,Source020,Source021,Source022,Source023,Source024,Source025,Source026,Source027,Source028,Source029,Source030,Source031,Source032,Source033,Source034,Source035,Source036,Source037,Source038,Source039,Source040,Source041,Source042,Source043,Source044,Source045,Source046,Source047,Source048,Source049,Source050
0.00606696602865601,0.33449409271387,0.56550590728613,0.000681349250211387,0.000640017400369791,0.000648305969054823,0.00450171710604272,8.6435855989427e-05,0.00201317482380613,0.000896467514506648,0.00203209764286603,0.00263420926832037,0.0011756455371277,0.000125492772517531,0.00109194556135032,0.00116621595849853,0.00103897188139376,0.00284157832100641,0.000517912047973781,0.000172947205790751,0.00619579778619852,0.00205269825723763,0.000238292060387138,0.00260514793720559,9.04633513787044e-05,0.00113237198349832,0.00160410430693351,0.00274998082974173,0.00561076652928266,0.000415568362574774,0.000201480265106901,0.00416785001367527,0.00218432028417486,0.00284480056115548,0.0016376613320455,0.0015354736286272,0.00185916453363375,0.00446687600013976,0.00161272846113628,0.00287464347546743,3.28430896930525e-05,0.0125774911994885,0.00190740183783526,0.00428473440684484,0.000126217067782452,0.00197816903810772,0.00125985194989774,0.00131709768574948,0.000153902132577129,0.000540118027386153,0.00141053345955448
