Unknown,Source001,Source002,Source003,Source004,Source005,Source006,Source007,Source008,Source009,Source010,Source011,Source012,Source013,Source014,Source015,Source016,Source017,Source018,Source019,Source020,Source021,Source022,Source023,Source024,Source025,Source026,Source027,Source028,Source029,Source030,Source031,Source032,Source033,Source034,Source035,Source036,Source037,Source038,Source039,Source040,Source041,Source042,Source043,Source044,Source045,Source046,Source047,Source048,Source049,Source050
0.00178985481627055,0.594711675034019,0.305288324965981,0.00160790168567418,0.0032500513274366,0.000867878659337368,0.00356286014362417,0.000108373649525611,0.00091515881862069,0.000137970530496522,0.000595750070034217,0.00178558900697451,0.00179410147767619,0.000675287952768152,0.000797570127457531,0.00441004710138038,0.0026895200758961,0.00615475658597584,0.00172105236029391,3.31448786167378e-05,0.00125889399801771,0.00188196003870015,8.98437228803388e-05,0.00580593249642347,0.00754264053869974,0.00188209996011305,0.00458580087009654,0.00161839797800329,0.000409895270192415,0.00751856430614471,0.000348107524529224,0.000770336714077955,0.000246907601602688,0.00168332213968286,0.00483406527062109,0.00244449889351533,0.000751450126991825,0.00239850433232165,0.000654615732041346,0.000433122305771034,0.0010947868573289,0.00513858990985349,0.00146087458002588,0.00162466240425018,0.00444782753049161,0.000219793114265386,0.000696446074982094,0.000197027079490694,0.00154154244396857,0.00239728073020004,0.00112534018665747
