Unknown,Source001,Source002,Source003,Source004,Source005,Source006,Source007,Source008,Source009,Source010,Source011,Source012,Source013,Source014,Source015,Source016,Source017,Source018,Source019,Source020,Source021,Source022,Source023,Source024,Source025,Source026,Source027,Source028,Source029,Source030,Source031,Source032,Source033,Source034,Source035,Source036,Source037,Source038,Source039,Source040,Source041,Source042,Source043,Source044,Source045,Source046,Source047,Source048,Source049,Source050
0.00271189127307641,0.406893012755152,0.493106987244848,0.00156559319065673,0.00401885327017781,0.00446389914618631,0.000664657251772642,0.00154111680445611,9.94025890260153e-05,0.000605085537065685,0.000734962551583745,0.00324415457629141,0.00259429929413595,0.00160995944185702,0.00623069197166719,0.000447239320012512,0.0026700942662451,0.000359266670339993,0.00130841280249107,0.000672254018818611,0.00215743328344404,0.000198861672577741,0.00355187554038874,0.00030561103500384,0.00612771024837926,0.000488022884485123,0.00279601276967624,8.48830064207151e-05,0.00177344978745758,0.00190401231847162,0.00177785415670198,7.42966480494675e-05,0.000483160964173949,0.00280904713380277,0.00540172617963628,0.00018021407994313,0.00370999383505617,0.00140611541672978,0.000251535082084477,0.00114547123047559,0.000134008377852809,0.000538248339285891,0.00126785604398226,0.00720292386793034,0.00134505650647547,0.000299759989259482,0.000365129516300459,0.000308248725376952,0.0104252592934665,0.000507515089585155,0.00543687300166585
