Unknown,Source001,Source002,Source003,Source004,Source005,Source006,Source007,Source008,Source009,Source010,Source011,Source012,Source013,Source014,Source015,Source016,Source017,Source018,Source019,Source020,Source021,Source022,Source023,Source024,Source025,Source026,Source027,Source028,Source029,Source030,Source031,Source032,Source033,Source034,Source035,Source036,Source037,Source038,Source039,Source040,Source041,Source042,Source043,Source044,Source045,Source046,Source047,Source048,Source049,Source050
0.00113373222503829,0.293971155338611,0.606028844661389,0.00260829809542236,0.00134501814470084,0.00195171376575476,0.00112109469043832,0.00129770576811894,0.00185054277664622,0.0026709385186606,0.00396676067846966,0.00220739702646473,0.000827943754008833,0.00148778345483722,0.000841450821966762,0.00129458080985404,0.00145338694232936,0.000285437961913972,0.00563227693167239,0.00160336630139902,0.00247851664597971,0.00018616310584048,0.00236670168566872,0.00410160321760824,0.00189477397275433,0.000188975616337321,0.00894217473665868,0.00457092055318935,0.00156049952533849,0.00557119578314565,3.52622564162823e-05,3.390402160021e-05,0.00568225289432206,0.00613944429818716,0.00131431152245868,0.00546362331171167,0.000131225026643047,0.00207841230980183,0.00126569180072747,0.00158048620890236,0.000504548522263952,0.00136578269951806,0.000550159943321532,0.000490327968559844,0.000369343038151232,0.00185399096496345,0.00064191876648223,0.00298358887064397,0.000476042204121526,0.00109440501133913,0.000504324849646995
