Unknown,Source001,Source002,Source003,Source004,Source005,Source006,Source007,Source008,Source009,Source010,Source011,Source012,Source013,Source014,Source015,Source016,Source017,Source018,Source019,Source020,Source021,Source022,Source023,Source024,Source025,Source026,Source027,Source028,Source029,Source030,Source031,Source032,Source033,Source034,Source035,Source036,Source037,Source038,Source039,Source040,Source041,Source042,Source043,Source044,Source045,Source046,Source047,Source048,Source049,Source050
0.00432896005072144,0.672934944522337,0.227065055477663,0.00198925362276546,0.00217782211709311,0.000290904046175907,0.000665672119952816,0.000212350011324474,0.000116080370237652,0.0020827590725036,0.0044750086702123,0.000629598563543555,0.00236913240135412,0.00109606532375558,0.00237052368714885,0.0100414357784955,0.00114521249286053,0.00229664843399414,0.0021201600535404,0.000461521488725816,0.000233799882824484,7.37751253512674e-05,0.00646871676159307,0.00112983948127366,0.00274198794163695,0.00664090958253247,0.00534553224901299,0.00160039123954915,0.00124542544815542,4.69053307363764e-05,0.00363673696519623,0.00242241962055177,0.00166131375738711,0.000498618670184892,0.000420854067525676,0.00414354187211595,0.00298252452536105,0.000503646437648837,2.48492550278706e-05,0.000208677496182896,0.00174056970693073,0.000294185590752875,0.00143127282938345,0.000838933340353268,0.000187600251712447,0.000998110860344593,0.00175539172512835,0.00109829944947432,0.00359670362697759,0.00329330458581936,0.00386605401886959
