Unknown,Source001,Source002,Source003,Source004,Source005,Source006,Source007,Source008,Source009,Source010,Source011,Source012,Source013,Source014,Source015,Source016,Source017,Source018,Source019,Source020,Source021,Source022,Source023,Source024,Source025,Source026,Source027,Source028,Source029,Source030,Source031,Source032,Source033,Source034,Source035,Source036,Source037,Source038,Source039,Source040,Source041,Source042,Source043,Source044,Source045,Source046,Source047,Source048,Source049,Source050
0.000328228354543987,0.535112533446863,0.364887466553137,0.00102128402817374,0.00182975141657958,0.000205202638520234,0.000351942473562192,0.00276984883867788,0.00277447262494301,0.00256049685944042,0.000625787733187561,0.00159936889305486,0.00172333629270379,0.00202211193207527,0.002060433381833,0.00264569674426822,0.000376955320102272,0.000939317275715501,0.000513844760309011,0.000627741556525003,0.000891197983949274,3.86941237506976e-05,0.00572905924434654,0.000639601975042197,7.2178808295411e-05,0.000261554100075804,2.34219629131235e-05,0.000251900995137776,0.00246202861141106,0.00291435124796968,0.0029777570358994,0.00905075045330104,0.00524814405979447,0.000872592700456513,0.000398328038281633,0.00638446293815634,0.00206494278734768,0.000160375467316379,9.28334791277537e-05,0.00163338959345327,0.00582210457356451,0.00150247258460839,0.00101435993960537,0.0049120184450339,0.00088149171172952,0.00815685562236593,0.00736247209859588,0.000475676250959717,0.000693371171203292,0.00179035010293094,0.000245440769160961
