Unknown,Source001,Source002,Source003,Source004,Source005,Source006,Source007,Source008,Source009,Source010,Source011,Source012,Source013,Source014,Source015,Source016,Source017,Source018,Source019,Source020,Source021,Source022,Source023,Source024,Source025,Source026,Source027,Source028,Source029,Source030,Source031,Source032,Source033,Source034,Source035,Source036,Source037,Source038,Source039,Source040,Source041,Source042,Source043,Source044,Source045,Source046,Source047,Source048,Source049,Source050
0.00111354958556493,0.345879639806886,0.554120360193114,0.0024762874439742,0.00138937158796741,0.0017168273603964,0.000554076495550135,0.00210211206093719,0.0023245598440637,0.000154105377945733,0.00395517443347431,0.000193450793145342,0.000624594594085632,0.00160848821801788,0.00323060947358539,0.00176848864486991,0.00124328305518144,0.00325723288821504,0.000261338728631885,0.00716089654929918,0.00224506635982408,0.00248207416051514,0.000893447598496846,0.00141174513319864,0.00437278367570736,0.00199527318307756,0.000980059575359168,0.00266353512176772,0.001790826580849,0.00163277089829441,0.0027027072884771,0.0017782619598292,0.00122443021378283,0.00441152111126858,0.000964853424286939,0.000396414708293212,0.000231544917326656,0.000795032702783802,0.00131051910241131,0.00438029386598792,2.5111968962255e-05,0.000472087014043671,0.000258252519558617,0.00776886124615141,0.00258263568682151,0.00296851282302504,0.000939270689035805,0.000540226113519234,0.0044195168810469,0.00160118232821859,0.00462673401317377
