Unknown,Source001,Source002,Source003,Source004,Source005,Source006,Source007,Source008,Source009,Source010,Source011,Source012,Source013,Source014,Source015,Source016,Source017,Source018,Source019,Source020,Source021,Source022,Source023,Source024,Source025,Source026,Source027,Source028,Source029,Source030,Source031,Source032,Source033,Source034,Source035,Source036,Source037,Source038,Source039,Source040,Source041,Source042,Source043,Source044,Source045,Source046,Source047,Source048,Source049,Source050
0.000152982519950046,0.790748427310985,0.109251572689015,0.00158210444809319,8.92080033392502e-05,0.00262655297315392,0.00200753299650576,0.000395960279995034,0.00107018206058518,0.00348063285120112,0.000730195900612823,0.00956150640749471,0.00880377445801029,0.00209202185301286,0.00550540832248789,0.00127520640581757,0.0017906207446063,0.00472783647246749,2.5011732991858e-05,0.00423407875235052,0.000235868885332722,0.000129223356381189,0.00291766642315019,0.00362350082641718,0.00373871471870598,0.000135345730544235,0.00100572516192854,0.00271384717172822,0.00354910854285553,0.00129501590139325,0.00181026048150308,0.000129379984864653,0.00123452743693214,0.00126901600672841,0.00235714919215671,0.00658669186025989,0.000692895462092058,0.00074079770746418,0.000504817742305536,0.00195774954733817,1.52214053247033e-06,0.000197678419879616,0.000677321939562426,0.000353884963246806,0.00386963915486195,0.0016456140931067,0.00267522452957167,0.000429402162259032,0.000510898898130806,0.00199295254969718,0.000867741826393616
