Unknown,Source001,Source002,Source003,Source004,Source005,Source006,Source007,Source008,Source009,Source010,Source011,Source012,Source013,Source014,Source015,Source016,Source017,Source018,Source019,Source020,Source021,Source022,Source023,Source024,Source025,Source026,Source027,Source028,Source029,Source030,Source031,Source032,Source033,Source034,Source035,Source036,Source037,Source038,Source039,Source040,Source041,Source042,Source043,Source044,Source045,Source046,Source047,Source048,Source049,Source050
0.00167918824547427,0.278404030816306,0.621595969183694,0.000877895976595307,0.0026117762580804,0.00318251934235791,0.00164035614381417,0.00344399594425258,0.000104501570758561,0.00161058489984982,9.33021649086208e-05,0.00210972119309576,0.00299912582285254,0.000474829380935559,0.000279755291762425,0.0013588641875196,0.00192591643414684,0.0104925492039594,0.00139310914598565,0.00102146072691493,0.000860237693629429,0.000101510767999294,0.00107540850171409,0.000889052527458809,1.53865666881927e-05,0.00182829074406936,0.00778785661970614,0.00146815008932145,0.00151568211409341,0.00104883125879011,0.00149755744747945,0.000631676828108863,0.00550318446649706,0.00224180205813639,0.00122685410503588,0.00132050710660985,0.000137474958363533,0.000166209905225131,0.00477185902219568,0.00160782696158635,0.00109414232569441,0.00320129086261899,0.000364741988782499,0.000472879991872659,0.000709999990932015,1.51344312266951e-06,0.011887696004881,0.00248680997730098,0.000401684823576986,0.000982204345627421,0.00540222456961754
