Unknown,Source001,Source002,Source003,Source004,Source005,Source006,Source007,Source008,Source009,Source010,Source011,Source012,Source013,Source014,Source015,Source016,Source017,Source018,Source019,Source020,Source021,Source022,Source023,Source024,Source025,Source026,Source027,Source028,Source029,Source030,Source031,Source032,Source033,Source034,Source035,Source036,Source037,Source038,Source039,Source040,Source041,Source042,Source043,Source044,Source045,Source046,Source047,Source048,Source049,Source050
0.00030570904437586,0.750490739278041,0.149509260721959,0.00248834061548022,0.00184990672635481,0.000347171501101195,0.004479706410772,0.00391093852520469,0.00063298535892457,0.00276288454602005,0.00205368277187321,0.00273656258010419,0.00358893368912387,0.000338301435202177,0.00044483134637495,0.000642856518641677,0.00454479080881241,0.00426471201457213,0.00150297073705495,0.000423484092941365,0.000429739087348354,0.00150827804463274,0.000543658018888179,1.22823050581332e-05,0.00130894538855346,0.00289447417226097,0.00588473450522585,0.000525981887822496,0.00345951063474817,0.00235581301587281,0.00548379100681879,0.000290152938559684,0.00294929037187107,0.000137531617297414,0.000167083781710274,0.000209021499907175,0.000698335728994484,0.00034263511937896,0.000439851742678887,0.00179497047888756,0.00165896184005196,0.00476659870215561,0.000256106097237705,0.00156511515171932,0.00944054939832663,0.00055101959652014,0.000872240033224503,0.00220344170966208,0.00121210700314447,0.00354245374059012,0.00517655665791762
