Unknown,Source001,Source002,Source003,Source004,Source005,Source006,Source007,Source008,Source009,Source010,Source011,Source012,Source013,Source014,Source015,Source016,Source017,Source018,Source019,Source020,Source021,Source022,Source023,Source024,Source025,Source026,Source027,Source028,Source029,Source030,Source031,Source032,Source033,Source034,Source035,Source036,Source037,Source038,Source039,Source040,Source041,Source042,Source043,Source044,Source045,Source046,Source047,Source048,Source049,Source050
0.00381826253819883,0.292522152644105,0.607477847355895,0.00136367727901584,0.000825103815831157,0.00976042297290518,0.000989837478750117,0.00603103252709843,0.00109353721578054,0.00120134952832802,0.00551184158536869,4.37067663029075e-05,0.0112820716331156,0.00300769018425584,0.00181588797925174,0.000314170537969474,0.00146819472220461,0.00179771509429787,0.000280336373095517,0.00236902516952354,8.34986210497879e-05,0.000889885057902086,0.00390595733080848,0.000823917174660338,5.02788666023203e-05,0.00303895266672756,0.000711642834180653,0.000954912372980607,0.0014384173044613,0.000731593282258277,0.00362820395007643,0.00199574519682993,0.00191955348397101,0.0023288468064475,0.000350606936448316,0.00279709101784685,0.00321398939802418,0.000960406199294343,0.000512408487370915,0.00143778668361774,0.00113203304106964,0.00218016189648884,0.000789061208520778,7.28454409782527e-05,4.06328544128238e-05,0.00189290509134607,0.00163448445374737,0.000816713885319379,0.00128177637275375,0.00439991665801385,0.00101191202449666
