Unknown,Source001,Source002,Source003,Source004,Source005,Source006,Source007,Source008,Source009,Source010,Source011,Source012,Source013,Source014,Source015,Source016,Source017,Source018,Source019,Source020,Source021,Source022,Source023,Source024,Source025,Source026,Source027,Source028,Source029,Source030,Source031,Source032,Source033,Source034,Source035,Source036,Source037,Source038,Source039,Source040,Source041,Source042,Source043,Source044,Source045,Source046,Source047,Source048,Source049,Source050
8.68790877759035e-05,0.35480250574002,0.54519749425998,0.00190717203866346,0.00260902804896407,0.00199517786263827,0.00379281971769544,0.000216866121974933,4.78430636456117e-05,0.000519014053661338,0.00267308248438237,0.00272378125041773,1.56677010740978e-05,0.00549490948109194,0.00731334633610986,0.00334211824109753,0.00067442779033572,0.00365457733187603,0.00363420960247781,0.000673666155122898,0.00236501294573133,0.00680410880489826,0.000751213500794992,0.00178021264183538,0.00478123240124559,0.00264543161378274,0.000932604431259143,0.000598473621972816,0.00147565619814512,0.00124034589336935,0.00156614583793756,9.46791563489458e-05,0.00136782299237694,0.00420204484906694,0.00222986116559031,0.000884234854146855,0.00493960812854782,0.000635631456148269,0.000113970393164687,0.00396304717411897,0.000678374261837137,0.00399081584359532,0.00120861776548383,0.000440282333577054,0.00301007649238732,0.000442719135477404,0.00039598144779384,0.00116180354943054,0.00134487272876962,0.000993437281084203,0.00158709473107665
