Unknown,Source001,Source002,Source003,Source004,Source005,Source006,Source007,Source008,Source009,Source010,Source011,Source012,Source013,Source014,Source015,Source016,Source017,Source018,Source019,Source020,Source021,Source022,Source023,Source024,Source025,Source026,Source027,Source028,Source029,Source030,Source031,Source032,Source033,Source034,Source035,Source036,Source037,Source038,Source039,Source040,Source041,Source042,Source043,Source044,Source045,Source046,Source047,Source048,Source049,Source050
0.00455410555273876,0.468669938821685,0.431330061178315,0.00190512560382746,0.000323163360912551,0.000839506894128944,0.000621391422824177,0.000475903445881193,0.00399966703532027,0.00361138113506144,0.000587622219566051,0.00145980164133593,0.000421607922354505,0.000911744373107768,0.00431267461981785,0.000573296098294096,0.00406459663211825,0.000730548346206644,0.00198611864095224,0.00143063643636584,0.00218115655349414,0.0013639420499135,0.000363586450385338,0.00184888008365278,0.000435597780384218,0.00192399557234385,0.00256588769301154,0.00289988078717882,0.00259144239221129,0.000290466754186665,0.000563705670451001,0.00055506952686544,2.82858658326363e-05,0.00452720997247439,0.00772617985529682,0.00072078652693606,0.000877535785329371,0.00413911358399257,0.0003789743525213,0.00216356825777498,0.00481075021436527,0.00192537526318991,0.00678524636253774,0.000636368425558014,0.00227141627802866,0.0015374499824458,0.00522053367916751,0.000138386656605784,0.00024220155622142,0.000870599303707709,0.00460751538312147
