Unknown,Source001,Source002,Source003,Source004,Source005,Source006,Source007,Source008,Source009,Source010,Source011,Source012,Source013,Source014,Source015,Source016,Source017,Source018,Source019,Source020,Source021,Source022,Source023,Source024,Source025,Source026,Source027,Source028,Source029,Source030,Source031,Source032,Source033,Source034,Source035,Source036,Source037,Source038,Source039,Source040,Source041,Source042,Source043,Source044,Source045,Source046,Source047,Source048,Source049,Source050
0.00329552311196618,0.646352573876894,0.253647426123106,0.00539581207711319,0.000120892634803718,0.000351471657475234,0.00359398695760263,0.000813251140975348,0.00122400956321611,7.39856034600933e-05,0.00331360036464167,0.000154882261875029,0.000196533513812895,4.84293206913559e-05,0.000980251600708611,0.000610999805842599,0.00122009039558064,0.00145452752861005,0.000700064908188763,0.00695636895293357,0.00225004929316839,0.00221753159674581,0.00354417568043102,0.00268363575321092,0.00130829829317827,0.00827936233352401,0.00320661103058242,0.000734491919493501,0.000141026571572005,0.00113666599275253,0.00238524359309428,0.000519088088075171,0.0019045273658504,0.00229545306311662,0.00170085667333834,0.000772709192832331,0.00311644883526632,0.000993547012118644,0.00429934696736197,0.00149848826964035,0.00137327630893552,0.000937041543789794,0.0016322099617315,0.000878963652489747,0.00381735992201013,0.000496418263534148,0.00313456041464618,0.00468752564726555,0.000847188693296179,0.0029843623704306,0.00371885429701964
