Unknown,Source001,Source002,Source003,Source004,Source005,Source006,Source007,Source008,Source009,Source010,Source011,Source012,Source013,Source014,Source015,Source016,Source017,Source018,Source019,Source020,Source021,Source022,Source023,Source024,Source025,Source026,Source027,Source028,Source029,Source030,Source031,Source032,Source033,Source034,Source035,Source036,Source037,Source038,Source039,Source040,Source041,Source042,Source043,Source044,Source045,Source046,Source047,Source048,Source049,Source050
0.00121197760031275,0.143113825283146,0.756886174716854,6.28881107882594e-05,0.00106117754900334,0.00307489406345012,0.000569270236099078,0.000606738148649687,0.000677419789616001,0.00183104730824223,4.81186288527651e-05,2.34826647895132e-05,0.00218739471219619,0.00231781372634107,0.00256100472671222,0.00286731041004018,0.000418234732685446,0.00356240562591194,0.0024469481757387,0.00118156566069896,0.000905032507313714,0.000420616496027323,0.00139142548286051,0.00544068145229116,0.000816333086983964,0.000132131862803888,0.0145792092172639,0.0027607633438385,0.003345793244463,0.000179326247386157,0.00339815308872221,0.0062834592446933,0.00212136331835675,0.000263407747924726,0.00411989857156023,0.000231055409825099,0.00143004169643331,0.00380538046431519,0.000178487837990217,0.000997327990522778,0.000904019307879383,0.00194918585146677,0.000642094314115367,0.000528088048436238,0.00038711736156508,0.00811536809636767,0.0048223767003004,0.00030535317757312,0.000821448475016581,0.00169392783092984,0.000321440654645169
