Unknown,Source001,Source002,Source003,Source004,Source005,Source006,Source007,Source008,Source009,Source010,Source011,Source012,Source013,Source014,Source015,Source016,Source017,Source018,Source019,Source020,Source021,Source022,Source023,Source024,Source025,Source026,Source027,Source028,Source029,Source030,Source031,Source032,Source033,Source034,Source035,Source036,Source037,Source038,Source039,Source040,Source041,Source042,Source043,Source044,Source045,Source046,Source047,Source048,Source049,Source050
0.0128280878462382,0.672610250521189,0.227389749478811,0.00102383253614319,4.10971811242104e-05,0.00418621186599857,0.00183182918545263,0.000545152436698616,0.000761425240466531,0.00198348278382516,0.000509336991520461,0.00225597229519236,0.00320027674028421,0.00386661370006704,0.00181531750927152,0.00026675110992091,0.00177884966816909,0.0021601835112979,0.00204203713304949,0.000760326100498487,0.00127124834385544,1.30581557883901e-05,0.00312096595811541,0.0013143475953211,0.000779545808719066,0.00152566437182396,0.00475401622337173,0.0016371855987434,0.000179149405864519,0.00233159544563878,0.00118869378184238,0.000926069969675248,0.00513582785554854,0.00170724109289935,0.00175554369647081,0.000121831440014073,0.000741452890133713,0.00285048492633607,0.00186160999576012,0.00422880978685733,0.00138325678730156,0.00369598192877219,0.00100174959264614,0.00144688635164372,0.00122119285377319,0.00419682740348563,0.000172106036205749,0.000101955722140095,0.00189674336733746,0.00540269062443002,0.000179483154266126
