Unknown,Source001,Source002,Source003,Source004,Source005,Source006,Source007,Source008,Source009,Source010,Source011,Source012,Source013,Source014,Source015,Source016,Source017,Source018,Source019,Source020,Source021,Source022,Source023,Source024,Source025,Source026,Source027,Source028,Source029,Source030,Source031,Source032,Source033,Source034,Source035,Source036,Source037,Source038,Source039,Source040,Source041,Source042,Source043,Source044,Source045,Source046,Source047,Source048,Source049,Source050
0.00164236469582642,0.196178307468691,0.703821692531309,0.00195298167979455,0.00051791558433984,0.000318377768692108,0.00365104683639022,0.000680283768875307,0.00108428984673579,0.00361777771835577,0.0027854286917117,0.00157131183891795,0.00565003595196261,0.000614233575213594,0.00562019102129992,0.00306615413033643,0.00453690103042345,9.05005446753998e-05,0.00645027134042648,0.00338718053574641,0.00435979213715208,7.14968774621483e-06,0.000635261506115261,0.00129948101116719,7.80003867481497e-05,0.00302685425151161,0.00525161006702257,0.00140166508109067,0.00146531203123599,0.00687356474785605,0.00372212972631966,0.000618576580999181,0.00170090457756487,0.000257253232567966,0.00187934802443387,0.00131789347705125,0.00391804685449173,0.000839729924772456,0.000784054054386461,0.00137222731609912,0.00072485571050022,0.0010736200340802,0.000122719649970473,0.00203721293713563,0.00249802785488483,0.00208010564881255,0.000246977907022411,0.000721279612349477,0.0016439766752042,4.31869562685888e-05,0.000761935777715101
