Unknown,Source001,Source002,Source003,Source004,Source005,Source006,Source007,Source008,Source009,Source010,Source011,Source012,Source013,Source014,Source015,Source016,Source017,Source018,Source019,Source020,Source021,Source022,Source023,Source024,Source025,Source026,Source027,Source028,Source029,Source030,Source031,Source032,Source033,Source034,Source035,Source036,Source037,Source038,Source039,Source040,Source041,Source042,Source043,Source044,Source045,Source046,Source047,Source048,Source049,Source050
0.00138272138197537,0.217265629014657,0.682734370985344,0.00335069505648735,0.00305366454983071,0.00182823451683351,0.00092332650740556,0.00226847506820112,0.00233607497338967,0.0021044542148805,0.00246646835143312,0.00106812568145952,0.00133841995387021,0.00323118017637745,0.00241520123671739,0.00453789339509064,9.02951364135074e-05,0.00065267318335531,0.000376331642082241,0.00181569639175864,0.00107245761599344,0.00163141746070178,0.00364148997701458,0.00452765873408763,0.00064278275721175,0.0024143063573236,0.00257704268115554,0.00257482919362274,0.00139166586920384,0.000408481461428418,0.00624692166633108,0.000904121991291433,0.000583638252671751,0.000953947874194418,0.000218713760458786,0.0029769830673265,0.00306657208150145,0.000699748845457647,0.000702380251783345,0.000902414447151706,0.000506557363986486,0.00122132054558806,0.00242512182145927,0.00722805898213098,0.00116002852217022,0.0023511574931242,0.00102426576465957,0.00145207122043149,0.00344769914112465,0.000712107960188366,0.00509410542166341
