Unknown,Source001,Source002,Source003,Source004,Source005,Source006,Source007,Source008,Source009,Source010,Source011,Source012,Source013,Source014,Source015,Source016,Source017,Source018,Source019,Source020,Source021,Source022,Source023,Source024,Source025,Source026,Source027,Source028,Source029,Source030,Source031,Source032,Source033,Source034,Source035,Source036,Source037,Source038,Source039,Source040,Source041,Source042,Source043,Source044,Source045,Source046,Source047,Source048,Source049,Source050
0.00576312033278275,0.616287054218295,0.283712945781706,6.38193615622421e-05,0.00389813538723202,0.00301591625894032,0.000430463425418939,0.00058606817616263,0.000994678955434514,6.01210163231128e-05,0.00113847252077894,0.00141681105921683,0.00294150215319234,0.00220614955496007,0.00415125794407905,0.00432002108126708,0.000338720130830129,0.00816527467538653,0.0051631581713295,0.00123081159897809,0.000322494646323689,0.000333869112848,0.00720175667850618,0.00159132597574296,0.00079389933739278,0.000497269270726634,0.00209115584197629,0.000314461306805693,0.00103913821861098,0.000168360509022479,0.00342139924525197,0.00112930159535391,0.00126312584324539,2.09691654303821e-05,0.00270210887359934,0.000775342229079662,0.000143057544401222,7.35721391442362e-05,0.00275907346276101,0.000506692203216181,0.00217551857029271,0.00243673623185105,0.00129438577757648,0.00226495718195134,0.00196760214944481,0.00286667872271814,0.00113246464938963,0.00356258036726249,6.96356059241391e-05,0.00200625098409448,0.00719031475618065
