Unknown,Source001,Source002,Source003,Source004,Source005,Source006,Source007,Source008,Source009,Source010,Source011,Source012,Source013,Source014,Source015,Source016,Source017,Source018,Source019,Source020,Source021,Source022,Source023,Source024,Source025,Source026,Source027,Source028,Source029,Source030,Source031,Source032,Source033,Source034,Source035,Source036,Source037,Source038,Source039,Source040,Source041,Source042,Source043,Source044,Source045,Source046,Source047,Source048,Source049,Source050
0.00512067187259285,0.142032485159137,0.757967514840863,0.000239353478317955,0.00559606354121995,2.38975136187062e-05,1.66300387778802e-05,0.00626967634569742,0.000827438317822542,0.00693831732963502,0.00152372189000573,0.0033584582528754,0.00667768898774425,0.000479700765359648,0.00233942884965901,0.000734285446532729,0.00656550204366285,0.00190146839865577,0.00137403706234526,0.00495183273371634,0.000111746074053223,0.000254871701277495,0.00295421929582716,0.000179439165737915,0.000536933314663294,0.00390784768519682,0.000241473406059865,0.00258911777141712,0.00119196946974011,0.00311339513214257,0.00131808695564636,0.00104659908352612,0.000233672317178883,0.00307489302224086,0.00208431799152373,0.000161442234899039,0.00270223539212568,0.00207810862716901,0.000861780078324003,0.00216791990684024,0.00080414124013341,8.03587673694986e-05,0.000194721744020033,0.00192588353055744,0.00079913336735291,0.00109699107539164,0.00235525978851191,0.00141571455841652,0.00376364883008235,0.00141020608931484,0.000405699515020642
