Unknown,Source001,Source002,Source003,Source004,Source005,Source006,Source007,Source008,Source009,Source010,Source011,Source012,Source013,Source014,Source015,Source016,Source017,Source018,Source019,Source020,Source021,Source022,Source023,Source024,Source025,Source026,Source027,Source028,Source029,Source030,Source031,Source032,Source033,Source034,Source035,Source036,Source037,Source038,Source039,Source040,Source041,Source042,Source043,Source044,Source045,Source046,Source047,Source048,Source049,Source050
0.00173746522273691,0.486677416351085,0.413322583648915,0.00416345187791043,0.000742836234610602,0.00360636119916911,0.00606419641051767,0.00248141077793041,0.00275326738335647,0.000169866632663952,0.00350904433832132,0.00517476711871946,0.000985149190939717,0.00387635759644753,0.00245483697839595,0.00276067770429078,0.00287755143597891,0.000429852366083908,0.000657786319308169,0.00333022895791657,0.00130913241483564,0.000825661406649069,0.00103595290979346,0.00114148638602458,0.00141691441904846,0.00233097538908686,0.00322838815142001,0.00250779957987116,0.00165353422695089,0.00075419437837621,0.000991850590133823,0.000418356790233697,0.00121962308082931,0.000653771492480245,0.000440987239445788,0.00288957659481589,0.00252130188322706,0.00576658035711319,0.000905417661320879,0.00336293661433634,0.0022486845605497,0.00163699832395986,0.00144879829724339,0.000541550989396748,0.000985276089007732,0.00128888328666874,0.00180456928642162,0.00168558579276646,0.000488771938057606,0.000454530414488661,0.00426680171014902
