Unknown,Source001,Source002,Source003,Source004,Source005,Source006,Source007,Source008,Source009,Source010,Source011,Source012,Source013,Source014,Source015,Source016,Source017,Source018,Source019,Source020,Source021,Source022,Source023,Source024,Source025,Source026,Source027,Source028,Source029,Source030,Source031,Source032,Source033,Source034,Source035,Source036,Source037,Source038,Source039,Source040,Source041,Source042,Source043,Source044,Source045,Source046,Source047,Source048,Source049,Source050
0.0023806608503633,0.116248541232144,0.783751458767856,0.00273965835527316,0.000855887181727264,0.00324053589603106,0.00369669832108595,0.00417831104718678,0.000168892160702494,0.00328439913651201,0.00274046888978982,0.000299201736415854,0.00206980989051394,0.00174326426015766,0.000590880783892139,0.00145737082377477,0.000159475490722915,0.00637858061934449,1.54944656506327e-05,0.00229246216948253,0.0028717722924641,0.00253974251307683,0.000248765454151827,0.000211822320700886,0.000973005209786615,0.00160171773337829,0.00255131656434793,0.00166617009999172,0.00118282373117341,0.00270130672838964,0.00208690471156866,0.00370623750065113,6.38666992672022e-05,0.00210775219848562,0.00151295638703589,0.000858094685921828,0.00157346768378153,0.00582798423429132,0.00316301046964098,0.00153767272205496,0.000749184072913312,0.00315160599040731,0.00181407825436329,0.00167494735727925,0.000599167531635495,0.000142999689019839,0.00361954622949564,0.00224355831824341,0.00139562205000664,0.00473238594131473,0.00259846254653387
