Unknown,Source001,Source002,Source003,Source004,Source005,Source006,Source007,Source008,Source009,Source010,Source011,Source012,Source013,Source014,Source015,Source016,Source017,Source018,Source019,Source020,Source021,Source022,Source023,Source024,Source025,Source026,Source027,Source028,Source029,Source030,Source031,Source032,Source033,Source034,Source035,Source036,Source037,Source038,Source039,Source040,Source041,Source042,Source043,Source044,Source045,Source046,Source047,Source048,Source049,Source050
0.00107073346849977,0.617084931306916,0.282915068693084,0.0011540640590361,0.000927967630982884,0.00263506281144535,0.00547915764413878,0.000599351348642212,0.00765315988712364,0.0040881162135231,0.00171968391290336,0.00436155592314968,0.00331037188989517,0.000575744278342422,0.00308815899403123,0.000227169139345839,0.0012437262672538,0.000659595644975213,0.00284210283397625,0.00377174239958278,0.000899881686485843,0.00372743227559926,0.00219915918334826,0.00165031246582389,0.000729489006754882,0.00167479134008744,0.00495498448260388,0.000374623976850388,0.00134226722176851,0.00320749050787165,0.00209903820036341,0.00128297199231261,0.0024830713855962,0.00114253425299964,0.00119253990646873,0.000352129996496382,0.000522615840671615,0.00150657458629346,0.00140805075071193,0.00167500069823012,0.00231003591516664,0.00183242035661187,0.00093119547678578,0.00179875827625144,0.00570048778590171,0.00308261613707207,0.000461543499381945,0.000668854062954341,0.00101800533503128,0.00121609334536859,0.00114756570528863
