Unknown,Source001,Source002,Source003,Source004,Source005,Source006,Source007,Source008,Source009,Source010,Source011,Source012,Source013,Source014,Source015,Source016,Source017,Source018,Source019,Source020,Source021,Source022,Source023,Source024,Source025,Source026,Source027,Source028,Source029,Source030,Source031,Source032,Source033,Source034,Source035,Source036,Source037,Source038,Source039,Source040,Source041,Source042,Source043,Source044,Source045,Source046,Source047,Source048,Source049,Source050
0.00144849176182446,0.736610764706683,0.163389235293317,0.00161617384205601,0.00283550261350894,0.000936579706981604,0.000237257834971314,0.000513008459490799,0.000168723138182869,0.00048024094450152,0.000315704556214686,0.00228495610573355,0.000274920029893411,0.00195896287787778,0.000879177218526173,0.00308492510843371,0.00494957880573177,0.00133064396563195,0.00160693130967411,0.00292089731455973,0.000841627163357055,0.00159233115165312,0.00158791282361462,0.00217882855691743,0.000102701369353206,0.00850173240921991,0.00344148781760763,0.00119428764607002,0.00270044806448363,0.000515210705162146,0.00361849584944243,0.000603842806016752,0.00512862046725992,0.00138192729287672,0.000465904194093024,0.00143797655527878,0.00129050068502624,0.00327047928567391,0.00229433972765524,0.00321666030261337,0.00413495573140806,0.00531227361317849,0.000781139230463593,8.16773481171704e-05,0.000330015810125156,0.000484901373606388,0.00296700521685333,0.00092629773142908,0.00851442347010405,0.00149151751640734,0.00176780249113779
