Unknown,Source001,Source002,Source003,Source004,Source005,Source006,Source007,Source008,Source009,Source010,Source011,Source012,Source013,Source014,Source015,Source016,Source017,Source018,Source019,Source020,Source021,Source022,Source023,Source024,Source025,Source026,Source027,Source028,Source029,Source030,Source031,Source032,Source033,Source034,Source035,Source036,Source037,Source038,Source039,Source040,Source041,Source042,Source043,Source044,Source045,Source046,Source047,Source048,Source049,Source050
0.00409789585197708,0.531215022324081,0.368784977675919,0.000122406579344109,0.000567213690510325,0.00138055743136172,0.0018000689265951,0.000768514442230787,0.00326076549446396,0.000591108508364634,0.00104891530271974,0.000436641961162829,0.00352289286624301,0.00118860551092104,0.00284422629254763,0.000911450436018338,0.000950183778628568,0.000301076064957401,0.00241714234149081,0.000607397837697408,0.00287214745933072,0.000919296415572039,0.000343486722956212,0.00375264510062594,0.00213793956089893,0.00266924249311246,0.000474608249992123,0.00547619903447755,0.00368998979687225,0.00043889080451925,0.00132310786529269,0.00402540816410018,0.000523559536928464,0.00158367462293328,0.000808153165526188,0.00403745531252403,0.00442153770481902,0.00779827797968537,0.00104941470482555,0.000420426585896725,0.00416738682422346,0.000487958710108744,0.000599411302078871,0.000380900009865756,0.00234472612336324,0.00251521902709743,0.00367881241121209,0.00373339589330374,0.00109147504336584,0.00423041610147934,0.00118777395577799
