Unknown,Source001,Source002,Source003,Source004,Source005,Source006,Source007,Source008,Source009,Source010,Source011,Source012,Source013,Source014,Source015,Source016,Source017,Source018,Source019,Source020,Source021,Source022,Source023,Source024,Source025,Source026,Source027,Source028,Source029,Source030,Source031,Source032,Source033,Source034,Source035,Source036,Source037,Source038,Source039,Source040,Source041,Source042,Source043,Source044,Source045,Source046,Source047,Source048,Source049,Source050
0.00580331289911079,0.694625529335081,0.205374470664919,0.000916895317926086,0.0105527770890129,0.000651788306074473,0.000382303004029092,0.00453924843942769,0.00045767947257826,0.00292574655448827,0.000159692260066816,0.00453164135465786,0.000524761188208052,0.00263724185565989,2.17126129004528e-05,0.00634146566672406,0.000563937671305607,0.00353894411971635,0.00128780090367904,0.000872828528657966,0.000857827725622911,0.00379348918731182,0.00265422153293785,0.00128533137746781,0.00471127752842355,0.000611349488903308,0.00010282885891438,6.98513874128319e-05,0.001080683349456,0.00085880554780413,0.00359919134639295,0.0019573158979012,0.000830886110001644,0.00190063316426959,0.00244927281809627,0.000785317309608271,0.00020585405893662,0.00491075940265985,0.00549603492827191,0.00323420229789405,0.000486726768721511,1.23002579664524e-05,0.000779188508147306,0.000778988338101879,0.000735653016017349,0.00149390347384293,0.00607510166640849,0.000908324172684702,0.000570878942384918,1.25852558653525e-05,4.14390373485146e-05
