Unknown,Source001,Source002,Source003,Source004,Source005,Source006,Source007,Source008,Source009,Source010,Source011,Source012,Source013,Source014,Source015,Source016,Source017,Source018,Source019,Source020,Source021,Source022,Source023,Source024,Source025,Source026,Source027,Source028,Source029,Source030,Source031,Source032,Source033,Source034,Source035,Source036,Source037,Source038,Source039,Source040,Source041,Source042,Source043,Source044,Source045,Source046,Source047,Source048,Source049,Source050
0.000951950495380183,0.592297435184155,0.307702564815845,0.0037629471531298,0.00095347889373525,0.000229053657816401,0.00464891676959215,0.00248895803127253,0.00296531470541783,0.000381734755002555,0.00015907522088562,0.000736572377637484,1.21453403625515e-05,0.00092874954537821,0.000882741627878283,0.000775609795431873,0.00135659955919337,0.000262596090739644,0.00287347289969956,0.00253608550368645,0.00033674347060794,0.000729343236435318,0.000833151465614688,0.00438857562143495,0.00616316590440954,0.0016797164077935,0.0014662309981805,0.00397439130781558,0.00268908960050008,8.39231488443316e-05,0.00138886683602859,0.00228476437925726,0.00561414269024452,0.00208342849743477,0.00248923358803808,0.000826004891763062,0.000274031104349251,0.00658407751739078,0.00363891866052999,0.00201384841805252,0.00190358084314945,0.00157885182581531,0.0063926470302156,0.00717928788245571,2.69031290644145e-06,0.000137224842579055,0.00307425334336634,0.000176581424065713,0.000562345891091108,0.000416532158678288,0.00212835427871196
