Unknown,Source001,Source002,Source003,Source004,Source005,Source006,Source007,Source008,Source009,Source010,Source011,Source012,Source013,Source014,Source015,Source016,Source017,Source018,Source019,Source020,Source021,Source022,Source023,Source024,Source025,Source026,Source027,Source028,Source029,Source030,Source031,Source032,Source033,Source034,Source035,Source036,Source037,Source038,Source039,Source040,Source041,Source042,Source043,Source044,Source045,Source046,Source047,Source048,Source049,Source050
0.00074236349434014,0.654028106917452,0.245971893082548,0.000275774466205221,0.000176739328769213,0.0022660054810338,0.000557283613275724,0.00055787374209749,0.00435918575005887,0.00145893896261309,0.00251027594387057,0.0105060441616898,0.000796273490083708,0.000800128696310718,0.00312679676189157,0.000468555446753847,0.000487913614994847,0.000638771417525735,0.00519658677379423,0.0011338600650882,0.00235077207115638,0.00156972234735077,0.00206991293609494,0.000135691381113802,0.00498788467764635,0.00232237251714403,6.05403070566335e-05,0.000296743702212761,0.00611007554826866,0.00585395512172759,0.000106665973911057,0.00158799871870837,0.0012940433632567,0.00207424078703544,0.00195494223289486,0.000916507209728908,0.00123335562829798,0.000246115043167911,0.00259212448090257,0.00916625759383127,0.00241789778353692,0.00142776419815021,0.00232723133266798,0.00143632708048859,0.000408026762355147,0.0036233506687705,0.000546186551004591,0.000737477765003184,8.07203314827088e-06,0.00172538445463605,0.00235298851833479
