Unknown,Source001,Source002,Source003,Source004,Source005,Source006,Source007,Source008,Source009,Source010,Source011,Source012,Source013,Source014,Source015,Source016,Source017,Source018,Source019,Source020,Source021,Source022,Source023,Source024,Source025,Source026,Source027,Source028,Source029,Source030,Source031,Source032,Source033,Source034,Source035,Source036,Source037,Source038,Source039,Source040,Source041,Source042,Source043,Source044,Source045,Source046,Source047,Source048,Source049,Source050
0.00278481301411727,0.542896705067262,0.357103294932738,0.000963473355616877,0.00286879735382579,0.000196200956043464,0.00517654573916237,0.00759250340049658,0.00166063299884857,0.00120915527387389,0.0003581776249073,0.000631116602716707,0.00160730577588223,0.00736812129659167,0.000640807690520619,0.000865410849010407,0.000624040724142957,0.000455003272992876,0.00124224353765854,0.000530939733199903,0.000557666899698766,0.00273442816459299,0.000330933523030282,0.00118124408450743,0.00312812589274728,0.000157889639572355,0.00490064210926855,0.000143869619413022,0.00238618627725942,0.00424603834597956,0.00187031726284915,0.00187586720094599,0.00103642347565893,0.00353326550201837,0.001204953021859,0.000981665150981559,0.0024764503364095,0.00217452073370957,0.000433612179144369,0.000324763897089355,0.00394562197906752,0.00117792581863006,0.00260734488536453,0.00360385608376235,0.00580291254650845,0.00112177029706566,0.00289796511485516,0.00103921309948554,0.0032652302202386,0.00119323395820466,0.000890773480473986
