Unknown,Source001,Source002,Source003,Source004,Source005,Source006,Source007,Source008,Source009,Source010,Source011,Source012,Source013,Source014,Source015,Source016,Source017,Source018,Source019,Source020,Source021,Source022,Source023,Source024,Source025,Source026,Source027,Source028,Source029,Source030,Source031,Source032,Source033,Source034,Source035,Source036,Source037,Source038,Source039,Source040,Source041,Source042,Source043,Source044,Source045,Source046,Source047,Source048,Source049,Source050
0.00012127245056246,0.526863931630596,0.373136068369404,0.00103165168271162,0.00743056722981046,0.00654053128138176,0.00144446477089563,0.000927561064217551,0.00126534374349573,0.000392211455547968,0.000378953615275613,0.00130640848753991,0.000175950007901102,0.00182964657107903,0.000549929236830705,3.34324261691931e-05,5.31798519736879e-05,0.0120143970239044,0.00175127582720519,0.00238719094402916,0.00228323997222136,0.00164737240220095,0.000205941271720797,0.0017566779346748,0.0012538662474856,0.000258882897342858,0.00211187828281988,0.000713752841029344,0.00195306884461792,0.00303218489168669,0.00176585580428297,0.000217199722056741,0.0010107507953352,0.00183991104964443,0.00196424913105828,0.00258462960668103,0.00499938790365646,0.00170981189818296,0.000426572443531174,0.00346890218624331,0.00237784136716049,0.00203074868568377,0.0037051255840667,0.000210153214223854,0.000833533397126402,0.00210663410515006,0.00377391473241901,0.00177141971092709,0.000245447255246999,0.0022539821296448,0.0058530960213469
