Unknown,Source001,Source002,Source003,Source004,Source005,Source006,Source007,Source008,Source009,Source010,Source011,Source012,Source013,Source014,Source015,Source016,Source017,Source018,Source019,Source020,Source021,Source022,Source023,Source024,Source025,Source026,Source027,Source028,Source029,Source030,Source031,Source032,Source033,Source034,Source035,Source036,Source037,Source038,Source039,Source040,Source041,Source042,Source043,Source044,Source045,Source046,Source047,Source048,Source049,Source050
0.00107177749771817,0.230567016571528,0.669432983428472,0.0010189987920162,0.000931541252904694,0.00161777635317094,0.00623685420470239,0.00105768278798231,0.000576198965863584,0.000531157363689939,0.00176221222086984,0.00116949524786845,0.000296764012755025,0.00131528089329956,0.00131029974038678,0.000534976828814612,0.00689353365956202,0.000421266301310025,0.000263461134773017,0.00690329176353111,0.00217405472339114,0.0014933514500953,0.00127558341515966,0.00380943676138855,0.00269697960558436,0.00154422784924053,0.00208819660004616,0.00597437361978698,0.000552238045473938,0.000827561377230995,0.00135166278903589,0.00344999522280211,0.00349388023963622,0.000923414955933197,0.00291836349301713,0.000489645810543789,0.000855336901262201,0.00141599245719277,0.0024108109088026,2.52065452192752e-05,0.00124175232255448,0.00242277950648146,0.0022280869185598,0.00059289401910585,0.00366355204269257,0.00225815248218999,0.00335587463549549,0.00142621591361604,0.00688354041058911,0.00150768886128576,0.000736581095367996
