Unknown,Source001,Source002,Source003,Source004,Source005,Source006,Source007,Source008,Source009,Source010,Source011,Source012,Source013,Source014,Source015,Source016,Source017,Source018,Source019,Source020,Source021,Source022,Source023,Source024,Source025,Source026,Source027,Source028,Source029,Source030,Source031,Source032,Source033,Source034,Source035,Source036,Source037,Source038,Source039,Source040,Source041,Source042,Source043,Source044,Source045,Source046,Source047,Source048,Source049,Source050
0.00244111474577891,0.487169215173421,0.412830784826579,0.00198417967194781,0.00163714454072166,0.0037754797566277,0.00105877561291516,0.0015044113226387,0.000842008539812173,0.000257666659912401,0.00671058918160838,0.000255585171767989,0.000588236829039884,0.00119180799670397,0.00206796774892234,0.000997257423720787,0.000705594232975555,0.000534917597605597,0.000174784902208806,0.000130343794363074,0.00151917083401604,0.00386603742959258,0.00189494525740134,0.000966176539088318,0.0023710583665641,0.00224569509972394,0.000295909216145861,0.000186277247244167,0.00240941044015507,0.00142493173390152,0.00134153063459157,0.00089164998416891,0.00489296345171393,5.48589632522606e-05,0.000332370368010537,0.00178866386401717,0.0114393052091625,0.00718277229494986,0.000224543601305623,0.000845770982553448,0.00680481985036851,0.00199120926253835,0.00120853998246356,0.00486570170186398,0.00270355866364278,0.00101957305074579,0.000789735216027479,0.000772160704352703,0.00194744318034596,0.00309192155498227,0.00177342958583901
