Unknown,Source001,Source002,Source003,Source004,Source005,Source006,Source007,Source008,Source009,Source010,Source011,Source012,Source013,Source014,Source015,Source016,Source017,Source018,Source019,Source020,Source021,Source022,Source023,Source024,Source025,Source026,Source027,Source028,Source029,Source030,Source031,Source032,Source033,Source034,Source035,Source036,Source037,Source038,Source039,Source040,Source041,Source042,Source043,Source044,Source045,Source046,Source047,Source048,Source049,Source050
0.000116310957430446,0.352570589979826,0.547429410020174,0.00119785911795228,0.000131395895649608,0.00164957458487239,0.0037559346821487,0.00171613257030733,0.00373754313809822,0.00252192663382666,0.00295237604926059,0.00224661761319956,0.000133320403929842,0.00350581046699477,0.00194933635232265,0.000957381090630189,0.000536163839207416,0.00657523099334524,5.17692293742878e-05,0.00266910903656206,0.000336006908365201,0.000636628381556056,0.00652323842250064,0.0037641590218236,2.74728533084994e-05,0.00170005142420394,3.66356854731785e-05,0.00189344410848692,0.0032250005975443,0.000654080825322956,0.00148974144338569,0.00377202348451536,0.00105915846410805,0.00155044178384757,0.00916594228771977,0.00197725694560675,0.000952039867390146,0.00038867041929667,0.00232701833882441,0.00257209545056789,0.00207673064186392,0.000306568803749652,7.43496970649268e-05,0.00237866718913912,0.00064507920566768,0.000988320860506861,0.000126972100645499,0.00319249749105495,0.00635809340036904,0.00227093130451446,0.00112688993646403
