Unknown,Source001,Source002,Source003,Source004,Source005,Source006,Source007,Source008,Source009,Source010,Source011,Source012,Source013,Source014,Source015,Source016,Source017,Source018,Source019,Source020,Source021,Source022,Source023,Source024,Source025,Source026,Source027,Source028,Source029,Source030,Source031,Source032,Source033,Source034,Source035,Source036,Source037,Source038,Source039,Source040,Source041,Source042,Source043,Source044,Source045,Source046,Source047,Source048,Source049,Source050
0.000680882980121176,0.47028567690917,0.42971432309083,0.00248856998123121,0.0014869463289691,0.00262900162706458,0.00198891877142636,0.0044336357884712,0.00426429975286082,0.000786200891095318,0.00145641275893756,0.00437041485752466,0.000667178721694608,0.00175164490138382,0.00339237874327546,0.00196872127627225,4.74258143585385e-05,0.00172007236504754,8.6371192979292e-05,6.42709657011922e-05,0.00345987156745462,0.00238582491742066,0.000736452762360779,0.00213457506667773,0.000431078312172913,0.000973957428557237,0.00110638599667597,0.00119265182182239,0.00198413500020133,0.000125687349136301,0.000427985599947691,0.000957440478922985,0.000539279751627877,0.00104900389279394,0.00217521121281922,9.26181403223886e-05,0.00199874973228896,0.00246609859502656,0.000655616054363432,0.00366006857213228,0.000267770999436041,0.00114838361703647,0.00178725302407437,0.000575251626802172,0.000402827872051341,0.00637863035458028,0.00287916099368809,0.0146909191213809,0.003118948808796,0.00332311294435865,0.00259170066665566
