Unknown,Source001,Source002,Source003,Source004,Source005,Source006,Source007,Source008,Source009,Source010,Source011,Source012,Source013,Source014,Source015,Source016,Source017,Source018,Source019,Source020,Source021,Source022,Source023,Source024,Source025,Source026,Source027,Source028,Source029,Source030,Source031,Source032,Source033,Source034,Source035,Source036,Source037,Source038,Source039,Source040,Source041,Source042,Source043,Source044,Source045,Source046,Source047,Source048,Source049,Source050
0.00014263192105919,0.777991528805709,0.122008471194291,0.00218026523641922,0.00270039877934707,0.00458976470832751,0.000352104947570215,0.00128846928700532,0.00138046987773777,0.00130694283735146,0.0030512273064391,0.000406834851769847,0.000603471623806184,0.00735185487067992,0.00680586025864907,0.00180897737534849,0.000949350359108381,0.00239974755423157,0.00204028464401445,0.000677849495505236,0.00285418846087998,0.000502525534710605,0.00128199052301657,0.0016608125717412,0.00114724975948822,0.00121070695670035,0.00224485940565882,0.00166394866896403,0.00265478413646682,0.00257528232391485,0.00347369777159138,0.00818653498276045,2.65094438142042e-05,0.00458969882647683,0.00311230581215063,0.00142790500993886,0.00051611504084467,0.000391845051154247,0.000956049700648768,0.00152583737919332,0.00279412801749039,0.00139220381965649,0.00130201411448615,0.000966530670724943,0.00117694929177407,0.00226417076582184,0.00523640564112713,0.000351172128572239,0.00104995127944661,0.00129338448615206,0.00013373649026321
