Unknown,Source001,Source002,Source003,Source004,Source005,Source006,Source007,Source008,Source009,Source010,Source011,Source012,Source013,Source014,Source015,Source016,Source017,Source018,Source019,Source020,Source021,Source022,Source023,Source024,Source025,Source026,Source027,Source028,Source029,Source030,Source031,Source032,Source033,Source034,Source035,Source036,Source037,Source038,Source039,Source040,Source041,Source042,Source043,Source044,Source045,Source046,Source047,Source048,Source049,Source050
0.000132045864325368,0.792404378328038,0.107595621671962,0.000557779956012169,0.000189051244833801,0.000780635888154512,0.000553473542053238,0.000118906479376293,0.00735926497760233,0.00256889918851127,0.00223932980960658,0.000223185033239137,0.00267126228289341,0.00109109583309059,0.00129334911159149,0.00134299417002418,0.00186474645243599,0.00100765692105884,0.00854490023133983,0.00113089397346878,9.14268544401383e-05,0.00104722168464638,0.000946632389955321,0.00116931670359936,0.00316733863656185,9.17182932302414e-05,0.0021667660509158,0.000773670058831244,9.06173436035542e-05,0.000291747866694848,0.00128172172147281,0.00346980984492099,0.00150851184681477,0.00111856379799039,0.0124678788843848,0.00541903708433824,0.00353759093892079,0.000749716755087822,0.00100916955484875,0.00246644579471218,0.000856763228408272,0.000785866590952962,0.00208560318801529,3.80980600306957e-05,0.00661615381284166,0.00185191437612385,0.00456496053198272,0.00103013874767042,0.0025431775042107,0.000142553877880378,0.0029503970162949
