Unknown,Source001,Source002,Source003,Source004,Source005,Source006,Source007,Source008,Source009,Source010,Source011,Source012,Source013,Source014,Source015,Source016,Source017,Source018,Source019,Source020,Source021,Source022,Source023,Source024,Source025,Source026,Source027,Source028,Source029,Source030,Source031,Source032,Source033,Source034,Source035,Source036,Source037,Source038,Source039,Source040,Source041,Source042,Source043,Source044,Source045,Source046,Source047,Source048,Source049,Source050
4.04084574616684e-06,0.390066815402089,0.509933184597911,0.000140139458848232,4.75497359848201e-05,0.00140814992591347,0.00211138395037443,0.000726401422772351,0.00425784503023232,0.00220000491636163,0.000512745715764737,0.00497348359939043,0.000299695417112202,0.000161336214973194,0.000797409118063666,0.00115424912805259,0.00797595750422661,0.00359934993916806,0.00190326624219286,0.0031257768222267,0.00190807926989267,3.07032147802528e-05,0.00426493698366717,0.00179992905218266,0.0116104091715602,0.00413935260642973,0.00227904092584663,0.000334118780429514,0.00114254815694008,0.000843906311988515,0.00144991666488651,0.00206924086457434,0.000559628727357028,0.00898606601560103,0.00296996519814067,0.00196809811412731,0.00143540044629834,0.000240422110574612,0.000155856136466846,0.0011287898147768,0.00313701417657208,0.00130216348402026,0.00220498354599697,0.00152349366185379,0.00165919352922817,3.4648254595232e-05,0.000510927566831497,0.00141486299986019,0.000321241263554045,0.000820723215595226,0.00235555474796715
