Unknown,Source001,Source002,Source003,Source004,Source005,Source006,Source007,Source008,Source009,Source010,Source011,Source012,Source013,Source014,Source015,Source016,Source017,Source018,Source019,Source020,Source021,Source022,Source023,Source024,Source025,Source026,Source027,Source028,Source029,Source030,Source031,Source032,Source033,Source034,Source035,Source036,Source037,Source038,Source039,Source040,Source041,Source042,Source043,Source044,Source045,Source046,Source047,Source048,Source049,Source050
0.00104945659685788,0.29073536900175,0.60926463099825,0.00465892364455054,0.000708401052009614,9.93235118278398e-05,0.00231121637738852,0.0035503705253066,0.000917371279474553,0.00197556195342188,0.000763590798203508,0.000348973111688389,0.00105240857412176,0.0023133986766779,0.00158809781821922,0.000410042941967228,0.0014568249225125,0.000934446529152718,0.000388353659864157,0.001811818563534,0.000335439522641048,0.00113587735675464,0.000644188038020717,0.00169378041665724,4.25158167780998e-05,0.00404212167028494,0.00434244122018598,0.000733777012181327,0.00043706870502285,0.00593469713753011,0.00175094105687438,0.00471263114104214,0.00282835757474042,0.00200347659221734,0.000945744999029283,0.000983264550497699,0.0018926218149457,0.00280859092370298,0.00367231378295517,0.00656036263158793,0.00075730755061873,0.000243832212255849,0.00150105994444524,0.0015373163737682,0.00409868836064349,0.00536736684367403,0.00101071652628788,0.00816128667651701,0.000483419033662287,0.00122997874921945,0.00177023522847902
