Unknown,Source001,Source002,Source003,Source004,Source005,Source006,Source007,Source008,Source009,Source010,Source011,Source012,Source013,Source014,Source015,Source016,Source017,Source018,Source019,Source020,Source021,Source022,Source023,Source024,Source025,Source026,Source027,Source028,Source029,Source030,Source031,Source032,Source033,Source034,Source035,Source036,Source037,Source038,Source039,Source040,Source041,Source042,Source043,Source044,Source045,Source046,Source047,Source048,Source049,Source050
0.000796309769563884,0.341767769949854,0.558232230050146,0.00115672751506148,0.00176528562068462,0.00346766747368254,0.00395037636368751,0.00244625194384978,0.00114887063968513,0.000583604109124674,0.00269755889807706,0.00053500982583178,0.000116562616669511,0.00326774056566405,0.00233789802222324,0.0021976350498796,0.000460041422103842,0.000255121384932131,0.000162982981852843,0.0034099372612166,0.00204431004276046,0.00108500914244611,0.00118524135618594,0.00327365885481823,0.00315188907302546,5.22619465687797e-05,0.000987051626199399,0.00205877298406263,0.000209089111472866,0.00226796208277286,0.00128005229615087,0.000541746825715234,0.00109184737354036,0.00288469876704499,0.000288640088423029,0.00292051961080307,0.0020245096841527,0.0008377698089378,0.00734293750725478,0.00800767502881396,0.000806050888881514,0.000631519775647756,0.00364526295477922,0.00313582900245328,0.000500232625546238,0.00607623173120605,9.75211248025685e-05,0.000959979186351337,0.00317997245272199,0.00552134721628413,0.00115482836638612
