Unknown,Source001,Source002,Source003,Source004,Source005,Source006,Source007,Source008,Source009,Source010,Source011,Source012,Source013,Source014,Source015,Source016,Source017,Source018,Source019,Source020,Source021,Source022,Source023,Source024,Source025,Source026,Source027,Source028,Source029,Source030,Source031,Source032,Source033,Source034,Source035,Source036,Source037,Source038,Source039,Source040,Source041,Source042,Source043,Source044,Source045,Source046,Source047,Source048,Source049,Source050
0.000705143165048869,0.785601477722952,0.114398522277048,0.000440392395983912,0.000395905543034059,0.00415829528733257,0.00102886704492627,0.00286373155666195,0.000192078641267369,0.00402292539707079,7.79529721107835e-05,0.00311499548150163,0.0013261829681784,0.000755887814462512,0.000250925947704271,0.00373748492855762,0.0103319109902929,0.00798753048996717,0.00039169226796123,0.000573282043432827,0.00583721442131483,0.00607999931634161,0.00301651345495706,0.000525616390825654,0.00408351855316061,0.000149946584434579,0.00126133557273575,0.000257358196857365,0.000118536089408244,0.00273579276593697,0.00052885032010471,0.000453979146148126,6.43485444271993e-05,0.00164771155755217,0.00239503255301134,0.00450025752350468,0.00263641899528834,0.000320503094017103,0.000302895613598463,0.00266490547524659,0.00279999123103503,0.000399891115916753,0.00191091624894183,0.00418459094507544,0.00191322487100039,0.00105824797643727,0.000173470695576211,1.42048760654445e-05,0.00235326334885861,0.00312047856156069,0.00013580102516578
