Unknown,Source001,Source002,Source003,Source004,Source005,Source006,Source007,Source008,Source009,Source010,Source011,Source012,Source013,Source014,Source015,Source016,Source017,Source018,Source019,Source020,Source021,Source022,Source023,Source024,Source025,Source026,Source027,Source028,Source029,Source030,Source031,Source032,Source033,Source034,Source035,Source036,Source037,Source038,Source039,Source040,Source041,Source042,Source043,Source044,Source045,Source046,Source047,Source048,Source049,Source050
0.00144286471500691,0.630460843898649,0.269539156101351,0.00446562007128718,0.00150875586912756,0.00327447313635188,0.000784248563520014,0.0011643841863622,0.00114703690440911,0.00429132129664248,0.00228114492110195,0.000873905129651906,0.00460021830771278,0.00386318468109317,7.79073568405889e-05,0.00424873320217993,0.000720948824763424,0.0025091947132041,0.0056790377913253,0.0023430183574532,0.000137340993088766,0.000175352597883479,0.00222187386009462,0.000761005650784667,8.07391142075243e-05,0.000192856813135648,0.000167646611149616,0.00400148088346884,0.000854717415167823,0.00108868257948577,4.23679840083798e-05,0.000567047353548352,0.000728347212112272,0.0018849436427128,0.00119205735594492,0.00398181656684464,0.000465293950428891,0.00223783185817436,0.00113920586877317,0.00610451662916471,0.00723626150666319,0.00108642393116042,0.00219749884716052,0.000789484346169921,0.00175229337329284,0.00311398882682955,0.00497008842012786,0.00238704885897711,0.00117444373228157,0.0019288543622587,6.24908268653941e-05
