Unknown,Source001,Source002,Source003,Source004,Source005,Source006,Source007,Source008,Source009,Source010,Source011,Source012,Source013,Source014,Source015,Source016,Source017,Source018,Source019,Source020,Source021,Source022,Source023,Source024,Source025,Source026,Source027,Source028,Source029,Source030,Source031,Source032,Source033,Source034,Source035,Source036,Source037,Source038,Source039,Source040,Source041,Source042,Source043,Source044,Source045,Source046,Source047,Source048,Source049,Source050
0.00195289828137205,0.606907932446117,0.293092067553883,0.0024921228693035,8.3789464845525e-05,0.00265726317833291,0.00291795298027864,0.00454908704947513,0.000744382688972173,0.00232697034539851,0.00388601994354288,0.000884620794220718,0.00186248437414455,0.00506841117569387,0.00294291765927868,0.00809099500647208,0.00107521893355904,0.00121824068346711,0.00477162817914134,0.0013288825706429,0.00186188865042455,0.000350169989705868,0.000609466089551667,0.000634290630103467,1.19796090327219e-06,0.000589644440110293,0.00279571348130548,0.00451241741339741,0.000495191198096018,0.00043433466544996,0.000530761920552548,0.00173297643682678,0.00102435251187615,0.000231935523639361,0.0042995586793919,0.000503225702525682,0.000669292818221047,0.00544338845748217,0.000146763998166159,0.00415931086169454,0.00348493000615302,0.000561688247748357,0.00229363260631403,0.00255261890720133,0.000585728439484635,0.00107976964183762,0.00170606984744191,0.00405147085653084,0.00167128282131613,0.000634465808078258,0.00149857521032795
