Unknown,Source001,Source002,Source003,Source004,Source005,Source006,Source007,Source008,Source009,Source010,Source011,Source012,Source013,Source014,Source015,Source016,Source017,Source018,Source019,Source020,Source021,Source022,Source023,Source024,Source025,Source026,Source027,Source028,Source029,Source030,Source031,Source032,Source033,Source034,Source035,Source036,Source037,Source038,Source039,Source040,Source041,Source042,Source043,Source044,Source045,Source046,Source047,Source048,Source049,Source050
0.00341391698950223,0.246999164259188,0.653000835740812,0.000740184484511001,0.00317382704481451,0.00194273999524634,0.00170822412693821,3.04463491997917e-05,0.00434703185864123,0.00102369058129536,0.000644589455147568,0.0010797319718345,0.00188422798801414,0.00066085305316284,1.7652140262625e-05,0.00054691869187065,0.00824378178492033,0.000768562504755934,0.00177444844011554,0.00178815606188032,0.00134176220150359,0.0105652975544384,0.0025509636592684,0.00238020365166904,0.00250337481902251,0.00218488785971199,0.00108807692785528,0.00487620932921111,0.000200296970428436,0.00331091874929379,0.0029090211323839,0.00336344261330827,0.000917667871184824,0.00186950455112826,0.000200188087366885,0.000920272342375994,0.00124790497874246,0.000313061174718868,0.00428074850392554,0.000323782445100173,0.00134323354864827,0.000481055043692165,0.00113909130458379,0.000520086437561422,0.00222821565779662,0.000804574897357821,0.000467454200961995,0.00100342325981135,0.00414262251899512,0.00630262607051092,0.000431048115329666
