Unknown,Source001,Source002,Source003,Source004,Source005,Source006,Source007,Source008,Source009,Source010,Source011,Source012,Source013,Source014,Source015,Source016,Source017,Source018,Source019,Source020,Source021,Source022,Source023,Source024,Source025,Source026,Source027,Source028,Source029,Source030,Source031,Source032,Source033,Source034,Source035,Source036,Source037,Source038,Source039,Source040,Source041,Source042,Source043,Source044,Source045,Source046,Source047,Source048,Source049,Source050
0.000307267201482271,0.740899470852574,0.159100529147426,0.000534271437714556,1.13879134222394e-05,0.000937932756032127,0.000721735423249124,0.000976841695038005,0.00565473054568422,0.00298982978217232,3.08679870806614e-05,0.000601106248501797,0.00232299640230029,0.000911453996119612,0.00163272902132498,0.000307548871703259,0.00234450691806883,0.00190286698993106,0.00659346627958175,0.00140121636192465,0.00108949008857787,0.00102448688913871,0.00329590931239148,0.000371441639909459,0.00456849483480613,0.00163141080606842,0.00187918070665508,0.00123036519128666,0.00881393776222055,0.00204754512130706,0.00164310530132436,0.00223659574443603,0.000959663937578256,0.00591483198543835,0.00310375130769923,0.00725168886424361,0.00138990362621049,0.00236694173764523,0.000329523739272872,0.00313221330661047,0.000277394992301658,0.000732367043572212,0.00322639466840752,0.00245068515599067,0.00232606072347432,0.000453240413122134,0.000929313470759265,0.00096845778262315,0.00323619042927263,0.000690861353844828,0.00024579623247952
