Unknown,Source001,Source002,Source003,Source004,Source005,Source006,Source007,Source008,Source009,Source010,Source011,Source012,Source013,Source014,Source015,Source016,Source017,Source018,Source019,Source020,Source021,Source022,Source023,Source024,Source025,Source026,Source027,Source028,Source029,Source030,Source031,Source032,Source033,Source034,Source035,Source036,Source037,Source038,Source039,Source040,Source041,Source042,Source043,Source044,Source045,Source046,Source047,Source048,Source049,Source050
0.0011822815929887,0.264684743434983,0.635315256565017,0.00337805553807392,0.00243910335035675,0.000626481566952533,0.00847059077535347,0.00146351158560949,0.000249093217525006,0.00224454551424907,0.0050540150557589,0.000432191534643907,6.33179248604998e-05,0.00214910121307203,0.00569166320985578,0.000286990854263433,0.00755526299321929,0.000947929410694535,0.00247594284642343,0.00600420786672405,0.00105743149610082,0.000162731450958631,0.000641326361580494,0.0012302560645541,0.000196311558529418,0.00655077856111173,0.00293981014962845,0.00165188831182109,0.00211862565134436,0.00160586844426574,0.00137971492508186,0.00191120862070184,0.00152846517316185,0.00122679373987981,0.00122061710032746,0.00264984948195253,0.000470487135255591,0.00121217072901485,0.000856296316534695,0.00126665963812992,0.000696402110057076,0.00209445611508033,0.00137831097321334,0.00543274544491589,9.37611046805992e-05,0.00210822166755513,0.00193646215094622,0.00124311134547872,8.36475090094109e-05,0.000822899361017785,0.00151840525748546
