Unknown,Source001,Source002,Source003,Source004,Source005,Source006,Source007,Source008,Source009,Source010,Source011,Source012,Source013,Source014,Source015,Source016,Source017,Source018,Source019,Source020,Source021,Source022,Source023,Source024,Source025,Source026,Source027,Source028,Source029,Source030,Source031,Source032,Source033,Source034,Source035,Source036,Source037,Source038,Source039,Source040,Source041,Source042,Source043,Source044,Source045,Source046,Source047,Source048,Source049,Source050
0.000550162248406116,0.647784036860736,0.252215963139264,0.00251576711867349,0.000240153013181417,0.00137592241318536,0.00110248712026672,0.00139181415256645,0.000613104302151584,0.0028360217812275,0.000367676070359682,0.00518597874017833,0.00335569187944646,0.00591188699063532,0.00230727450084107,0.0021149441067251,0.00333203560352973,0.00342959967154132,0.000125031117002641,0.00262013309495748,0.00179277823901039,0.00601895653626992,0.00333472961794529,0.000170324770721032,5.51861454869366e-05,0.000728812859346566,0.002228667827193,6.47640951380651e-05,0.00660599977799439,0.00316839184871516,0.00190471074327209,0.000234838313720146,0.000750626270697162,0.00413776354945577,8.92722207649249e-05,0.00261866430369265,0.00184548484970107,0.000119279731788706,7.17898433631393e-05,0.00415281623854166,0.00235776376609104,9.48523283150303e-05,0.00319297124247757,0.000662313494796647,0.000167863689037942,0.00341561497636971,0.00131871765912548,0.00405058848543721,0.000708479960164779,0.002348462554712,0.00221283013577871
