Unknown,Source001,Source002,Source003,Source004,Source005,Source006,Source007,Source008,Source009,Source010,Source011,Source012,Source013,Source014,Source015,Source016,Source017,Source018,Source019,Source020,Source021,Source022,Source023,Source024,Source025,Source026,Source027,Source028,Source029,Source030,Source031,Source032,Source033,Source034,Source035,Source036,Source037,Source038,Source039,Source040,Source041,Source042,Source043,Source044,Source045,Source046,Source047,Source048,Source049,Source050
0.0017387930517876,0.737781143953432,0.162218856046568,0.000762339989901277,0.00264872806433886,0.000481464208359863,0.00564693209646312,0.000151631586773009,0.000503978563971194,0.00348047319730152,0.00107140852073898,0.000554453251331378,0.00113320510907471,0.00086409128544117,0.00153756234681827,0.000518855765369295,0.000639122609981327,0.000319550411792251,0.00295302162414711,0.0011309157457801,0.00187898101153947,0.00175399445260353,0.00265444584603297,0.00158594319208972,9.3553455786097e-05,0.00117952369179649,0.00150965805883917,0.00288189015414406,0.00170063156888484,0.00427534150272575,0.00146388916516255,0.000110644089109043,0.00114918543090374,0.00410379211294826,0.000423596535308376,0.00652428374273411,0.00722424958697584,0.00069171761030063,0.00280168726911118,0.00341772800214622,0.000620405382784959,0.000429272509505701,0.00111065010149142,0.00828781690927363,0.00252189527088083,0.002073115288796,0.0012410644991068,0.00127877242602948,0.000670513297853732,0.00258071616354582,0.00562451424221852
