Unknown,Source001,Source002,Source003,Source004,Source005,Source006,Source007,Source008,Source009,Source010,Source011,Source012,Source013,Source014,Source015,Source016,Source017,Source018,Source019,Source020,Source021,Source022,Source023,Source024,Source025,Source026,Source027,Source028,Source029,Source030,Source031,Source032,Source033,Source034,Source035,Source036,Source037,Source038,Source039,Source040,Source041,Source042,Source043,Source044,Source045,Source046,Source047,Source048,Source049,Source050
0.00144224373188038,0.550168956662573,0.349831043337427,0.000609806943790211,0.00124814194364541,0.00139594387623805,0.0031711196303049,0.00212117786371085,0.00136648392634042,0.000169647620471095,0.00235324706687892,0.000772444211811955,0.0018265267414657,0.00366759024386696,0.000137415238607477,2.6713330672258e-05,0.00241611306151691,0.0013500159713189,0.00203354299908297,0.00567827123602973,0.00114349152605232,0.00193311799074264,7.86018312668076e-05,0.000682727514003113,0.00181319612940984,0.00200021587849769,0.00620476705881239,0.000625282081150949,0.000209691129480978,0.00122034166021037,0.00112956534804383,0.00276970269916464,0.00509834386639646,0.0069468905593673,0.00252197740152132,0.000833997558012242,0.00715116350001968,0.00071887390831555,0.00011113127277144,0.004586783392558,0.00106009574166998,0.000613115493102017,0.00109832666405676,0.00242301229111661,0.000985115238255605,0.0021458948874004,0.00242843864668421,0.00252855447746373,0.00362031047086491,0.00218711130616139,0.00134371683979373
