Unknown,Source001,Source002,Source003,Source004,Source005,Source006,Source007,Source008,Source009,Source010,Source011,Source012,Source013,Source014,Source015,Source016,Source017,Source018,Source019,Source020,Source021,Source022,Source023,Source024,Source025,Source026,Source027,Source028,Source029,Source030,Source031,Source032,Source033,Source034,Source035,Source036,Source037,Source038,Source039,Source040,Source041,Source042,Source043,Source044,Source045,Source046,Source047,Source048,Source049,Source050
8.58775412901345e-05,0.529513998840174,0.370486001159826,0.000907134534541314,0.00162125387361387,0.00202224738856609,0.000703922199507744,0.000887131725698852,0.00165439142313875,0.00243357046162504,0.00587843415762921,0.00143870111803583,0.00847648733925741,0.00223546926366082,4.66663374072185e-05,0.000881457745708213,0.000214890328833786,0.005293368889384,0.000385214703072443,0.00300500977224386,0.0022017369008635,0.000903450472934689,0.000989726903465812,0.00327332312038085,0.000870937841027062,0.0092055343715029,0.00375284768762397,0.00179287978629587,0.000103850673678967,0.00493652927359858,0.00302653821209358,0.00650300535436883,0.00215210106925644,0.000240469500194637,0.00252977239182591,0.000106567285961323,0.00266412719429471,0.00340559624204049,0.00373504557279986,0.0016666060956889,0.00171944058632622,0.000458778335785991,0.000820048587118779,0.00142030616814748,0.000243404091318336,0.00224270677782311,3.39011976534671e-05,7.52095396511972e-05,0.000192173002570131,6.06429016157305e-05,0.000501514058878035
