Unknown,Source001,Source002,Source003,Source004,Source005,Source006,Source007,Source008,Source009,Source010,Source011,Source012,Source013,Source014,Source015,Source016,Source017,Source018,Source019,Source020,Source021,Source022,Source023,Source024,Source025,Source026,Source027,Source028,Source029,Source030,Source031,Source032,Source033,Source034,Source035,Source036,Source037,Source038,Source039,Source040,Source041,Source042,Source043,Source044,Source045,Source046,Source047,Source048,Source049,Source050
0.000227068602965084,0.571861118997446,0.328138881002554,0.00172501131065032,0.00168964861479815,0.0035387418571976,0.00477326413248922,0.00340775581702574,0.00702375459301751,6.69486945576684e-06,0.00143023828059036,0.000436915684989877,0.00123787260183983,0.000211370207279595,0.000588732835631047,0.00090254831985332,0.00396018188661327,0.000538199658199973,1.89104366749425e-06,0.000471718693185085,0.00127265204021876,0.000144078354799565,0.00597932087818034,0.00610015603601362,0.00144386258925646,0.00409065597567309,0.00211985939235867,0.00308591208909243,0.000140518596405234,0.00158011732007664,0.00206761101875162,0.00355526345749355,0.000319480011526525,8.11159385866734e-05,0.00636625257692094,0.00131819640896763,0.00146640244478507,0.00320480115072467,0.00189481659150627,0.00406602232048148,0.00431334556280115,0.00145874906579811,5.7736212523547e-06,0.000335893644048984,0.00286560762332489,0.00381820889342668,0.003357686716526,0.000114693233100341,0.00103853227824287,3.00002740442206e-05,0.000192804886165875
