Unknown,Source001,Source002,Source003,Source004,Source005,Source006,Source007,Source008,Source009,Source010,Source011,Source012,Source013,Source014,Source015,Source016,Source017,Source018,Source019,Source020,Source021,Source022,Source023,Source024,Source025,Source026,Source027,Source028,Source029,Source030,Source031,Source032,Source033,Source034,Source035,Source036,Source037,Source038,Source039,Source040,Source041,Source042,Source043,Source044,Source045,Source046,Source047,Source048,Source049,Source050
0.00108011648387783,0.363468143518978,0.536531856481022,0.00328732934186196,1.30211287101793e-05,0.00139087679477181,0.00304051619406926,0.000560698417852678,0.00566728997091016,0.00246242084102828,0.0032309987024831,0.000683279735821545,8.31159838361779e-06,0.000868276846834956,0.000505089689319796,0.000402803003745813,0.0133068619067537,0.00106955587708074,0.00205766442066172,0.000143908240141543,0.0091467022640754,0.00120030687862966,2.04091282233318e-06,0.00540797442094969,0.00314531086945022,0.00116512315149577,0.00525562628160553,0.000848834894408073,0.00290953368587043,0.00114202503106377,0.00233405304980036,0.00111959523974861,0.000487055359167665,0.0026602744201242,0.00224146792519211,0.00303142235329546,0.000953930680848384,0.000953948663088204,0.000148485474610848,0.00366352469606742,0.00043738821883144,0.00026615084816578,0.000463595005282114,0.00217920376128973,0.00203927144820484,0.000453220082100682,0.00392930973685483,0.000519531730604114,0.00139377550121961,0.000521107011488138,0.000201191209335849
