Unknown,Source001,Source002,Source003,Source004,Source005,Source006,Source007,Source008,Source009,Source010,Source011,Source012,Source013,Source014,Source015,Source016,Source017,Source018,Source019,Source020,Source021,Source022,Source023,Source024,Source025,Source026,Source027,Source028,Source029,Source030,Source031,Source032,Source033,Source034,Source035,Source036,Source037,Source038,Source039,Source040,Source041,Source042,Source043,Source044,Source045,Source046,Source047,Source048,Source049,Source050
0.000857360184964008,0.291755306799159,0.608244693200841,0.00289213453159744,0.00112459494475007,0.000649870620293465,0.000851378971138528,0.0111753851232327,0.00103636033679808,0.00647590901832192,0.00397920657879213,0.000388874539663118,7.3369261763661e-06,0.00116103690187542,0.00135092745882113,0.00120256383499068,0.00181971803938012,0.000266047620116376,0.000674752477733725,0.00417960243009434,0.000354070657851182,0.0012345081746559,0.000981735933537625,0.00429138976497408,0.00292063735377451,0.000408876204186826,0.00934805732197734,0.00381153163071686,0.00491204118173313,0.00275128478738902,0.00173452107257421,0.0027478446807367,0.0011034296847422,0.00373652176651712,0.000661983625230089,0.000292302529596242,0.00154450462554991,0.000310941464160279,0.00067328656164202,0.000309944837274563,0.00217112719945882,0.00135681576647516,0.00184456238385352,0.000766637269829583,5.8100180277716e-05,0.00101299353464967,0.000675770992946034,0.00292398685242055,0.000205899446503867,0.00358388221647895,0.00117774975954667
