Unknown,Source001,Source002,Source003,Source004,Source005,Source006,Source007,Source008,Source009,Source010,Source011,Source012,Source013,Source014,Source015,Source016,Source017,Source018,Source019,Source020,Source021,Source022,Source023,Source024,Source025,Source026,Source027,Source028,Source029,Source030,Source031,Source032,Source033,Source034,Source035,Source036,Source037,Source038,Source039,Source040,Source041,Source042,Source043,Source044,Source045,Source046,Source047,Source048,Source049,Source050
0.000667239516808951,0.505548979962087,0.394451020037913,0.000270514073121233,0.00223871973802258,0.00139631657433083,0.000677459533485027,0.000413157403605104,0.00175201398566743,0.00380470918795586,0.00366314774858611,0.000886234106371373,0.00292603855918582,0.000999471822393813,0.00198264143205944,0.000887258911216487,0.00108184753338818,0.000197329393061778,0.00169336876980855,0.00495467780485458,0.0055904579198449,8.92030650577532e-05,0.00774555096410311,0.00198195100178272,0.00318343895731361,0.00080729156062267,0.00247021993713638,0.00242673616810212,0.000916025658323681,0.00163062046069462,0.0002401341059837,0.000223963120152528,0.00177254027931613,0.00334439828702997,0.00367930471217442,0.0014620130996319,0.00797187547585457,0.00224070094218413,0.000819280862385769,0.00260103525748152,0.00187966876967573,0.00214724575596148,0.00093454834837317,0.00111270335775618,0.00223329328309752,0.000274258507947076,0.0026524410869901,0.00200039721288056,0.0024661019028929,0.00183679429691266,0.000773659548413268
