Unknown,Source001,Source002,Source003,Source004,Source005,Source006,Source007,Source008,Source009,Source010,Source011,Source012,Source013,Source014,Source015,Source016,Source017,Source018,Source019,Source020,Source021,Source022,Source023,Source024,Source025,Source026,Source027,Source028,Source029,Source030,Source031,Source032,Source033,Source034,Source035,Source036,Source037,Source038,Source039,Source040,Source041,Source042,Source043,Source044,Source045,Source046,Source047,Source048,Source049,Source050
0.00535488689181273,0.226807467600535,0.673192532399465,0.000631436443771529,0.000959134616448982,0.00111700089081793,0.00205923485649987,0.000491918565680209,0.000887308975597576,0.00112576575957764,0.00318913047789274,0.00688507943869199,0.000845496460644972,0.00443316296960327,0.000630536790276762,0.00142159453184774,0.00477665546079435,0.000871838273142387,0.00287731818404792,0.00069067274188953,0.00224825692675506,0.00277624073457522,0.0017107697726058,0.000284979412139575,0.00218472956768293,0.00053041793789775,0.000326221430285795,0.000953004664348549,0.00278444752607529,0.000688023413122973,0.000156644233049876,0.00477630911296536,0.0015557656431769,0.00338436179463137,0.00351572775747659,3.6844440832419e-05,0.00504720577787839,0.000823974650166233,0.00327664683289744,0.00386932453182345,0.00799871162082551,0.00201807659313433,0.000896650203020115,0.00148424677972492,0.00135399564362223,0.00141647187437271,0.0002025253543373,0.0012298187847489,0.000858832461457608,0.001023521273953,0.00133908092137826
