Unknown,Source001,Source002,Source003,Source004,Source005,Source006,Source007,Source008,Source009,Source010,Source011,Source012,Source013,Source014,Source015,Source016,Source017,Source018,Source019,Source020,Source021,Source022,Source023,Source024,Source025,Source026,Source027,Source028,Source029,Source030,Source031,Source032,Source033,Source034,Source035,Source036,Source037,Source038,Source039,Source040,Source041,Source042,Source043,Source044,Source045,Source046,Source047,Source048,Source049,Source050
0.000688698132221044,0.615875768037212,0.284124231962787,0.00573989133973523,0.00382849088076951,0.000645765050288504,0.00155818305829875,7.10541170276095e-05,0.00139312812976782,0.000475328693344077,0.00234973960490826,0.000472943575502574,5.63451517476863e-05,0.00347324759541146,0.00563401905345817,0.000888539531167181,0.00116329551160152,0.000748979202675779,0.0036224505957263,9.30297658970525e-05,0.00086138364447278,0.000378107908531118,0.0102353101305226,0.000678076008793805,0.00172930089419919,0.000798868892027786,0.000426941970551434,0.00318129127931,0.00171192739890297,0.000432558379130862,0.000797985444996386,0.00179243083965244,0.00705084036393004,0.000853994491717187,0.000524898135516122,4.92392938742785e-05,0.0036218690574645,0.000750868835052656,0.00263959314803888,7.90294117003473e-05,0.00164057027706321,0.00405407829211515,0.00170316298464432,7.26995149718547e-05,0.00531623646804672,0.0057491636996471,0.00241239767716241,0.000218916560420394,0.000344906582215545,0.00138864010362389,0.0056015833221555
