Unknown,Source001,Source002,Source003,Source004,Source005,Source006,Source007,Source008,Source009,Source010,Source011,Source012,Source013,Source014,Source015,Source016,Source017,Source018,Source019,Source020,Source021,Source022,Source023,Source024,Source025,Source026,Source027,Source028,Source029,Source030,Source031,Source032,Source033,Source034,Source035,Source036,Source037,Source038,Source039,Source040,Source041,Source042,Source043,Source044,Source045,Source046,Source047,Source048,Source049,Source050
0.00340261333660822,0.766356702751294,0.133643297248706,0.00212297897141691,0.000658415851713463,0.00172634485373863,0.00102306739999012,0.00417519803456605,0.00320687778681877,0.00651816788996372,0.00219305447005917,0.000698018515389015,0.0011116320913771,0.00083772424797294,0.00189832124597364,0.00237481438627294,0.00209059382972335,0.00155165966295371,0.000481296354071151,0.00050130240622727,0.000600352354530163,0.000892936635067741,0.00194063356229652,0.00133756048320419,0.00508402116532197,0.0033695359735023,0.000173917797287171,0.000365126306165064,0.00501104286859127,0.00300594030072311,0.000190722715046193,0.000781680542638246,0.0056738591964824,0.000357321362539267,1.02773254815485e-05,0.00707411474672266,0.000926884791047832,0.000951635667483805,0.00607099378180116,0.000806785533183685,7.5471744020667e-05,0.00202717703588702,0.000786764280442973,0.000538970766592177,0.00128278386225311,0.00497603051098879,5.0635934098296e-05,0.00126558775113378,8.10768656985439e-05,0.000803552634335688,0.00691452417059642
