Unknown,Source001,Source002,Source003,Source004,Source005,Source006,Source007,Source008,Source009,Source010,Source011,Source012,Source013,Source014,Source015,Source016,Source017,Source018,Source019,Source020,Source021,Source022,Source023,Source024,Source025,Source026,Source027,Source028,Source029,Source030,Source031,Source032,Source033,Source034,Source035,Source036,Source037,Source038,Source039,Source040,Source041,Source042,Source043,Source044,Source045,Source046,Source047,Source048,Source049,Source050
0.00366782570888114,0.526158464436101,0.373841535563899,0.0082553415460291,0.00149090596616107,0.000940414982241203,0.00206121676202198,0.00201767105039017,0.00243827093313412,0.00596081775980535,0.0010791999593611,0.00283917690973865,0.00280081775965924,0.00498484515671613,0.00173607217284346,0.00125168153013672,6.93386260863739e-05,0.00214242488187167,0.000272298088680823,0.00247162030013817,0.000197849438025138,0.00056042640985396,0.000669154376546552,0.000888087794150252,0.00115285293571857,0.00584379144013093,0.00176556820361604,0.00124827593066868,0.00529173960398,0.00128474708650523,0.000705363704659823,0.00266226478203173,0.000106894713366903,0.000343716271398736,0.00185819942523232,0.00252318608831223,0.000311819495718792,0.0014486963439156,0.000496024720227592,0.00646862523115453,0.00229969536466227,0.00221669656483424,0.000324882425344902,0.000862789206023611,0.000243082180131211,0.00219410095977807,0.00325733872269884,0.000540985654530779,0.0017273045823009,0.00129416879315093,0.00273173145743409
