Unknown,Source001,Source002,Source003,Source004,Source005,Source006,Source007,Source008,Source009,Source010,Source011,Source012,Source013,Source014,Source015,Source016,Source017,Source018,Source019,Source020,Source021,Source022,Source023,Source024,Source025,Source026,Source027,Source028,Source029,Source030,Source031,Source032,Source033,Source034,Source035,Source036,Source037,Source038,Source039,Source040,Source041,Source042,Source043,Source044,Source045,Source046,Source047,Source048,Source049,Source050
0.00012936696118659,0.525293330041749,0.374706669958251,0.00050718486515779,0.00289482598471005,0.000659772722349278,0.00149195718497944,0.00107377748162174,0.00277780628241848,0.00058250462248718,0.00211938050782735,0.000280785958110477,0.00335060378955663,0.000869410461147052,0.00451419312606788,0.00256256530391331,0.00138520577983414,0.00389048604621426,0.00204139536998215,0.000564306522397391,0.00110079996135597,0.000947759145498177,0.00143599161618518,2.3310994814305e-07,3.21885711344823e-05,0.000187035456543787,0.000259181584825113,0.00545701740742397,0.00108027011939971,0.0110854370814374,0.000849159732444215,0.000144515719035636,0.00107508616661337,0.000465739514746222,0.00338497449934198,0.00568027029133623,0.00179063350338315,0.000543295669056323,0.00192524025493948,0.000357981703322356,0.00401067536551689,0.00207682091073855,0.00327529487194188,0.00411837129551474,0.0003548981872196,0.00465865351858565,0.00114788983422501,0.00517321383604252,0.000589109284430413,0.00225082244305724,0.00284591037479535
