Unknown,Source001,Source002,Source003,Source004,Source005,Source006,Source007,Source008,Source009,Source010,Source011,Source012,Source013,Source014,Source015,Source016,Source017,Source018,Source019,Source020,Source021,Source022,Source023,Source024,Source025,Source026,Source027,Source028,Source029,Source030,Source031,Source032,Source033,Source034,Source035,Source036,Source037,Source038,Source039,Source040,Source041,Source042,Source043,Source044,Source045,Source046,Source047,Source048,Source049,Source050
0.00011443841360112,0.508769145526475,0.391230854473525,0.0026791454161163,0.00190885946265131,0.00135156758262376,0.0101232128679726,0.00204069491982461,0.000870374920487095,0.000276436052667702,0.00355043435455617,0.000620042689027449,0.00185527155888776,0.00192253507848281,0.00148142736017019,0.00192779688126015,0.000229345400655905,0.00311606300880855,0.000274336151707345,0.00111636611959206,0.00495692943371108,0.00108311489301187,0.00326035436484367,0.000813512654132552,0.00103769654705874,0.0021719341482938,0.00495833144518459,0.00161552990487849,0.00727293757872119,0.00131054984253208,0.00112343472667512,0.00159469040947789,7.41617046993645e-05,0.00215913175919197,0.000961740218696122,0.000269243142488131,0.000721615194110266,4.33772460470957e-05,0.00308542048313207,0.00205686272425528,0.000384715099881708,0.00144998985950991,0.000179543660142918,0.00165356587178755,0.000567372628998634,0.000655499762018329,0.00504836011176326,0.000393364820398874,0.00233150678569998,0.00579081851863109,0.00551634622093343
