Unknown,Source001,Source002,Source003,Source004,Source005,Source006,Source007,Source008,Source009,Source010,Source011,Source012,Source013,Source014,Source015,Source016,Source017,Source018,Source019,Source020,Source021,Source022,Source023,Source024,Source025,Source026,Source027,Source028,Source029,Source030,Source031,Source032,Source033,Source034,Source035,Source036,Source037,Source038,Source039,Source040,Source041,Source042,Source043,Source044,Source045,Source046,Source047,Source048,Source049,Source050
0.00121578773490024,0.782296966395165,0.117703033604835,0.00339556765452515,0.000575689242506328,0.000512785196517152,0.000328662628330881,0.00373842529705238,0.00134739647069483,0.00166193989260649,0.00136974303300727,0.000577129157466929,0.000984881690197668,0.000102746846894318,0.00259876076711231,0.00378255307168192,0.000286736587332632,0.00272670560639296,0.00213404762699576,0.00109079373824179,0.00734593744627849,0.00487927062897654,0.00282772225959979,0.00010461590333619,0.00182802149108404,0.00110669978351902,0.00303775120817636,0.00171323676740123,0.00971728969456838,0.000256318397748449,0.000894040734080745,0.000168868738727368,0.00365620591820412,0.00260419417357272,0.00287350588354563,0.00510007022861297,0.000682021481406097,0.00415796445860718,0.00038609359952053,0.00355835809099859,0.00172659206185075,0.00208177305895783,9.84770282362439e-05,0.000666485172768163,0.00184375770112175,0.00229719345878391,9.36715493328289e-05,0.000397782752347886,0.00180667203871684,0.00365634680885124,2.70923861110121e-06
