Unknown,Source001,Source002,Source003,Source004,Source005,Source006,Source007,Source008,Source009,Source010,Source011,Source012,Source013,Source014,Source015,Source016,Source017,Source018,Source019,Source020,Source021,Source022,Source023,Source024,Source025,Source026,Source027,Source028,Source029,Source030,Source031,Source032,Source033,Source034,Source035,Source036,Source037,Source038,Source039,Source040,Source041,Source042,Source043,Source044,Source045,Source046,Source047,Source048,Source049,Source050
0.00124167153876159,0.726292132786246,0.173707867213754,0.000232901865024822,0.00131592613751241,0.000594335734867472,0.00139400597934224,0.00330809396458104,0.000544156092363401,0.0010683203867961,0.00195549175747724,0.000479878262708785,0.00015488478537945,0.00267536015337235,0.000428120444456961,0.000557129036655458,0.00116369553537061,0.000148962045786658,0.000149679851109716,0.000601738485809441,0.00585083187449411,0.00126572950336175,0.00093905256803197,0.000842230038023359,0.00105371300768578,0.00593322334731228,0.000290935996961564,0.00633060375569275,0.00547867526174005,0.00334992579420743,0.00341874526583813,0.00577733484900561,0.00631838994235235,0.00418821548364346,0.000153229250879143,0.000973904890388927,0.000922314536820367,0.0006204769319787,0.000226560647675136,0.00570260922390429,0.000522715339356457,0.00133654982250447,0.0048451457869134,0.00101425318934568,0.00203316727901647,0.00274726061381197,0.00193781053007873,0.00181033113196283,0.00444387864590714,0.000865634030579413,0.000792199403150509
