Unknown,Source001,Source002,Source003,Source004,Source005,Source006,Source007,Source008,Source009,Source010,Source011,Source012,Source013,Source014,Source015,Source016,Source017,Source018,Source019,Source020,Source021,Source022,Source023,Source024,Source025,Source026,Source027,Source028,Source029,Source030,Source031,Source032,Source033,Source034,Source035,Source036,Source037,Source038,Source039,Source040,Source041,Source042,Source043,Source044,Source045,Source046,Source047,Source048,Source049,Source050
0.00142853748412475,0.648164783110463,0.251835216889537,0.000248027049353073,7.91051981447614e-05,0.00217708831153755,0.000539188701661426,0.00071857074152999,0.00119840453895118,0.00221863445937963,0.00258171763003879,0.00205937766270298,0.002884763307359,0.00452084446290732,0.000457851442730927,0.00223770564589965,0.00295675394573653,3.644205191965e-05,0.00170537686732708,0.00177858091345506,0.00461185832633969,0.00591755615450974,0.00110446713299318,0.00198241642683875,0.00224135474125592,0.000203585649314194,0.00968044345665414,0.00454011928751714,0.00358425097527455,0.000725411861458143,2.05552368445554e-05,0.000876392992275558,0.00267023862136177,0.00123392427805671,0.00231346439072707,0.0011626443642474,9.01910472354372e-05,0.000959035676284784,0.00724857162011746,0.00264790233638106,0.00010936561779771,0.00171891064146355,0.0048516069835267,0.000280282339617065,0.000679709934875816,0.00083992110507256,0.000834230622363513,0.00212571172194031,0.00239671699195229,0.00149783504959682,0.00102435400134701
