Unknown,Source001,Source002,Source003,Source004,Source005,Source006,Source007,Source008,Source009,Source010,Source011,Source012,Source013,Source014,Source015,Source016,Source017,Source018,Source019,Source020,Source021,Source022,Source023,Source024,Source025,Source026,Source027,Source028,Source029,Source030,Source031,Source032,Source033,Source034,Source035,Source036,Source037,Source038,Source039,Source040,Source041,Source042,Source043,Source044,Source045,Source046,Source047,Source048,Source049,Source050
0.00342543714784526,0.704408192181648,0.195591807818352,0.000569755878892783,0.00256124444718538,0.00537066738410614,0.000575519146813151,0.00139645538798374,0.00272633759397438,0.00106366824956624,1.5417135396403e-05,0.00153141188786173,0.000310463475568171,0.00134510643905019,0.00594197887314254,0.00507542453842461,0.00498246540446589,0.00143251885199407,0.006468166808991,0.00331537279349151,0.00278134549252112,0.00441613777310875,0.00327291847989738,0.00141971661408678,0.00103285625474922,0.00330031965225494,0.000638903965832955,0.00412705540304184,6.11345394200899e-06,0.00176528379358214,0.00193427638510745,0.000306502559247741,0.00112635368935808,6.97359262186462e-05,0.00061558744343138,0.00207943031368857,0.00253337697759978,0.000309926036141807,0.000426658527762641,0.00224337009672411,0.00127808130600156,0.000565952971077128,0.00224550337696677,0.0021959578982567,0.000681277526810841,0.00471788616260706,0.000828001731380976,0.0025260549436751,0.000204979380397038,0.0017091850457451,0.000533839374031186
