Unknown,Source001,Source002,Source003,Source004,Source005,Source006,Source007,Source008,Source009,Source010,Source011,Source012,Source013,Source014,Source015,Source016,Source017,Source018,Source019,Source020,Source021,Source022,Source023,Source024,Source025,Source026,Source027,Source028,Source029,Source030,Source031,Source032,Source033,Source034,Source035,Source036,Source037,Source038,Source039,Source040,Source041,Source042,Source043,Source044,Source045,Source046,Source047,Source048,Source049,Source050
0.000774473689428247,0.706517856553482,0.193482143446518,0.00106161123639932,0.00338717920844914,0.000945357605707756,0.0015383799017436,0.000504363701027071,0.00553400171324831,0.00189051333625271,0.000629227122673619,0.00190594060558523,0.000176657831217566,0.00149628122623298,0.00190396971248153,0.000128996464662517,0.00158982309475823,0.00348590534534344,0.000843501963937941,0.00392549707021664,0.000707641519211705,0.000564998334889486,0.000332224536288696,0.00398774633302443,0.000381083254528865,0.00590145752580351,0.00624974826872679,0.000247903233366023,0.00128331617065489,0.00576987912368623,0.00147970898183371,0.00348007392898641,0.000168311708385511,0.0075285242469274,0.00203470460740528,0.0014667478530641,0.00117699183927869,0.00181280251078472,0.000646472697994206,0.00165265815885604,0.000186567211700281,0.00459341169570413,0.000342959516201703,0.000331766753475781,0.000329046616646783,0.00217662158230928,0.00740877959278421,0.000497547514933913,0.00319900549834015,0.000145136409769446,0.00219448194507177
