Unknown,Source001,Source002,Source003,Source004,Source005,Source006,Source007,Source008,Source009,Source010,Source011,Source012,Source013,Source014,Source015,Source016,Source017,Source018,Source019,Source020,Source021,Source022,Source023,Source024,Source025,Source026,Source027,Source028,Source029,Source030,Source031,Source032,Source033,Source034,Source035,Source036,Source037,Source038,Source039,Source040,Source041,Source042,Source043,Source044,Source045,Source046,Source047,Source048,Source049,Source050
0.000160440075970644,0.227740328586221,0.672259671413779,0.000776223114540813,0.000275751264983104,0.000573032874471717,0.00358599323543033,0.00110786703451974,0.0012774759445854,0.00281453400421253,0.00458368545618943,0.00423162720262331,0.00321121331311409,0.000210172033895069,0.00357436720859672,0.00075965438622428,0.00213321018060365,0.000788707704623521,0.00430855044324649,0.000357814913301023,0.00321346483281499,0.00355971617495943,0.00354692403070491,0.00399755567594407,0.00392149146118041,0.000254800743598602,0.00168296887739504,0.00161106706307558,0.000790029994804727,6.99432944731437e-05,0.00262245604075481,0.00151985664752963,0.00689890293898949,8.95305109134027e-05,0.00110584408133307,0.00421822298159187,0.00251684575475307,0.000513793138234159,0.00737865158124953,2.04300922734633e-05,0.00315036838355066,0.000811645520479194,0.000917156368934438,2.5536413363988e-06,0.00137908868450596,0.00214562965751043,0.000470780431399398,0.00201690627968242,0.000205216576291556,0.000754340265492488,0.00388349788311179
