Unknown,Source001,Source002,Source003,Source004,Source005,Source006,Source007,Source008,Source009,Source010,Source011,Source012,Source013,Source014,Source015,Source016,Source017,Source018,Source019,Source020,Source021,Source022,Source023,Source024,Source025,Source026,Source027,Source028,Source029,Source030,Source031,Source032,Source033,Source034,Source035,Source036,Source037,Source038,Source039,Source040,Source041,Source042,Source043,Source044,Source045,Source046,Source047,Source048,Source049,Source050
0.001414964946714,0.417980731218542,0.482019268781458,0.00148794044232619,0.000245441061350389,0.00313143655911167,0.000765348078083311,0.00127269807804809,0.00083446530149294,0.000382549110170823,0.000167303954254723,0.000619247933804757,0.000400529367113081,0.00291594628075619,0.00157645004889444,0.0054008594884112,0.000590726850479984,0.00876417040707251,0.00308606758893302,0.000728799781716924,0.000291726794181739,0.0030173849629646,0.000695970046423098,0.00157341054667495,0.00724710576123657,0.00767331165238151,0.000151785591267573,0.00090737496357636,0.000386853856126933,0.00115677600872352,0.00171602153123582,0.000185399995031866,0.000932906272070521,0.000310239712329868,0.00335789201683423,0.0027310473403143,0.00637751453142397,0.0015294370715197,0.0042275263965865,0.00232792816293257,0.00160181480221668,0.000415053182708724,0.000495418604481756,0.000668810507284664,0.000329751448201407,0.00257060023772484,0.000146921564965276,0.00133483000899649,0.00584841368583825,0.00171833151539303,0.00428749594961845
