Unknown,Source001,Source002,Source003,Source004,Source005,Source006,Source007,Source008,Source009,Source010,Source011,Source012,Source013,Source014,Source015,Source016,Source017,Source018,Source019,Source020,Source021,Source022,Source023,Source024,Source025,Source026,Source027,Source028,Source029,Source030,Source031,Source032,Source033,Source034,Source035,Source036,Source037,Source038,Source039,Source040,Source041,Source042,Source043,Source044,Source045,Source046,Source047,Source048,Source049,Source050
0.00209214676980245,0.432821317091185,0.467178682908815,9.48845957489625e-05,0.00229520379600119,0.00361255225743989,0.00782866512674804,0.00128942228409892,0.00650050025809138,0.00182386635878738,0.000339855268130321,0.0014149929836621,0.00293003014224449,0.000351457858812583,0.000335300691535546,0.000173030957400006,0.00310481477436303,0.000459945602403105,0.00376527325145133,0.00319452846599704,0.00647530239550634,0.00160083665863254,0.00116009376239384,0.00321369773918097,1.28419816454023e-05,0.000880312821353499,0.0014232819182586,6.43914641174672e-05,0.00528482550281762,0.00229707093961171,0.00305030514010127,0.00163430158829436,0.00106745461229801,0.00110987656383351,0.000646454025551327,0.000195203351347021,0.00113138112478854,0.0017060498327947,0.00152240939330996,0.00100877990508908,0.00226156483782043,0.00106718812688752,0.00160286210502175,0.00279297691654536,0.00131458279067598,0.00110183940022811,0.00229469489141476,0.00251461288440375,0.00508703242615471,0.00105865013055692,0.00181265332664719
