Unknown,Source001,Source002,Source003,Source004,Source005,Source006,Source007,Source008,Source009,Source010,Source011,Source012,Source013,Source014,Source015,Source016,Source017,Source018,Source019,Source020,Source021,Source022,Source023,Source024,Source025,Source026,Source027,Source028,Source029,Source030,Source031,Source032,Source033,Source034,Source035,Source036,Source037,Source038,Source039,Source040,Source041,Source042,Source043,Source044,Source045,Source046,Source047,Source048,Source049,Source050
0.00270485245196742,0.295638063920944,0.604361936079056,0.00116930062647735,0.00108521991296229,0.00169609068047097,0.00296088327738126,0.00286935061415462,0.00449975861579727,9.56999562393485e-05,0.000387255780029645,0.000933373574553638,5.90770885769103e-05,0.000298525718429176,0.000445742471105493,0.00288019826153726,0.00328024843504343,0.00174156949470746,0.000122254776682253,0.000128510882560545,0.00362506079236004,0.000438690242654402,0.0013256856954011,0.0035703476131672,0.000541051620668973,0.00175268265690514,0.00258859767517218,0.000277391245898984,0.00310928873729353,0.00140822180091903,0.00459950903100583,0.00156478444319579,0.000567837165176552,0.00179546554878255,0.00363359178374683,0.00216228760385624,0.0112202586812289,0.000206083888260452,0.000149746184925448,0.00202978475001407,0.00159785255644596,0.00106901866862753,0.00162845960387762,5.79270689815312e-05,0.0035445128201024,0.00357383734499188,0.000968593108668233,0.000904605426040435,0.0121929407859645,0.000362247246221488,0.000175725590768815
