Unknown,Source001,Source002,Source003,Source004,Source005,Source006,Source007,Source008,Source009,Source010,Source011,Source012,Source013,Source014,Source015,Source016,Source017,Source018,Source019,Source020,Source021,Source022,Source023,Source024,Source025,Source026,Source027,Source028,Source029,Source030,Source031,Source032,Source033,Source034,Source035,Source036,Source037,Source038,Source039,Source040,Source041,Source042,Source043,Source044,Source045,Source046,Source047,Source048,Source049,Source050
0.00545298106358072,0.249297736957086,0.650702263042914,0.00113537620281182,0.00186830601155425,0.000170857874530393,0.000180416591775528,0.000101223812580817,0.00538983074109064,0.00192230416610369,0.00303533671681297,0.00302408131615931,0.00118004980378258,0.00546320831172855,0.00292868984471431,0.000169393057837962,0.00030697783777598,0.0001831306819039,0.00863440008248246,0.00103162917003818,0.00216902493897745,0.00271199218440274,0.000353282255821259,0.000943398213563372,0.00514969794832438,0.00119396317085244,0.000336438185963646,0.0010356418301482,0.000460531243815496,0.00307582046177371,0.0024760704611691,0.000122047772238824,0.0040201014070026,0.0064737247734142,0.000210700194011866,0.00139321133488455,0.00113471279332631,0.00109059470684259,0.000205937874591028,0.00121938733701983,0.00337733000141346,0.000154234372467643,0.00916944736525468,0.00160375394364375,0.000482367926614185,0.00019086224922858,0.0049990331293831,5.06617716851492e-05,0.00147984177823267,0.000303641452456197,0.000234353634212919
