Unknown,Source001,Source002,Source003,Source004,Source005,Source006,Source007,Source008,Source009,Source010,Source011,Source012,Source013,Source014,Source015,Source016,Source017,Source018,Source019,Source020,Source021,Source022,Source023,Source024,Source025,Source026,Source027,Source028,Source029,Source030,Source031,Source032,Source033,Source034,Source035,Source036,Source037,Source038,Source039,Source040,Source041,Source042,Source043,Source044,Source045,Source046,Source047,Source048,Source049,Source050
0.00434722843131513,0.514698400317969,0.385301599682031,0.00055433782644626,0.00213114968328374,0.00183631496652333,0.00161991431816293,0.0012716458070784,0.000690401203765922,0.000582980540801141,0.00621841203466053,0.0010450697769348,0.00232975398043433,0.00344309544113549,0.00186947919175186,0.00118094018133227,0.00521677768584915,0.00136521859582832,0.00070364590112378,0.00260409623691819,0.00311531220503103,0.00313575596709126,0.00342433093740659,0.00211151574968116,0.00247379429329822,0.000882616553253715,0.000557967725935405,0.000359678619957046,9.2133996991571e-05,0.00136141722528207,0.00030564272291515,0.000479234310935444,0.00211652485439983,0.00358219789067686,0.000540771023816443,0.000840715979599669,0.00221922312486261,0.00180984585164341,0.00101481061080991,0.00529982339476551,0.00251724200937094,1.12056726485315e-05,0.0110555432506083,0.00171067068117625,0.000336656433664378,0.000550142805210793,0.000296655311924358,0.000839229118787507,0.00421728123125081,0.000880086703986695,0.00285151193967287
