Unknown,Source001,Source002,Source003,Source004,Source005,Source006,Source007,Source008,Source009,Source010,Source011,Source012,Source013,Source014,Source015,Source016,Source017,Source018,Source019,Source020,Source021,Source022,Source023,Source024,Source025,Source026,Source027,Source028,Source029,Source030,Source031,Source032,Source033,Source034,Source035,Source036,Source037,Source038,Source039,Source040,Source041,Source042,Source043,Source044,Source045,Source046,Source047,Source048,Source049,Source050
9.82839585361413e-05,0.236838540098055,0.663161459901945,4.70561549787689e-05,0.000781136692439426,0.00498091974401775,0.00048567321927164,0.0016317767311277,0.00194221028242899,0.00389713688793998,0.000195691551730421,0.00339953201911554,0.00359966227253651,0.0036631045591949,0.00111523745536718,0.00276092006591134,0.00148726566167049,0.00088519929866826,0.00211925411813284,0.00299563037834546,0.00276298100067804,0.00193786001272408,0.00597201708718994,0.000270794252629256,0.00125994651231813,0.000800619095809195,0.000288373976146476,0.00108110080802385,0.000757362906065869,0.000592529806703657,0.000871295863400334,0.00176314930777654,0.00171625862047821,0.000936299756973634,0.00122107429704496,0.0033862825330345,0.00252832775967613,0.00223382838589649,0.00429376546979441,0.0102022904922525,0.00384056354371901,0.00320269546558866,0.00151765529752855,0.00237768616274609,0.000123625489659573,0.00232795487309166,0.000126426610507373,0.000630120931994141,0.00302406034067365,0.00171518560406147,0.000152176684400281
