Unknown,Source001,Source002,Source003,Source004,Source005,Source006,Source007,Source008,Source009,Source010,Source011,Source012,Source013,Source014,Source015,Source016,Source017,Source018,Source019,Source020,Source021,Source022,Source023,Source024,Source025,Source026,Source027,Source028,Source029,Source030,Source031,Source032,Source033,Source034,Source035,Source036,Source037,Source038,Source039,Source040,Source041,Source042,Source043,Source044,Source045,Source046,Source047,Source048,Source049,Source050
0.00425638472492488,0.725391455604205,0.174608544395795,0.000549106792810465,0.00131948141249508,0.00109165034173545,0.0036535403754076,0.00623031499774619,0.00198015426576607,0.00156692800801366,0.00160106461769725,0.00316338346497555,0.00402455183853211,0.000119635257498112,0.00501919933679935,0.000632375182529089,0.00102517003493891,0.00073074375623675,0.00167367526496252,0.000587998182456123,0.00105355932041854,0.000653845383554405,0.0020019284712916,0.00328840892775315,0.00213608861068469,0.000973890935298599,0.00603364167246263,0.00108139036237477,0.000784375853341829,0.000579002474763111,0.000871376059249554,0.00144306742621281,8.32137462348979e-05,0.00109470461099125,0.000227294342208228,0.00809089198699837,0.000274229237858683,0.00177122195558648,0.000983113243815601,0.00108050431521119,0.000998650739908498,0.0012824150013013,0.00446450162975148,0.00405946346101583,0.00166148405136549,0.00459075780311664,0.000325025496392492,0.00171086436605406,0.00468377447129311,0.00043290116711981,0.0020590550208457
