Unknown,Source001,Source002,Source003,Source004,Source005,Source006,Source007,Source008,Source009,Source010,Source011,Source012,Source013,Source014,Source015,Source016,Source017,Source018,Source019,Source020,Source021,Source022,Source023,Source024,Source025,Source026,Source027,Source028,Source029,Source030,Source031,Source032,Source033,Source034,Source035,Source036,Source037,Source038,Source039,Source040,Source041,Source042,Source043,Source044,Source045,Source046,Source047,Source048,Source049,Source050
0.00128660470644453,0.767952053076646,0.132047946923354,0.00143195731317771,0.00595223220351016,0.00253668867844706,0.00103516056888331,0.00237031151555684,0.00384573097356268,0.000118038028255294,0.000181972665659865,0.00644519933813229,0.000113002540765602,0.000994939983667165,0.001097691480319,0.00115743219084333,0.0020482028192125,0.000642140591512668,0.00227655074725519,0.00165834201675157,0.000580994759732131,0.00174704124113927,0.00600960118893476,0.000528083573219212,0.00680906996186492,0.00103570339034334,0.00369843820612307,0.000306681564053604,0.00287916075920724,0.000243356679401281,0.0009702156733503,0.00136874905682396,0.00223580247809512,0.000682492157788835,0.00245623379658875,0.00261396824951784,0.00020309739002149,0.0014974344168146,0.0026595367781101,0.000306822077592511,0.000447193889201869,0.000125207082613917,0.000826838933174539,6.7881845716728e-05,0.00161960677174323,0.00404801975131325,0.000744947667920214,0.0017691304320349,0.00252088083387856,0.0125465631200208,0.00125904791170287
