Unknown,Source001,Source002,Source003,Source004,Source005,Source006,Source007,Source008,Source009,Source010,Source011,Source012,Source013,Source014,Source015,Source016,Source017,Source018,Source019,Source020,Source021,Source022,Source023,Source024,Source025,Source026,Source027,Source028,Source029,Source030,Source031,Source032,Source033,Source034,Source035,Source036,Source037,Source038,Source039,Source040,Source041,Source042,Source043,Source044,Source045,Source046,Source047,Source048,Source049,Source050
0.00374062883377977,0.475319370335775,0.424680629664225,0.000437216571622369,2.24635754499437e-05,0.00398140006778537,0.00259085973893306,0.000225385237792234,0.000359886943222247,2.56745998332958e-05,0.00219331948077926,0.00343601999088693,0.00194641629998386,0.00306435318930917,0.0028495230411202,0.00192048086767634,0.00109771821132618,0.000266163675674033,0.00154860161099659,0.00269380947360444,0.00630763180806352,0.0017998657280732,0.00236871075093363,0.00157974601681166,0.000338644249508393,0.00070187144886222,0.00755981688565637,0.00344520394020552,0.000580655864810008,0.000309477765514921,0.00204414784880164,0.000612755348775296,0.000874953368988113,0.00791752915297574,0.000666705217090491,0.00056249871196389,0.00612510338607964,0.000242628905276895,0.00529532112273577,0.00432983137498941,0.00087129499197904,0.000570464912239044,0.00151133953545782,0.000326445601720306,0.00325309461232213,0.00114419572106339,0.00278878846633195,0.000120877290583769,0.000443383680845208,0.00104792099565596,0.00185917388590974
