Unknown,Source001,Source002,Source003,Source004,Source005,Source006,Source007,Source008,Source009,Source010,Source011,Source012,Source013,Source014,Source015,Source016,Source017,Source018,Source019,Source020,Source021,Source022,Source023,Source024,Source025,Source026,Source027,Source028,Source029,Source030,Source031,Source032,Source033,Source034,Source035,Source036,Source037,Source038,Source039,Source040,Source041,Source042,Source043,Source044,Source045,Source046,Source047,Source048,Source049,Source050
6.42334363452618e-05,0.722779384878238,0.177220615121763,0.000587203192632593,0.00138845447304589,0.0103273840143947,0.000327026606228891,0.00294169751387589,0.00246970462687422,4.58196496926013e-05,0.00167868264264346,0.000324185093663979,0.00226127760990441,0.00116629176247792,0.00720611880871738,0.0037546520268842,0.00389752501605175,0.00510902746645689,0.00190131990234173,0.0037356479250385,0.00067887883694107,0.000730372646765461,0.000986453825498551,0.00224344883950631,0.000970908453478726,0.000442251985591988,0.00382408204270259,0.00056880602086637,0.00123994029582093,0.00355224787935729,0.00313360883800109,0.0005825205508361,0.00174174637350906,0.000132141491626889,0.00414348932678665,0.00322080975843088,0.000309863706222767,0.00100301668650731,0.0012356512590175,0.00342664263460762,0.00049389944469468,0.00343349003532075,0.000246152466496877,0.00263312087574024,0.000600071647526648,0.000694672356283399,0.00244713712054841,0.00298550374980626,0.000521528448106621,0.00144373475218323,0.00114755588394742
