Unknown,Source001,Source002,Source003,Source004,Source005,Source006,Source007,Source008,Source009,Source010,Source011,Source012,Source013,Source014,Source015,Source016,Source017,Source018,Source019,Source020,Source021,Source022,Source023,Source024,Source025,Source026,Source027,Source028,Source029,Source030,Source031,Source032,Source033,Source034,Source035,Source036,Source037,Source038,Source039,Source040,Source041,Source042,Source043,Source044,Source045,Source046,Source047,Source048,Source049,Source050
0.000169653267406783,0.161949103033171,0.738050896966829,0.00167953016072095,0.000494683129194564,0.00177629560805069,0.000436770783375559,0.00168586990954837,0.000283831035177626,0.000233958321710294,0.000315887781781622,5.48837239112404e-05,0.00410057236876064,0.00137389840716008,0.00437710874553331,0.000509831728408272,0.00160902445685618,0.00341962073495034,0.00244904312826207,0.00121057830411772,0.000498165614006545,0.00130418834162119,0.00415498670967001,0.000392729697478135,0.00452000171872677,0.000555221004316939,0.00467242204489501,0.00321987348780055,0.00145773077854906,0.00229371793308137,0.000351190102969038,6.67337887834008e-05,0.00165554773473569,0.00212456027535217,0.00287904196568646,0.00287919498440454,0.00177674316081992,0.00295590838373288,0.00467947094413332,0.00380418618596598,0.00564446942846234,0.000531126853358281,0.00306756049612796,0.00152887031752949,0.00173936551287324,0.00488896940967943,0.00212973412640894,0.000200097221694589,0.00475058154431811,0.000860238358868637,0.00223633027902363
