Unknown,Source001,Source002,Source003,Source004,Source005,Source006,Source007,Source008,Source009,Source010,Source011,Source012,Source013,Source014,Source015,Source016,Source017,Source018,Source019,Source020,Source021,Source022,Source023,Source024,Source025,Source026,Source027,Source028,Source029,Source030,Source031,Source032,Source033,Source034,Source035,Source036,Source037,Source038,Source039,Source040,Source041,Source042,Source043,Source044,Source045,Source046,Source047,Source048,Source049,Source050
4.33627283755275e-05,0.152984261651718,0.747015738348282,0.00447613729035996,0.00303824648046214,0.000191529041343179,0.000820354958597811,0.00225467170043167,0.000564196762037721,0.00352638748898825,0.000224384180071248,0.00280917602414628,0.000324877489229354,0.000267735708164631,0.000135302904298853,0.00124296445078621,0.0028729622416231,0.000667235705700722,0.00127183477951289,0.00120863252657123,0.00047423158136649,0.00123364885279446,0.000671860292249327,0.00028973960370438,0.00163812554713644,0.00479335089396735,0.00553256186927308,0.00133235862906335,0.00412387543343646,0.000686492570295059,0.00551005704986045,0.00227113503124975,0.000169304686851433,0.00399578284918462,0.00310403253509038,0.0019090235902012,0.00177927042666676,0.00147674961085544,0.00382270646658681,0.00152776398396619,0.000607208143738465,0.00204833150360152,0.000761093077476329,0.00414325077746316,0.000965393644879642,0.00221192233335588,0.00350822736720357,0.00015244568478165,0.00066965328068647,0.00222132126606031,0.0104290889562528
