Unknown,Source001,Source002,Source003,Source004,Source005,Source006,Source007,Source008,Source009,Source010,Source011,Source012,Source013,Source014,Source015,Source016,Source017,Source018,Source019,Source020,Source021,Source022,Source023,Source024,Source025,Source026,Source027,Source028,Source029,Source030,Source031,Source032,Source033,Source034,Source035,Source036,Source037,Source038,Source039,Source040,Source041,Source042,Source043,Source044,Source045,Source046,Source047,Source048,Source049,Source050
0.00115765061657021,0.328764985027404,0.571235014972596,0.0032192542203296,0.00440002968050447,0.000587960855779122,0.00249401359908034,0.00294849297257357,0.000701243811044305,0.000834024211835289,0.00189159174180014,0.00241725752863195,0.00304794463638087,0.00722243820399101,0.00222954241772863,0.000919637806589694,0.000881849909628212,0.0128457694491463,0.000351956922361757,0.000954500662452078,0.000196153011576961,0.0042596262077431,0.0022222149174358,0.00738682069875821,0.00574229429121208,0.00104559308796884,0.000666958532012587,0.00376639154859786,0.00316564971572087,0.000494510874289361,0.00283288779152708,0.00139331095931372,0.000140355109578223,0.0018516905319276,0.00108425831258881,0.000447431814527629,0.00098390414320043,0.000621775662087187,0.000859508985503787,0.00121532774486323,0.00121151010934084,6.84339215289931e-05,3.48029485198318e-05,0.00212549044647394,0.000134890507146867,0.00118159302040669,0.00128504286219644,0.00282480970406668,0.000389050085059029,0.00108287786682808,0.000179675341571627
