Unknown,Source001,Source002,Source003,Source004,Source005,Source006,Source007,Source008,Source009,Source010,Source011,Source012,Source013,Source014,Source015,Source016,Source017,Source018,Source019,Source020,Source021,Source022,Source023,Source024,Source025,Source026,Source027,Source028,Source029,Source030,Source031,Source032,Source033,Source034,Source035,Source036,Source037,Source038,Source039,Source040,Source041,Source042,Source043,Source044,Source045,Source046,Source047,Source048,Source049,Source050
0.00162566331795138,0.174422051951582,0.725577948048418,0.00352125219459568,0.000398313756865651,0.00305127036737257,0.00364795688080774,0.00116078389258482,0.000201488705369415,0.00198652242016857,0.00300678999410887,0.00172555183427432,0.000167367339070586,0.00325803437724365,0.000875537124568433,0.00339670155399348,0.00212605304066991,0.00449013977536205,0.00107959737542932,1.08932564260881e-05,0.00395774922746446,0.000304027120712156,0.000320173420528365,0.000441987953477379,0.000965590180823763,0.00198663748991048,0.000358115656529746,0.00163091239391803,0.00519808494851809,0.00504057159216576,0.00290900789198693,0.00278899073879949,3.64930078691437e-05,0.000742463476402314,0.000419610271596634,0.00169193545129081,0.00108023287830782,2.47884978759902e-05,0.000570387260697097,0.00103572684641155,0.00410331053862358,0.00300835632947992,0.0054757556482869,0.00165504061821613,0.00139672128160524,0.00131724054759737,0.00108857284254679,0.00197178672688232,0.00650098341983305,0.00404257072549134,0.00220625780928874
