Unknown,Source001,Source002,Source003,Source004,Source005,Source006,Source007,Source008,Source009,Source010,Source011,Source012,Source013,Source014,Source015,Source016,Source017,Source018,Source019,Source020,Source021,Source022,Source023,Source024,Source025,Source026,Source027,Source028,Source029,Source030,Source031,Source032,Source033,Source034,Source035,Source036,Source037,Source038,Source039,Source040,Source041,Source042,Source043,Source044,Source045,Source046,Source047,Source048,Source049,Source050
0.00191996038075094,0.780929643225235,0.119070356774765,0.00101316446375242,0.00201232615360552,0.00138806753466004,0.000513133151204318,0.00427138067855564,0.00327296923220567,0.00525884648268878,0.00102777348582258,0.000743687697625952,0.000605728133621163,0.00224267282083989,0.00312282146812843,0.00537790721940349,0.000546633668370263,0.000178248615798314,0.00610809477364235,0.00120614227156392,0.000345600326721368,0.0110980028281358,6.92354857842236e-05,0.000883251069128269,0.00216149246100307,6.93636838760271e-05,0.00151158696893191,0.00659550233048365,0.00152922042137451,0.000579503452303409,0.00318451037440885,8.4982049677147e-05,0.000507966016572411,0.00117273129818914,0.00255670331788258,0.00229466249436184,0.00132910881167445,0.00301268471264817,7.13114878406536e-05,0.000712750361062079,0.000787323024152938,0.000170960300775989,0.00247247390281864,0.00116192895350342,0.00609108937846629,0.00390534678970903,0.000324105375943613,0.00158263115445991,0.00136889977450139,0.00110982536086553,0.000445687800504036
