Unknown,Source001,Source002,Source003,Source004,Source005,Source006,Source007,Source008,Source009,Source010,Source011,Source012,Source013,Source014,Source015,Source016,Source017,Source018,Source019,Source020,Source021,Source022,Source023,Source024,Source025,Source026,Source027,Source028,Source029,Source030,Source031,Source032,Source033,Source034,Source035,Source036,Source037,Source038,Source039,Source040,Source041,Source042,Source043,Source044,Source045,Source046,Source047,Source048,Source049,Source050
0.00496481875966084,0.745636745844807,0.154363254155193,0.00163233520427884,0.005741519721866,0.000275673771096902,1.74055793457544e-05,0.000530896324911095,0.00132346326442243,0.00349447855448625,0.00243794490184165,0.00372258938817975,0.000732688828355384,0.00483140357543731,0.00319916547203234,0.00120190660297379,0.00072112245928193,0.00339176876201624,0.00313113581681415,0.000553788335898456,0.00193261843352156,0.000267877640228824,0.000898845688731897,7.36312414585467e-05,0.000525274274376267,0.000943904510270687,0.000132018258020832,0.00291318690075568,0.00022293687435593,0.000448261273419989,0.00189746944170976,0.00126335315063162,0.000294938109961132,0.00506660492679291,0.000941804445268183,0.000774070918134722,0.00071850848202037,0.00202407891530793,0.0020023973398568,0.00583619663712589,0.00202092521590001,0.00398381464559038,0.00214006371838406,0.000790456850884333,0.00579025468331467,0.00726103775375827,0.00155238872263104,0.000151176087966832,0.000272384626065314,0.000353160607477776,0.00460225430317868
