Unknown,Source001,Source002,Source003,Source004,Source005,Source006,Source007,Source008,Source009,Source010,Source011,Source012,Source013,Source014,Source015,Source016,Source017,Source018,Source019,Source020,Source021,Source022,Source023,Source024,Source025,Source026,Source027,Source028,Source029,Source030,Source031,Source032,Source033,Source034,Source035,Source036,Source037,Source038,Source039,Source040,Source041,Source042,Source043,Source044,Source045,Source046,Source047,Source048,Source049,Source050
0.0092931729909789,0.538649304148094,0.361350695851906,0.00385338010609853,0.00148941971482133,0.00406385959605176,0.000474129891265918,0.00032556381818916,0.00207170008445313,0.000857731999889238,0.00230534920251692,0.0016824782835227,0.000254530152159413,0.00280624297138569,0.000220030351038253,0.0077445751987408,0.000769672707502679,1.25559664090981e-05,0.00311115832035979,0.000154879945358947,0.00178254685623189,0.00185255524253074,0.00195023632049023,0.000507237805982266,0.00204843194149788,0.00124189487838503,0.000365035601013014,0.000640424255413077,0.0016362568322611,0.000783975162991102,0.00282946650505221,0.000867615632470906,0.00611016058263267,0.00263580634021573,0.000382633820991057,0.000308125691697077,0.00455601092705271,0.00341547884357327,0.000722031797984977,0.00312658635281615,0.000778280913986732,0.00243284010024684,7.80992732339436e-05,0.00220760654522123,0.000379907994210442,0.000844063736080171,0.00123120345624808,0.0013330136413622,0.00594132214503624,0.00375975543444244,0.00176096406790631
