Unknown,Source001,Source002,Source003,Source004,Source005,Source006,Source007,Source008,Source009,Source010,Source011,Source012,Source013,Source014,Source015,Source016,Source017,Source018,Source019,Source020,Source021,Source022,Source023,Source024,Source025,Source026,Source027,Source028,Source029,Source030,Source031,Source032,Source033,Source034,Source035,Source036,Source037,Source038,Source039,Source040,Source041,Source042,Source043,Source044,Source045,Source046,Source047,Source048,Source049,Source050
1.39089420122644e-05,0.593489835620086,0.306510164379915,0.00224123011851759,0.00230654509625682,0.00203601889330306,0.00246476345424389,0.000800784537762863,0.00175212137182566,0.00101165477220224,0.00264550859713376,0.000321798970492539,0.00147285474284843,0.00794957397296565,0.00776341323524118,0.000575472139981329,0.000294203911609153,0.00049674235797841,0.000938213069499051,0.000307041544319376,0.00206492357192256,0.00523915192675704,0.0033767121963692,0.000862832513774128,0.00071983613914342,0.00485039423181842,0.00077563774412669,0.00675966566594298,0.00124310311447404,0.00206552109161929,0.0033135526166254,0.00135331347684084,0.000336294840145097,0.000766929766205652,0.00181472946717862,0.00197346304022033,0.00122741868488093,0.00307573664989261,0.00692965294749448,0.00272254256407961,0.00075512345259695,0.00181701430576803,0.00124457001441276,0.00182882162484655,0.000905924192411376,0.00270423264638721,0.0004815918324888,0.00117767028472327,0.000842613508315306,0.000375845638703274,0.00100333052164189
