Unknown,Source001,Source002,Source003,Source004,Source005,Source006,Source007,Source008,Source009,Source010,Source011,Source012,Source013,Source014,Source015,Source016,Source017,Source018,Source019,Source020,Source021,Source022,Source023,Source024,Source025,Source026,Source027,Source028,Source029,Source030,Source031,Source032,Source033,Source034,Source035,Source036,Source037,Source038,Source039,Source040,Source041,Source042,Source043,Source044,Source045,Source046,Source047,Source048,Source049,Source050
0.00102975094602352,0.144051374806761,0.755948625193239,0.00358592993695471,0.00279129199511176,0.0021571483647822,0.00042875105289758,6.56971147959503e-05,0.00060505137435434,0.000815444653696762,0.00440111748394676,9.58218522023213e-05,0.00233106916737183,0.000228626449205537,0.000274700293417648,0.00143563427258303,0.00101501624754429,9.30753885820369e-05,0.00204104342964031,0.000499821613558957,0.00092582298092403,0.000539122075707955,0.00478335981515922,0.0054729340612353,0.000500913423629428,0.00102791839974096,0.000599697697523017,0.00221664427275123,0.0112580587610405,0.000910640911279743,0.00211967698371684,0.00685528072118463,0.00530931715118728,0.00218896168472985,0.000292411400885786,0.00914677474899836,0.000425809599469926,0.00100802420638195,0.00206663081991088,0.000595783046556987,0.000704066072743895,0.00176646807508165,0.000602891246755591,0.00127731232303466,0.000930696733800432,1.05372948327037e-05,0.00016150294444988,0.00220178538399451,0.00214142480681291,0.00467599363157071,0.00338854708823957
