Unknown,Source001,Source002,Source003,Source004,Source005,Source006,Source007,Source008,Source009,Source010,Source011,Source012,Source013,Source014,Source015,Source016,Source017,Source018,Source019,Source020,Source021,Source022,Source023,Source024,Source025,Source026,Source027,Source028,Source029,Source030,Source031,Source032,Source033,Source034,Source035,Source036,Source037,Source038,Source039,Source040,Source041,Source042,Source043,Source044,Source045,Source046,Source047,Source048,Source049,Source050
0.00194698665768341,0.691915009493176,0.208084990506824,0.00039949343185682,0.00344023356843992,0.00578303606330137,0.000946353442247619,0.00219310700844552,0.00345005587749895,0.00298202864612848,0.000564480249026914,0.000289850625040322,0.00127274163947357,0.000984804736555796,0.000474260514703481,0.0016126441826847,0.00399942833043253,0.000809054426099384,0.00125024136671252,0.00363529801565108,0.00332528306884568,0.00716903459811469,0.000726745816121765,0.00332723412312657,0.00155062085351954,0.00264236487012085,0.000601302559702029,0.00397387222538598,0.00714764349083366,0.00197007255704629,0.000223682576926737,0.0030943152308035,0.00232496871000884,0.000223345870601136,0.000715105686720313,0.00064045271199428,0.000274052558969659,0.00125140518111354,0.00274566163613906,5.91282373024265e-05,0.00232171037790229,0.00301722077392368,0.00244348255819751,0.00187089311850433,0.000412839819100618,0.000547435023659853,3.78068311348105e-05,0.00238448684078423,0.00278538187357681,0.00086322609565877,0.00329512534217814
