Unknown,Source001,Source002,Source003,Source004,Source005,Source006,Source007,Source008,Source009,Source010,Source011,Source012,Source013,Source014,Source015,Source016,Source017,Source018,Source019,Source020,Source021,Source022,Source023,Source024,Source025,Source026,Source027,Source028,Source029,Source030,Source031,Source032,Source033,Source034,Source035,Source036,Source037,Source038,Source039,Source040,Source041,Source042,Source043,Source044,Source045,Source046,Source047,Source048,Source049,Source050
0.00276560466157625,0.359093517791746,0.540906482208254,0.000372298815312841,0.000762915289154798,0.00482894297837237,0.00188848086320984,0.000255326606290121,0.00131334188064983,0.00499079125793363,0.000365113791212796,0.00078269500576294,0.00055134649766262,0.000358747258040682,0.00273071106562319,0.00101940457566498,0.00978671781146998,0.000883614957788997,0.00116870647189562,0.0023830349161008,0.00141694963246158,0.00134997406954299,0.00328566948305739,0.00406542592010105,0.00258190062195308,0.00279762335086917,0.00467618902858391,0.00541280379896391,1.03197309010803e-05,0.00174790012868382,0.0018599141481634,0.0005122766309101,0.000816901686741143,0.00041117059620803,0.00103835711194678,0.00020401752618614,0.000684923238406056,0.0086786901885227,0.00615100991092964,0.000852367307707241,0.00011281257915938,0.000424490584961653,0.000453208472587581,0.00174745716341798,0.003990096924265,0.00165521503476227,0.00388197614769228,0.000418334537291883,0.00057101390527497,0.000935123912507859,4.80919235176477e-05
