Unknown,Source001,Source002,Source003,Source004,Source005,Source006,Source007,Source008,Source009,Source010,Source011,Source012,Source013,Source014,Source015,Source016,Source017,Source018,Source019,Source020,Source021,Source022,Source023,Source024,Source025,Source026,Source027,Source028,Source029,Source030,Source031,Source032,Source033,Source034,Source035,Source036,Source037,Source038,Source039,Source040,Source041,Source042,Source043,Source044,Source045,Source046,Source047,Source048,Source049,Source050
0.000170620731120835,0.550664139656664,0.349335860343336,0.00514674414941545,0.00842268672248879,0.00457795686976722,0.000374922714118842,0.00106282377897471,0.00155507107054284,0.00105264523598639,0.000601849402116512,0.00186287281801022,0.00141743806095842,0.00139973075807322,0.00178883055025097,0.0111160961866589,0.000218361826518496,0.00174607332871533,0.00134554049977014,0.00121539835011949,0.000411095087777922,0.000225145529126456,0.000674675916417212,0.00932179015614513,0.000234244459003047,0.000199514391738019,0.00179960434060792,0.000265604901786783,0.00408127653945224,0.00224733022223601,0.00139156713942816,0.00434718878380411,0.00250831895106684,0.0041947838084778,0.000641203291448175,0.000114658821911596,0.00142127622633398,0.000309795144884205,6.50650845081138e-05,0.00574870588270903,0.00227256968395362,0.00078582089253271,0.00194899318530541,0.000972574718540471,0.00102901965903856,0.00159284568883407,0.000427002487814814,0.00242075256116238,0.000478737964092154,0.00204542210712179,0.000747753319134424
