Unknown,Source001,Source002,Source003,Source004,Source005,Source006,Source007,Source008,Source009,Source010,Source011,Source012,Source013,Source014,Source015,Source016,Source017,Source018,Source019,Source020,Source021,Source022,Source023,Source024,Source025,Source026,Source027,Source028,Source029,Source030,Source031,Source032,Source033,Source034,Source035,Source036,Source037,Source038,Source039,Source040,Source041,Source042,Source043,Source044,Source045,Source046,Source047,Source048,Source049,Source050
0.000966257647008235,0.581072966111437,0.318927033888563,0.00137152091547059,0.00253716715136021,0.000606394416668149,0.00320610078994189,0.000891079488263958,3.94000858344082e-05,0.00165133838271904,0.00347024936830563,0.00110327972947775,0.000355046044646959,0.00336629470197432,0.000722733687812425,0.000902884069738465,0.0027232388141731,0.00132306432653054,0.000459127953441034,0.00263650995452964,0.00636672900105497,0.00456372336302293,0.00112529220116924,0.00112012973683643,0.000339866624202892,0.000709601288934981,0.000215596989002702,0.00138394732837414,0.00110356685656736,0.00567408070860346,0.00714464326764336,0.00167650981807637,0.00362754578743877,5.87269414788605e-05,0.000161828049919676,0.00375948972267488,0.000141169187055171,0.000120073017822366,0.000598288699850475,0.00649655428464605,0.00343233897048346,0.00317750105500399,0.000594810019917717,0.000117630785009767,0.000772166900463514,0.00500314402735055,0.00449115007035092,0.00384963356613851,0.00321199347924216,0.000244456669664824,0.000386124054103154
