Unknown,Source001,Source002,Source003,Source004,Source005,Source006,Source007,Source008,Source009,Source010,Source011,Source012,Source013,Source014,Source015,Source016,Source017,Source018,Source019,Source020,Source021,Source022,Source023,Source024,Source025,Source026,Source027,Source028,Source029,Source030,Source031,Source032,Source033,Source034,Source035,Source036,Source037,Source038,Source039,Source040,Source041,Source042,Source043,Source044,Source045,Source046,Source047,Source048,Source049,Source050
0.000130722948774304,0.794089925727341,0.105910074272659,0.00662134067998247,3.51991872437663e-05,0.0052268172129281,0.0042400591471379,0.000684973135980782,0.00250561302600599,0.000970267652212548,0.000731322367501869,0.00176089926625779,0.000871140467625463,0.00168580301247186,0.000824830359145913,0.00814502575722678,0.0013056942647769,0.00647227361576794,0.000821476012239558,0.00397923180370885,1.46783934667571e-05,5.77823842537751e-06,0.00338495530508644,0.0072433416259532,0.0016032849253073,0.000260292536779482,0.00149558355422229,0.000492757756034944,4.39888011200653e-05,0.00297779334914112,0.00200467192951144,0.00110073425439735,0.000297068735710289,0.00516680690144629,0.0086820760631196,6.05347567428319e-05,0.000565857047814284,0.000718260346723526,0.00265102701703152,0.00209529660383091,0.00037903153465382,3.10049582047689e-05,0.000298115611384333,0.00211441442829394,0.000174281055058519,6.43058708209362e-05,0.000181058399267555,0.000301556215505375,0.00134854885480235,0.00125277063619645,0.00597743437695812
