Unknown,Source001,Source002,Source003,Source004,Source005,Source006,Source007,Source008,Source009,Source010,Source011,Source012,Source013,Source014,Source015,Source016,Source017,Source018,Source019,Source020,Source021,Source022,Source023,Source024,Source025,Source026,Source027,Source028,Source029,Source030,Source031,Source032,Source033,Source034,Source035,Source036,Source037,Source038,Source039,Source040,Source041,Source042,Source043,Source044,Source045,Source046,Source047,Source048,Source049,Source050
0.000374092232214778,0.723006170598116,0.176993829401884,0.00225460136101838,0.00617413166750585,0.000293192168861678,0.000289292136683762,0.00993942648108277,0.00117870182676994,0.00222491758337861,0.00116004161859368,0.000488178688661449,0.00151551865686023,0.00225989113342378,0.00140863648228462,0.00254741888734004,0.001174232149303,0.00244057044929763,0.00134463974532793,0.000988975068878929,0.00149176215355653,7.72563719936855e-05,0.00115924442049455,0.000993069544013081,0.000430162946098064,0.00251160698395661,0.00298413211106811,0.00653271072669037,0.000384398073629555,0.00274747053055517,0.00111581234798642,0.000310058294926685,0.00109909076030094,0.000291570616948918,0.00264515938048526,0.00497894707784402,5.24271817346e-05,0.00149742698019323,0.00105652713041473,0.00328227876460507,0.000613190685027246,0.000453731629001521,0.00436020868622765,0.00432385943214897,0.000538868834713674,0.000517410169643716,0.00179197898565502,0.0100806084885768,0.00122208357090797,0.00142114452767791,0.000979344255436841
