Unknown,Source001,Source002,Source003,Source004,Source005,Source006,Source007,Source008,Source009,Source010,Source011,Source012,Source013,Source014,Source015,Source016,Source017,Source018,Source019,Source020,Source021,Source022,Source023,Source024,Source025,Source026,Source027,Source028,Source029,Source030,Source031,Source032,Source033,Source034,Source035,Source036,Source037,Source038,Source039,Source040,Source041,Source042,Source043,Source044,Source045,Source046,Source047,Source048,Source049,Source050
0.00257440075177181,0.285715523088083,0.614284476911917,0.000106972972843026,0.00751639214552775,0.000468333576269964,0.000295070597398787,0.00169169091238933,0.00519134681883267,0.00313887332359894,0.000863302874366864,0.000362988562558133,0.00060620187131841,0.00240434320761254,0.00420102920731116,0.000196577975914481,6.61164463700683e-05,0.00404531112123346,0.0015712155024918,7.67123462063898e-05,0.00154795993912135,0.000437565638557178,0.00292816754396579,0.0018002242845945,0.00313840813104817,0.00140919382713155,0.00290245104363688,0.00048487967894136,0.00233033479352782,0.00188222231359012,0.00206135263734165,0.000887675784056701,0.000191478642608892,0.0031096863759632,0.0117922047411221,0.0061051165486138,0.00198610398176569,0.00328679848669395,0.000477048037549565,0.00103594222884326,0.00236043045076332,0.00140087470922109,0.000524167404803103,0.00213067531169044,0.00113659210003068,0.000833156078320703,0.0016439704784081,0.000497611991006727,0.000640922508132599,0.0023302541728885,0.0013296499220456
