Unknown,Source001,Source002,Source003,Source004,Source005,Source006,Source007,Source008,Source009,Source010,Source011,Source012,Source013,Source014,Source015,Source016,Source017,Source018,Source019,Source020,Source021,Source022,Source023,Source024,Source025,Source026,Source027,Source028,Source029,Source030,Source031,Source032,Source033,Source034,Source035,Source036,Source037,Source038,Source039,Source040,Source041,Source042,Source043,Source044,Source045,Source046,Source047,Source048,Source049,Source050
0.0101727545304644,0.5412635755479,0.3587364244521,0.00403483719675732,0.00122568161883116,0.000425307984822117,0.00243548557123844,0.00221932971169843,0.000310641319744504,0.00222044365489643,0.00209210044147249,0.00346917499329668,8.04128586161724e-05,0.00260037453605546,0.00130213626732245,0.00030305986803187,0.00063110645225686,0.00120360557839754,0.00161333312098483,0.000777480246002822,0.00259926959704097,0.0015453976759525,0.000481271880589874,0.000575675721477489,0.00501324830993391,5.89860910922947e-05,0.00187646454850375,0.00160800272320658,0.00076770654102441,0.00112651548829297,0.0013009538565596,0.0001760643178256,0.000303717439658586,0.000117828143839736,0.00135623306426794,0.000729846533000868,0.000916291392526806,0.012010787216214,0.00137717477913123,0.0035874836820769,0.00528262998726236,0.00232083558793183,0.000652733382587797,0.00206132499336531,0.000729954749700826,1.73574689453135e-05,0.0036118528612447,0.00826142494830673,0.00123423770671563,0.00114203626267706,3.94270981563605e-05
