Unknown,Source001,Source002,Source003,Source004,Source005,Source006,Source007,Source008,Source009,Source010,Source011,Source012,Source013,Source014,Source015,Source016,Source017,Source018,Source019,Source020,Source021,Source022,Source023,Source024,Source025,Source026,Source027,Source028,Source029,Source030,Source031,Source032,Source033,Source034,Source035,Source036,Source037,Source038,Source039,Source040,Source041,Source042,Source043,Source044,Source045,Source046,Source047,Source048,Source049,Source050
0.00144562502653647,0.480454149133038,0.419545850866962,0.0032205832444407,0.000236253617578409,0.000404477725311337,0.00107636491340585,0.00326224390335908,0.000964318235914403,0.00179118503500033,0.00535907131996417,0.000582319532284047,0.00465646863892781,0.00179698267619502,0.00077556795243316,0.00579267718072365,3.16418606992104e-05,0.00244662066006535,0.00198840840275642,0.00164252504947183,0.00074517484511645,0.00411741492292545,0.000147613315751358,0.000879687952795659,0.00150582877330001,0.00393523902395666,0.0006735250299934,0.000100447762743293,0.00768731649730314,0.000657249067947518,0.00221346911805802,0.000358226808393358,0.00273775959080776,0.000721795701531627,0.000825484304340801,0.00463784302660412,0.00232658424777104,0.00146654928259625,0.00281970750446974,0.00204828090510702,0.0017442469590446,0.00057380749698191,0.00116617119541587,0.0019924609899941,0.000618656843035053,0.000793805526521399,0.00159331866183277,0.00556531856592195,0.000550734458781655,0.0035792623117191,0.00374368433417163
