Unknown,Source001,Source002,Source003,Source004,Source005,Source006,Source007,Source008,Source009,Source010,Source011,Source012,Source013,Source014,Source015,Source016,Source017,Source018,Source019,Source020,Source021,Source022,Source023,Source024,Source025,Source026,Source027,Source028,Source029,Source030,Source031,Source032,Source033,Source034,Source035,Source036,Source037,Source038,Source039,Source040,Source041,Source042,Source043,Source044,Source045,Source046,Source047,Source048,Source049,Source050
0.00240747693943051,0.626970406842487,0.273029593157514,0.00679789737039912,0.00179566354873764,0.000407034589803617,0.0040361981982779,0.00245613243654017,0.000533603473561667,0.000670669876036207,0.00486562953580961,0.00179409716658289,0.000239864240864211,0.000431639853808675,0.0018124268769122,0.00118841368178651,0.00235127770497633,0.000581201518524878,0.00512650194957744,0.00057874556187585,0.00207264578954722,0.000805898439097468,0.000330693976459038,0.000512451902133167,0.0018450597730901,0.000762325330503956,0.000103877451228753,0.00503149164083041,0.00104803298805921,0.000753044428260633,0.000648382066559565,0.00403086867349737,0.000474051566069522,0.00522061335540845,0.00224127291678916,0.000286728847564363,2.76356344381448e-05,0.00189586109064596,0.000374756426687062,0.00208324898321181,0.00201941675968062,0.00629614406608185,0.00349816597325031,0.0032229299463192,0.00141185937172892,0.000623083101429454,0.000279948089222317,0.00424397541069372,0.00267961622979323,0.00137905812308585,0.00572238712512776
