Unknown,Source001,Source002,Source003,Source004,Source005,Source006,Source007,Source008,Source009,Source010,Source011,Source012,Source013,Source014,Source015,Source016,Source017,Source018,Source019,Source020,Source021,Source022,Source023,Source024,Source025,Source026,Source027,Source028,Source029,Source030,Source031,Source032,Source033,Source034,Source035,Source036,Source037,Source038,Source039,Source040,Source041,Source042,Source043,Source044,Source045,Source046,Source047,Source048,Source049,Source050
0.000180510137696994,0.697724278597844,0.202275721402156,0.00125837530506761,0.000315335239753853,0.000435546144788818,0.000842260464224253,0.00293635724847683,0.00361761850610297,0.000393451542634019,0.00343600767097636,0.00109047739428556,0.00317063935153912,0.000419795702175764,0.00143968608917186,0.00113418824461269,0.000169192278777224,0.000166757409008636,0.000858121346979966,0.00146778187363675,0.00337003622055081,0.00204121294304658,6.92962585289703e-05,0.0062431827166462,0.00194145269051129,0.00100741604626198,0.00086281388818955,0.000280488385206265,0.00206082988580539,0.000973482391672735,0.00757953651425838,0.00262760932726626,0.000431593496387479,0.00724315507422925,0.00278200778877024,0.00115563273303897,0.000865883448229236,0.000214169515573473,0.00142858732098066,0.00424316661350978,0.0048954498115616,0.000535568569408651,0.000597055994100183,0.000528922803936811,0.00040123661912334,0.000408525270308575,0.0043902551416511,0.00100203550698124,0.00298554155187287,0.0078476422250823,0.00565411129740053
