Unknown,Source001,Source002,Source003,Source004,Source005,Source006,Source007,Source008,Source009,Source010,Source011,Source012,Source013,Source014,Source015,Source016,Source017,Source018,Source019,Source020,Source021,Source022,Source023,Source024,Source025,Source026,Source027,Source028,Source029,Source030,Source031,Source032,Source033,Source034,Source035,Source036,Source037,Source038,Source039,Source040,Source041,Source042,Source043,Source044,Source045,Source046,Source047,Source048,Source049,Source050
0.00176691758781668,0.171392492660387,0.728607507339613,0.000123211425882345,0.00306599703833815,0.00296773654461281,0.000294374376319511,0.00347619266831687,0.000459095178838866,0.0039005722410396,0.00628770996731039,0.000355428004076293,0.000407428942772951,0.00147878177193094,0.00027968452734479,0.000613560764933802,0.000821204973403878,0.00206223535903826,0.00253994152344235,0.00744135238477795,0.000503290232960798,0.00112239158861878,0.00121657879657063,0.00350653609756649,0.00684377248873851,0.00108921070257215,5.84929072359224e-05,7.54899192330062e-05,0.00171931058647566,0.00458242652874134,0.00016793533902541,0.0123392098040162,0.000359422339008715,0.00333395278245837,0.00072833628822946,0.000957764031020991,0.00209258845591146,0.00547406287559983,0.000152777820319584,8.17472148700857e-05,0.000790853735219051,0.00134129772734106,0.00224601163427379,0.000347981887029473,0.00396288506754662,0.000310260514049007,0.00349007498611677,0.00121059431897268,0.000134490022892016,0.00041313997395392,0.00100568805323573
