Unknown,Source001,Source002,Source003,Source004,Source005,Source006,Source007,Source008,Source009,Source010,Source011,Source012,Source013,Source014,Source015,Source016,Source017,Source018,Source019,Source020,Source021,Source022,Source023,Source024,Source025,Source026,Source027,Source028,Source029,Source030,Source031,Source032,Source033,Source034,Source035,Source036,Source037,Source038,Source039,Source040,Source041,Source042,Source043,Source044,Source045,Source046,Source047,Source048,Source049,Source050
0.00520550377572902,0.714130383505393,0.185869616494607,0.000450188596597578,0.00307084514374522,0.00331141056258114,0.00156618189453505,0.0030262126284722,2.32808007839088e-05,0.000495009321182899,0.00117018735904502,0.00102138681110558,0.00193468372775254,0.000415577564736411,0.00787732989499569,0.00151801787021292,0.000184929778791174,0.00066377970358999,0.00254843104700732,3.25476789514672e-05,0.0015979246338293,0.00713037658871581,0.000725469727845376,0.00101447970160967,0.00154649185844184,0.000191276005000557,0.00233963445166976,0.000589145755469466,0.0014791313308521,9.10501367167928e-05,0.00263652689636763,0.0056484996857798,0.00462709576302317,0.0060218853868865,0.00502599935495983,0.00401333354005669,0.000282415157980176,0.00477790207289803,0.000295615316466209,0.000792739013546503,0.00147363177836055,0.000366601796963559,0.000518309854689457,0.00191017998474604,0.00535010536989336,0.00131800332703231,0.0017452996460272,0.000390283290206915,0.00110150919109902,0.000166134128368377,0.000317445094682843
