Unknown,Source001,Source002,Source003,Source004,Source005,Source006,Source007,Source008,Source009,Source010,Source011,Source012,Source013,Source014,Source015,Source016,Source017,Source018,Source019,Source020,Source021,Source022,Source023,Source024,Source025,Source026,Source027,Source028,Source029,Source030,Source031,Source032,Source033,Source034,Source035,Source036,Source037,Source038,Source039,Source040,Source041,Source042,Source043,Source044,Source045,Source046,Source047,Source048,Source049,Source050
0.000669711701185916,0.504945993460519,0.395054006539481,0.00634765802921751,0.000529410061724311,0.00223542074566331,0.00240376592706473,0.00438047054174764,0.00592518940823999,0.00360167271704104,0.000566869494417351,0.000625172068964145,0.000705770679522059,0.00303518738383577,0.00240961987954113,0.00673564719381349,0.00321631217154181,0.00475585969759421,8.86394831088049e-05,0.00113095799080976,0.000493277420214375,0.000566496805277435,0.00132713060737665,0.00180722917467259,0.00129208591310893,0.00105489351634046,0.0019978325343999,0.00303838964041799,0.00987989558515127,0.000278439336355491,0.000608377374493925,0.000390270470844573,0.000679131663242282,0.000544071879097726,5.75526434379174e-05,0.00087203063404286,0.000196028844931763,0.000996554526882869,0.00490127552179092,0.000720611532820974,0.00596547878938926,7.88480128465572e-05,0.000112637088970655,0.00191773862452825,0.000487261428297357,0.000713367558155433,0.0022521791434258,0.0027637907422173,0.0017085416481127,0.00244700699382124,0.000488239170301611
