Unknown,Source001,Source002,Source003,Source004,Source005,Source006,Source007,Source008,Source009,Source010,Source011,Source012,Source013,Source014,Source015,Source016,Source017,Source018,Source019,Source020,Source021,Source022,Source023,Source024,Source025,Source026,Source027,Source028,Source029,Source030,Source031,Source032,Source033,Source034,Source035,Source036,Source037,Source038,Source039,Source040,Source041,Source042,Source043,Source044,Source045,Source046,Source047,Source048,Source049,Source050
0.00219764836469136,0.418414523624713,0.481585476375287,0.00330630416448058,0.000888525447668659,0.000839188013265243,0.00182099880437705,0.000760926851619325,0.000556117377871825,0.00876392332984486,0.00122733628418558,0.000358774426932973,0.00535443534262735,0.0010117194443155,5.1249008179622e-07,0.000780879856910606,0.00228129554395436,0.000727645576220427,0.00158462585894451,0.00018173412542613,0.00206485508484525,0.000385515895027602,0.000475228501617754,0.00102769891247281,0.000360868438281645,0.000784420617493272,0.00278931954762831,0.00777508879061708,0.00142341673740171,0.000548166188564696,0.000164356462514905,0.00123058501682238,0.00412095267640872,0.00322319283759226,0.00716825887078541,0.00481028105319197,0.000669690733415002,0.0005876839396995,0.0023892051810669,0.000724644286674301,0.00039168749525745,0.000964874647146231,0.00447795931543597,0.00254537569466557,0.00129161398643202,0.00304116825381558,0.000699538752393452,0.00456191985600946,0.00119635788328636,0.0013917100802663,0.00407177295975196
