Unknown,Source001,Source002,Source003,Source004,Source005,Source006,Source007,Source008,Source009,Source010,Source011,Source012,Source013,Source014,Source015,Source016,Source017,Source018,Source019,Source020,Source021,Source022,Source023,Source024,Source025,Source026,Source027,Source028,Source029,Source030,Source031,Source032,Source033,Source034,Source035,Source036,Source037,Source038,Source039,Source040,Source041,Source042,Source043,Source044,Source045,Source046,Source047,Source048,Source049,Source050
0.00118600605688016,0.697384369564814,0.202615630435186,0.00343411249873908,0.00511463880499229,0.00144447725865342,0.00396451687458162,0.000409483031472839,0.000771815489749556,0.000525676050033689,0.00799100268672108,0.000144207775828292,0.00184270562197108,0.00465138229428859,0.00320905364325658,0.00108453737645799,0.000732324500576065,0.00159880133098906,0.00454737823385927,0.00306918741311947,0.00486847797023695,0.000335883971348714,0.00519265532000904,0.000422856305429891,0.000372665007126155,8.55007371046012e-05,8.01094015406802e-05,0.00209561682708814,0.00037156943306918,0.00512454884619021,0.000983261816978065,0.00139655993431246,0.00450300480463025,0.00109852165835876,0.00202565157532526,1.73902661329816e-05,0.00053854071411918,0.00200146635677806,0.00244619763613088,0.00209711199929307,0.00202746416230384,0.00285751340565891,0.000863337929324783,0.00210745273200279,0.0029623805824673,0.00206123240719066,0.000536327191462025,0.0017854487863137,0.000878206071864574,0.000308085997369152,0.00183365321066958
