Unknown,Source001,Source002,Source003,Source004,Source005,Source006,Source007,Source008,Source009,Source010,Source011,Source012,Source013,Source014,Source015,Source016,Source017,Source018,Source019,Source020,Source021,Source022,Source023,Source024,Source025,Source026,Source027,Source028,Source029,Source030,Source031,Source032,Source033,Source034,Source035,Source036,Source037,Source038,Source039,Source040,Source041,Source042,Source043,Source044,Source045,Source046,Source047,Source048,Source049,Source050
0.00540552719045529,0.202523052897458,0.697476947102542,0.000389801984691991,0.00232110188166406,0.000453956963601026,0.00290110592911328,4.20871855965999e-07,0.00123845400459322,0.000705928251111101,0.000132585564478308,0.00358710513035256,1.91552045965927e-05,0.00176203285276684,0.00269542665447477,0.000275176608906623,0.000772663473194544,0.00120676016277397,0.000679711939168423,0.00165170017797003,8.26824224577569e-05,0.00433604133869183,0.000711358197193096,0.000159715763791159,0.00216329751289251,0.00281376070991257,0.00286554055444565,0.0101379430149226,0.00133461285411213,0.00985449242862424,0.00070930967886561,0.0021531954846646,0.00208817948248152,0.000757399545280814,0.00273335339652232,0.00429980177453879,0.000599904941985653,0.00237096206478731,0.00369396059558196,0.000649072467450174,0.000600460955149897,0.00122144140338954,0.00096969944025454,0.00102614169954306,0.00500340086625555,0.00146144924626552,0.00239504563925435,0.000236525418011858,0.000295666922782735,0.00216348767132105,0.00391348166280099
