Unknown,Source001,Source002,Source003,Source004,Source005,Source006,Source007,Source008,Source009,Source010,Source011,Source012,Source013,Source014,Source015,Source016,Source017,Source018,Source019,Source020,Source021,Source022,Source023,Source024,Source025,Source026,Source027,Source028,Source029,Source030,Source031,Source032,Source033,Source034,Source035,Source036,Source037,Source038,Source039,Source040,Source041,Source042,Source043,Source044,Source045,Source046,Source047,Source048,Source049,Source050
0.00485396183383519,0.155449894550071,0.744550105449929,0.00397599416777261,0.000343737254617727,0.00133057074903797,0.00325578687063461,0.000173670073890423,0.00101259781191459,0.000430264679902924,2.9841837097284e-05,0.00458181502864672,0.00310276135345046,0.000904261077039727,0.0001220068599857,0.00307877064783181,0.000688677771442993,0.00414691162290382,0.00302061619551859,0.000908575151029515,0.000914071648316176,0.00096854200888763,0.00229020813848535,0.00124466934431342,0.00296933679347324,0.00179850367234519,0.00191664281414664,0.000314916662022647,0.000210481322186773,0.00156805843267261,0.00199570161444157,0.00382578027094362,0.00129600540953714,0.000671619503279591,0.00102245151479024,0.00525287509632815,0.000950836981565536,0.00226755554675968,0.00293755936574975,0.00456405834525743,0.000553464108636288,0.000288256468603312,0.000136555617295757,0.00879477830767843,0.0012293174400083,0.00292440940466037,0.0026646059025056,0.000295046019203051,0.00379031942030825,0.0024365586747363,0.00194599316430929
