Unknown,Source001,Source002,Source003,Source004,Source005,Source006,Source007,Source008,Source009,Source010,Source011,Source012,Source013,Source014,Source015,Source016,Source017,Source018,Source019,Source020,Source021,Source022,Source023,Source024,Source025,Source026,Source027,Source028,Source029,Source030,Source031,Source032,Source033,Source034,Source035,Source036,Source037,Source038,Source039,Source040,Source041,Source042,Source043,Source044,Source045,Source046,Source047,Source048,Source049,Source050
0.00587123488808708,0.308109650095616,0.591890349904384,0.0010671393023376,0.000735197115551822,0.000194918938002182,0.00537713030005245,0.00397115114466935,0.00266294204188292,0.00267775245912272,0.00267335294072943,0.00114370539910479,0.00045949774152807,0.00165968086864685,0.000357485407701351,0.00513173145636733,0.00122786804908656,0.00561263951612435,0.000371099331115928,0.00600791968349564,0.00168777262793559,0.00367895293037129,0.00529781736497247,0.0010860419593413,0.000368846737680853,0.000697189992722966,0.00164921972352114,0.00061159749852026,0.0017167277510495,0.000310311085414617,0.000135644596319053,0.00382303033627048,0.000431043517135699,2.12521423750433e-05,0.00100075873254402,0.000531376042899332,0.000486288893936242,0.00324891871307436,6.85085317806424e-06,0.000293861760704883,0.000632530368698037,0.00079562596197524,0.00535608449105801,0.00041636863694907,0.000886988327152784,0.00415642075057426,0.00356451772102632,0.000553121922372436,0.00303860652542358,0.00144552900984908,0.00486825644134756
