Unknown,Source001,Source002,Source003,Source004,Source005,Source006,Source007,Source008,Source009,Source010,Source011,Source012,Source013,Source014,Source015,Source016,Source017,Source018,Source019,Source020,Source021,Source022,Source023,Source024,Source025,Source026,Source027,Source028,Source029,Source030,Source031,Source032,Source033,Source034,Source035,Source036,Source037,Source038,Source039,Source040,Source041,Source042,Source043,Source044,Source045,Source046,Source047,Source048,Source049,Source050
0.00111288062467662,0.12807749017996,0.77192250982004,0.00305726437181748,0.00110879281862421,0.00225193723885207,0.00259556310747036,0.0123021001659748,0.000962761411178021,0.00695033299248784,0.00365556100042379,0.00493116127490618,0.0001987013503337,0.000635451097931273,0.000283148396054738,0.00237776939432114,0.00199349907033161,0.00259472098610851,0.00336490400713959,0.000183337251553654,0.000114348363378898,0.00083595766434009,0.000132458431468135,0.00143247255849644,0.000519040543977829,0.00271424117045492,0.00191819861204359,0.000162225813055596,0.00201362972510277,0.00348808514303765,0.000999366704087081,0.000818232013766433,0.00704226221600276,0.00017294843561101,0.00691748489014467,0.00164367923028916,0.00133211789297119,0.000136556132545349,0.00021576005413636,0.0038316970242681,0.000421237750226018,0.00183874785676244,0.00107113702635677,0.00129141978150179,0.000433280360085849,0.000323300747807256,0.0026625704099129,0.00139669552312281,0.000587972271667136,0.0024679507552116,0.000505038337981772
