Unknown,Source001,Source002,Source003,Source004,Source005,Source006,Source007,Source008,Source009,Source010,Source011,Source012,Source013,Source014,Source015,Source016,Source017,Source018,Source019,Source020,Source021,Source022,Source023,Source024,Source025,Source026,Source027,Source028,Source029,Source030,Source031,Source032,Source033,Source034,Source035,Source036,Source037,Source038,Source039,Source040,Source041,Source042,Source043,Source044,Source045,Source046,Source047,Source048,Source049,Source050
0.00190549377415773,0.42371994119481,0.47628005880519,7.68487128479389e-05,0.00171458073296448,0.00433632006013585,0.00411825016279738,0.00259506159223103,0.00182176951754957,0.000654137537011144,0.00521465611009513,0.00376825976632625,0.00254962934310844,0.00148369222291729,0.00346233236799149,0.00116258555622276,0.000650383367271706,0.00396919294625566,0.00124203327226652,0.000795685279282463,0.000301499251064882,0.00331173100385851,0.00127722325470046,0.00555690373285882,0.00218959359456326,0.0024841153005926,0.00203796073418224,0.000142554155598359,0.00204982453350517,0.000975845355201391,0.00239021382152015,0.00140491053278668,0.000530357241162504,0.000613097807936045,0.000787448774745751,0.00373917666230218,0.000197640209106652,0.000686855287161073,0.000220835236533584,0.00303486456924491,0.00217643975948021,0.000116735435755549,0.00271464810023559,0.00478252394676638,0.00209433074322148,0.00296970244299606,0.0021310963496791,0.00167190033368341,0.00232386180562753,0.00227748810845358,0.00128770959404305
