Unknown,Source001,Source002,Source003,Source004,Source005,Source006,Source007,Source008,Source009,Source010,Source011,Source012,Source013,Source014,Source015,Source016,Source017,Source018,Source019,Source020,Source021,Source022,Source023,Source024,Source025,Source026,Source027,Source028,Source029,Source030,Source031,Source032,Source033,Source034,Source035,Source036,Source037,Source038,Source039,Source040,Source041,Source042,Source043,Source044,Source045,Source046,Source047,Source048,Source049,Source050
0.00655664539731114,0.500358277445334,0.399641722554666,0.00104842914890111,0.00203810920645184,0.000402201182989697,0.000763121876502045,0.00500481687139121,0.00228881270859403,0.000685762734906934,0.000843444365577854,0.000724701037723931,0.00358197616239083,0.00133017092408515,0.000215935615532279,0.00129950140805456,0.00457846341868661,0.00321373331742154,0.002803765636113,0.00011772326744737,0.00236229084729469,0.00247845658636031,0.00386973012636577,0.00161505708586216,0.00165582001376838,0.00487822588743278,0.00204979502830545,0.000898912172975266,0.00131369033001272,0.00122226237789737,0.0022731971545455,0.000734831008348294,0.00173698870459831,0.00100499226745894,0.00079056642036798,0.000359822715274779,0.00416996120804613,3.18785447683402e-05,0.00474856602560005,0.00588033978689291,0.00185591552337921,6.14701850145527e-05,0.00123769798860612,0.00120968425089785,0.000735357154552843,0.00401443903049817,0.000993996310112334,0.00587508874774812,0.000690450026869648,0.00120817162710758,0.000545030582956247
