Unknown,Source001,Source002,Source003,Source004,Source005,Source006,Source007,Source008,Source009,Source010,Source011,Source012,Source013,Source014,Source015,Source016,Source017,Source018,Source019,Source020,Source021,Source022,Source023,Source024,Source025,Source026,Source027,Source028,Source029,Source030,Source031,Source032,Source033,Source034,Source035,Source036,Source037,Source038,Source039,Source040,Source041,Source042,Source043,Source044,Source045,Source046,Source047,Source048,Source049,Source050
0.00363893819735679,0.282690448083579,0.617309551916421,0.000460190829460764,0.000428551749387081,0.000603896652941761,0.00228480496275963,0.000626112342214107,0.000270574418548822,0.00240985105087529,0.00284451575835057,0.000686253169288034,0.00510902825084031,0.000786664796683995,0.000500372926784051,0.00287705702754572,0.00089935423912212,0.00156530376675895,0.000599485346999078,6.94084006105519e-05,0.00302094338991119,0.000176303787999594,0.00148611156711412,0.00216313050909005,0.00179195292126829,0.00765831037929644,0.00323591392557418,0.00258716648544231,0.00545671571853344,0.000165804219600852,0.00164018791623905,0.00838206005711356,0.000447885840836373,0.00213139883789778,0.00040807794265781,0.000763982929644026,0.000369590771370474,0.00240462438645509,0.000787704393103812,0.000429301723167799,0.00183862126257436,0.00123949739556194,0.00426112997494353,0.0036186487892506,0.00848538279393603,0.00189659048400149,0.00105261730790122,0.000206682527852899,0.00405712159388935,0.000984286819647744,0.000191889461596895
