Unknown,Source001,Source002,Source003,Source004,Source005,Source006,Source007,Source008,Source009,Source010,Source011,Source012,Source013,Source014,Source015,Source016,Source017,Source018,Source019,Source020,Source021,Source022,Source023,Source024,Source025,Source026,Source027,Source028,Source029,Source030,Source031,Source032,Source033,Source034,Source035,Source036,Source037,Source038,Source039,Source040,Source041,Source042,Source043,Source044,Source045,Source046,Source047,Source048,Source049,Source050
0.00389471855156748,0.601721393851545,0.298278606148456,0.00366691904381084,0.00296663614134009,0.00177698064654371,0.00417260761606479,0.00167848949892828,0.000177175747266571,0.000377263000955234,0.00659051160862094,0.00753668808567667,0.000267653454928645,0.000189857372447777,0.00295463155937978,0.00102491158615869,0.00135454682949847,0.00338347219412647,0.00590929690543347,0.00220632231784434,0.000581748699826301,0.000253661615157823,0.00101143868415312,0.000795751816589095,0.000343518469795322,0.000396999261118054,0.00223238230902082,0.0112830165670033,0.000561330193976619,0.000919060677908927,7.1920889923487e-05,0.0004900799349437,0.00154879851668203,0.00100351867466501,0.00264128228587739,0.00089240806351717,0.0030743989238845,0.000958666538829715,0.000330191869174673,0.00186745277362643,0.00137982552817001,0.00152974205351713,0.00259118012532195,0.000894469208623484,0.000362791162330285,0.00432122419870919,1.81970150628387e-05,0.000538002573075742,0.00318785115443982,0.00305443363311358,0.000735974421370242
