Unknown,Source001,Source002,Source003,Source004,Source005,Source006,Source007,Source008,Source009,Source010,Source011,Source012,Source013,Source014,Source015,Source016,Source017,Source018,Source019,Source020,Source021,Source022,Source023,Source024,Source025,Source026,Source027,Source028,Source029,Source030,Source031,Source032,Source033,Source034,Source035,Source036,Source037,Source038,Source039,Source040,Source041,Source042,Source043,Source044,Source045,Source046,Source047,Source048,Source049,Source050
0.00332547072715485,0.663361722468465,0.236638277531535,0.000444779446639663,0.00134022684974224,0.00150058607666498,0.00550405139814943,0.00221937497242943,0.00142259795804312,0.00660580441914771,0.00028329382957184,0.0021159136873065,0.0021636876919584,0.000295457480727991,0.00143620786745217,0.000448880591343473,0.00213313949729359,0.0033332744394275,0.00375118571101438,0.000212703716065556,3.26480574383935e-05,0.000208881727566066,0.0116374379637274,0.00332344453344317,0.000422823086166469,0.00188543825133909,0.00108284275682179,0.00110874868850331,0.0028947982027549,0.000352949311274186,4.05538286456725e-05,0.00348013289657835,0.00036857234691283,0.007485807056065,0.000614342880518089,0.00142502368470218,0.000670839962501791,0.000259136927847282,0.00197121446124445,0.000210714526102305,0.000666223559375388,0.000201504913224009,7.81871308302957e-05,0.000639603912553937,0.000796750895913536,0.00431741780477366,0.00325494531748073,0.00255130376691193,0.00646513221373761,1.7363460882895e-06,0.00301420662882505
