Unknown,Source001,Source002,Source003,Source004,Source005,Source006,Source007,Source008,Source009,Source010,Source011,Source012,Source013,Source014,Source015,Source016,Source017,Source018,Source019,Source020,Source021,Source022,Source023,Source024,Source025,Source026,Source027,Source028,Source029,Source030,Source031,Source032,Source033,Source034,Source035,Source036,Source037,Source038,Source039,Source040,Source041,Source042,Source043,Source044,Source045,Source046,Source047,Source048,Source049,Source050
0.0026504181635867,0.516188701414114,0.383811298585886,0.00412301224835354,0.00101295203032294,0.00320380210605759,0.000114770612259464,0.00347527476436618,0.000882798206755124,0.00279277993787925,0.000343588010971425,0.0037071591449448,0.000319048657040119,0.00138392144996978,0.0075493883026994,0.00171482349456424,0.00252014419886821,0.000129650980388922,0.00292512510189186,0.00067640415780424,0.00136606076797225,0.00198064144010711,0.00141624734942649,0.000309673513285585,0.000817108670782323,0.0051090712128305,0.000800491213721051,0.0033933482691901,0.000214934772707235,0.00252299643258075,0.000133283887289888,0.000954019279357361,0.00761752061699843,0.00100521419843337,0.00183183329799295,3.64962018722884e-05,0.00194189691693515,0.0011454910647643,1.48770268767138e-05,0.000301675401674544,1.29303432658325e-05,0.00267448628015465,0.00243694981976167,8.47964042976844e-05,0.00465984235822722,0.00430221198745895,0.000464722014876705,0.00516578449704359,0.00576186614791632,0.000225651862642117,0.00177281518083305
