Unknown,Source001,Source002,Source003,Source004,Source005,Source006,Source007,Source008,Source009,Source010,Source011,Source012,Source013,Source014,Source015,Source016,Source017,Source018,Source019,Source020,Source021,Source022,Source023,Source024,Source025,Source026,Source027,Source028,Source029,Source030,Source031,Source032,Source033,Source034,Source035,Source036,Source037,Source038,Source039,Source040,Source041,Source042,Source043,Source044,Source045,Source046,Source047,Source048,Source049,Source050
0.00317575160454661,0.293455921174888,0.606544078825112,0.00131955725100238,0.0065434867954692,0.00424331774901841,0.00215057200930577,0.000865685284530715,0.00148676606927324,0.00108945109121533,0.00118350456396734,0.00290732255475168,0.000517456875872752,0.000972024794100998,0.000189699467259605,0.000250902018093285,0.00140801838163761,0.0178621834358862,0.00586243742573947,0.00151829634821243,0.00115835827750334,0.00025593368465417,0.00190479767342994,0.000284322597618337,0.00071335349957091,0.00230240454836533,0.000896363106998051,0.00145569796547492,0.000696798037263487,0.000132177870218384,0.000760316785512379,0.00322598971240757,0.00186381153860953,0.0031832296785711,0.002508726831583,0.00098983301315236,0.00311675963560839,0.00123030668049209,0.0033157333455157,0.00299374667799285,9.6230428380005e-05,0.00348495958203962,0.00118592886067374,0.00152083608897529,0.00312901986809732,0.00123631365013001,0.000436574118179867,0.00045330282512842,0.000401141127746052,0.000822952767916529,0.00069764580230829
