Unknown,Source001,Source002,Source003,Source004,Source005,Source006,Source007,Source008,Source009,Source010,Source011,Source012,Source013,Source014,Source015,Source016,Source017,Source018,Source019,Source020,Source021,Source022,Source023,Source024,Source025,Source026,Source027,Source028,Source029,Source030,Source031,Source032,Source033,Source034,Source035,Source036,Source037,Source038,Source039,Source040,Source041,Source042,Source043,Source044,Source045,Source046,Source047,Source048,Source049,Source050
0.00163727684487127,0.282998364656941,0.617001635343059,0.000545613369969626,0.00710834810369928,0.000904302869406717,0.00041938996808827,0.00111730270609763,0.000746632658744786,0.000600584632695586,0.001035451284246,0.00118549054351933,0.00521695892575196,0.00396759413040172,0.00426098147121763,0.00483690080486402,0.000575542507208719,0.00345268547836777,3.12077929451773e-05,0.00139990684339482,0.00396593680554666,0.000880988133933574,0.00681416724765047,0.000708945948993807,0.00162443891244238,0.00305657367691363,0.00033067389212099,0.00332837456797401,0.00380321136216777,0.00367708335559038,0.000693341883999664,0.000649868904578078,3.72720755247397e-06,5.44031571376373e-05,0.00126113307210224,0.000134862322268555,0.00218647246523222,0.00925970449181349,0.00291915622711883,1.80398510847725e-05,0.00110598727949913,0.000170161079382891,0.00247075672343362,3.09918776135497e-06,0.000835990672766626,0.002547828838749,0.00351721495284369,0.00257953691477098,0.000152999233994306,5.19248142016003e-05,0.00215122588088479
