Unknown,Source001,Source002,Source003,Source004,Source005,Source006,Source007,Source008,Source009,Source010,Source011,Source012,Source013,Source014,Source015,Source016,Source017,Source018,Source019,Source020,Source021,Source022,Source023,Source024,Source025,Source026,Source027,Source028,Source029,Source030,Source031,Source032,Source033,Source034,Source035,Source036,Source037,Source038,Source039,Source040,Source041,Source042,Source043,Source044,Source045,Source046,Source047,Source048,Source049,Source050
0.00290491591697858,0.391034125419266,0.508965874580734,0.000643226605175398,0.000116136489025677,0.000200376040910756,0.000386144776483406,0.00156021330605649,0.00288291845987732,0.00600171961644023,0.00220253600803034,0.00393831021564553,0.0030974673226888,0.00100164242801467,0.00695478178844684,0.000845124567305192,0.000201398619761743,0.00204983052263547,0.000557822022592319,0.00169673526113897,0.00531505540886773,0.0035102602981873,0.00175343549960709,0.00154635820167519,0.00264349178085848,0.00172368670178657,0.000589537021836906,0.0045123680166429,1.33450263633982e-05,0.0048774752535005,0.00562407030974545,0.000655848370272395,0.00261314826833375,0.00154661693923151,0.00184575552141179,0.000435509863206821,0.000532075727143643,0.000372870344094813,0.000632821412895754,0.00228871068392276,0.00160116702718941,0.000732112140458522,0.00433474676520225,0.000898680410641555,0.00071938019618109,0.000342195809580952,0.000281075319974528,0.00951194876991798,0.000515758869918354,0.000160576551600086,0.000628617522542704
