Unknown,Source001,Source002,Source003,Source004,Source005,Source006,Source007,Source008,Source009,Source010,Source011,Source012,Source013,Source014,Source015,Source016,Source017,Source018,Source019,Source020,Source021,Source022,Source023,Source024,Source025,Source026,Source027,Source028,Source029,Source030,Source031,Source032,Source033,Source034,Source035,Source036,Source037,Source038,Source039,Source040,Source041,Source042,Source043,Source044,Source045,Source046,Source047,Source048,Source049,Source050
0.00286245064473802,0.185703644880385,0.714296355119615,0.00225833430027694,0.00529772660032601,0.000749311296877767,0.00228242085824893,0.00457990414288545,0.000157154054409574,0.000381963425268546,0.000747147900062889,0.000163436742473102,0.00107248944810671,0.00261198579335346,0.000419119467612449,0.00064710217646729,0.00278319397615601,0.00220559741504719,0.00702328928019368,0.00600178342639293,0.00241167520453462,0.000148069089437612,0.000404451259570715,0.00135774183715466,0.00156368608765927,0.00257553841454064,0.000870431342822198,0.000117616696526893,8.51808964935095e-05,0.000286989244293143,0.00280288318918115,0.00175548664011962,0.0015503649385185,0.00720485999606372,0.0122773948845085,0.00249255885246086,0.000168828637921108,0.00209482804392321,0.00228942119613452,7.07406492440212e-05,0.000168568123877338,0.000116383254430249,0.00491749801668504,0.0016666797451292,0.00100210990789528,0.000953221949297844,0.000183412107400858,0.00105501544765969,0.0012086767123973,0.00294749280132956,0.00100778388389221
