Unknown,Source001,Source002,Source003,Source004,Source005,Source006,Source007,Source008,Source009,Source010,Source011,Source012,Source013,Source014,Source015,Source016,Source017,Source018,Source019,Source020,Source021,Source022,Source023,Source024,Source025,Source026,Source027,Source028,Source029,Source030,Source031,Source032,Source033,Source034,Source035,Source036,Source037,Source038,Source039,Source040,Source041,Source042,Source043,Source044,Source045,Source046,Source047,Source048,Source049,Source050
0.00194748701775887,0.356719250695804,0.543280749304196,0.00148477123087488,0.00656823085760273,0.00219322527997134,0.000691061650414806,0.000766156636585528,0.00307324648493561,0.00142853614225386,0.00485527684357704,1.04467867367193e-05,0.000726202380874694,0.000715177472288456,0.00324778185023214,0.000961824685713644,0.000935316892073376,0.00100295771387098,0.00539143947334943,0.00012533128755789,0.000420395864376509,0.0019095005180008,0.00119280541217256,0.000155428988707864,0.00395595911765049,0.00203864638223913,0.00221044064044535,0.00175987437432899,0.00021616044576964,0.00153174256493605,0.00869017715325091,0.00322840208568701,0.00713200225307826,0.000620073435247791,0.00526384988266012,0.000502818753583237,0.00279836132599713,0.000600640503075113,0.00290601253616129,0.00274504739520962,0.000645149476591104,0.00389157802732054,0.00308449937623584,0.000313542501914388,0.000392639571770876,0.000182695703852017,0.000995805868949821,0.000119743100063196,0.00192862398157465,0.000557240708151044,0.00188567136432663
