Unknown,Source001,Source002,Source003,Source004,Source005,Source006,Source007,Source008,Source009,Source010,Source011,Source012,Source013,Source014,Source015,Source016,Source017,Source018,Source019,Source020,Source021,Source022,Source023,Source024,Source025,Source026,Source027,Source028,Source029,Source030,Source031,Source032,Source033,Source034,Source035,Source036,Source037,Source038,Source039,Source040,Source041,Source042,Source043,Source044,Source045,Source046,Source047,Source048,Source049,Source050
0.00209639475936789,0.24034973396176,0.65965026603824,0.000573189660009335,0.000335476190648543,0.00348654881205094,0.00470702579939116,0.00486217048608772,0.00239830258542709,0.000643391320138617,0.00355512297823382,0.00282794592257652,2.68299856268526e-05,0.000189405304055398,0.00446331266470644,0.00592895266885925,0.000135535086752825,3.15524895279654e-06,0.000201864701944243,0.00174071743976147,0.000740014782131322,0.00403457326221242,0.000668140672146677,0.000252147203632506,0.000630445416462119,5.88325488625404e-05,0.0035359935762848,2.56228239227621e-05,0.0026510229013099,0.00897804363488638,0.000226150763459686,0.00291380063580142,0.00110699225834614,0.000472491582945233,0.00289994512930252,0.00240734170383695,0.000377366764459759,0.00128416404824038,0.00867712936429382,0.00372081501861771,0.000315762345730408,0.00484648319768767,0.00166550530882504,0.000749217285305464,0.00130723554571918,0.0034438910671773,7.04554398423089e-05,2.81595665839254e-05,0.000243624249351273,0.000943229762753937,0.00255006052527749
