Unknown,Source001,Source002,Source003,Source004,Source005,Source006,Source007,Source008,Source009,Source010,Source011,Source012,Source013,Source014,Source015,Source016,Source017,Source018,Source019,Source020,Source021,Source022,Source023,Source024,Source025,Source026,Source027,Source028,Source029,Source030,Source031,Source032,Source033,Source034,Source035,Source036,Source037,Source038,Source039,Source040,Source041,Source042,Source043,Source044,Source045,Source046,Source047,Source048,Source049,Source050
0.00629876907110657,0.489931404440197,0.410068595559803,0.00810680050093163,0.000772227251847152,0.00079991715389838,0.00253009331048757,0.000603270627781982,0.00122149655618311,0.00164673996826279,0.00990339116073118,0.00059490183503087,0.000288560953767666,0.00276410169854196,0.00264217425893831,0.00110942549935488,0.00234345836031458,0.00168697630735134,0.00402133425394021,0.000566926668803992,0.00145000005000708,0.000967990873596979,0.00640338856456073,0.000154266673765139,0.0029270238927957,0.000246038270593908,0.00472151363547446,0.000960990158238997,0.000521118562202687,0.00147979079842144,0.000501625810311881,9.24224334176225e-05,0.00236977704484415,0.00105267558081165,0.0011152552261079,0.00240439777118156,0.000282980359868974,6.42534394287823e-05,0.00233849187018626,0.000519961598256679,0.00424745934318317,0.00220301972869902,0.00025948319655105,0.000248642624925214,0.00248636791300022,0.00197598982905882,2.76108383927823e-05,0.000768589483479604,0.00327104150901709,0.00533543044293173,0.000701837039414498
