Unknown,Source001,Source002,Source003,Source004,Source005,Source006,Source007,Source008,Source009,Source010,Source011,Source012,Source013,Source014,Source015,Source016,Source017,Source018,Source019,Source020,Source021,Source022,Source023,Source024,Source025,Source026,Source027,Source028,Source029,Source030,Source031,Source032,Source033,Source034,Source035,Source036,Source037,Source038,Source039,Source040,Source041,Source042,Source043,Source044,Source045,Source046,Source047,Source048,Source049,Source050
0.000549280219426207,0.481965065805197,0.418034934194803,0.00014533344007191,0.000434970029498726,0.000260201228810787,0.00115655505628133,0.00269444246617039,0.00304076040791511,0.000336717323219073,0.00231416071093589,0.000522021635297595,0.000113752998808234,0.00246985255237002,0.000457140742937876,0.00014352098509544,4.31693604114368e-05,0.00266258466911692,9.67261450753309e-05,0.00243331040324585,0.00329229838355282,0.0005856115373285,0.00281305993177563,0.00280467645788339,6.48725666560726e-05,0.000207836132457136,0.00377617757057653,0.0116254076472444,0.00608468016048558,0.0016052322985976,0.00214766620972872,0.00168298917615138,0.000810386202398853,0.00874201589550296,0.00010441093303183,0.00647120301690043,0.00101610466073069,0.00311865158290773,0.00364569501911512,0.000309682163305002,0.000195964155685303,0.00120616915488685,0.000957141152011445,0.000103513546750119,0.000316773885706119,0.00401705292820985,0.00248235126175296,0.00591407167247319,0.00185854154659434,0.00164985223104298,0.000515410543868262
