Unknown,Source001,Source002,Source003,Source004,Source005,Source006,Source007,Source008,Source009,Source010,Source011,Source012,Source013,Source014,Source015,Source016,Source017,Source018,Source019,Source020,Source021,Source022,Source023,Source024,Source025,Source026,Source027,Source028,Source029,Source030,Source031,Source032,Source033,Source034,Source035,Source036,Source037,Source038,Source039,Source040,Source041,Source042,Source043,Source044,Source045,Source046,Source047,Source048,Source049,Source050
0.000117109612326141,0.580487486185354,0.319512513814646,0.00568670718681589,0.00065043675106959,0.000129781475357733,0.00222009282648211,0.000486751376792802,0.00745326451200966,0.000360462366606865,0.000707901357503518,0.000565900424568034,9.15980159268048e-05,0.0072669824949595,0.00219531278343011,0.000987750647130088,1.76499261357693e-05,0.00205932783405108,0.00106704419756694,0.00514944316178832,0.000973117511771796,0.00192647377814706,0.00140092799167422,0.00354639720814418,0.0037979810307252,0.000297597870890812,0.000143403210081807,0.000489980379893607,0.00619530936516535,0.00127149213302252,0.00395348768617956,0.000784240744340107,0.00206017049325576,0.00472046690746827,0.000222690012432072,0.000916231249236486,0.00230043254699182,0.00409346192572195,0.0002836079921587,0.00312829715480313,0.00142185007624151,0.00236335278254422,0.00142568922268751,0.000521389712556474,0.00078247510460861,0.00626404989855813,0.00398570191761215,0.00133450145640214,0.00129204287158219,0.000163080107884794,0.000726582706696872
