Unknown,Source001,Source002,Source003,Source004,Source005,Source006,Source007,Source008,Source009,Source010,Source011,Source012,Source013,Source014,Source015,Source016,Source017,Source018,Source019,Source020,Source021,Source022,Source023,Source024,Source025,Source026,Source027,Source028,Source029,Source030,Source031,Source032,Source033,Source034,Source035,Source036,Source037,Source038,Source039,Source040,Source041,Source042,Source043,Source044,Source045,Source046,Source047,Source048,Source049,Source050
0.0110632943156445,0.660007307319008,0.239992692680992,0.00203872037692174,0.000789592597195207,0.000704440644283009,0.000151230221778383,0.00278554875579707,0.00730400537726449,0.00255025821221653,0.00098332569503341,3.47278404707098e-05,0.00297629724901858,0.0016212077936288,0.000456734100649175,0.00157105641544531,8.47746186613826e-05,0.00553868166638996,0.00356063544144094,0.000891307967770761,0.00202063506888949,0.00144954655070296,0.000907735404832034,0.000881155508301315,0.000690010612613438,0.00182854702300538,0.000634003835301169,0.00172998264011012,0.000109782187751213,0.00151916904764782,0.000353778080390072,0.000369173480666955,0.000730619503734602,0.000320361328095125,0.00296625347257281,0.00705295029773723,0.000265940054404658,0.00335464118803049,0.000705695194286457,0.000920768405828905,0.00139305576106219,0.00321154034255852,2.60578774634462e-05,0.00598523720979253,0.0018351618265211,0.00760664712038293,0.00299856865682634,5.59767919531749e-05,3.50533607277912e-05,0.0014854220741735,0.00145069080402629
