Unknown,Source001,Source002,Source003,Source004,Source005,Source006,Source007,Source008,Source009,Source010,Source011,Source012,Source013,Source014,Source015,Source016,Source017,Source018,Source019,Source020,Source021,Source022,Source023,Source024,Source025,Source026,Source027,Source028,Source029,Source030,Source031,Source032,Source033,Source034,Source035,Source036,Source037,Source038,Source039,Source040,Source041,Source042,Source043,Source044,Source045,Source046,Source047,Source048,Source049,Source050
0.00095447202343288,0.264521521242601,0.635478478757399,0.00169134799957212,4.59468637760701e-05,0.00140421060300886,0.00292644511448006,1.21424817819709e-05,0.00106584395965513,0.000164221947777502,0.00158373347647502,0.00482642849388197,0.00194991666375423,0.00237402581362018,0.00183169560631857,0.00281345006024658,0.00279768648516807,0.00127220369299837,0.00805818837620709,0.000401741230150014,0.00222246786265376,0.000443859589763077,0.00445640172515459,0.00137807104874591,0.00190514596607268,0.00489335191318642,0.00156790443876426,0.00143177852603191,0.00285740837321353,0.0013901893533163,0.00133976038109313,0.00620141791530816,0.00408432460044165,0.0025219304335327,0.00113770025984513,0.00146201856177488,0.000371176229602759,0.000564456071476124,0.00123113086772321,0.00131422418334502,0.00293330159253253,0.000276788979503573,0.00104138032286061,0.00177726844824444,0.0040613507620793,0.00286554671921949,0.00335688734434739,0.00072253559925634,0.000660052528867707,0.00197201570061905,0.00138445280911964
