Unknown,Source001,Source002,Source003,Source004,Source005,Source006,Source007,Source008,Source009,Source010,Source011,Source012,Source013,Source014,Source015,Source016,Source017,Source018,Source019,Source020,Source021,Source022,Source023,Source024,Source025,Source026,Source027,Source028,Source029,Source030,Source031,Source032,Source033,Source034,Source035,Source036,Source037,Source038,Source039,Source040,Source041,Source042,Source043,Source044,Source045,Source046,Source047,Source048,Source049,Source050
0.00110718874817709,0.335256855864264,0.564743144135736,0.00414048604645769,0.00726425459084845,0.0019401395281906,0.00358093938896763,0.00311338562392321,0.00219145336621528,0.00145673830164697,0.00731787340824997,0.00635181040351962,0.00150140900164214,0.0010352061897281,0.0029091451126075,0.00149919836767454,0.00306408577079246,0.00263503407134537,0.00192133853103193,0.00202768294485832,0.0021608895514505,0.00052645225157143,0.00444999804575145,0.00101709356786646,0.000773549520988819,0.000924126883367786,0.00307034649503955,0.00229303112973384,6.2196754226546e-05,0.00523539880999957,0.00216806076636416,0.000798180776982999,0.0028932661192336,0.00106092539192011,0.00102893353413798,0.00226441290770743,0.000350131707213278,0.000792404203913256,0.000851620761467899,0.00031034370183423,0.00119961519860142,0.000470937688277895,0.000769132208335533,0.00180708615124002,0.000193543754369589,0.00319212678841357,0.00186214690253776,0.00116098590786996,0.000538193572540989,0.000514398525686456,0.000203101025478992
