Unknown,Source001,Source002,Source003,Source004,Source005,Source006,Source007,Source008,Source009,Source010,Source011,Source012,Source013,Source014,Source015,Source016,Source017,Source018,Source019,Source020,Source021,Source022,Source023,Source024,Source025,Source026,Source027,Source028,Source029,Source030,Source031,Source032,Source033,Source034,Source035,Source036,Source037,Source038,Source039,Source040,Source041,Source042,Source043,Source044,Source045,Source046,Source047,Source048,Source049,Source050
0.00299830508268055,0.508666720773584,0.391333279226416,0.00633302610422515,0.00188797893380614,0.00197923357792053,0.00349187123689715,0.00320223267538806,0.000326284999533775,0.00183912321638356,7.9535616792847e-05,0.00050269822772335,0.00276603400371273,0.00249236948509359,0.000105251136079701,0.0012213250239518,0.00159306154732397,0.000633087998913862,0.00665438968225016,0.00402323861286565,0.0022503964869102,0.0029011531440739,0.0023252443530564,0.00184676124440278,0.00371430824935737,0.00125903636714858,0.000684134714134921,0.00125922016195406,0.0048074140188316,0.00165714073640292,0.000128180322450601,0.000113095855770137,0.00872316300538742,0.00014330261364638,0.000610300974577091,0.00311857343109525,8.08307685611556e-05,0.000153144830867233,0.00116496947006727,0.00440770214215147,0.00196401422841364,0.00105947019278965,0.000416784543753563,0.000238535791811657,6.12679038531773e-05,0.00505785909150365,0.000567647936947508,0.000844709116551736,0.00389149066629569,0.000122338561198306,0.00229876191449212
