Unknown,Source001,Source002,Source003,Source004,Source005,Source006,Source007,Source008,Source009,Source010,Source011,Source012,Source013,Source014,Source015,Source016,Source017,Source018,Source019,Source020,Source021,Source022,Source023,Source024,Source025,Source026,Source027,Source028,Source029,Source030,Source031,Source032,Source033,Source034,Source035,Source036,Source037,Source038,Source039,Source040,Source041,Source042,Source043,Source044,Source045,Source046,Source047,Source048,Source049,Source050
0.00217633523976,0.6710497310329,0.2289502689671,0.00638832299111583,0.001507657398786,0.00080496977953752,0.00398005133206882,0.00208376401795989,0.000270466411897304,0.000376456558225376,0.00386703008833835,0.000161725051066949,0.000262984381683191,0.000436365517024476,0.00328297795106452,0.00328255272030238,0.00172432989510023,0.000322213030414277,0.00149395083851304,0.000528330208708968,0.00239407974534278,0.00164703322330312,0.000842374597741428,0.00174754443335883,0.000170387349323642,0.00193866276446329,0.000448914205023163,8.42706443424029e-05,0.00385242082439513,0.000853302518726307,0.00235736831216094,0.00263710458058334,0.00208143507028339,0.000810703742319375,0.00297131710897125,0.00282934119475496,0.00438678409603013,0.00331221254015278,0.0019636440099115,0.0014332549706782,0.00904150328138701,0.00361564829795555,0.00147492524982158,0.0020385931983014,0.000567455582857479,0.000649435509096824,0.00256695987659996,0.00188169517290346,0.00443472731639825,0.00149728100851327,0.000519136162732136
