Unknown,Source001,Source002,Source003,Source004,Source005,Source006,Source007,Source008,Source009,Source010,Source011,Source012,Source013,Source014,Source015,Source016,Source017,Source018,Source019,Source020,Source021,Source022,Source023,Source024,Source025,Source026,Source027,Source028,Source029,Source030,Source031,Source032,Source033,Source034,Source035,Source036,Source037,Source038,Source039,Source040,Source041,Source042,Source043,Source044,Source045,Source046,Source047,Source048,Source049,Source050
0.00180544135713345,0.768986726796304,0.131013273203696,0.00793625426240031,0.00155319513103944,0.000848852314990063,0.000582736478276121,0.00356391036201986,0.00255802970693283,0.0036377143419178,0.00241817308789623,0.0031567601158785,0.00196917633017612,0.00183645187583713,0.00074691171836884,0.000173060528916777,1.68839462745773e-05,0.000318065613625774,0.00113337417733538,0.00033640397092576,0.00264981384347692,0.00295964685811362,0.00241969594167737,0.00121055898707985,0.00394242952457285,0.00245781352385801,0.00108289308234509,0.000892775912195035,0.0006737128788768,0.000620487348527342,0.00106363479574763,0.000253011974387954,0.00775394257769177,0.000307416627327219,0.0072831585053366,0.00271600213399546,0.000339857483866401,0.00152933765482078,0.00294633278679826,0.00102552961328706,0.00187500385358573,0.00100731623002425,7.71590359600852e-05,0.00282492544071185,0.000392123331643456,0.0036722360938595,0.00124955646517627,0.00264993716109377,0.000388730995557753,0.004541443009816,0.00260212100864431
