Unknown,Source001,Source002,Source003,Source004,Source005,Source006,Source007,Source008,Source009,Source010,Source011,Source012,Source013,Source014,Source015,Source016,Source017,Source018,Source019,Source020,Source021,Source022,Source023,Source024,Source025,Source026,Source027,Source028,Source029,Source030,Source031,Source032,Source033,Source034,Source035,Source036,Source037,Source038,Source039,Source040,Source041,Source042,Source043,Source044,Source045,Source046,Source047,Source048,Source049,Source050
0.0027260556065699,0.796941578830867,0.103058421169133,0.00101834162503573,0.00134510039638578,0.000684093446450361,0.00252958049118146,0.00181241916058147,0.00065132773897212,0.000174938841187103,0.00271133007220192,0.00128809946106626,0.000876397083280748,0.00117783976329049,0.00136457025955398,0.00159547558981532,0.000753736438033929,0.000541095227204035,0.00470882819684371,0.000637327416096727,0.00262567799999162,0.0030218185570225,0.00168299706452573,0.00220782773288846,0.00138526762214589,0.00120210039006068,0.000367364502153673,0.00162381726141119,7.43222827856686e-05,0.000523324995133225,0.00182297837040674,0.00308693214784083,0.000802692226793119,0.00211397417036502,0.00338118240856033,0.000865670148097895,0.00146144377812183,0.00101201236052436,0.0052090062489339,0.000436057490011795,0.000673952736942136,0.000482361638541002,0.00151787079545849,5.15082841283523e-05,0.00554124758889326,0.00442519557670724,0.00653293346149279,0.0018209729223012,0.0068287437271172,0.000491652365311866,0.010130536331581
