Unknown,Source001,Source002,Source003,Source004,Source005,Source006,Source007,Source008,Source009,Source010,Source011,Source012,Source013,Source014,Source015,Source016,Source017,Source018,Source019,Source020,Source021,Source022,Source023,Source024,Source025,Source026,Source027,Source028,Source029,Source030,Source031,Source032,Source033,Source034,Source035,Source036,Source037,Source038,Source039,Source040,Source041,Source042,Source043,Source044,Source045,Source046,Source047,Source048,Source049,Source050
0.00491667305005907,0.647561077205614,0.252438922794386,0.00387522588444243,0.000455998868107741,6.23404213766858e-05,0.000118145858067955,0.00266820621403152,0.0023942118487013,0.000781709659640541,0.00164993955854181,0.00385925337320608,0.00212704649643929,0.00195603450822893,0.000583915827444238,0.000176740686398652,0.00103973431942297,0.000419959597358499,0.00110517654462007,0.00437480431659769,0.000806265986220159,0.0075493590321947,0.00191591907217641,0.000609494932624354,0.000807990562343564,0.00286071628753249,0.00315206928595816,0.000250651159864152,0.000981531140937595,0.00116246558898758,0.000589297827834783,2.85767712827417e-05,0.00206368748245321,0.000486572681678909,0.00655246996229997,0.000238201503252791,0.00407047221271205,0.00119566726889278,0.00752792915423945,0.000392433325487111,0.00194587116010875,0.00115151836914676,0.00108196956098097,0.00106130846399624,0.0031904740034403,0.00192064635498936,0.00209736456651666,0.00292957024614109,0.00753400545454397,0.00071061141127833,0.000569772137199096
