Unknown,Source001,Source002,Source003,Source004,Source005,Source006,Source007,Source008,Source009,Source010,Source011,Source012,Source013,Source014,Source015,Source016,Source017,Source018,Source019,Source020,Source021,Source022,Source023,Source024,Source025,Source026,Source027,Source028,Source029,Source030,Source031,Source032,Source033,Source034,Source035,Source036,Source037,Source038,Source039,Source040,Source041,Source042,Source043,Source044,Source045,Source046,Source047,Source048,Source049,Source050
0.00364362599347889,0.318168574238,0.581831425762,0.000241981968622989,0.00797482938793754,0.00265732918140141,0.0020340400749352,0.0012570703953956,0.000640674902899143,0.000751137053275029,0.000589768677815415,0.00125983508706323,0.000267395571606118,3.39315754852013e-05,0.0011389678247838,0.00467233384125036,0.00657833888815256,0.000736356864364873,0.00260946357912797,6.5153125611816e-05,0.00486860610426502,0.00218709215013588,0.00647977747842126,0.00144718979732444,0.00119606461430992,0.00130329910815366,0.00283816840036058,0.00649874488668815,0.00207469005089788,0.000395449916631371,0.00173273606912877,0.000175971366946491,0.000243187205390228,0.000869425596370111,0.00292177369763003,0.0046193413427677,0.00146262180398357,0.00102039698691542,0.00083255378887563,0.00151306818220902,0.00127785061540173,2.95542075743523e-06,0.000555069338090461,0.00439475152725293,0.00516493863612603,0.000856085972287923,0.000633533779539729,0.000155221573058379,0.000472123066798755,0.000689613106628266,0.00396546442344602
