Unknown,Source001,Source002,Source003,Source004,Source005,Source006,Source007,Source008,Source009,Source010,Source011,Source012,Source013,Source014,Source015,Source016,Source017,Source018,Source019,Source020,Source021,Source022,Source023,Source024,Source025,Source026,Source027,Source028,Source029,Source030,Source031,Source032,Source033,Source034,Source035,Source036,Source037,Source038,Source039,Source040,Source041,Source042,Source043,Source044,Source045,Source046,Source047,Source048,Source049,Source050
0.00157838421163486,0.248169806857852,0.651830193142148,0.00113342459010503,0.000737655283587962,0.00176515443833577,0.000618432682870041,0.00527599735576448,0.01389096286476,0.00228571124851282,0.000349662804227492,0.00140103743988434,0.00401400007246679,0.00362632478714651,0.00359100687539316,0.00446512285141935,0.00111930792723016,0.00419826927553699,0.000337718159755446,0.00342685176710702,5.13453786535734e-05,0.00105804840508456,0.00173652745017177,0.000894748430424881,0.000417438620680896,0.00273097559667908,0.000515939714492866,5.39749736451952e-05,0.000817456942335589,0.000892297922074228,0.00232904851694777,0.000354315320172942,0.000936490942175132,0.000799821030701208,0.000450228226841987,0.000618623477251978,0.00117368459695006,0.00252277799936769,0.00225008594834328,0.000997867695564086,0.00407844721183358,0.00165400170364351,0.0021339625441357,0.00324764872564955,0.0043338053573794,0.00150601613883377,1.22152119189785e-05,0.00384031877641478,0.00304721921716087,0.000528575791573228,0.000201067497159533
