Unknown,Source001,Source002,Source003,Source004,Source005,Source006,Source007,Source008,Source009,Source010,Source011,Source012,Source013,Source014,Source015,Source016,Source017,Source018,Source019,Source020,Source021,Source022,Source023,Source024,Source025,Source026,Source027,Source028,Source029,Source030,Source031,Source032,Source033,Source034,Source035,Source036,Source037,Source038,Source039,Source040,Source041,Source042,Source043,Source044,Source045,Source046,Source047,Source048,Source049,Source050
0.000595394273562693,0.242825392718771,0.657174607281229,5.02925066802423e-05,0.00269153347161028,0.00217789238093709,0.00102676555797422,0.00281129689393514,0.000508892514619387,0.00371281635194722,0.000178302564214671,0.000973213423478061,0.00125581489587215,0.00252226800537742,0.00205024112406906,0.00111472375854241,0.000398163521549933,0.00166628134730056,0.00236259399373773,0.00168023678154171,0.000176061847343475,0.00433037469543216,0.000390742907446853,0.00114349403846125,0.000569436128317241,0.000132111281863912,0.00109687682245545,0.00901308865916984,0.000854718723721274,0.000655306062102414,0.000539879323342378,0.00188911463147271,0.000894142193381354,0.00393241591694928,0.00424937296418543,0.000237063649452445,0.00159520820840014,0.000993073876914289,0.00286005814230233,0.00332112718694176,0.00443356205910102,0.00577960121665765,0.000271214980447381,0.00784405469719705,0.00836962975957734,0.0010272514508597,0.000134686742640545,0.00110249224248769,0.00115344453300319,0.00254382799733438,0.000689843694088091
