Unknown,Source001,Source002,Source003,Source004,Source005,Source006,Source007,Source008,Source009,Source010,Source011,Source012,Source013,Source014,Source015,Source016,Source017,Source018,Source019,Source020,Source021,Source022,Source023,Source024,Source025,Source026,Source027,Source028,Source029,Source030,Source031,Source032,Source033,Source034,Source035,Source036,Source037,Source038,Source039,Source040,Source041,Source042,Source043,Source044,Source045,Source046,Source047,Source048,Source049,Source050
0.000565259234059114,0.613636938735602,0.286363061264398,0.00226130187281489,0.00021779949858649,0.00121885309917448,5.81171601480028e-05,0.00121650697362762,0.00327609461388927,0.0001686116381332,0.00514652790822289,0.000330098228585919,0.000190470052723479,0.0013346761467793,0.0010595947632715,4.47243438908728e-05,0.00251749189904132,0.00149771774487703,0.00151784891133166,0.00273113830851152,0.000545402209433044,0.00368804015802714,0.000877575948936298,0.000113284027796817,0.00117634587980604,0.00502632033830554,0.00187732397157669,0.00323050094931564,0.00254410615524644,0.00201700906829277,0.00140550268451638,0.00172976009449368,3.42325511741683e-05,0.000657498581073207,0.000902730350234987,0.00172018441406798,0.0011775208605361,0.00436734988128414,0.00345251314965745,0.0044721255767816,0.000331482186634135,8.55778389415661e-05,0.000565693204578924,0.00044009517650787,0.0073477467983384,0.000702228435412247,0.00401096058988866,0.00803655687629552,0.00302878838144338,0.00559381864847082,0.00348889261526381
