Unknown,Source001,Source002,Source003,Source004,Source005,Source006,Source007,Source008,Source009,Source010,Source011,Source012,Source013,Source014,Source015,Source016,Source017,Source018,Source019,Source020,Source021,Source022,Source023,Source024,Source025,Source026,Source027,Source028,Source029,Source030,Source031,Source032,Source033,Source034,Source035,Source036,Source037,Source038,Source039,Source040,Source041,Source042,Source043,Source044,Source045,Source046,Source047,Source048,Source049,Source050
0.00487090615401825,0.108509500490732,0.791490499509268,0.00113993469564198,0.00664635367855046,0.00131663542885501,0.000156278016301206,0.000677828102672986,0.00251954086377354,0.00210752536253541,0.000647429540519949,0.00439924347966556,0.000329306858348781,0.00119312506943245,0.00107395546484204,0.000457169459701224,0.00259692192433017,0.00276861684905951,0.00225529354392965,0.000566895272293018,0.000120501449014564,0.00257826537511916,0.00128843465490775,0.00431467801031408,0.000311234370319575,0.00819999627200107,0.00186544733193171,0.000321527652391916,2.77145726030362e-05,0.00295545148983017,0.00121065816268292,0.00232977906653668,0.00268419661685451,0.000361026785743502,0.00114120946541602,0.00151686021587505,0.000490423893203269,0.00518955061746735,0.00154747270741686,0.00185216046628617,0.000173457877567053,0.00236064712229496,0.0036860271010712,0.00282049803100802,0.00261616468349415,0.0013823515684687,0.00273367098107452,0.00308725297026211,0.00187257948289273,0.00305483365323012,0.00018296758824988
