Unknown,Source001,Source002,Source003,Source004,Source005,Source006,Source007,Source008,Source009,Source010,Source011,Source012,Source013,Source014,Source015,Source016,Source017,Source018,Source019,Source020,Source021,Source022,Source023,Source024,Source025,Source026,Source027,Source028,Source029,Source030,Source031,Source032,Source033,Source034,Source035,Source036,Source037,Source038,Source039,Source040,Source041,Source042,Source043,Source044,Source045,Source046,Source047,Source048,Source049,Source050
0.000868799115328009,0.452582053921505,0.447417946078495,0.00738816458993508,0.000449602560867062,0.00275945258949601,0.00197124900418097,0.00228017191629797,0.000711728608255095,0.00533849439655511,0.000769723432958126,0.00345623739756979,0.00234827509571635,0.00708332206526312,0.000600179110786286,0.00276264032199555,0.00381577510506391,0.00105921040658068,0.00057218616767514,0.00300322825228121,0.00362322184997636,0.00188960609340023,0.00129304707904665,0.00365183896782981,0.00102342392885167,0.000580695783140028,0.000433735375818345,0.00123237867050195,0.00153476997872018,0.000599145920816138,0.00291653170175254,0.00167307066503064,0.00148399321230602,0.00162374175340052,0.00477813431697712,0.00639399678322602,0.000102803049287351,0.00016908486214328,0.0016169529392366,0.00189075402543231,0.0028775349023725,2.30987744640917e-05,0.000199151717035676,0.000619184180175936,0.000798701775188639,0.000504851628180653,0.00222362410421469,0.000788351253005997,0.00274816253384942,0.00143128285813518,0.00203668917967797
