Unknown,Source001,Source002,Source003,Source004,Source005,Source006,Source007,Source008,Source009,Source010,Source011,Source012,Source013,Source014,Source015,Source016,Source017,Source018,Source019,Source020,Source021,Source022,Source023,Source024,Source025,Source026,Source027,Source028,Source029,Source030,Source031,Source032,Source033,Source034,Source035,Source036,Source037,Source038,Source039,Source040,Source041,Source042,Source043,Source044,Source045,Source046,Source047,Source048,Source049,Source050
0.00162335755354535,0.237714599885652,0.662285400114349,0.00337066034726239,0.000961253441522283,7.17830472896045e-05,0.000830290393211328,0.00072572383651244,0.000303484251525363,0.00196096694115264,6.78448770394841e-05,0.000189905845578374,0.00347268737471266,0.0036014963984396,0.000936842283522733,1.74658515415035e-05,0.00362986141445902,0.00643756411714311,0.00118421590053334,0.000800094717204637,0.00140369689171581,0.00162730732003555,0.00174978661300161,0.00235946197974301,0.0025948347289295,0.000935450048582656,0.0048696523460892,0.00552573875537932,0.00371745884912968,0.000226737008210438,0.00270921330379932,6.13895394572855e-05,0.0053990907304218,0.00122667364961702,0.00506229241274312,0.000437059736435269,0.00231930644633995,0.00110062427062081,0.00287259327627299,0.00222409410718324,0.00035027890944508,0.00147390289681607,0.00101789916947593,0.00118643189583847,0.0024709935928679,0.00206947610666162,0.00399670284530256,5.07740345735495e-05,0.00322097715954784,0.00484455785083288,0.000710044932734638
