Unknown,Source001,Source002,Source003,Source004,Source005,Source006,Source007,Source008,Source009,Source010,Source011,Source012,Source013,Source014,Source015,Source016,Source017,Source018,Source019,Source020,Source021,Source022,Source023,Source024,Source025,Source026,Source027,Source028,Source029,Source030,Source031,Source032,Source033,Source034,Source035,Source036,Source037,Source038,Source039,Source040,Source041,Source042,Source043,Source044,Source045,Source046,Source047,Source048,Source049,Source050
0.00140225743918094,0.634328988322702,0.265671011677298,0.000969203923283862,0.00392021037797111,0.000412382847656819,0.000603869461037336,6.14429525732205e-05,0.000569576711470527,0.00109138952547301,0.000509761729310622,0.00427162260006782,0.000831304749628929,0.00151575098348574,0.00308944639742807,0.0006909489523744,0.00106661982685039,0.00181516838509558,0.00199900046853038,0.00122826089788831,0.00528398687379554,0.0016624674505245,7.3182934623941e-05,0.00144486215184857,0.00361808661233124,0.0016770639828041,0.00529091420326629,0.0047233676741662,0.00229185920247861,0.00100992315337428,0.00144684921207313,0.000813359612785293,0.00157517170134806,2.11859650308466e-05,0.000784864538334877,0.00132264524534142,0.00222658946047641,0.00207488356902079,0.00210154299703546,0.000914412937738569,0.00142555693067719,0.0014993583024928,0.0128859967997821,0.00155202372261635,0.00168087632724122,0.00525941167927352,0.001644056289331,0.000318888662158854,0.00567491301603979,0.00161058985444216,4.28907082397707e-05
