Unknown,Source001,Source002,Source003,Source004,Source005,Source006,Source007,Source008,Source009,Source010,Source011,Source012,Source013,Source014,Source015,Source016,Source017,Source018,Source019,Source020,Source021,Source022,Source023,Source024,Source025,Source026,Source027,Source028,Source029,Source030,Source031,Source032,Source033,Source034,Source035,Source036,Source037,Source038,Source039,Source040,Source041,Source042,Source043,Source044,Source045,Source046,Source047,Source048,Source049,Source050
0.00539954552214103,0.300965387966796,0.599034612033204,0.000747243239801007,0.000101962161470279,0.000861611408528914,0.00344899523108567,2.43141877767081e-05,0.00446151738658852,0.000666156604729836,0.000478956149159182,0.00272800952268612,0.00177123711865073,0.00292862196664369,0.00227414495171434,0.00174991092223597,0.00103682585308834,0.00969968043372168,0.00117790803717859,0.0017008931952786,0.00331396528797968,0.000240500174486367,0.00583240685874185,0.000129472645109985,0.00224527547598145,0.00125381882942286,0.000880092972774174,0.000717226077923257,0.00013680520012542,0.00092422831513923,0.00365201409764357,0.00360061268038827,0.00333159938886607,0.00155862928760229,0.00201737019197609,0.0030188078658256,0.00170981138757485,0.00106482581245293,0.000384287436855177,0.000152679201517188,0.000614406490249193,0.00524952980833365,0.000753570976383477,0.00193178691427176,0.000503680080962596,0.00133773429608647,0.000420932683621965,0.00550543106966813,0.00111397751061518,0.0011440722395561,0.00400291484938594
