Unknown,Source001,Source002,Source003,Source004,Source005,Source006,Source007,Source008,Source009,Source010,Source011,Source012,Source013,Source014,Source015,Source016,Source017,Source018,Source019,Source020,Source021,Source022,Source023,Source024,Source025,Source026,Source027,Source028,Source029,Source030,Source031,Source032,Source033,Source034,Source035,Source036,Source037,Source038,Source039,Source040,Source041,Source042,Source043,Source044,Source045,Source046,Source047,Source048,Source049,Source050
5.444731678204e-05,0.388046886548485,0.511953113451515,0.00290400928996878,3.52440705835987e-05,0.000565533416348012,0.00184457190437203,0.00487959040284417,0.000892983809647121,0.00230374166925817,0.000635743065055507,0.00274149924552203,0.00197716217949057,0.000341097871507688,0.00337309970036866,0.00225462212008817,0.00224610722058179,0.000328156831931664,0.00197396920167042,0.000862187383727898,0.00414066494107898,0.0097732976351776,0.000605035969801588,0.000197899956383891,0.00563055373268903,0.00131400560994731,0.00225316973111809,0.0020539851884948,0.00595384545059839,0.000148497501146048,0.00059138137132919,0.000513268851538692,0.00200220644817109,0.000327246537993948,0.000729545784375302,0.000285333224158157,0.000360169344861387,0.00244287802860283,0.000530767658378291,0.00254421899975903,0.00182553084891542,0.000387248393373216,0.00225402134392528,0.00194616604527298,0.00152337799646362,0.00167480607070301,0.000366296540076716,0.00220355740149464,0.000520625840946836,0.00152282648155536,0.013163804371921
