Unknown,Source001,Source002,Source003,Source004,Source005,Source006,Source007,Source008,Source009,Source010,Source011,Source012,Source013,Source014,Source015,Source016,Source017,Source018,Source019,Source020,Source021,Source022,Source023,Source024,Source025,Source026,Source027,Source028,Source029,Source030,Source031,Source032,Source033,Source034,Source035,Source036,Source037,Source038,Source039,Source040,Source041,Source042,Source043,Source044,Source045,Source046,Source047,Source048,Source049,Source050
0.000444982492503042,0.786274121381954,0.113725878618046,0.000529856559379268,0.00498891632471987,0.000379049050331005,0.00925368592719154,0.000413684523384881,0.000802326958863008,0.000727073616996191,0.00118521146253491,0.00110153986781052,0.00613127697981128,0.000634254844539241,0.00149329398644266,0.00374256139641305,0.00430376110834436,5.8419947217416e-05,0.00287975001379879,0.00497243444001881,0.00273110177421924,0.00113078108670352,0.00239781124418861,0.00406043527002776,0.000949729257886197,0.00340655877374634,0.00195631557845725,8.17595040953621e-05,0.00353325563611624,0.000740243724106893,0.000522749863015441,0.00347847977988189,0.00132623662447813,0.000279672113374513,0.00225420190801152,0.00209630707038709,0.00084587783597767,0.00598843630860419,0.00108771661581298,0.000439964858765762,0.00102917659638231,0.00123637220069211,0.00293542391091456,0.000343012523944632,3.5693734418328e-05,0.0014175253931446,0.000233637636454194,0.000599999755506481,0.005680456980455,0.000770402749557726,0.00236858419037359
