Unknown,Source001,Source002,Source003,Source004,Source005,Source006,Source007,Source008,Source009,Source010,Source011,Source012,Source013,Source014,Source015,Source016,Source017,Source018,Source019,Source020,Source021,Source022,Source023,Source024,Source025,Source026,Source027,Source028,Source029,Source030,Source031,Source032,Source033,Source034,Source035,Source036,Source037,Source038,Source039,Source040,Source041,Source042,Source043,Source044,Source045,Source046,Source047,Source048,Source049,Source050
0.00554495916327967,0.539559515334459,0.360440484665541,0.000319182835657578,0.00655877288090426,0.00224934695600363,0.00181062345366776,0.00242375963086675,0.000278468181722674,0.00075622168564565,0.000524251848601098,0.000278725690856089,0.00339463710963782,2.59093208822605e-05,0.00357051880671123,0.00184487964920589,0.000163677914334498,0.000206437669642452,0.00260882194076124,0.00159762025770377,0.00237762611186617,0.00228782759992624,0.0101452747596092,6.45962653878764e-05,0.00123506323123262,0.00150734900296911,0.000155856977114965,0.000317685322141643,0.00101756137139345,0.00443013999686958,0.000749963365310887,0.00333512026417818,0.00262502607564931,0.00377284433840467,0.0026742552871384,0.00189350459833437,0.000178040538779737,0.00393958500404925,0.000196007655195965,0.00386295284789346,0.00185915322452149,0.00211537215708488,0.00197357243385723,0.00263187685508388,0.00239007872323665,1.21198266353873e-05,0.000397002725048234,0.000117288732274607,0.00199980080248913,0.00446704233483854,0.0011135965754005
