Unknown,Source001,Source002,Source003,Source004,Source005,Source006,Source007,Source008,Source009,Source010,Source011,Source012,Source013,Source014,Source015,Source016,Source017,Source018,Source019,Source020,Source021,Source022,Source023,Source024,Source025,Source026,Source027,Source028,Source029,Source030,Source031,Source032,Source033,Source034,Source035,Source036,Source037,Source038,Source039,Source040,Source041,Source042,Source043,Source044,Source045,Source046,Source047,Source048,Source049,Source050
7.07033105214112e-05,0.332213831206688,0.567786168793312,0.00348647035512497,0.00209546961827267,0.00150484685944194,0.00122717919885078,0.00571036945983764,0.00142081590157611,0.00480119751458999,0.0030057900142154,0.0065923214185045,0.00424761585285212,0.00156083883378858,0.000725596595090787,0.000915842501548134,0.000930617299178789,0.00111720773140535,0.00239240411320894,0.000148250135253524,0.00329802434597365,0.00274281335699666,0.00133666319496798,0.00306454734036531,0.00293263501369989,0.00211498163357734,2.75758732320895e-05,0.000206585053223076,0.000490454839568287,0.00440706238358999,0.000212771770394717,6.78297079376054e-05,0.00874733470359195,0.0044276409616437,0.00291220044372097,0.000448110078151101,0.00090480669022464,0.00145996481155693,0.000204528905148427,0.000117411837170765,0.000365843775127444,0.00116679309227979,0.0018937871673278,0.00108108684972948,0.00183806473967547,0.00151933776686073,0.00317320060450394,0.00069029342320042,1.31071307258442e-05,0.00167263998758412,0.00450836580498819
