Unknown,Source001,Source002,Source003,Source004,Source005,Source006,Source007,Source008,Source009,Source010,Source011,Source012,Source013,Source014,Source015,Source016,Source017,Source018,Source019,Source020,Source021,Source022,Source023,Source024,Source025,Source026,Source027,Source028,Source029,Source030,Source031,Source032,Source033,Source034,Source035,Source036,Source037,Source038,Source039,Source040,Source041,Source042,Source043,Source044,Source045,Source046,Source047,Source048,Source049,Source050
0.000314744543662726,0.283666516299775,0.616333483700225,0.00953291691770591,0.000456023875806089,0.00182489474850924,0.00249528720697277,0.000934359971931031,0.00118756075637184,0.00118014741416361,0.000200748007447904,0.00224386941506445,0.00191503532765488,0.00196391478668164,0.000730593125105099,0.00170883014636516,0.00924803460581286,0.0013131888989724,0.000224923980346651,0.00347597142316844,0.00298784304163706,0.00530635094178222,0.00180169231283322,0.000123014130779875,0.000308574444474913,0.000524707686714039,0.00410113514448045,0.00119109472616925,0.000348201645126944,0.00125892193567281,0.00626296063728328,0.00285579135044605,0.00292512745025813,0.00425214413825469,0.000472936238330012,0.000187618579570622,0.000493614479827557,0.00247625327080597,0.00183041472270685,0.0055614558396633,0.0016998462226783,0.00056623770587288,0.00218464643070201,0.000196822499141269,0.00289447750602198,0.000268187879781463,0.00137952261511949,0.000108247012789141,0.00334986496492482,0.000982868507319087,0.000148380787089607
