Unknown,Source001,Source002,Source003,Source004,Source005,Source006,Source007,Source008,Source009,Source010,Source011,Source012,Source013,Source014,Source015,Source016,Source017,Source018,Source019,Source020,Source021,Source022,Source023,Source024,Source025,Source026,Source027,Source028,Source029,Source030,Source031,Source032,Source033,Source034,Source035,Source036,Source037,Source038,Source039,Source040,Source041,Source042,Source043,Source044,Source045,Source046,Source047,Source048,Source049,Source050
0.0025083020366221,0.540815995432581,0.359184004567419,0.00165429437934252,0.00406108031674527,0.000451276044172227,0.0143126418372572,0.00117514460915843,0.000534439821146001,0.00265759108127913,0.00462034439881838,0.000202058996562986,0.00219257565499015,0.00306769769301146,0.000114527424913051,0.000398731528371858,0.00234018878926178,0.00279033429114454,0.000951484948193816,0.000493117214393548,0.00434189486285281,0.00134717278633931,0.00201706829645226,0.00207274317525184,0.00350512381376344,0.000680412033919153,0.00219136907608303,5.91499626458387e-05,0.00046938829726985,0.00401680819422412,0.00142777145028244,0.00219768756150558,0.000621703684325202,0.000981470814267728,0.00648562482479245,0.00305127466354231,0.00203499276691859,0.000739696842524136,0.00158441859197672,0.000942857627318424,0.00210618030616135,0.00147084079922397,0.00097320896456319,0.00100040011021531,0.00208458430517132,0.000299990069813467,5.01319780528234e-05,0.00157827380262739,0.000366016877726074,0.000965784347120231,0.00381012804768512
