Unknown,Source001,Source002,Source003,Source004,Source005,Source006,Source007,Source008,Source009,Source010,Source011,Source012,Source013,Source014,Source015,Source016,Source017,Source018,Source019,Source020,Source021,Source022,Source023,Source024,Source025,Source026,Source027,Source028,Source029,Source030,Source031,Source032,Source033,Source034,Source035,Source036,Source037,Source038,Source039,Source040,Source041,Source042,Source043,Source044,Source045,Source046,Source047,Source048,Source049,Source050
0.00072102742808264,0.521073920690221,0.378926079309779,0.00214879967631813,0.00515558362954325,0.00548444215730932,0.0010433713378599,0.00158289725515671,0.000457847384837897,0.00589777014277577,0.000877164006626489,0.000779681087611345,0.0026182165659312,0.00600091651050747,0.00266200836407108,0.00220942293599791,0.00224592603985827,0.000916603120600751,0.00194101359164181,0.00267773656081401,0.000407981086951414,0.00352679164803448,0.000887110505779711,0.00123158847854507,2.03086043498352e-05,0.000358942675979335,0.000483069817974713,0.00029554811767753,0.00193791970900382,0.0015496346486425,0.000977783200432908,0.00685546183465749,0.00203347850612429,0.0018799130663103,0.00156585051823008,0.00100680175058326,0.00263086125913226,0.000225176353869801,0.00316845727911616,6.05875310731878e-05,0.00036254071624351,0.00188029844723771,0.00182824086906005,0.00131108846631656,0.00244582148916896,0.00235705284732241,0.00347334904983531,0.00241527125661019,0.00194899425623207,0.00513470343756015,0.000318944776401015
