Unknown,Source001,Source002,Source003,Source004,Source005,Source006,Source007,Source008,Source009,Source010,Source011,Source012,Source013,Source014,Source015,Source016,Source017,Source018,Source019,Source020,Source021,Source022,Source023,Source024,Source025,Source026,Source027,Source028,Source029,Source030,Source031,Source032,Source033,Source034,Source035,Source036,Source037,Source038,Source039,Source040,Source041,Source042,Source043,Source044,Source045,Source046,Source047,Source048,Source049,Source050
0.00162381143672563,0.138550612134489,0.761449387865511,0.00384848459476508,0.00253440407152012,0.00989101801740545,0.000760273303003904,0.00245217911560189,0.000201401157905313,0.000832071848863859,0.000788827233272553,0.000849684440508662,0.00295920885906499,0.00179348845921138,0.000332535216056328,0.00500950878135254,0.000165960675769388,0.000869670628762015,0.0004744928535605,0.00160352361893062,0.000823053105990957,0.000578237664209134,0.000847358847403756,0.00246597016380679,7.58968796431519e-06,0.00344873233605137,0.00172898022016089,6.94273990808202e-05,0.004599908401531,0.00126525150876945,0.000250991361375767,5.79658698413213e-05,0.00335639005404651,0.00125494024106691,0.00214157367442431,0.00777481018695558,0.00341635970355677,0.00284793779842835,0.000455394149904519,0.000977399564618084,0.00101649682289193,0.00444887875612168,0.00916804670319771,0.000681159339719562,0.00198547907460201,0.00163809935203149,0.000243407642000008,0.00342405973101191,0.000698664948893382,0.000539120312532074,0.000797771065531398
