Unknown,Source001,Source002,Source003,Source004,Source005,Source006,Source007,Source008,Source009,Source010,Source011,Source012,Source013,Source014,Source015,Source016,Source017,Source018,Source019,Source020,Source021,Source022,Source023,Source024,Source025,Source026,Source027,Source028,Source029,Source030,Source031,Source032,Source033,Source034,Source035,Source036,Source037,Source038,Source039,Source040,Source041,Source042,Source043,Source044,Source045,Source046,Source047,Source048,Source049,Source050
0.00341705219944333,0.715936403073206,0.184063596926794,0.0011461557608037,0.00404868106626594,0.00324556421965719,0.00117374487789488,0.000325674142499995,0.0104617583672665,0.00419133443407353,0.000680413197552673,0.00299279765358831,0.000837180842906762,0.00133753483245474,0.00153171222487664,0.000191809328155472,0.000636218112797799,0.0031860305370059,0.000210755454911553,0.00126455177310521,0.00203812037820277,0.0021002583252599,0.00017411483444265,0.00077304987772512,0.00055906271029425,0.0019240435670286,9.97490460503002e-05,0.00121013881086346,0.00121905900668408,0.000757210573784987,0.000913773773624597,0.000971661633920603,0.00751197386051658,0.000805057951523095,0.0019344494119297,0.00423172384195535,0.00109669260068759,0.000396712135975711,0.00306160169025375,0.00179604380527259,0.00165809602856821,0.000634394514601862,0.00256587343237176,3.81969973355579e-05,0.00253096309577248,0.00217357142065091,0.00226069425630188,0.00349889846477602,0.00107608760705923,0.00111648969371625,0.00799326762758997
