Unknown,Source001,Source002,Source003,Source004,Source005,Source006,Source007,Source008,Source009,Source010,Source011,Source012,Source013,Source014,Source015,Source016,Source017,Source018,Source019,Source020,Source021,Source022,Source023,Source024,Source025,Source026,Source027,Source028,Source029,Source030,Source031,Source032,Source033,Source034,Source035,Source036,Source037,Source038,Source039,Source040,Source041,Source042,Source043,Source044,Source045,Source046,Source047,Source048,Source049,Source050
0.0019478533881781,0.586833914001567,0.313166085998433,0.000185503440495942,0.000589079057647728,0.00118627900783384,0.000127260934663625,0.000105917292653275,0.00236554094682029,0.00469751323860257,0.00154294108769601,0.00306745704197977,0.00457945283511349,0.00386521595637799,0.00183379348383036,0.000454346181614569,0.00196154263543515,0.000470389574120702,0.00417376267577068,0.0020817713107765,0.00141187276060821,0.00197626975437403,0.00223094322698997,0.00139217336632703,0.000740196555154354,0.00127130139769469,0.000689967278567235,0.00135149175616611,0.00340700964384167,0.00198682836133579,0.00486142402427193,7.13376474129774e-05,0.00235730643435437,0.00177579415349813,0.000339764575240658,0.00209623440015253,0.00462022857892405,0.00306141648721469,0.00239467538063273,0.00337531262413767,0.00167039822476558,0.00365159495909124,0.00418329909907143,0.00159843180139462,0.00401072140214377,0.000233131708788481,6.47177762854223e-05,0.0042786306453529,0.000122647769326739,0.00331466604489241,0.000224592072377973
