Unknown,Source001,Source002,Source003,Source004,Source005,Source006,Source007,Source008,Source009,Source010,Source011,Source012,Source013,Source014,Source015,Source016,Source017,Source018,Source019,Source020,Source021,Source022,Source023,Source024,Source025,Source026,Source027,Source028,Source029,Source030,Source031,Source032,Source033,Source034,Source035,Source036,Source037,Source038,Source039,Source040,Source041,Source042,Source043,Source044,Source045,Source046,Source047,Source048,Source049,Source050
0.00194955634308855,0.144789860530734,0.755210139469266,0.0010105073219876,0.000983652098289046,0.000551253846889435,0.000468824737865504,0.000769883895040207,0.00130809572903311,0.00327863831374775,0.000115332253065313,0.00343229152217916,0.00146435150373913,0.000776934632219944,2.44050786403477e-05,0.0013654631660678,0.00270969150349435,0.00424864659568077,0.00101422672279299,3.98802774078094e-05,0.000398678221988555,0.00758584368987173,0.00010467480792454,0.000171877325521694,0.000529173830681002,1.74666478042743e-05,0.00293024193199308,0.00364103135499742,0.00179881486764548,0.00514283209212599,0.000980316661323596,0.00188989782286793,0.00207096582240825,0.00498727735351074,0.00600101376454682,0.000907183975263013,0.00572364708312659,0.00166883955257495,0.00175126543557876,0.00131412197377663,0.000520599072744328,0.000717693597733734,0.00220321357617976,0.00176310689187464,0.00913527272886468,0.00227384829813563,0.00150027496388208,6.25158652819804e-06,0.00539189997960274,0.00123757781229247,0.000123461735401871
