Unknown,Source001,Source002,Source003,Source004,Source005,Source006,Source007,Source008,Source009,Source010,Source011,Source012,Source013,Source014,Source015,Source016,Source017,Source018,Source019,Source020,Source021,Source022,Source023,Source024,Source025,Source026,Source027,Source028,Source029,Source030,Source031,Source032,Source033,Source034,Source035,Source036,Source037,Source038,Source039,Source040,Source041,Source042,Source043,Source044,Source045,Source046,Source047,Source048,Source049,Source050
0.00190317779185711,0.311429020472996,0.588570979527004,0.00144987983674609,0.00274821798884486,1.2298786914542e-06,0.00270799932854299,0.00203540147359671,0.000420203257445474,0.000629835528892611,0.00106035859618689,0.000676647092837492,0.00334405128297131,0.000626827605074019,0.00058164874440877,0.00188273475945976,0.00037691070809526,0.00206324389465279,0.00157095193642887,0.00326886246858295,0.00144244913305152,0.0010834494735834,0.00105723557068673,0.000641038459449252,0.0105528136080524,0.00285471726823324,0.0019945239236323,0.00142305599662658,0.0013021886620195,0.00380282421777279,0.000477077692526897,0.00586507978965964,0.000321254504878233,0.000897815093963259,0.00416299961767309,0.000888612855480923,0.00594797547386272,0.00125588723401056,0.00112770677567589,0.00286301205072152,0.00501522769343489,0.00122719082693864,0.000486261201806479,0.000182551488064788,0.00274775826073501,0.00519941319132176,0.000767837866631457,0.00119857934353565,0.00127918961911198,0.00403065758779356,0.000555433345749983
