Unknown,Source001,Source002,Source003,Source004,Source005,Source006,Source007,Source008,Source009,Source010,Source011,Source012,Source013,Source014,Source015,Source016,Source017,Source018,Source019,Source020,Source021,Source022,Source023,Source024,Source025,Source026,Source027,Source028,Source029,Source030,Source031,Source032,Source033,Source034,Source035,Source036,Source037,Source038,Source039,Source040,Source041,Source042,Source043,Source044,Source045,Source046,Source047,Source048,Source049,Source050
5.15048497912326e-06,0.722652830641909,0.177347169358091,0.00199652482353167,0.0036728931658818,0.00091600220913919,0.00155801037526813,0.00104385486604419,0.00152596694450027,0.00326785368394339,0.000739577841248213,0.000701201336221024,0.000386791283451904,0.00257241662957335,0.00190826449684777,0.00173447645348989,1.95683778616784e-05,0.00234657654665141,0.000402192331080415,0.00110081937612046,0.000854072768780293,0.000628379750619227,0.00258122124454303,0.000926015402499903,0.000218103013774033,0.00732529170706383,0.00203608403756447,0.00043831020824924,0.00229119103663569,0.00129702000151895,0.000956611471578662,0.00299371875888874,0.00374502142268469,0.00265731520102845,0.00328365335546363,0.00161625310725341,6.73665212627105e-05,0.00520272228508577,0.00420264721427315,0.000537829374791077,0.00233803662878196,4.86833301732119e-05,0.00104032973503783,0.00235866614705118,0.00645592801629837,0.00146404404674019,0.0088912661696076,8.03915143977893e-05,0.000552610840783128,0.00434372885070869,0.0026693456110272
