Unknown,Source001,Source002,Source003,Source004,Source005,Source006,Source007,Source008,Source009,Source010,Source011,Source012,Source013,Source014,Source015,Source016,Source017,Source018,Source019,Source020,Source021,Source022,Source023,Source024,Source025,Source026,Source027,Source028,Source029,Source030,Source031,Source032,Source033,Source034,Source035,Source036,Source037,Source038,Source039,Source040,Source041,Source042,Source043,Source044,Source045,Source046,Source047,Source048,Source049,Source050
0.000465095585702503,0.598640878181333,0.301359121818667,0.00214912816211981,0.000533206738811811,0.000167585749631204,0.00180317967745609,0.00234371253802483,0.00191288056205744,0.00146281117432905,0.00201674774476699,0.00324699544973461,0.00115303513487177,0.00223329626968132,0.00199786206089942,0.00250247919361309,0.0017556016559215,0.000541730070235568,0.00163588212456777,0.00661275199836624,0.000752810445811141,0.00745582893801338,0.00140489775097162,0.00290433680920939,0.000388291185832306,0.0013604365067521,0.000611513203568755,2.11761992866837e-05,0.00147769033777751,0.00115596252339753,0.00272243268588364,1.72000584817278e-05,0.000935005487519862,0.000868318831360219,0.00184940007636453,0.00101485998262038,0.00469577433955045,0.00113402481310162,0.000401099195851203,9.22024304720195e-05,0.00532354110127539,0.00206715925844418,0.00419222197522737,0.00162372609749129,0.00718390366991986,0.00167732474538654,0.00502289772893826,0.00135381386356944,0.0034807212400691,0.00153960241962016,0.000737844207441324
