Unknown,Source001,Source002,Source003,Source004,Source005,Source006,Source007,Source008,Source009,Source010,Source011,Source012,Source013,Source014,Source015,Source016,Source017,Source018,Source019,Source020,Source021,Source022,Source023,Source024,Source025,Source026,Source027,Source028,Source029,Source030,Source031,Source032,Source033,Source034,Source035,Source036,Source037,Source038,Source039,Source040,Source041,Source042,Source043,Source044,Source045,Source046,Source047,Source048,Source049,Source050
0.000172422335844281,0.351263278902772,0.548736721097228,0.000702403506414897,0.00270935735153966,1.3595505969072e-05,0.00439861310759676,0.00130662090537545,0.00124068793094081,0.000382912107969049,0.00024505932333698,0.00121869322638764,0.00233637614991055,0.000766651869809251,0.00415407421156618,0.0014181962669667,0.00489666062812359,0.000690606956739904,0.00112917678342094,0.00117956730315589,0.000161751526678559,0.000674991988091723,0.000614236892593521,0.000775614051251823,0.00169630654205522,0.00228180325849585,0.000887636538226061,0.00504166056195313,0.00125506227706015,0.00606464158462892,0.000824054457862604,0.00129870195017882,0.0036867280405662,0.0023920459370002,0.0058941531549133,0.00308991126135515,0.000468017063203349,0.00143985791076114,0.00211977097973937,0.0030531716021322,0.000188672081939198,0.00850209535855773,0.000782891430596113,0.000159856283818285,0.00194178251436013,2.51495897711232e-05,0.0047114637010187,0.00059771075229862,0.000764698713848862,0.00869779244318479,0.00094609408079152
