Unknown,Source001,Source002,Source003,Source004,Source005,Source006,Source007,Source008,Source009,Source010,Source011,Source012,Source013,Source014,Source015,Source016,Source017,Source018,Source019,Source020,Source021,Source022,Source023,Source024,Source025,Source026,Source027,Source028,Source029,Source030,Source031,Source032,Source033,Source034,Source035,Source036,Source037,Source038,Source039,Source040,Source041,Source042,Source043,Source044,Source045,Source046,Source047,Source048,Source049,Source050
0.00313424002144326,0.399227616486576,0.500772383513424,0.00116048434827565,0.000141979385396536,0.00195895151887389,0.00234564413875131,0.00142746632797263,0.000627122982214872,5.06120347290006e-05,0.00376797000940283,0.00358479717512108,7.32040385940099e-06,0.00192180334837493,0.00160630423192614,0.00166567035105327,0.00272286137061713,0.000435674370702322,0.0012179402963292,0.000343923772453253,0.00846874593123542,0.000187664373884628,0.00080617063019039,0.000561588130203489,0.00341698888469868,0.00808460776839552,0.00223983804452527,0.00635738484809058,0.00358035216278669,0.000951774435131237,0.000969705291947727,7.75818953825212e-05,0.00198152171262503,0.00245616197845434,0.00025792165452422,0.0009689935729758,0.00434880466888811,0.0020044044647631,0.00114279395601666,0.00120541717078513,0.0022371669016397,9.52907276309001e-05,0.00180517739938103,0.00368149017409537,0.000514772204082216,0.00417952300484745,0.00224600388310526,0.000188398269742693,0.00204975170876851,0.00342873224889452,0.00138450581481105
