Unknown,Source001,Source002,Source003,Source004,Source005,Source006,Source007,Source008,Source009,Source010,Source011,Source012,Source013,Source014,Source015,Source016,Source017,Source018,Source019,Source020,Source021,Source022,Source023,Source024,Source025,Source026,Source027,Source028,Source029,Source030,Source031,Source032,Source033,Source034,Source035,Source036,Source037,Source038,Source039,Source040,Source041,Source042,Source043,Source044,Source045,Source046,Source047,Source048,Source049,Source050
0.000782981737702555,0.162519224431325,0.737480775568675,0.000411769432875878,9.65854870075326e-05,0.00156107832092741,0.000615906022319345,0.00126379595850173,0.00539734766307776,0.00179600637197896,0.00268098157838341,0.00094210420819796,4.01672417786856e-05,0.00262572759393958,0.00117135863173137,0.00326778146313998,0.00346895636412639,0.00039417588666239,0.0042636223850323,0.000705679789792037,2.80479057876378e-05,0.001672554471319,0.000103551879130086,0.000465406141647326,0.00782735938434578,0.00231503678961053,0.000792103134927087,0.000971532235997092,0.00414692857665249,0.00868944631707372,0.00540722438570211,0.00097321114924187,0.00271105285955478,0.00400385866223745,0.000925812329688043,0.00287615994288603,0.00412523898471259,0.000342207994570844,0.00530010419029635,0.0032068341370471,0.000110707759947199,0.0024250989649479,0.000179746896086078,0.00106162009577479,0.000765293514340185,0.00139046836925861,0.00209796304883018,0.00102677758472903,0.00178529847722723,0.000288250115659705,0.000499077563595877
