Unknown,Source001,Source002,Source003,Source004,Source005,Source006,Source007,Source008,Source009,Source010,Source011,Source012,Source013,Source014,Source015,Source016,Source017,Source018,Source019,Source020,Source021,Source022,Source023,Source024,Source025,Source026,Source027,Source028,Source029,Source030,Source031,Source032,Source033,Source034,Source035,Source036,Source037,Source038,Source039,Source040,Source041,Source042,Source043,Source044,Source045,Source046,Source047,Source048,Source049,Source050
0.00135919846868078,0.552260163711885,0.347739836288115,0.000227480404920155,0.0023219178522712,0.00248286465609823,0.000158940491525204,0.00247354776003162,0.00366570213734181,0.00350926333942203,0.00418772564071839,0.000400586054423585,0.00238391161414954,0.000218850625586438,0.00254495463364846,0.000554004991843061,0.00268621826357136,0.00173543087063175,0.00312166759445385,0.000268758882994141,0.00102718874990826,0.000546771323803623,0.000745098093784719,0.000581375207239781,0.00290737156211578,0.00194263798895168,0.000716570192024227,0.000153238294818428,0.00202358505447709,0.000664877466699041,0.00612175310176898,0.00241585677967118,0.000851082436447061,0.00631037509048111,0.000608619843405213,0.00715951842553645,0.00277281737597415,0.000452096835109055,0.00105769985485932,0.00355150021383104,0.000715011855216948,0.00086591137990245,0.000979004845956247,0.000742874696467956,0.00380659879520182,0.000702372466574685,0.000705136966715931,0.000889746643197109,0.000277969687318776,0.000742764986502855,0.0126615495037274
