Unknown,Source001,Source002,Source003,Source004,Source005,Source006,Source007,Source008,Source009,Source010,Source011,Source012,Source013,Source014,Source015,Source016,Source017,Source018,Source019,Source020,Source021,Source022,Source023,Source024,Source025,Source026,Source027,Source028,Source029,Source030,Source031,Source032,Source033,Source034,Source035,Source036,Source037,Source038,Source039,Source040,Source041,Source042,Source043,Source044,Source045,Source046,Source047,Source048,Source049,Source050
0.00124779537036819,0.409720463280584,0.490279536719416,0.000768151735126264,0.00957669747693324,0.000720196459036865,0.00187407114435675,0.000763877459980676,0.000645626046528365,0.000290208413537778,0.000269870197586453,0.00234124266949813,0.00125406723791787,0.000634677222644089,0.000171871689777072,0.00673521831437131,0.000833593054720329,0.00169845218814354,0.000212067190275228,0.007823129483607,0.00358596277311616,0.000504846530933828,0.000158815355421914,0.00160294767848009,0.00194964258917164,0.00118568065451399,0.00016939436188412,0.00183928528932532,0.000301199714369965,0.00232759205860765,0.00117836914474511,0.000664034827420234,0.000337330183370489,0.00172545407595789,9.27612418391319e-05,0.00165627165179342,0.000915659264686395,0.00176703755219307,0.000226080567131296,0.00441270636024347,0.000357131884513135,0.00877195025106359,0.00018342679822417,0.00504847059965374,0.00427690345338048,0.00181365828391419,0.00137058870162199,0.00834611935072992,0.000544851272947906,0.00377099194370938,0.00105402223062712
