Unknown,Source001,Source002,Source003,Source004,Source005,Source006,Source007,Source008,Source009,Source010,Source011,Source012,Source013,Source014,Source015,Source016,Source017,Source018,Source019,Source020,Source021,Source022,Source023,Source024,Source025,Source026,Source027,Source028,Source029,Source030,Source031,Source032,Source033,Source034,Source035,Source036,Source037,Source038,Source039,Source040,Source041,Source042,Source043,Source044,Source045,Source046,Source047,Source048,Source049,Source050
0.000172853817574729,0.213025465534321,0.686974534465679,0.00442613572932635,0.00122868218814783,0.000621552543102883,0.00785461998315987,0.00317256486630238,0.000540875900884144,0.0004345482995363,0.000898050597278877,0.00502229446610861,0.000138177151500251,0.000866706882387523,0.00224421828201687,0.000530683983955308,0.000994488610613804,0.000483786817995074,0.00102927997024989,0.00573651105761578,0.00226698004357916,0.00211780184840486,0.000887578659971906,0.000799338597979249,0.00324743959335137,0.00137555564040995,0.00084467400138983,0.00088865675917092,0.00187370204552759,0.00381933148842375,0.000841343594579065,0.00109253171808827,0.000981401780287027,0.00361683121879354,0.000539905364549215,0.002020593452756,0.00524910592386054,0.00123432697902956,0.00036967646575117,0.00870708490602801,0.000810697149519556,0.00239825757210847,0.0011610500534562,0.00116881743041953,0.000245778088963773,0.00135699529616784,0.00336032940945047,0.000759870285767038,0.00125604945830938,0.00687453967644446,0.00143772434970582
