Unknown,Source001,Source002,Source003,Source004,Source005,Source006,Source007,Source008,Source009,Source010,Source011,Source012,Source013,Source014,Source015,Source016,Source017,Source018,Source019,Source020,Source021,Source022,Source023,Source024,Source025,Source026,Source027,Source028,Source029,Source030,Source031,Source032,Source033,Source034,Source035,Source036,Source037,Source038,Source039,Source040,Source041,Source042,Source043,Source044,Source045,Source046,Source047,Source048,Source049,Source050
0.000705290947012118,0.655647295212272,0.244352704787728,0.00901541035404015,0.000193955972292758,0.00140288132600001,0.00104787495428061,0.00222715757578701,0.00120918495381715,0.000762536371268216,0.00203433638135958,0.00858835833866116,0.000631627654098446,0.00357245013978741,0.00257782885339921,0.00352429443200229,5.66512888768433e-05,0.00145878112700795,0.00198967703324688,0.000484887889219049,0.00153762945837065,0.00155338504052712,0.000554296162500133,0.00076106731070773,0.000119538966636423,0.0016443480001305,0.00120624519877563,0.00190596961000975,0.0066684049520812,0.00489083429044862,0.00224694750826923,0.00119606616365547,0.000369458644996476,0.000127786347610282,0.00815140770381579,0.00165281401439353,0.00627725488669633,0.00121718892026587,2.35654214349709e-05,0.000187662186523491,0.00223481324532676,0.00108115255055479,0.000131415563251257,0.00077761413150615,0.00118138943518883,0.00118015031114177,0.00176851877562449,0.00321462559663191,0.00172291355790737,0.00116360524453161,0.00176874520832904
