Unknown,Source001,Source002,Source003,Source004,Source005,Source006,Source007,Source008,Source009,Source010,Source011,Source012,Source013,Source014,Source015,Source016,Source017,Source018,Source019,Source020,Source021,Source022,Source023,Source024,Source025,Source026,Source027,Source028,Source029,Source030,Source031,Source032,Source033,Source034,Source035,Source036,Source037,Source038,Source039,Source040,Source041,Source042,Source043,Source044,Source045,Source046,Source047,Source048,Source049,Source050
0.00132994394127602,0.699981469412899,0.200018530587101,0.00109800093314598,0.00475435428895298,0.000403151256011897,0.000294784557272336,0.00272844968269936,0.00566542259435062,0.00026068171199968,0.00178353623440817,0.000160965316311545,0.00199030143227903,0.00163539122354358,0.00542233025579237,0.00340303449870008,0.00208120602982385,0.0062273210799886,0.00434870716045938,0.000305163377087018,0.00174893929171432,0.00106081849250644,0.00175300418484892,0.00127876347358543,0.000338073493542528,0.00402645451611954,0.000351505628852834,0.00399160688977715,0.00198114164686264,0.000213819223570246,0.000975144371522529,0.000378034986223054,0.00193152463549839,9.91938723824782e-05,0.000458686161964466,0.00865071424699546,0.00390858889807823,0.00251231609208191,0.00148191688204624,0.000601867313229562,0.000817241464706432,0.000125040855032213,0.00501115572452954,0.000167769307709857,0.000635881950074424,0.000324028877930781,0.000594253064985651,0.00244689869318655,0.000394581487013516,0.000347849570805137,0.00750043912852095
