Unknown,Source001,Source002,Source003,Source004,Source005,Source006,Source007,Source008,Source009,Source010,Source011,Source012,Source013,Source014,Source015,Source016,Source017,Source018,Source019,Source020,Source021,Source022,Source023,Source024,Source025,Source026,Source027,Source028,Source029,Source030,Source031,Source032,Source033,Source034,Source035,Source036,Source037,Source038,Source039,Source040,Source041,Source042,Source043,Source044,Source045,Source046,Source047,Source048,Source049,Source050
0.0032810431869447,0.275946375262105,0.624053624737895,0.00192624974641003,5.96434624201511e-05,0.000824837429635023,5.943045089763e-05,0.000493649115555758,0.000592445844705675,0.000538372626170475,0.00439382453613937,0.00709806739552989,0.000579166192466274,0.000600595563567447,0.0128211164623893,0.00126917034539685,0.00158417296838992,0.000234005363599712,0.00373077820548392,0.00385057975531742,0.000418116016459001,0.000829753670407817,0.00154036130798673,0.0013778147096762,0.000197404337196873,0.00122659448535159,0.000511314988102149,0.000937142876110525,0.00763983944427956,0.000588935846837039,0.000491748036135352,0.000380010471985563,0.00357932230450011,2.99755870421268e-05,0.00217339250366038,0.000730119572085944,0.00022975033563001,0.00068170641996106,0.00117202368041123,0.00149439303218101,0.000538193893315148,6.0796664897159e-05,0.00761297536135518,0.000852871882525,0.0046156214654948,0.00153558834234971,0.000433301238859691,0.000900846628915639,0.00351392364870064,0.00911676376418404,0.00065224883238316
