Unknown,Source001,Source002,Source003,Source004,Source005,Source006,Source007,Source008,Source009,Source010,Source011,Source012,Source013,Source014,Source015,Source016,Source017,Source018,Source019,Source020,Source021,Source022,Source023,Source024,Source025,Source026,Source027,Source028,Source029,Source030,Source031,Source032,Source033,Source034,Source035,Source036,Source037,Source038,Source039,Source040,Source041,Source042,Source043,Source044,Source045,Source046,Source047,Source048,Source049,Source050
0.00243427636634018,0.431682271906016,0.468317728093984,0.00390898220769297,0.00360937768340049,0.00564446350755435,0.000131715962443077,0.00155560554983199,0.00123643685185279,0.00321872529676185,0.000107697676418357,0.00335246493986028,0.00136299989558948,0.000709486165868063,0.00462014819043198,0.00046898730953193,8.03283790847814e-05,0.00142094397306428,0.00252855541028053,0.00221374352764758,0.000726481301575067,0.000224863833328585,0.0114489450521575,0.00531364895767477,0.00250051838698348,0.000627911880790982,0.000903810497157679,0.00170425371484987,0.00263356681987657,0.00122887313102195,0.000235489475328688,0.000884794146694437,0.000923607687541842,0.000533981989614347,0.00059755639680772,0.00169197196868255,0.000877108283754417,0.000490611801548299,0.00113155523264609,0.000940550886546883,0.00599184541427187,0.00149415474613455,0.00131561722824903,0.000524093515338094,0.00271583371894479,0.00143391538404648,0.00298463647604858,0.00273495927134379,0.00284486940653638,0.00265355127785299,0.00108148322299672
