Unknown,Source001,Source002,Source003,Source004,Source005,Source006,Source007,Source008,Source009,Source010,Source011,Source012,Source013,Source014,Source015,Source016,Source017,Source018,Source019,Source020,Source021,Source022,Source023,Source024,Source025,Source026,Source027,Source028,Source029,Source030,Source031,Source032,Source033,Source034,Source035,Source036,Source037,Source038,Source039,Source040,Source041,Source042,Source043,Source044,Source045,Source046,Source047,Source048,Source049,Source050
0.00402499424632028,0.439623185833082,0.460376814166918,0.00220034770072011,0.00246463121459046,0.000648145726903589,0.0036558408887861,0.00930245850900379,0.000457649629081727,0.000204492181531681,0.000210199652332087,0.00148707637662386,0.000718760182184608,0.00255902460009827,0.000662841635395335,0.00345577452040744,0.0011332817737393,0.00303212082906167,0.00114943596020994,0.000543358261722124,0.00187026433464504,0.00257916343471347,0.00512436602813549,3.42115528368976e-05,0.0008282173000135,0.00227018587969175,0.00143282787528849,0.00143882520649981,0.00254781418828688,0.00348622029859206,0.00382423759949062,0.000358326084593012,0.00140400157994904,0.000806105355708123,0.00306183461407066,0.00529297070004257,3.75315869730716e-06,0.00115266379362671,0.00546594588054399,0.00301624097505,0.00352267627385522,0.000185829119286594,0.00130368313662651,0.00130604787379707,0.00334996650425468,0.00151162070321263,0.00244325369886669,0.000648034950185349,0.00136520995076259,0.000431752567178886,2.33154927859146e-05
