Unknown,Source001,Source002,Source003,Source004,Source005,Source006,Source007,Source008,Source009,Source010,Source011,Source012,Source013,Source014,Source015,Source016,Source017,Source018,Source019,Source020,Source021,Source022,Source023,Source024,Source025,Source026,Source027,Source028,Source029,Source030,Source031,Source032,Source033,Source034,Source035,Source036,Source037,Source038,Source039,Source040,Source041,Source042,Source043,Source044,Source045,Source046,Source047,Source048,Source049,Source050
0.00659632632065321,0.104065725064234,0.795934274935767,0.00208821313089156,0.00303575881234379,0.00106931799848118,0.00189559557019592,2.27597380415137e-05,0.00264284303001538,0.000310169241764161,0.00512266987202591,0.00170266891252892,0.00577153398119592,0.00280477552313289,0.0020212890248386,6.96464736904513e-05,0.00148149708874577,0.00213256329256365,0.000790908449499968,0.00448695090398038,0.00269206690725848,0.00246488110994481,0.00303418492045324,0.000818498355369591,0.000502276736767491,0.00200976044247361,0.00172198924331137,0.00106665732770676,0.00201437018800266,5.64491881620247e-05,0.00322999817305203,0.00297039930226324,0.00155917758469346,0.000872928028661831,0.00167680438528126,0.000200728093465658,0.000399618515142773,0.00468899337608146,0.00207531167156022,0.00143570756251109,0.000263186447271913,0.0010158200312099,0.00299541410363375,0.000748594944987737,0.00162734680398362,0.000613806878241006,0.000257800918880979,0.0013762562248853,0.00226421554472653,0.00874073355016667,0.000560536075260396
