Unknown,Source001,Source002,Source003,Source004,Source005,Source006,Source007,Source008,Source009,Source010,Source011,Source012,Source013,Source014,Source015,Source016,Source017,Source018,Source019,Source020,Source021,Source022,Source023,Source024,Source025,Source026,Source027,Source028,Source029,Source030,Source031,Source032,Source033,Source034,Source035,Source036,Source037,Source038,Source039,Source040,Source041,Source042,Source043,Source044,Source045,Source046,Source047,Source048,Source049,Source050
0.00116278901308533,0.302028712431799,0.597971287568201,0.00560223261842659,0.00524279545224626,0.0083354705466538,0.00314520973950701,0.00032383565350725,0.00087531118011353,0.00270924331385566,0.00135561613578272,0.000149640842266945,0.0063015251325924,0.000545125796748573,0.000995927346022449,0.000674013410817475,0.00197176420354569,0.00116349961962352,0.00104634511970731,0.000171218474630771,0.000280348407977492,0.00313596579862006,0.0011092552007849,0.000802310127280905,0.00786164332278264,0.00148038297741727,5.9151337839075e-05,0.000134625517648854,0.000804897227528844,8.48282120782568e-05,0.00178854558102286,0.00116107511464674,0.00797457215080908,0.00256889761218319,0.00212437228211287,0.000761672795310974,0.00367752816300774,0.0014071984346975,0.000708062481569804,0.0035521107875135,6.05672097995092e-05,0.000107460834313944,0.000396288254857198,0.00256134100158699,0.00101256390300754,0.000288701476540465,0.00144668683963602,0.000130881212259039,0.00264543977273701,0.0078033307688127,0.000297731594483679
