Unknown,Source001,Source002,Source003,Source004,Source005,Source006,Source007,Source008,Source009,Source010,Source011,Source012,Source013,Source014,Source015,Source016,Source017,Source018,Source019,Source020,Source021,Source022,Source023,Source024,Source025,Source026,Source027,Source028,Source029,Source030,Source031,Source032,Source033,Source034,Source035,Source036,Source037,Source038,Source039,Source040,Source041,Source042,Source043,Source044,Source045,Source046,Source047,Source048,Source049,Source050
0.00217056311185482,0.569540311453043,0.330459688546957,0.000850152404187163,0.00692588687394353,0.00250357431297004,0.000127892219359378,0.000310668784585765,0.000697402245923326,0.00209229840828055,0.000217411086666985,0.000749100366771636,0.000419558532338416,0.000314709138898657,7.35067625063886e-05,3.341612638444e-05,0.00130775421477676,0.00140900264987456,0.000879118816641946,0.00105712605459414,0.00542575663717928,0.00335433599408585,0.00199377684842221,0.003655990129135,0.0038976670913369,0.000222417257254231,0.000373192198042503,0.00260484564772175,0.00327940761162207,0.00356697789618064,0.00359659270676668,0.00436210342082274,0.000614834481315476,4.09252871081798e-05,0.00418782738223548,0.00183464070984306,0.00312764318696927,0.000392138518651336,0.000419461120555076,0.000556379189754794,0.00127168982190979,0.00504480130016147,0.000245057184057008,0.00356522580438684,0.00962618291889442,0.000754484671133504,0.00181230584779409,0.0028992926783635,0.00167077310899325,0.00174376149880034,0.00172036973994478
