Unknown,Source001,Source002,Source003,Source004,Source005,Source006,Source007,Source008,Source009,Source010,Source011,Source012,Source013,Source014,Source015,Source016,Source017,Source018,Source019,Source020,Source021,Source022,Source023,Source024,Source025,Source026,Source027,Source028,Source029,Source030,Source031,Source032,Source033,Source034,Source035,Source036,Source037,Source038,Source039,Source040,Source041,Source042,Source043,Source044,Source045,Source046,Source047,Source048,Source049,Source050
0.00285189060682414,0.546971373776878,0.353028626223122,0.002684538123481,0.000687984924585493,0.0107097985748369,0.00080121341530113,0.00207936033386707,0.00224530360640405,0.000654669794962938,0.00523224366756305,0.00520369975906116,0.000425366934751146,0.00497598052257254,0.0021366267641538,0.000504932887760961,0.00283669284501615,0.00123832790026005,0.00135694678527566,6.93946616762055e-05,0.00165732168678132,0.000301241250307393,0.00124650010301968,0.00303683212394533,0.000575138845298416,0.000476708434579735,0.00219805523848684,0.00200007213494288,0.000508700929912885,0.00100855156073932,0.000723760183602456,0.00392143134863733,0.000707269470175044,0.00310758105647314,0.00184623500826606,0.0048865597735857,0.00082155152161377,6.06812416881998e-05,0.00202214144099655,0.000701166580714888,0.00141973952608476,0.00169209114191971,0.000704006056550365,0.00149729138361729,0.00150085382519602,0.00111717986665062,0.00598292574829308,7.47503268415649e-05,0.00180887440609517,0.000899295686270051,0.00480051999036093
