Unknown,Source001,Source002,Source003,Source004,Source005,Source006,Source007,Source008,Source009,Source010,Source011,Source012,Source013,Source014,Source015,Source016,Source017,Source018,Source019,Source020,Source021,Source022,Source023,Source024,Source025,Source026,Source027,Source028,Source029,Source030,Source031,Source032,Source033,Source034,Source035,Source036,Source037,Source038,Source039,Source040,Source041,Source042,Source043,Source044,Source045,Source046,Source047,Source048,Source049,Source050
0.000815517673558545,0.465208396541727,0.434791603458273,0.00560071817486111,9.42576605961759e-05,9.24168761451496e-05,8.75389647735715e-05,0.00446423360960031,0.000864817496127753,0.000265975019798008,0.000872519443982252,0.000451111545081341,0.000146203467515349,0.000424461574410059,0.00385194893960405,0.000593077256361214,2.1253076126267e-05,0.00458809649472329,0.00103997130651526,0.00180947973581755,0.000837327730258008,0.000212036183397738,4.46087882137708e-05,0.00329763810852193,0.00147030535564164,0.0021971185756961,0.00264191746614428,0.000682070736995029,0.00125379336427333,0.00940443481900453,0.00319742482242508,0.00348105942003682,0.00166414942990396,0.00199320787104878,0.00488314596324622,0.000372021986252356,6.53072663146838e-05,0.00200900170830256,0.00312203568871803,0.00359580850406999,0.00148574205234316,0.00515013758353988,0.000427579923741247,0.00422845782638925,0.0037053102189135,0.00650668401414742,0.00134078254912923,0.00017535951739449,0.00158187095467084,0.000860771462402909,0.00202929179326594
