Unknown,Source001,Source002,Source003,Source004,Source005,Source006,Source007,Source008,Source009,Source010,Source011,Source012,Source013,Source014,Source015,Source016,Source017,Source018,Source019,Source020,Source021,Source022,Source023,Source024,Source025,Source026,Source027,Source028,Source029,Source030,Source031,Source032,Source033,Source034,Source035,Source036,Source037,Source038,Source039,Source040,Source041,Source042,Source043,Source044,Source045,Source046,Source047,Source048,Source049,Source050
0.00419427389427428,0.269680439807321,0.630319560192679,0.00071003447756014,0.000570810361299781,0.000221769343379456,0.00182457361238483,0.00284213432990553,0.00648207045208885,0.000353761488994633,0.00899670282948894,0.00936196735471897,0.00581060476898601,0.00312919342859654,0.00031647401114908,0.000651801397725502,0.00320900416075425,0.00146110530766029,0.000371016035345737,0.00108791877229061,0.00133764006472825,0.000853961712697262,0.0018184659708508,0.000339941516371465,0.000784118536877604,0.0010422891298826,0.00202290322965019,0.00327548240333159,0.00233842353394555,0.00545537132654053,0.000112880568414571,0.000117292869852849,0.00107389862060896,0.000960945302351038,0.00178587627993015,0.00321420058569063,0.00285283260057381,0.00039959888503763,9.1306389666647e-05,0.00253205138070134,0.000726941388527985,0.00231113300161112,3.74810945409683e-06,0.00552609972747005,0.000316829753196856,0.000823129476940367,0.00125808105465489,0.000690518636268637,0.0023005371064133,0.00170716879706166,0.000331116014094097
