Unknown,Source001,Source002,Source003,Source004,Source005,Source006,Source007,Source008,Source009,Source010,Source011,Source012,Source013,Source014,Source015,Source016,Source017,Source018,Source019,Source020,Source021,Source022,Source023,Source024,Source025,Source026,Source027,Source028,Source029,Source030,Source031,Source032,Source033,Source034,Source035,Source036,Source037,Source038,Source039,Source040,Source041,Source042,Source043,Source044,Source045,Source046,Source047,Source048,Source049,Source050
0.00151496971044895,0.44520387482761,0.45479612517239,0.000670724679515467,0.000418645147678009,0.00167783737734399,0.00200560928907997,0.00441124965798592,0.0012986799579062,0.000222727482083523,0.00105745214928203,0.000854867942511867,0.000435478266372552,2.48946906493239e-05,0.000176458193572451,0.000603245043918426,0.00144461067737531,0.000963641539223906,0.00234599819564452,0.00581138371137426,0.011270419361342,0.000954382188883886,0.000853416289663845,0.00110292650509862,0.00281060326709808,0.00176321927800348,0.0038549732062026,0.00336950600656606,0.000188634734429166,0.00993423465152408,0.00179203219486191,0.00194420321109333,0.00113889899677888,5.04624828182395e-05,0.000994318358114829,0.00228060149518968,0.00358527678200469,0.00109912393181832,0.00243003790065812,0.00246428752427978,0.00666327692668236,0.00318087503048512,0.000180615408408531,0.00203867068988538,0.00204079058928604,0.00104786530044312,0.00153966257955576,0.000510445251067677,0.000400066766808365,0.000860120671143849,0.00171757870783748
