Unknown,Source001,Source002,Source003,Source004,Source005,Source006,Source007,Source008,Source009,Source010,Source011,Source012,Source013,Source014,Source015,Source016,Source017,Source018,Source019,Source020,Source021,Source022,Source023,Source024,Source025,Source026,Source027,Source028,Source029,Source030,Source031,Source032,Source033,Source034,Source035,Source036,Source037,Source038,Source039,Source040,Source041,Source042,Source043,Source044,Source045,Source046,Source047,Source048,Source049,Source050
0.000855516542243676,0.667306959450182,0.232693040549818,0.00598218174675585,0.000250315481859785,0.00297689549239921,0.00169683951292531,0.00110196745905969,0.00160312640542872,0.0036314771318702,0.000297680988123364,0.00125221746095887,0.00118482760352186,0.00317941020576337,0.00605508669560493,0.00185000878915518,0.00177285799780869,0.000805951636858283,0.000274183237966355,0.00185593232275309,0.00251105449132613,0.00285050935356414,0.00137693134378815,0.000358702662348111,0.00116577224597151,0.00286809527464822,0.00179665309616759,0.000203664148232095,0.00036087887801714,0.00139655559077028,0.00620213050689897,0.000340032414021359,6.13276982291058e-05,0.000577532120490877,0.00328607408649654,0.00234499386625454,0.00104583513076457,0.00396323722801021,0.00577277096076618,0.00724957865615702,0.00109246724910428,0.000275913119580764,0.00225095391874467,0.000839648015650565,0.000670311179533665,0.00414274539906937,0.000121901754873923,0.00278911359685153,0.00224794353162157,0.00100830389312368,0.00220189187786679
