Unknown,Source001,Source002,Source003,Source004,Source005,Source006,Source007,Source008,Source009,Source010,Source011,Source012,Source013,Source014,Source015,Source016,Source017,Source018,Source019,Source020,Source021,Source022,Source023,Source024,Source025,Source026,Source027,Source028,Source029,Source030,Source031,Source032,Source033,Source034,Source035,Source036,Source037,Source038,Source039,Source040,Source041,Source042,Source043,Source044,Source045,Source046,Source047,Source048,Source049,Source050
0.00226257857296979,0.688925816363983,0.211074183636017,0.00351361240011064,0.00360834104818067,0.000262915242066112,0.000556347784582859,0.00297267155418278,0.00075896620819253,0.000553272077937943,0.0041257088450838,0.000998035048224816,8.38279984846395e-05,0.000348549827212332,0.00194692346496612,0.000304346487127343,0.00106205052225344,0.0022053349634351,0.00176485040627104,0.0033242663481075,0.000824333928588689,0.00288935432989209,0.00347541975831527,0.00107444326091771,0.00118558627471386,0.00160302614221368,0.00109133542628315,0.000384674250592066,0.00105250226957556,0.0017315324644773,0.00423202826088968,0.00381470482187052,0.00202680051241685,0.00156666636585249,0.000227180833123712,0.000667309264303354,0.000598889915912045,0.00384654328163392,0.00789659015318232,0.00499860417636326,0.00263136463605084,0.00812829668446603,0.00595969357861366,0.00208068949830634,0.001249254794445,0.000190616079192388,0.00161313216825214,0.00010930077272255,0.000678629998087518,0.000233812384326418,0.00128508491503013
