Unknown,Source001,Source002,Source003,Source004,Source005,Source006,Source007,Source008,Source009,Source010,Source011,Source012,Source013,Source014,Source015,Source016,Source017,Source018,Source019,Source020,Source021,Source022,Source023,Source024,Source025,Source026,Source027,Source028,Source029,Source030,Source031,Source032,Source033,Source034,Source035,Source036,Source037,Source038,Source039,Source040,Source041,Source042,Source043,Source044,Source045,Source046,Source047,Source048,Source049,Source050
0.00346597653828066,0.469254387128733,0.430745612871267,0.000463040941253476,0.00347237364583107,0.000400758993401449,0.00412668968421508,0.000161668413748781,0.00254009824517589,0.00148410819140466,9.18129189245764e-05,0.000350178568689459,0.00105899636057348,0.00109848187157966,0.0003533788363422,0.00213748631157655,0.00272813706133221,0.000780747668772342,0.000351964024051456,0.00277877940318604,0.00247263795170443,0.000463059880652848,0.000445925513076164,0.00106528187761457,0.00248093126937187,0.00382234554690808,0.00180388387200759,0.000909545608231799,0.00420434996976408,0.00130293145857124,0.000827399662705228,0.00428996185679079,0.000174028873151687,0.00198253422594209,0.00710091727893706,0.00275465089669918,0.00243955688698777,0.00240254574402671,0.000119168525456629,0.00430267465052751,0.000177013833501062,0.00510492298707769,0.00162118681463826,0.00222856819188091,0.00240762463951879,0.00584336644966343,0.000351412719206131,0.00359869966234184,0.00287938575825723,0.000817649331880593,0.00176116038456769
