Unknown,Source001,Source002,Source003,Source004,Source005,Source006,Source007,Source008,Source009,Source010,Source011,Source012,Source013,Source014,Source015,Source016,Source017,Source018,Source019,Source020,Source021,Source022,Source023,Source024,Source025,Source026,Source027,Source028,Source029,Source030,Source031,Source032,Source033,Source034,Source035,Source036,Source037,Source038,Source039,Source040,Source041,Source042,Source043,Source044,Source045,Source046,Source047,Source048,Source049,Source050
9.77043430714024e-05,0.700707592745869,0.199292407254131,0.000310944234270578,0.00204283142184269,0.00640218353376587,0.00266643855874523,0.00111619666101268,0.00267477500548311,0.00120427041108947,0.000302418423940746,0.00156083267982693,0.000703343569599683,4.24215688658812e-05,0.00194910924094315,0.000215737629965232,0.00741380957221166,0.00465294329555668,0.000662068123763408,0.000637627007679617,0.00690237996176059,4.39346462301892e-05,0.000668289210623179,0.00413937908664099,5.92849220605849e-05,0.000584677323858636,0.000526589003751671,0.000308044340309879,0.00431323411982291,0.00115487886516171,9.42434548533099e-05,0.00254929653057793,0.00202651114502901,0.0023923616488305,0.00727311047343989,5.67693001464623e-05,0.00161615592520174,0.00148824495762444,0.0015580706981122,0.00581411332830589,0.00151276573547363,0.000422818155156594,0.00146213096130264,0.000373133897855237,0.000230056401425549,0.00635268470078852,0.000229855096611565,0.000811200367627491,0.000652670251528773,0.00173491198081493,0.00799254822743933
