Unknown,Source001,Source002,Source003,Source004,Source005,Source006,Source007,Source008,Source009,Source010,Source011,Source012,Source013,Source014,Source015,Source016,Source017,Source018,Source019,Source020,Source021,Source022,Source023,Source024,Source025,Source026,Source027,Source028,Source029,Source030,Source031,Source032,Source033,Source034,Source035,Source036,Source037,Source038,Source039,Source040,Source041,Source042,Source043,Source044,Source045,Source046,Source047,Source048,Source049,Source050
0.00852436580404495,0.372586128269289,0.527413871730711,0.000442806378268489,0.00204963431004566,0.00441861516487357,0.0027612805585361,0.000501437283491483,0.000822048963098025,0.0028995811720421,0.000761511581285888,0.00252828057263698,0.00257863095178097,0.00266016181312612,0.000907212701220293,0.00367531532876944,0.00937803028582978,0.000158112515778209,0.000612649564778316,0.00498926792677355,0.004298573671719,0.0013655378514425,0.000625591221611855,0.0011415287851005,0.000165557196996236,0.00329380159124533,0.00110770503677804,0.00102652413254903,0.000197718639371618,0.00163456629528107,0.00143389132594749,0.000215166424893137,0.00495486656298626,0.00168087420264222,7.7340199779931e-05,0.00352129376435911,0.00375771922803305,0.00267189684594687,0.000427105884781725,0.000477899897000623,0.00489636026883436,0.00257678547363515,3.60307173410438e-05,0.00057049086679068,0.00215396949336903,0.00100882741245194,0.000525967153421337,0.000904558410893928,0.000174520646675003,0.00110014989066653,0.00130823803107543
