Unknown,Source001,Source002,Source003,Source004,Source005,Source006,Source007,Source008,Source009,Source010,Source011,Source012,Source013,Source014,Source015,Source016,Source017,Source018,Source019,Source020,Source021,Source022,Source023,Source024,Source025,Source026,Source027,Source028,Source029,Source030,Source031,Source032,Source033,Source034,Source035,Source036,Source037,Source038,Source039,Source040,Source041,Source042,Source043,Source044,Source045,Source046,Source047,Source048,Source049,Source050
0.000196500170202248,0.147366650202953,0.752633349797047,0.00295647708716218,5.127556525823e-05,0.000151687487539466,5.32857300104535e-06,0.000132438257275638,0.000875190778574941,0.00398247268474393,0.00339746173948541,0.000683886373776036,0.00178349726350469,0.00161134286004197,0.00360513842880863,3.98719601042107e-05,0.000534852735516825,8.16961907586943e-05,0.000250690610763006,0.00107767594524027,4.43301003291406e-05,0.00185199856080156,0.00462930906973048,5.34836425199932e-05,0.00314621759381197,0.00236547285166642,0.00366027145278455,0.0102202854005961,0.00075972125815288,0.000321543953763265,0.00316628896326937,0.000182860333559787,0.00218110022734147,0.000387676706711445,0.00225516717151498,0.00202659467317158,0.00636277075490511,0.000396786680086494,0.00841491455305625,0.001536524352063,0.00146118462292732,0.00162747151898322,0.00126025500722588,0.000993328066657758,0.00245713269150395,0.00310707030751307,0.00827405312392507,0.00274282824939273,0.00158377058997825,0.000337752651116849,0.000774350159182558
