Unknown,Source001,Source002,Source003,Source004,Source005,Source006,Source007,Source008,Source009,Source010,Source011,Source012,Source013,Source014,Source015,Source016,Source017,Source018,Source019,Source020,Source021,Source022,Source023,Source024,Source025,Source026,Source027,Source028,Source029,Source030,Source031,Source032,Source033,Source034,Source035,Source036,Source037,Source038,Source039,Source040,Source041,Source042,Source043,Source044,Source045,Source046,Source047,Source048,Source049,Source050
0.0014529092172582,0.138058986646583,0.761941013353417,0.00121692059778004,0.00197728811974553,0.000240019861315001,0.00122456700987608,0.00313753009245867,0.00524004961348615,0.00133094715774076,0.00169654428116516,0.00053260862321815,0.00506164086482312,0.000161634752358837,0.000425038903729216,0.00106575615958194,0.000125944035326946,0.00182529689819213,0.00142594957882948,0.00187292032756271,0.000297600468885007,0.000291098496936978,0.00126156416781188,0.00320407611044793,0.00191312311487731,0.000228629475506177,0.000722413804169157,0.00121889617568067,0.00431470016462718,0.00153537241822206,0.000946689155212554,0.000946856086825771,0.00161932661091654,0.00917958796455971,0.00336492147169261,0.00146242179200513,0.00252520527653179,0.00146906748138799,8.15246378198667e-05,0.00258576399344078,0.0025087832192578,0.00794922189896858,0.00325563848590603,0.000616759993428682,0.00138988267948915,0.00322224957536144,0.000779089578878577,0.00279130097841541,0.00407519623399407,0.000394306258376459,0.00383516613591857
