Unknown,Source001,Source002,Source003,Source004,Source005,Source006,Source007,Source008,Source009,Source010,Source011,Source012,Source013,Source014,Source015,Source016,Source017,Source018,Source019,Source020,Source021,Source022,Source023,Source024,Source025,Source026,Source027,Source028,Source029,Source030,Source031,Source032,Source033,Source034,Source035,Source036,Source037,Source038,Source039,Source040,Source041,Source042,Source043,Source044,Source045,Source046,Source047,Source048,Source049,Source050
0.0094070076750976,0.799423979007441,0.100576020992559,0.000566443046116474,0.000932735515837963,0.00197780131190933,3.95845636080169e-05,0.00204296446828563,0.00591340111179537,0.00115265466407524,0.000931180051573787,0.000666880964804803,0.00138636835694128,0.00090365578368221,0.000315874520393755,6.07531082233115e-05,0.00213123439409284,3.12458525511021e-05,0.00449021987458556,0.00221230818975518,0.00215753429420226,0.00071646093602258,0.00257146653823076,0.000132247993391152,0.00247374676434317,0.000244454821627025,0.00536914663798706,0.000753248614282133,0.00211364131995706,0.00463644820383268,0.000124875056453369,0.00415554517098522,0.000895113531485736,0.00216462448446295,0.00286428751356793,0.00149088833839219,0.00323955631874176,0.00308597959750323,0.000806108193953024,0.000985247829490569,0.0033370615499926,0.00454031729651868,0.00121966129896552,0.00137404188524525,0.00156190839435289,0.000908869694763721,0.00299162100631515,0.00547231808738146,0.00151140822376258,0.000703239285193375,0.000236617665267445
