Unknown,Source001,Source002,Source003,Source004,Source005,Source006,Source007,Source008,Source009,Source010,Source011,Source012,Source013,Source014,Source015,Source016,Source017,Source018,Source019,Source020,Source021,Source022,Source023,Source024,Source025,Source026,Source027,Source028,Source029,Source030,Source031,Source032,Source033,Source034,Source035,Source036,Source037,Source038,Source039,Source040,Source041,Source042,Source043,Source044,Source045,Source046,Source047,Source048,Source049,Source050
0.000559840598507062,0.288213057596611,0.611786942403389,0.00143199766302363,0.00100547609394632,0.0012549404539864,0.000812765231328926,0.00257788947887127,0.000191797348187379,0.0013509714105116,0.00086860476956527,0.00107275649298055,0.00316348460996987,0.0011798453545268,0.00520617187690549,0.000301095623601925,0.000145452698513498,0.00244669983938318,0.00171965293726539,0.000886585387019377,0.00352819208505534,0.000369899467806971,0.00182045058500945,0.00120280674578621,0.00513660651214603,0.000254498981682,0.00126627522845922,0.0040751049923068,0.00324110149289887,7.35455714772505e-06,0.00490124970564228,0.00159126559983378,0.000439920581700545,0.000967674413255941,0.00467300581786878,0.0100302306383697,0.00115982546007522,0.000698648195814278,0.000525611356003765,3.13220613755963e-05,0.00330557188461321,0.00146150285693054,0.000436884805093027,0.00327717548829916,0.00096541460692011,0.000663955072515293,0.00198799787639038,0.00296492995947605,0.00109900914867672,0.0109789563194,0.000761529635353098
