Unknown,Source001,Source002,Source003,Source004,Source005,Source006,Source007,Source008,Source009,Source010,Source011,Source012,Source013,Source014,Source015,Source016,Source017,Source018,Source019,Source020,Source021,Source022,Source023,Source024,Source025,Source026,Source027,Source028,Source029,Source030,Source031,Source032,Source033,Source034,Source035,Source036,Source037,Source038,Source039,Source040,Source041,Source042,Source043,Source044,Source045,Source046,Source047,Source048,Source049,Source050
0.00147931645644836,0.398004925184913,0.501995074815087,0.00259349446963116,0.00467309690577038,0.0024173042948729,0.00406806689745621,0.00108715688261214,0.0013289843297854,0.00106270928347717,0.00303144075397127,0.00224843439636969,2.90325000150857e-05,0.000854870362313987,0.00430578975155946,0.00184002613841045,0.00151979211137576,0.00401910781255059,0.00347042357947545,0.00126838633167814,0.000597434875273898,0.00255081864967005,0.000653692602018788,0.00185651233234114,0.000172391852147359,0.00531457979564397,0.000176974304092288,0.00114994876588095,0.00201820718297582,0.00103175541704413,0.00320649789610335,0.00063494896377117,0.00174688441651311,0.00688157913234187,0.000424341350335963,0.000230043168373535,0.0035859157081198,0.00180279411435719,0.000215535936700722,0.00111011847066757,0.00192085651805774,0.00197697691350929,0.000790203699706843,0.00152609931868971,9.89268010353495e-05,0.000862289850492213,0.000226250152938594,0.000225948842881907,0.000469231001052738,0.000246547103325267,0.0149982616061641
