Unknown,Source001,Source002,Source003,Source004,Source005,Source006,Source007,Source008,Source009,Source010,Source011,Source012,Source013,Source014,Source015,Source016,Source017,Source018,Source019,Source020,Source021,Source022,Source023,Source024,Source025,Source026,Source027,Source028,Source029,Source030,Source031,Source032,Source033,Source034,Source035,Source036,Source037,Source038,Source039,Source040,Source041,Source042,Source043,Source044,Source045,Source046,Source047,Source048,Source049,Source050
0.00322697639809259,0.150846464773835,0.749153535226165,0.000663663329990229,0.00189776712395541,0.00529392513700008,0.00302429670381601,0.000339970060784659,0.00187979006864698,0.000561225828629319,0.000476371173002795,4.76571668746424e-05,0.00130403990761827,0.00172011426121434,0.00316421987769299,0.000648113904417732,0.000833996394219497,0.00319392395043001,0.00101973491647841,0.00259993654970393,0.00205012997215451,0.00398086147727868,0.00211663071433321,6.85611798453149e-05,0.000487593112830386,0.00100548414026054,0.00313725363314587,0.00509231006922238,0.00317933581333698,0.00200279202639523,0.000241334093851963,0.000737609168128125,0.00215570612429323,0.00139318317431752,0.00186054871588823,0.00195266104910432,0.00119439185751395,0.00215876027691897,0.00403798698436859,5.73515544476273e-05,0.00721668348815776,0.000336231045679583,0.00413983279245852,0.00118873734176722,0.00371821647337341,0.000291377124972586,0.00182602547609364,0.000827161235966518,0.000548957736120212,0.00738474879785933,0.00171582059734769
