Unknown,Source001,Source002,Source003,Source004,Source005,Source006,Source007,Source008,Source009,Source010,Source011,Source012,Source013,Source014,Source015,Source016,Source017,Source018,Source019,Source020,Source021,Source022,Source023,Source024,Source025,Source026,Source027,Source028,Source029,Source030,Source031,Source032,Source033,Source034,Source035,Source036,Source037,Source038,Source039,Source040,Source041,Source042,Source043,Source044,Source045,Source046,Source047,Source048,Source049,Source050
0.000341062096271296,0.182948092984494,0.717051907015506,0.00467362557203945,0.0007511199074868,0.00101825010687217,0.00327112611854791,0.00254490677531668,0.00163422840204043,0.000186726027500218,0.0024568613762702,0.000169607481405284,0.00319600782274267,0.00297263998814016,0.000625905561341902,0.000718791564868328,1.81130967203683e-05,0.000548378138883193,0.000600922273790712,0.00309775832717855,0.00319456752658846,0.0032042809603322,0.00131321408740008,0.0012981072303736,0.00149047163288566,0.00178694362665068,0.00149927005025079,0.000615215565326427,0.00189232925008642,0.00397643737614616,0.00141871988836922,0.00204428880701931,0.00527216873931799,0.00268807166157277,7.35060089419166e-05,0.00194101904128066,0.00474305623508314,0.00425754709965503,0.00180923184833818,0.000115575797193743,0.00951560144284404,0.00107420919667319,0.00568321924456614,0.0040766608657987,0.000554871889463624,0.00093123201309268,0.00115647431350179,0.000284638259726784,0.00258884295377358,9.85955985405834e-05,0.000575601151790103
