Unknown,Source001,Source002,Source003,Source004,Source005,Source006,Source007,Source008,Source009,Source010,Source011,Source012,Source013,Source014,Source015,Source016,Source017,Source018,Source019,Source020,Source021,Source022,Source023,Source024,Source025,Source026,Source027,Source028,Source029,Source030,Source031,Source032,Source033,Source034,Source035,Source036,Source037,Source038,Source039,Source040,Source041,Source042,Source043,Source044,Source045,Source046,Source047,Source048,Source049,Source050
0.00163352220814104,0.786929018147773,0.113070981852227,0.00432092765198687,0.000800308154217707,0.000328901736281801,0.00229776706110126,0.000458225289026283,0.00384773273378856,0.0027029688211738,0.00267723168410358,0.000287380630678553,0.00550088392598027,0.000127398154837633,0.00421633677148096,0.000899547995099167,0.00379909254747701,0.00189351460600157,0.00198975891859757,0.00128980354986836,0.00323103250337077,0.000898980229481323,0.000646613819851949,0.000279142839815549,0.00135146883599656,0.00046855548859668,0.000542632918131797,0.00180188381506927,0.000368702939787294,0.00206984777981824,0.000525520739908626,0.000845894569044897,0.0023821715983791,0.00169362145231091,0.000443328014928025,0.000573238691786724,0.000375171940437268,0.00268648597864881,0.00150012159800805,0.00402908080736301,0.000357942094838601,0.00260136093720439,0.0017908493416098,0.000839035513038473,0.000465840899072022,0.00323944764573229,0.00248879959810829,0.00594712391289437,0.00493108947421311,0.00159530585507761,0.00995840572763419
