Unknown,Source001,Source002,Source003,Source004,Source005,Source006,Source007,Source008,Source009,Source010,Source011,Source012,Source013,Source014,Source015,Source016,Source017,Source018,Source019,Source020,Source021,Source022,Source023,Source024,Source025,Source026,Source027,Source028,Source029,Source030,Source031,Source032,Source033,Source034,Source035,Source036,Source037,Source038,Source039,Source040,Source041,Source042,Source043,Source044,Source045,Source046,Source047,Source048,Source049,Source050
0.00118331612158794,0.218566706347488,0.681433293652512,8.48428514787846e-05,0.00836469735531993,0.000573921375024954,0.00212189753609037,0.00177392544938008,0.00666556401298013,0.000454684005548165,0.000935963375854611,0.000165745400517106,0.0105391042002266,0.00329859323919253,0.00166318989866031,0.00146514054516872,0.000796773980561117,0.00976990875292531,0.00113552722086256,0.000828785346076871,0.000732834925305139,0.0017555725196261,0.00253520134928006,0.00107554385587053,0.000959853334529367,0.000570034219773152,0.000294072264869294,0.00123382646844507,0.00325634534649599,0.00291031729838967,0.00265945488337389,0.000441190044185734,0.000524841799611875,0.000603336990602637,0.00318055261080731,0.00546885918125895,0.000159049645906299,0.000414431871201668,0.00305516042145275,0.000162563740319572,0.00491864045193895,0.00121590131895389,0.00151029160688484,0.000508808168960138,0.00254212869508226,0.000914575349429965,0.000950880109318272,0.00183418148330596,3.15692609791405e-05,0.00102871295592071,0.000729687160464683
