Unknown,Source001,Source002,Source003,Source004,Source005,Source006,Source007,Source008,Source009,Source010,Source011,Source012,Source013,Source014,Source015,Source016,Source017,Source018,Source019,Source020,Source021,Source022,Source023,Source024,Source025,Source026,Source027,Source028,Source029,Source030,Source031,Source032,Source033,Source034,Source035,Source036,Source037,Source038,Source039,Source040,Source041,Source042,Source043,Source044,Source045,Source046,Source047,Source048,Source049,Source050
0.00211339649935777,0.175152229020269,0.724847770979731,0.000632059458948193,0.000625783656319597,0.00263875360044823,0.00396332266141333,6.63748663777031e-05,0.000342536177943011,0.0037079344225359,0.000909812702986299,0.00431331095512559,0.00139007003370272,0.000669373313720787,0.00223573853889961,0.00410030892537265,6.21837787877832e-05,0.00264534086516414,0.00194793438044058,0.00125138291007627,0.000105821679070319,0.00340031589980073,0.000818429979130408,0.00349526240252939,0.00354396254918126,0.000351107284873727,0.0112453093993982,0.000477070512870636,0.00282310158505081,0.00341033306595568,0.001134075427949,0.00135937835146701,0.000112292700090727,0.00123112091500553,0.00145286078187952,0.00185844523892429,8.58205853809335e-05,0.00456025051454448,0.000864706915757466,0.0062474125868313,0.000381421713190951,0.000792232075346412,0.00155036998784462,0.00189115767639721,0.00139135574634076,0.000206012774525442,0.0021334405021331,0.00784176297924024,0.000306222447180951,0.00129407527768611,1.92526968025576e-05
