Unknown,Source001,Source002,Source003,Source004,Source005,Source006,Source007,Source008,Source009,Source010,Source011,Source012,Source013,Source014,Source015,Source016,Source017,Source018,Source019,Source020,Source021,Source022,Source023,Source024,Source025,Source026,Source027,Source028,Source029,Source030,Source031,Source032,Source033,Source034,Source035,Source036,Source037,Source038,Source039,Source040,Source041,Source042,Source043,Source044,Source045,Source046,Source047,Source048,Source049,Source050
0.00201615440461003,0.52110019166271,0.37889980833729,0.0022654157261403,0.00258149311909113,0.000437837799387162,0.00414817908969069,0.00140533198789518,0.0014990779431197,0.000376645251527446,0.00119390106679835,0.00654101874940949,0.00064492638090361,0.000349859446481911,0.00104790246287978,0.00105259110385124,0.000384284970498726,0.00140916014857346,0.00508148594513633,4.13130401364584e-05,0.00231927598443123,0.0037872729154175,0.00124263344457936,0.000999278728088255,0.00020906470179855,0.001118601835395,0.00333222687583199,0.00303434232411503,0.00335618174915877,0.000374633141437976,0.0032632741909836,0.000696743111100124,0.00169642335114232,6.53450311034207e-05,0.000653170539220923,0.00497295995505452,0.00140235748174645,8.3998418539769e-06,0.000118499519174651,0.00109557328227705,7.70044918725844e-05,0.00141669639461299,0.00286374844555999,0.00773260777290478,0.00390857562806696,0.00298525964754235,0.001503719197728,0.000323424620961054,0.00807193962856571,0.00264832639149043,0.00224586114065341
