Unknown,Source001,Source002,Source003,Source004,Source005,Source006,Source007,Source008,Source009,Source010,Source011,Source012,Source013,Source014,Source015,Source016,Source017,Source018,Source019,Source020,Source021,Source022,Source023,Source024,Source025,Source026,Source027,Source028,Source029,Source030,Source031,Source032,Source033,Source034,Source035,Source036,Source037,Source038,Source039,Source040,Source041,Source042,Source043,Source044,Source045,Source046,Source047,Source048,Source049,Source050
0.00454015362978384,0.341686613677952,0.558313386322048,0.00264809904397709,0.00178747520912631,0.00122519068485664,0.00494861219114438,0.00318693085000369,2.7456556165168e-05,0.00277584399371718,0.00102918427953866,0.00215452162549497,0.0011409309371612,0.000200058019296687,0.000230320237501903,0.00151359446916568,0.000969182914874944,0.00130359086128174,0.000721154031743003,0.000142357383958379,5.97078807328049e-05,0.00104959914704222,0.000261709605593889,0.00289128666419683,0.0045158713094058,0.00815796345474504,0.00446811870099516,0.000955609768232769,0.000343798219242652,0.00297935960190825,4.2171221206741e-05,0.00645914684634024,0.00494692542725471,0.000549741048828935,0.00140754395134179,0.00115192289645017,0.00112333819631627,0.00282582333698351,3.70944272181027e-05,0.00498146772810031,0.00143637370952659,0.0022115212415818,0.000266692195157387,0.00234046340126108,0.00248260262479856,0.00496611993727257,7.568508895547e-05,0.00118086516055333,0.00104684154401133,0.00112715867053862,0.00311282007541561
