Unknown,Source001,Source002,Source003,Source004,Source005,Source006,Source007,Source008,Source009,Source010,Source011,Source012,Source013,Source014,Source015,Source016,Source017,Source018,Source019,Source020,Source021,Source022,Source023,Source024,Source025,Source026,Source027,Source028,Source029,Source030,Source031,Source032,Source033,Source034,Source035,Source036,Source037,Source038,Source039,Source040,Source041,Source042,Source043,Source044,Source045,Source046,Source047,Source048,Source049,Source050
0.000730177238390665,0.315297504862838,0.584702495137162,0.000813420574022983,0.000694919715728487,0.000113505186256738,0.00173900343738583,0.00815379392243777,0.00068214056671787,0.00465738511817046,0.00500873552101565,0.00515952303120731,0.000981566474346605,0.00775658655698113,0.000448720432703114,0.000416357623799637,0.001582377574324,0.000892122841311262,0.00179031855672452,0.00306546841443804,0.00380031961109161,0.000687270039909234,0.001685013677671,0.000112989857733173,0.00060659891845559,0.000190173216423922,0.00249376048666406,0.000767884037931202,0.0033713195496664,0.0022381446438871,0.00350330581008847,0.00254901204651696,0.00140149859952879,0.00121179353153237,0.00251828376389046,0.00251671736202618,0.00389491936222257,0.000481971594422541,7.67688959221429e-05,0.00212112189386492,6.63547990714665e-05,0.000777740145186892,0.000488678845065837,0.00394371279872121,0.000851371789729,0.000530739524409386,0.00334474861602211,0.000837697332390458,0.00233144537067698,0.00369544536827979,0.00221707572503611
