Unknown,Source001,Source002,Source003,Source004,Source005,Source006,Source007,Source008,Source009,Source010,Source011,Source012,Source013,Source014,Source015,Source016,Source017,Source018,Source019,Source020,Source021,Source022,Source023,Source024,Source025,Source026,Source027,Source028,Source029,Source030,Source031,Source032,Source033,Source034,Source035,Source036,Source037,Source038,Source039,Source040,Source041,Source042,Source043,Source044,Source045,Source046,Source047,Source048,Source049,Source050
0.00142368993217312,0.16045279443085,0.73954720556915,0.000815489110584557,0.000336412962129522,1.78020871156511e-05,0.000244075660418839,0.00475039737411606,0.000614599150085728,0.00329276375371415,0.00719958254959595,0.000269172151542231,0.00109620177657217,0.00509321968817877,0.000243314461063888,0.000613421748800737,0.0019008089847865,0.000576546866459596,0.00667946822368988,0.001847959423161,0.00188178887793108,0.000787133338246397,0.00153861848471957,0.00280070718682698,0.000425883761476575,0.000350579278952515,0.00192035835504598,0.00920443931299016,0.000727886257020119,0.00488528103537466,0.0013369975931712,0.00166064641817399,0.00135597304927348,0.00130915870110228,0.000627357700914691,0.00323952351199084,0.0011802147600801,0.0029902503581354,0.00343904189605906,0.00622037811643027,0.00126887078100654,0.00110012354046394,0.00180573294450193,0.00133390858126285,0.00189209096769712,0.000389846580653778,0.0028541063335098,5.40661454749365e-05,0.00157253440375442,0.00234378631735447,0.000487789506216472
