Unknown,Source001,Source002,Source003,Source004,Source005,Source006,Source007,Source008,Source009,Source010,Source011,Source012,Source013,Source014,Source015,Source016,Source017,Source018,Source019,Source020,Source021,Source022,Source023,Source024,Source025,Source026,Source027,Source028,Source029,Source030,Source031,Source032,Source033,Source034,Source035,Source036,Source037,Source038,Source039,Source040,Source041,Source042,Source043,Source044,Source045,Source046,Source047,Source048,Source049,Source050
0.000761297179269035,0.372496682330858,0.527503317669142,0.00209846055589071,0.00130005869143326,0.00463830981577877,0.00201671068626918,0.000144400362485929,0.000858227366351468,0.000814886333789671,0.000379675997384866,0.00109812216179177,0.00199217464831204,0.000364838924946726,0.000512025717376681,0.00142539750600724,0.00166370533603715,0.00073350192208329,0.0063332065856565,0.0140790515155054,0.000441556517629906,0.00239300418461546,0.000987218857648016,0.000240796637074969,0.000116679665149958,0.000626591322307931,6.95746969149405e-05,0.00339819431844088,0.00396992381912522,0.0035991462097362,0.00219398215668236,0.00549369569410064,0.0022663298834559,0.00665137831425627,0.00327400425489675,0.000484744570344198,0.000343392739963294,0.00244235837571367,0.000610784341697237,0.00232050907976728,0.000661592917348128,0.00136918397696344,0.000217050115658596,0.0028090214173093,0.000879075893561162,0.001139188922101,0.000111459962903947,0.0020495447011301,0.00305473037340486,0.00274477655041094,0.00182645822331777
