Unknown,Source001,Source002,Source003,Source004,Source005,Source006,Source007,Source008,Source009,Source010,Source011,Source012,Source013,Source014,Source015,Source016,Source017,Source018,Source019,Source020,Source021,Source022,Source023,Source024,Source025,Source026,Source027,Source028,Source029,Source030,Source031,Source032,Source033,Source034,Source035,Source036,Source037,Source038,Source039,Source040,Source041,Source042,Source043,Source044,Source045,Source046,Source047,Source048,Source049,Source050
0.000523127666779031,0.374110549211015,0.525889450788985,0.000254123724472841,5.63602436467848e-05,0.00338964707224359,0.00109465856051289,0.00171416779277878,0.000402858813272079,0.00601189934679115,0.000480769829968624,0.00312300207641759,0.00044774518207014,0.00363993291908569,0.00574311832640951,1.07214127354633e-05,0.00467962904854584,0.00125468994631722,0.000294178977190228,0.00237427200919016,0.00073896352362731,0.00101486094843373,0.000512871768932213,0.00276185123630914,0.00151309210429035,0.00428590336914631,0.00190529950441389,0.0012962667370434,0.00754866210800446,0.0014611514528475,0.000451324929416641,0.00124409489322694,0.001471839439273,0.000114259159990497,0.00252221932358729,0.000689803033577659,3.90220363160228e-05,0.000508250298334336,0.000493425919412907,0.00312104944612926,0.00890870087207988,0.000389583871006248,0.00114323492368302,0.000891763898645495,0.000398893887209108,0.000826884343954846,0.00481327677013141,0.00203579002767917,0.000324099991902588,0.0100632012151054,0.00101545601786236
