Unknown,Source001,Source002,Source003,Source004,Source005,Source006,Source007,Source008,Source009,Source010,Source011,Source012,Source013,Source014,Source015,Source016,Source017,Source018,Source019,Source020,Source021,Source022,Source023,Source024,Source025,Source026,Source027,Source028,Source029,Source030,Source031,Source032,Source033,Source034,Source035,Source036,Source037,Source038,Source039,Source040,Source041,Source042,Source043,Source044,Source045,Source046,Source047,Source048,Source049,Source050
0.00161541306612841,0.500286755229095,0.399713244770905,0.00151275308450815,0.00280018805241817,0.000679917442666273,0.00177327323044475,0.00195867209682583,0.00122868045400772,0.000487026260186828,0.00308108552323712,0.0011502645187745,0.000381630160586108,0.00530154927753703,0.0009814664256138,0.0013543504141054,0.0044907256217936,0.00138029079334184,0.00372556493878778,0.00296230253357646,0.000236885124828347,0.0079036422284675,0.00164915628002298,0.00109923838484874,0.000233365457995287,0.000120581731569836,0.000156624732337053,0.00309932906071413,0.00531992405250109,7.15840688653196e-05,0.000818117640377417,0.00243780411936234,0.000484529243789533,0.0010168931360788,0.00103532386620851,0.000547877796479726,0.00655430352323283,0.00254983969005212,0.000533133851679809,0.000747565715488053,0.00152955649233897,0.000959221196350488,0.000866611578867073,0.00737804655922856,0.000130912149581254,0.000503529306141312,0.000805455908005931,0.00102121951066854,0.00559382580581293,0.00188390769980982,0.00584684019375591
