Unknown,Source001,Source002,Source003,Source004,Source005,Source006,Source007,Source008,Source009,Source010,Source011,Source012,Source013,Source014,Source015,Source016,Source017,Source018,Source019,Source020,Source021,Source022,Source023,Source024,Source025,Source026,Source027,Source028,Source029,Source030,Source031,Source032,Source033,Source034,Source035,Source036,Source037,Source038,Source039,Source040,Source041,Source042,Source043,Source044,Source045,Source046,Source047,Source048,Source049,Source050
0.00379997427045366,0.433814478960617,0.466185521039383,0.000667133387893009,0.000102678378324836,0.00163195328351132,0.000552018895984056,0.00115625525885715,0.00728506054480169,0.0013619336251365,0.000473449094447378,3.09176158732225e-05,0.00223251048027126,0.00376844962056518,0.0079511228122003,0.000372500084403179,0.00288587745379596,0.000264146585530396,0.000143311118308524,0.00337807038326071,0.00217955467178294,0.000904278887719803,0.011455509571199,0.000232103346711988,0.00172448757231351,0.000818400234660114,0.000186757345573324,0.00337107739401461,0.00301649895628559,0.00018639137356871,0.00416180852590848,0.00260463569023447,0.000466644504552471,0.00397599006324871,0.00215689717005743,0.00115981164919098,0.000384956789221433,0.00205223657766459,0.000839537783652754,0.00271178403306076,0.0068444281638049,0.000453789913421724,0.00218846975615734,0.00128747545606855,0.00146007220334597,0.000538612808701578,0.000318403256015169,0.000645499246994002,0.000744162868336422,0.000231361056360546,0.00264100023655383
