Unknown,Source001,Source002,Source003,Source004,Source005,Source006,Source007,Source008,Source009,Source010,Source011,Source012,Source013,Source014,Source015,Source016,Source017,Source018,Source019,Source020,Source021,Source022,Source023,Source024,Source025,Source026,Source027,Source028,Source029,Source030,Source031,Source032,Source033,Source034,Source035,Source036,Source037,Source038,Source039,Source040,Source041,Source042,Source043,Source044,Source045,Source046,Source047,Source048,Source049,Source050
0.00123273827428602,0.724026713906545,0.175973286093455,0.0040521585013492,0.000877070291806685,0.00158779966651475,0.00458416650489601,0.000773218074576121,0.00310845706255962,0.000691241697250043,0.0012834852062762,0.000450102714846272,0.00134770027422591,1.04608776416338e-05,0.0016697668991062,0.000296167702651925,1.10087381784287e-05,0.00200499194007577,0.00110515370787592,0.00372263081842648,0.00243140463423878,0.00149491490982021,0.000999883127666642,0.00384167373942841,0.00156964142422447,0.00131408806094755,6.01016491535208e-05,0.00526597863500702,0.00111041753285991,0.000721253065153068,5.82959773390242e-05,0.00194514667326542,0.000132754145039093,0.000636020714990481,0.00158297072013458,0.00274318680710815,0.00216100229979245,0.0013330104607206,0.00693852798050301,0.00294212068693998,0.00252295981588802,0.000623180415726058,0.00133250039289214,0.00212933131692988,0.00540010910421481,0.0136199170073917,0.00275476836744578,0.00100013737013178,0.000525244021260165,8.29580072583065e-05,0.00191818198398581
