Unknown,Source001,Source002,Source003,Source004,Source005,Source006,Source007,Source008,Source009,Source010,Source011,Source012,Source013,Source014,Source015,Source016,Source017,Source018,Source019,Source020,Source021,Source022,Source023,Source024,Source025,Source026,Source027,Source028,Source029,Source030,Source031,Source032,Source033,Source034,Source035,Source036,Source037,Source038,Source039,Source040,Source041,Source042,Source043,Source044,Source045,Source046,Source047,Source048,Source049,Source050
4.3691212219227e-05,0.437695313225847,0.462304686774153,0.00390073922454991,0.00175950054117763,0.00134001532837773,0.000998743963145335,0.0010859248383645,0.00437421248110365,0.00502156008224833,0.000490123086775027,0.00231374140183323,0.00161775488363573,0.000807346831634234,0.000863097635205684,0.00261275893085959,0.00155877132698864,0.00508438725173665,0.000415027694220736,0.00265154112384091,0.0052579197261478,0.000659454916270871,0.000473363324871245,0.00266913320672926,0.00273225263915634,0.00108626048237864,0.00228046031505958,0.00107631104607019,0.000700642447479905,0.00203994859348963,0.000191352527962526,0.00449181939029308,0.000913406787076018,0.00243439126516676,0.000139984254737378,0.000612960779780922,0.000395517286231888,0.000734519971651126,0.00316147775138226,0.00194798972263932,0.00111933167287805,0.00156735775345506,0.00219063100608937,0.00167300307448092,0.000757282005959698,0.00161833419508735,0.00677443735239954,0.0026529718765914,0.00240065342291995,0.00341687659969317,0.00489101676795397
