Unknown,Source001,Source002,Source003,Source004,Source005,Source006,Source007,Source008,Source009,Source010,Source011,Source012,Source013,Source014,Source015,Source016,Source017,Source018,Source019,Source020,Source021,Source022,Source023,Source024,Source025,Source026,Source027,Source028,Source029,Source030,Source031,Source032,Source033,Source034,Source035,Source036,Source037,Source038,Source039,Source040,Source041,Source042,Source043,Source044,Source045,Source046,Source047,Source048,Source049,Source050
0.00358122678312621,0.725295933863957,0.174704066136043,0.00238109687293436,0.00250646949450437,0.00544201533207953,0.000537608769932605,0.00105843822744448,0.00583641511625404,0.000519993731168757,0.00133468516343784,0.00146151235049615,0.00378867016164335,0.00336808826588883,0.000676366746968426,0.000728402941837366,0.00490073078883668,0.00119897904049997,0.00796652644920499,9.71381353833619e-05,0.000632037997547571,0.000575316840496305,0.00100605818170458,0.00125327072811234,0.00241136652960404,0.00179325652874685,0.00157291665950525,0.000685763119174971,0.000277038135054986,0.00177742936260265,0.00312253593362305,0.000708540130726407,0.00242015206821023,0.000441335382543985,0.00189483553368467,0.000580542502902814,5.95605290703217e-05,0.0025005064628377,7.85773676859812e-05,0.00644728607092295,0.000616500349744575,0.00269845192317741,0.00317481589821496,0.00148575263957529,0.00594594113552747,0.00587060306626524,0.000427270607025938,0.000523986842729783,0.00110353582027591,0.000401105025636144,0.000129346255428278
