Unknown,Source001,Source002,Source003,Source004,Source005,Source006,Source007,Source008,Source009,Source010,Source011,Source012,Source013,Source014,Source015,Source016,Source017,Source018,Source019,Source020,Source021,Source022,Source023,Source024,Source025,Source026,Source027,Source028,Source029,Source030,Source031,Source032,Source033,Source034,Source035,Source036,Source037,Source038,Source039,Source040,Source041,Source042,Source043,Source044,Source045,Source046,Source047,Source048,Source049,Source050
0.00029874451604647,0.125941466196672,0.774058533803328,0.00626043263708934,0.00746908901627925,0.00119690370256361,0.000675815244110337,0.00072331420956917,0.000607648400193804,0.000206717780156824,0.000635879124684058,0.000760945459938717,0.000415875343633133,0.0027678151524107,0.000444464155031047,1.48203931581743e-05,0.00183802607485007,0.00294293887720922,0.000340622482762911,0.00653278674607654,0.000537267763129812,0.000207631272406576,0.000158593665969128,0.000970010235532939,0.000373208643504288,0.00727882669623228,0.000626115066717761,0.000817935402540139,0.00441534236527136,0.000482572248916286,0.0014909073866087,0.000871489681492893,0.00568652850438732,0.000991405717196136,0.00213605608298523,0.00204617446499059,0.000212941361097549,0.00180286676223226,0.00221693361948148,7.08240387606447e-06,0.011763135457858,0.00160759249807968,0.00278415366303758,0.00097219923893473,0.00188157097039598,0.00166176660060968,0.00108616215425213,0.00142425305785354,0.00248028517286319,0.00396475710973163,0.00291139541605169
