Unknown,Source001,Source002,Source003,Source004,Source005,Source006,Source007,Source008,Source009,Source010,Source011,Source012,Source013,Source014,Source015,Source016,Source017,Source018,Source019,Source020,Source021,Source022,Source023,Source024,Source025,Source026,Source027,Source028,Source029,Source030,Source031,Source032,Source033,Source034,Source035,Source036,Source037,Source038,Source039,Source040,Source041,Source042,Source043,Source044,Source045,Source046,Source047,Source048,Source049,Source050
0.00336510821887609,0.332044453137394,0.567955546862606,0.000277402570524613,7.05025125198337e-05,0.000317750015076516,0.00114902517641036,0.00232149496107188,0.000661827654200273,0.00215759371437718,0.00265283893801981,0.00389595346956013,0.000468703080482204,0.000604472485536302,0.000828075487604082,9.03820247894178e-05,0.00192185830182311,0.000521957222289114,0.000462146991715757,0.00152933432765083,0.00300063599440853,0.00908321757171881,7.13640367495708e-06,0.00515877519933857,0.000522589383568891,0.00470330226979262,0.00300951766869,0.00108127042646459,0.00115008236762519,0.000752693748522092,0.0025383277761645,0.000972654574064389,0.00235615290595283,0.00144032176674402,0.0028542675584398,0.00341835616958238,0.00240516082240754,0.00364709689586469,0.00307774820048497,0.000194984590609648,0.000323600667395974,0.0008652401988467,0.000629582815170364,0.00479347485087903,0.00908800026494944,0.00263609750078156,0.000656689568422646,0.00313195607204904,0.00036551065518881,0.0019483954662939,0.00089073249337604
