Unknown,Source001,Source002,Source003,Source004,Source005,Source006,Source007,Source008,Source009,Source010,Source011,Source012,Source013,Source014,Source015,Source016,Source017,Source018,Source019,Source020,Source021,Source022,Source023,Source024,Source025,Source026,Source027,Source028,Source029,Source030,Source031,Source032,Source033,Source034,Source035,Source036,Source037,Source038,Source039,Source040,Source041,Source042,Source043,Source044,Source045,Source046,Source047,Source048,Source049,Source050
0.00364585678375792,0.579234634309831,0.320765365690169,0.00253228852917622,0.000921634823741614,8.81427485628029e-05,0.000991557032469595,0.00105108413117796,0.000673595465801028,0.000261106594957488,0.00210753857208308,0.00156393886880433,0.00188758871428894,0.000143060503983522,0.000563893753173639,0.000131630370988172,0.00539337675016789,0.00219647885981398,0.000399490082631752,0.00186679688958699,1.94258191078377e-05,0.00173647735445843,0.00144661879735482,0.00114292716327849,0.0023339960721158,0.000826192360206561,0.000186228110843747,0.00301747966401086,0.00142006666587689,0.000681455246729222,0.00298511722887671,0.00385617151753665,0.00125727581773043,0.000564225490082682,3.65565290726769e-05,0.00121604384595481,0.00153000841990273,0.00385381276491888,0.00167612291406369,0.000179813397762176,0.00233988794485273,0.00051649800693309,0.00704162723262834,0.000893568558966516,0.00266442690857561,0.0146394258029201,0.00308058216818582,0.00151634986726682,0.000594450380981047,0.00370504070881411,0.00662306776482479
