Unknown,Source001,Source002,Source003,Source004,Source005,Source006,Source007,Source008,Source009,Source010,Source011,Source012,Source013,Source014,Source015,Source016,Source017,Source018,Source019,Source020,Source021,Source022,Source023,Source024,Source025,Source026,Source027,Source028,Source029,Source030,Source031,Source032,Source033,Source034,Source035,Source036,Source037,Source038,Source039,Source040,Source041,Source042,Source043,Source044,Source045,Source046,Source047,Source048,Source049,Source050
0.00334062889018016,0.587005053911409,0.312994946088591,0.000746727753623602,0.00600667707118342,0.00238266782976146,0.000731841958409166,0.00105352176131436,0.00262791954071578,0.00377071138375278,0.000175716035181322,0.000146880002233739,0.000731914040577339,0.000301070806814086,0.00101393080586145,0.00150725181786793,0.00010533782925426,0.00232972138727643,0.00336085590178275,0.00198219846636172,0.00235547916364056,0.000783493710218326,0.000494326561887937,0.00265154459691389,0.00213588989718903,0.00101376446906631,0.000494882938036698,0.00163316156148973,0.00089758869471522,0.0118869495241321,0.000682292335547831,0.00109725392893749,0.00140720087199047,0.00306162254621868,0.00519977103402824,0.00359026944225993,0.00178002531193341,2.67134511458434e-05,0.00214355487328953,0.00153626064669373,0.00131656827273024,0.000898074449858886,0.00164923341526233,0.00170580177888494,0.00245622805841204,0.0062039331170843,0.00399080427234045,0.000912786025485385,0.000240593508835341,0.00161721684416485,0.00182114141545445
