Unknown,Source001,Source002,Source003,Source004,Source005,Source006,Source007,Source008,Source009,Source010,Source011,Source012,Source013,Source014,Source015,Source016,Source017,Source018,Source019,Source020,Source021,Source022,Source023,Source024,Source025,Source026,Source027,Source028,Source029,Source030,Source031,Source032,Source033,Source034,Source035,Source036,Source037,Source038,Source039,Source040,Source041,Source042,Source043,Source044,Source045,Source046,Source047,Source048,Source049,Source050
0.0043250188081316,0.774655943201313,0.125344056798687,0.00190168092868463,0.00104365453257174,0.00146783847479015,0.0040054155083852,0.0043549669850509,0.000123899056889426,5.40385453509105e-05,7.48190080936322e-05,0.000198318057545364,0.000870044912748318,0.000604112601823535,0.00259763744139705,0.000692121135364695,0.0049899939387096,0.0057799443382462,0.000597237366157412,9.16807434827311e-05,0.00470787519303119,0.00137211882358365,0.00464444386484722,0.00188157751131828,0.00489526543511759,0.00210749384663365,0.00228082659837597,0.0082750604475073,0.000998523228902391,0.000347536657626926,0.000357738141903571,0.00155535693595025,0.000339475138708546,9.36996347726545e-05,0.00154238437462175,0.0006063968016118,0.00140832041821465,0.00433780352967139,0.00166576171037292,0.000935116246678218,0.00477777155193619,0.00131647469107561,0.00018123271628695,0.00147873409869051,0.00115334515334403,0.0058820663228205,0.00068763761555298,0.000498626420972102,0.00285222412752889,0.00181590292840172,0.00123078745051745
