Unknown,Source001,Source002,Source003,Source004,Source005,Source006,Source007,Source008,Source009,Source010,Source011,Source012,Source013,Source014,Source015,Source016,Source017,Source018,Source019,Source020,Source021,Source022,Source023,Source024,Source025,Source026,Source027,Source028,Source029,Source030,Source031,Source032,Source033,Source034,Source035,Source036,Source037,Source038,Source039,Source040,Source041,Source042,Source043,Source044,Source045,Source046,Source047,Source048,Source049,Source050
0.000241395315309945,0.281312781945014,0.618687218054986,0.000101760979641245,0.00877503812381421,0.00230753353567945,0.00115141099004026,0.00255011933458512,0.000979782356283625,0.000415426133152962,0.00382936290032987,0.00021941644152487,0.00103364668860187,0.0011596600811662,0.00216724232552314,0.00296445829187642,1.86776838554379e-05,0.00106262716167745,0.00186815166275256,0.00255970941039547,0.00074352964444433,0.000890454837489597,0.000938236845958322,0.000911706567362557,0.000277992468090148,0.00246338459370667,0.00248224392359875,0.00324771418258054,0.000672608238127661,0.00346600562550238,0.00562426719596926,0.00377104429997919,0.00196562842918988,0.00885277228101375,0.00299998367378917,0.00238902853597635,0.000676091599200084,0.00300853769331434,0.000290162158201287,0.000741598898057321,0.000986076362480326,0.00186187420104515,0.00302897879459973,0.00304607848242992,0.0020780056379135,0.00554617591251492,0.00052766213465889,4.37173089075204e-05,0.00128598500171136,0.000357855549820083,0.00141917950615687
