Unknown,Source001,Source002,Source003,Source004,Source005,Source006,Source007,Source008,Source009,Source010,Source011,Source012,Source013,Source014,Source015,Source016,Source017,Source018,Source019,Source020,Source021,Source022,Source023,Source024,Source025,Source026,Source027,Source028,Source029,Source030,Source031,Source032,Source033,Source034,Source035,Source036,Source037,Source038,Source039,Source040,Source041,Source042,Source043,Source044,Source045,Source046,Source047,Source048,Source049,Source050
0.00431604680851018,0.45504692641163,0.44495307358837,0.000940462179055115,0.000695899500242032,0.000136099061990179,0.000772304554143378,0.00231415885933602,0.00240305136740744,0.00238032927700411,0.00378258061941632,0.00316010240296687,0.00206367779138343,0.00114508164239703,0.00248596184179852,0.0100503336428924,4.74277701023595e-05,0.0025100950784127,0.000777332388828567,0.000886123904062541,0.000148219071879963,0.000982830522290345,0.0037712156685783,0.000297512206636327,0.00556760609877542,1.21973691187049e-05,0.000751040794284801,0.00103911503607173,0.00250787306510236,0.00107519056802212,0.00558942642688581,0.00446569004987821,0.00438290689400045,0.00377593418931037,1.44603812104624e-05,0.00236260881636172,0.00126202338937334,0.000142131424840877,0.00258250392079723,0.000463667744906797,0.00221769883151034,0.00430058327978609,0.00131768842019344,0.000251184028823668,0.00133263794305383,0.000825875320977637,0.00157098859599054,0.000399143302412492,0.00134988586595234,0.00173036969689598,0.00264272238612915
