Unknown,Source001,Source002,Source003,Source004,Source005,Source006,Source007,Source008,Source009,Source010,Source011,Source012,Source013,Source014,Source015,Source016,Source017,Source018,Source019,Source020,Source021,Source022,Source023,Source024,Source025,Source026,Source027,Source028,Source029,Source030,Source031,Source032,Source033,Source034,Source035,Source036,Source037,Source038,Source039,Source040,Source041,Source042,Source043,Source044,Source045,Source046,Source047,Source048,Source049,Source050
0.000125831243853564,0.443003700216225,0.456996299783774,0.00387474412831948,0.000930829629626248,0.00145275694117389,0.000981118290638265,0.0042006382296253,0.00277610780969491,0.00255634166023222,0.00221183237793064,0.000494528263408041,0.00689062274665909,0.00503358806064242,0.00350626276285257,0.000313516751687723,0.00075096943681263,0.00235266183674858,0.00510650827945563,0.000369988660668493,0.000909828344477764,0.00197206798174451,0.00301250195829004,0.00179067984701331,0.000456297368140665,0.000853973288767691,0.000332044258198622,0.000992163147770166,0.00150473593604553,0.00323704964353727,0.00274964863639248,0.00105287431508105,0.000683835715253559,0.00161846363899531,0.00469318493812988,0.00531869294045959,0.00241729172206789,7.62284767459256e-05,0.00301553096124271,0.000648830417180059,0.000649763494239043,0.00115587258545977,0.00173076529813902,0.00195007817259665,7.73548447128173e-05,0.00283973377129516,0.00429594462296945,0.00261370672855926,0.00224360708175323,0.000476297980299381,0.000702104774412485
