Unknown,Source001,Source002,Source003,Source004,Source005,Source006,Source007,Source008,Source009,Source010,Source011,Source012,Source013,Source014,Source015,Source016,Source017,Source018,Source019,Source020,Source021,Source022,Source023,Source024,Source025,Source026,Source027,Source028,Source029,Source030,Source031,Source032,Source033,Source034,Source035,Source036,Source037,Source038,Source039,Source040,Source041,Source042,Source043,Source044,Source045,Source046,Source047,Source048,Source049,Source050
0.00113640838108039,0.247722689760364,0.652277310239636,0.000569081424866226,0.00395624652341605,0.000913469400504194,0.0061581174915396,0.000860906975814646,0.00687393209221716,0.00166250114846963,0.00233019668205707,0.00432549194801446,0.00272383558439166,0.000616925989585379,0.00596007692224568,0.00209963047928181,0.00197097999633755,0.000450084269994014,0.000623897555571773,0.00382928947681975,0.00012514644248776,0.00254149980596647,0.00566152741758348,0.00254221059914462,0.00213628667913641,0.000981212926676793,0.0011897806485601,0.000937437301611388,0.000945135447577027,0.00372727144869232,0.000498888865012475,0.00165916238362222,0.00108455832853723,0.000376668958333871,0.00101302153530415,0.00523991395505012,0.00124698194454633,0.000625656301034076,0.000517617398802011,0.00269201081255146,0.000826783520195921,0.00129552928762914,0.0031256821021849,0.00072347542775658,8.29062295128845e-05,0.00238988256593377,0.00131884181341674,0.00466772102018527,0.00238977645896291,0.000271752640083375,0.000104587391701119
