Unknown,Source001,Source002,Source003,Source004,Source005,Source006,Source007,Source008,Source009,Source010,Source011,Source012,Source013,Source014,Source015,Source016,Source017,Source018,Source019,Source020,Source021,Source022,Source023,Source024,Source025,Source026,Source027,Source028,Source029,Source030,Source031,Source032,Source033,Source034,Source035,Source036,Source037,Source038,Source039,Source040,Source041,Source042,Source043,Source044,Source045,Source046,Source047,Source048,Source049,Source050
0.000377182901292824,0.225645586086089,0.674354413913911,0.000675592372787566,0.00206296758339027,0.0041738488088082,0.00114327642235111,0.00314296666937877,0.00480652572679517,0.000907560865451338,0.00405030834676614,0.00128741798659331,0.00191363215028059,0.00187327571167607,0.00234994162117395,0.00268652103953797,0.00186869738995396,0.000277045273602104,0.00163672669914416,0.000416765578477489,0.00696471219638666,0.00337989525083299,6.48692788196999e-05,0.00419027650248083,0.00363485786720443,0.00221763531940048,0.000259750152774087,0.00209238271820635,0.00533954013646799,0.00096857272083393,0.00386880810798291,0.00203130856967116,0.00379281794629504,0.00153853962761701,0.000240358200804793,0.00244099091818858,0.000873410457360852,0.00037959538469173,7.40995537385037e-06,1.52872842976063e-05,4.9623169926577e-05,0.00169439827350081,0.00159203877651457,0.00142325383755351,0.000706157946728534,0.00430562934820164,0.000119158365922976,0.000707602015602357,0.00352314698397267,0.00265398174682244,0.00327373779210191
