Unknown,Source001,Source002,Source003,Source004,Source005,Source006,Source007,Source008,Source009,Source010,Source011,Source012,Source013,Source014,Source015,Source016,Source017,Source018,Source019,Source020,Source021,Source022,Source023,Source024,Source025,Source026,Source027,Source028,Source029,Source030,Source031,Source032,Source033,Source034,Source035,Source036,Source037,Source038,Source039,Source040,Source041,Source042,Source043,Source044,Source045,Source046,Source047,Source048,Source049,Source050
0.000663142200715877,0.157267587442635,0.742732412557365,0.000631816998148128,0.000959181655382596,0.000180337117137246,0.00105250016715354,0.00242293706627471,0.00283267571161461,0.00168033623224759,0.00253386536914146,0.00149161165220999,3.98453861597547e-05,0.00902929471049683,0.00223196769932298,0.00288679152770433,0.000247981473056335,0.00422413854736908,0.000301765424434771,0.000252381135456628,0.00779825335971352,0.00212406497838929,0.000318990721057953,0.00117281277991906,0.0020995695893333,0.000531299127836241,0.000326663347569978,0.00526910616829497,0.00711381099422099,0.000709259327550908,0.00160312001806927,0.000226233706330502,0.000448564969789071,0.0030284399771905,0.000440188576729196,0.00349690976706916,0.00037427263828337,0.00223269703666124,0.00362407759805375,0.00630970894900176,0.0016853369253265,0.000938831611589953,0.00244993523978094,0.000502450032868222,0.00451243598367025,0.0034430967420248,0.000591108281013183,2.68586693615736e-05,0.00164898087442305,0.00111551754158697,0.000174834393264061
