Unknown,Source001,Source002,Source003,Source004,Source005,Source006,Source007,Source008,Source009,Source010,Source011,Source012,Source013,Source014,Source015,Source016,Source017,Source018,Source019,Source020,Source021,Source022,Source023,Source024,Source025,Source026,Source027,Source028,Source029,Source030,Source031,Source032,Source033,Source034,Source035,Source036,Source037,Source038,Source039,Source040,Source041,Source042,Source043,Source044,Source045,Source046,Source047,Source048,Source049,Source050
0.00287495151109499,0.766679182287896,0.133320817712104,0.00178373663005077,0.001930065307058,0.00150666734799143,0.000898337615933929,0.00286403267995449,0.000836248044644289,0.000220048002245321,0.00416036909790588,0.00597047972868033,0.00742758709092183,0.00101717088985949,0.00305987146946555,0.00459816157134933,0.00320308713140259,0.000735071797870592,0.00043640379037206,0.000390432666344978,0.000435196654156864,0.001512028832846,0.00246645954863335,0.00149801568200823,0.00256484526728601,4.73692741951787e-05,0.000766226803828431,0.00169107038423159,0.00086136871271409,0.000116613256741641,0.00245206729264906,0.00246548442681325,0.00052622690372973,0.00120110212087846,0.00334493460546068,0.00298733830696711,0.00195157636902944,0.000541816364247409,0.00191925418912822,0.00251540766042011,0.00166370923887226,0.00373735536972721,0.00108422829578968,0.000186412000753963,0.00226939007656337,0.00328250621067478,0.00111981399455396,0.00318114549570489,0.00592597076287412,0.000665945024679426,0.00110639850069563
