Unknown,Source001,Source002,Source003,Source004,Source005,Source006,Source007,Source008,Source009,Source010,Source011,Source012,Source013,Source014,Source015,Source016,Source017,Source018,Source019,Source020,Source021,Source022,Source023,Source024,Source025,Source026,Source027,Source028,Source029,Source030,Source031,Source032,Source033,Source034,Source035,Source036,Source037,Source038,Source039,Source040,Source041,Source042,Source043,Source044,Source045,Source046,Source047,Source048,Source049,Source050
0.000155531691731,0.45259871713638,0.44740128286362,0.0051455635564397,0.000450783100221655,0.00285500015263765,0.00125375591665343,0.0052577740250565,0.00426825992596192,0.00106395362534073,0.000376318405718127,0.000987836332636427,0.000373721413856724,0.00488539045914237,0.000871325710339065,0.000977737342332957,0.00151112501541846,0.000121054698675184,0.00148087417455086,0.00289037107663891,0.00148578613272824,0.00228674222090246,0.00127081042391728,0.00133624926586098,0.000711569810062484,0.00249762279132185,0.00691795322488077,0.000263249875736597,0.00304185081517547,0.00347691210435509,0.00389879282193691,0.000189502859027325,0.00110603874934971,0.0020341574793136,0.000133397189780042,0.00114831119374441,0.00252817925709911,0.00194669869586335,0.000191116318932719,0.000376705394551771,0.000336549099286224,0.00243489165561043,0.000103296286091008,5.90112048494215e-05,0.00155800796840124,0.00624484914745559,0.00309259238090555,0.00705082344431081,0.00311315502450241,0.00303524501395283,0.00120355552674265
