Unknown,Source001,Source002,Source003,Source004,Source005,Source006,Source007,Source008,Source009,Source010,Source011,Source012,Source013,Source014,Source015,Source016,Source017,Source018,Source019,Source020,Source021,Source022,Source023,Source024,Source025,Source026,Source027,Source028,Source029,Source030,Source031,Source032,Source033,Source034,Source035,Source036,Source037,Source038,Source039,Source040,Source041,Source042,Source043,Source044,Source045,Source046,Source047,Source048,Source049,Source050
0.00417136305374566,0.749551029704158,0.150448970295842,0.007505843280359,0.00559932462167064,0.00420549482883691,0.00104339996158023,0.00130257262926814,0.000451787314623364,0.0037290532221604,0.00107072499446635,0.00628665055961404,0.00454084512218732,0.000689103181706288,0.00143734562875234,0.000617576807376262,0.000451818016539041,2.66756808264229e-05,0.00542390135961746,0.00413555860484233,0.00085379335093541,0.0015873756252485,0.000153763930653944,0.000553010943172836,0.00162708550005163,0.00555177627085086,0.000559087909735737,0.00129034341757014,0.00199681717743659,0.000191010750385786,0.000286832641540703,0.00179269133234962,8.43476923506109e-05,0.000326590995504482,0.00190026356908877,0.000650635664523883,0.000211172330168827,0.00396050791131108,0.00408065071737129,0.000884050245636297,0.000650419953707309,0.00116109714509583,0.000560082549010053,0.000455966038047571,9.6577182428967e-05,0.00252051970239704,0.000220283775432269,0.000102576483408529,0.00547381864701914,0.00410524977680179,0.00342256190259227
