Unknown,Source001,Source002,Source003,Source004,Source005,Source006,Source007,Source008,Source009,Source010,Source011,Source012,Source013,Source014,Source015,Source016,Source017,Source018,Source019,Source020,Source021,Source022,Source023,Source024,Source025,Source026,Source027,Source028,Source029,Source030,Source031,Source032,Source033,Source034,Source035,Source036,Source037,Source038,Source039,Source040,Source041,Source042,Source043,Source044,Source045,Source046,Source047,Source048,Source049,Source050
0.00169960546845478,0.291244363145482,0.608755636854518,0.00200672775451407,0.000653190972815778,0.00118046509866533,0.000991942238903572,0.00326738066304056,0.00187732308212802,0.00136221258327318,0.00620411061996669,0.00154469549900451,0.000426574845780814,0.00348561645291902,0.000184017553128335,0.00266369464046991,0.000781114274104453,0.00373377433070455,0.000538247309862527,0.00486454190406872,0.00031889538576713,8.75217783956916e-05,0.000526517872096206,3.35080107995917e-05,0.00172705402604862,0.00367172146275872,0.00604401855824937,0.00044233934737671,0.000998717720388961,0.00250211846754117,0.00174257018399385,0.00250055593255639,0.00340513993900417,0.00174821829589839,0.00352165214244462,0.000624474394782859,0.0025783011973058,0.000508812343354076,0.00554077016636573,0.000548537949347493,0.00394445855072563,0.000110539946695462,0.00647465029970079,0.00140201147536814,0.000997853377264328,0.0030711590988402,0.00204708250660007,0.000382823600365059,0.00234152137798592,0.00204465251717057,0.00064656678300341
