Unknown,Source001,Source002,Source003,Source004,Source005,Source006,Source007,Source008,Source009,Source010,Source011,Source012,Source013,Source014,Source015,Source016,Source017,Source018,Source019,Source020,Source021,Source022,Source023,Source024,Source025,Source026,Source027,Source028,Source029,Source030,Source031,Source032,Source033,Source034,Source035,Source036,Source037,Source038,Source039,Source040,Source041,Source042,Source043,Source044,Source045,Source046,Source047,Source048,Source049,Source050
0.00159323786096932,0.45007492064545,0.44992507935455,0.000813481272740691,0.00482101382160795,0.00230023933831605,0.00103735552355879,0.000399287856358396,1.61199466694995e-05,8.08392652537556e-05,9.91236020892462e-05,0.00274925792878275,0.00283390292026593,0.000749725306230889,0.00397941938021448,0.00102386416852369,0.00185189479652761,0.00595454558419759,0.00259042192042951,0.0041894187129231,0.000684324220213713,0.00137465401184835,0.00245000150248585,0.0023511473460197,0.00802931306144678,0.00131327914606612,0.00300635400886164,0.00153150211778651,0.00419514266335605,0.00136220749073245,0.000628349145601151,0.000442289946650487,0.00312612449834912,0.00103295847395682,0.00642107012875808,0.00231869884928558,0.00110601479655077,0.00147431501431319,0.000936062516166671,0.00123883989615163,0.00377020250745993,0.00172427223434837,0.000492387666931681,0.00053033442322651,0.0012695493976988,0.00177521377124556,0.000340194049981285,0.000717584691491152,0.00127197141185262,0.00136837336948328,0.00463411843602084
