Unknown,Source001,Source002,Source003,Source004,Source005,Source006,Source007,Source008,Source009,Source010,Source011,Source012,Source013,Source014,Source015,Source016,Source017,Source018,Source019,Source020,Source021,Source022,Source023,Source024,Source025,Source026,Source027,Source028,Source029,Source030,Source031,Source032,Source033,Source034,Source035,Source036,Source037,Source038,Source039,Source040,Source041,Source042,Source043,Source044,Source045,Source046,Source047,Source048,Source049,Source050
0.00100555257033041,0.171168524487846,0.728831475512155,0.000190484612329879,0.0075025669168819,0.00109711059969518,0.0067497706545538,0.000178851577637436,0.000257923608726813,0.00121606926161617,0.00218589715645405,0.00136251735717539,0.00156572772183619,0.00122587054569595,5.28050844951261e-05,0.000577590677448855,0.00140253157637864,0.000700217721089786,0.000160048061876695,0.00328656022166217,0.00460926021747232,0.00432650210499622,0.00106642600306945,0.0027681418562106,0.00662200828289619,0.00183454607902242,0.000782272263556983,0.00826889575932153,0.00105382559492613,0.00122734510256347,0.00114836873508776,0.00153082807218792,0.000777412168364065,0.00127687733776486,0.00203460726151212,0.000615188409110011,0.00662144278417479,0.000342626917133957,0.00481167214095046,0.000580782702522102,0.000644782073328373,0.00171331637804227,0.000879839897304425,0.00637586610903063,7.13133253954635e-05,0.000206895616274114,0.000470536141214106,0.000872595889727307,0.00146758243142192,0.00221390246481964,0.00206624395471397
