Unknown,Source001,Source002,Source003,Source004,Source005,Source006,Source007,Source008,Source009,Source010,Source011,Source012,Source013,Source014,Source015,Source016,Source017,Source018,Source019,Source020,Source021,Source022,Source023,Source024,Source025,Source026,Source027,Source028,Source029,Source030,Source031,Source032,Source033,Source034,Source035,Source036,Source037,Source038,Source039,Source040,Source041,Source042,Source043,Source044,Source045,Source046,Source047,Source048,Source049,Source050
0.00255390270428365,0.642114834650341,0.257885165349659,0.00451839194865648,0.00195839565978432,0.0042539987891755,0.00864934787600445,0.00457224952666366,0.00270355004227182,0.00037196775810108,0.000168553263834624,0.000380312796854901,0.00307443093789218,0.0030719600051298,7.21890662250404e-06,0.00209678929413274,0.000913021658016548,0.00421026131334741,0.0022521764298805,0.0012942079824096,0.000304092941231759,0.00189292605485281,0.000877265649287268,0.00368552744080016,0.00309450563590475,0.00080968739447523,0.000898484862441896,0.000401260867358811,0.000132311756716271,0.000832951131095096,0.00382607077436626,0.00273959479855479,0.00277545454730138,0.00126293526647854,0.000932313660557704,0.00290103434683726,0.00269409804542109,0.000701478910172679,0.00042231728808007,0.00225801419874178,0.00215298786018021,0.000111534405531132,2.73312412988192e-05,0.00234920445396831,0.000445265779864962,0.00342490192768836,0.00119488374443487,0.00255224546548811,0.00479958999029358,0.00133252099982141,0.00111647166769283
