Unknown,Source001,Source002,Source003,Source004,Source005,Source006,Source007,Source008,Source009,Source010,Source011,Source012,Source013,Source014,Source015,Source016,Source017,Source018,Source019,Source020,Source021,Source022,Source023,Source024,Source025,Source026,Source027,Source028,Source029,Source030,Source031,Source032,Source033,Source034,Source035,Source036,Source037,Source038,Source039,Source040,Source041,Source042,Source043,Source044,Source045,Source046,Source047,Source048,Source049,Source050
0.000478525985649291,0.6237325780235,0.2762674219765,0.0010850784171141,0.00142531228077135,0.000125896506076455,0.00386848981192976,0.00186718042802252,0.00059027277805965,0.00496210617188455,0.000367807796725539,0.00877287710846343,0.00218087294112621,0.00038120838225953,0.000907868843465683,0.00164416703290499,0.00456121369157864,0.00179363162721169,0.00269203994244483,0.000324539080602417,0.00535889399310675,0.000431841402707257,0.00285788108992908,0.000728809547795377,0.00378671268656393,0.00825393805190548,0.00296344768183086,0.00310736649575655,0.00444447015445556,0.0017140370232064,0.00359185379289777,7.69476672822285e-05,0.00156479256118618,0.000863059199559137,0.000262542506736846,0.00219435259452922,0.00204520320179328,0.000187299306656927,0.00127061430064093,0.00128551217298776,0.00254760173708145,0.00264990271909606,0.00282615917302169,0.000657129363452881,0.000604286163008024,0.00165440209286907,0.00013561078565179,0.00133424015925773,0.000715494786709975,0.000993662993290616,0.000862845768742542
