Unknown,Source001,Source002,Source003,Source004,Source005,Source006,Source007,Source008,Source009,Source010,Source011,Source012,Source013,Source014,Source015,Source016,Source017,Source018,Source019,Source020,Source021,Source022,Source023,Source024,Source025,Source026,Source027,Source028,Source029,Source030,Source031,Source032,Source033,Source034,Source035,Source036,Source037,Source038,Source039,Source040,Source041,Source042,Source043,Source044,Source045,Source046,Source047,Source048,Source049,Source050
0.000432911091841889,0.70046272383706,0.19953727616294,0.00776217616826495,0.000890055344439177,5.49979915461047e-05,0.000212236962993881,0.000967711890234321,0.000674342258849094,0.0029541362319491,0.0032365349731343,0.000556852788321788,0.00097619120038402,0.0100359578249931,0.00312538325203251,0.0001811952529104,0.000106770132170921,4.21474958201682e-05,0.00243522261842832,0.0013685425098932,0.000282440137491223,0.0014444210000665,0.00149151762782075,0.00290551056409249,0.00188873896064497,0.00277829642050454,0.00105770055438192,0.00331333597539282,0.00154392855309296,0.00334022240723468,0.00374125056042977,0.00122473320279315,0.000486935541542717,0.00330222018981292,0.00011120025715564,0.000448054806310133,0.00370747965258892,0.000599940462566715,0.00173942087365443,0.000130298311521266,0.00162331634864542,0.00521285686997388,0.00154181067864873,0.00392662822020648,0.0045362028081312,0.000100386975858314,0.0025153494713357,0.00305734618117896,0.00448078978045536,0.000541504521895882,0.00091279609636431
