Unknown,Source001,Source002,Source003,Source004,Source005,Source006,Source007,Source008,Source009,Source010,Source011,Source012,Source013,Source014,Source015,Source016,Source017,Source018,Source019,Source020,Source021,Source022,Source023,Source024,Source025,Source026,Source027,Source028,Source029,Source030,Source031,Source032,Source033,Source034,Source035,Source036,Source037,Source038,Source039,Source040,Source041,Source042,Source043,Source044,Source045,Source046,Source047,Source048,Source049,Source050
0.00120639659475425,0.756833622410158,0.143166377589842,0.000950634567333029,0.000435423787379578,0.00270976460708559,0.00294197224759538,0.0024340978936179,0.000134058705689908,0.00180882255152269,0.00591833209106569,0.00186894387917136,7.15755846161485e-05,0.00334343934384502,0.00232902078694144,0.00265904857431543,0.00057751992580752,0.00314694665502124,0.00391351361053927,0.000999181834259672,0.00634161324867691,0.00632984665288071,0.000365365450103951,0.000186580415093165,0.00452395237371619,6.2588544010121e-05,0.00375183622157435,0.000308921225220378,0.0005397825865269,0.000144221496161193,0.00262372461469157,8.4019436558885e-05,0.000600476999293099,0.000618939585921733,0.00158401710014743,0.00234722336328219,0.00634742514486384,0.00244680257963526,0.00247875522364068,0.00090765541539006,0.00359033618559286,0.000632885573141598,0.00162733470139847,0.000992424984755546,0.00106546465454439,0.00330563320709322,3.9711866227225e-05,0.00170936984051639,0.00254482274385283,0.00436951277728617,8.00625476415716e-05
