Unknown,Source001,Source002,Source003,Source004,Source005,Source006,Source007,Source008,Source009,Source010,Source011,Source012,Source013,Source014,Source015,Source016,Source017,Source018,Source019,Source020,Source021,Source022,Source023,Source024,Source025,Source026,Source027,Source028,Source029,Source030,Source031,Source032,Source033,Source034,Source035,Source036,Source037,Source038,Source039,Source040,Source041,Source042,Source043,Source044,Source045,Source046,Source047,Source048,Source049,Source050
0.00190366427648533,0.525855454019503,0.374144545980497,0.00236284208741569,1.11474417309522e-05,0.00322391912205649,0.00102098656420034,0.00584102658761566,0.000339678970839186,0.000585824891027454,9.59154444630055e-05,0.00276110853436905,0.000484893964866514,0.00537708583589783,0.00270909092833801,0.00115386026727392,0.00044403304223664,0.000228767580854036,0.00231741319151717,0.00509218634965423,0.000494584541675597,0.000221585988679795,0.00119524545058213,0.00194718943828544,0.00250737285940093,0.00152974770691995,0.000496734215517432,0.00374725415167956,0.000604004969654317,0.00110850811853435,0.00279436008522979,0.000766895557565314,0.0028152937454357,0.000489534210540358,0.00316189222396664,0.00038869177738319,0.00328504919878559,0.00304511070163365,0.00794789069544505,0.00571196386999251,0.000799626964098762,0.00174437003832276,0.00429803400112773,0.00113154595105049,0.000869047317164198,0.00296829104626031,0.00618300132531632,0.0009374248656715,0.000328263523801104,0.000492330396786595,3.57099826514154e-05
