Unknown,Source001,Source002,Source003,Source004,Source005,Source006,Source007,Source008,Source009,Source010,Source011,Source012,Source013,Source014,Source015,Source016,Source017,Source018,Source019,Source020,Source021,Source022,Source023,Source024,Source025,Source026,Source027,Source028,Source029,Source030,Source031,Source032,Source033,Source034,Source035,Source036,Source037,Source038,Source039,Source040,Source041,Source042,Source043,Source044,Source045,Source046,Source047,Source048,Source049,Source050
0.000881330252575539,0.628181598607742,0.271818401392258,0.00557105379888495,0.00129164251278112,0.0010831939819727,0.00516177859871162,0.000753296033500517,0.00366183740700674,0.00228462235625147,7.34035680914217e-05,0.00140831885210174,0.002425213089752,0.000788877986449874,0.00191942132987418,0.00402830016611724,0.000589843072073828,0.00238350532216266,0.000670293447071551,0.00836549538445408,0.000512851415791878,5.04683980180231e-05,0.000351104818112843,0.00267722999590752,0.00161393266335503,0.000620922485218149,0.000901151559416979,0.00336702154939291,0.000243641646508397,0.000677941725157638,0.00363497179828402,0.000611848806775299,0.00467157003397079,0.00241985565891571,0.00228473711614377,0.00301441909273144,0.00799616191039171,0.00218963698739416,0.00176905470746917,0.00126815438637347,0.000580293656668288,0.000597295403927312,0.000998905775866215,0.00195037701927177,0.0002994057662324,0.00267424269626836,5.75379811504257e-05,0.000574960862744634,0.000479350284699277,0.00599397232512823,0.00157555431288093
