Unknown,Source001,Source002,Source003,Source004,Source005,Source006,Source007,Source008,Source009,Source010,Source011,Source012,Source013,Source014,Source015,Source016,Source017,Source018,Source019,Source020,Source021,Source022,Source023,Source024,Source025,Source026,Source027,Source028,Source029,Source030,Source031,Source032,Source033,Source034,Source035,Source036,Source037,Source038,Source039,Source040,Source041,Source042,Source043,Source044,Source045,Source046,Source047,Source048,Source049,Source050
0.00270958765533026,0.216037656567189,0.683962343432811,0.00367407277608997,0.00155643787405694,0.00205021078649333,0.00290599325345571,0.00241416623349368,0.000660330898897368,0.00532133782629595,8.13746051028818e-05,0.00186897269323305,0.000630588180884369,0.00152863307157608,0.000843628408383181,0.00316324121842714,0.00237724514282355,0.00532909710547162,0.00136065423867223,0.00551330755569851,0.00402035785288758,0.00298704410019918,0.00055690388013061,0.00623611681218453,0.000264778520699063,0.00011159225990214,0.00110120072581899,0.00487088094949292,0.00392504458644815,0.000156586350908201,0.00192790844295158,0.00130220283083287,0.000299978070653214,0.0024802687659232,0.0022962856116006,0.00361801354092749,0.00252065070782948,0.000292781363118762,0.000450023239519323,0.000632984276634877,0.000532360044949587,0.00207120864443055,0.00375326860140354,0.00138792653652708,0.000955682632420801,0.00107771996943419,0.000862143007528683,0.00178147203612013,0.00140833510855286,0.000372886954558805,0.0017565140510252
