Unknown,Source001,Source002,Source003,Source004,Source005,Source006,Source007,Source008,Source009,Source010,Source011,Source012,Source013,Source014,Source015,Source016,Source017,Source018,Source019,Source020,Source021,Source022,Source023,Source024,Source025,Source026,Source027,Source028,Source029,Source030,Source031,Source032,Source033,Source034,Source035,Source036,Source037,Source038,Source039,Source040,Source041,Source042,Source043,Source044,Source045,Source046,Source047,Source048,Source049,Source050
0.000386111436680603,0.376903840223111,0.523096159776889,0.00170076793897617,0.00690454537790917,0.00318518795614816,0.000136828931730679,0.000607452787820812,0.00313908317134179,0.00130547158000643,0.000154963446081042,0.00418597545482917,0.00764890864669743,0.00151308313383444,0.000395515909735623,0.000633445079961275,0.000736599620118721,0.000111764696571811,0.00187276515590464,0.00242778268029665,0.0034458606789319,0.000843777707714586,0.00121069955772354,0.00339016158210398,0.00155558854355471,0.000382319795952949,0.00131563007974634,0.00191100932004842,0.00692196374798538,0.000481634181762082,0.000305038678668615,0.00117277785292299,0.00301602887013094,0.000203630291830731,0.00196143949750885,0.000294931360680612,0.000598832048330214,0.00623801584472926,0.00334513691989122,0.000342783658308637,0.00110358162555742,0.00319077892049987,0.00061568313935019,0.00411624273314136,0.00158863230807423,0.00370075258431423,0.000789666802930875,0.00322734361669749,0.00120022393827516,0.000120673498860762,0.00436290760912779
