Unknown,Source001,Source002,Source003,Source004,Source005,Source006,Source007,Source008,Source009,Source010,Source011,Source012,Source013,Source014,Source015,Source016,Source017,Source018,Source019,Source020,Source021,Source022,Source023,Source024,Source025,Source026,Source027,Source028,Source029,Source030,Source031,Source032,Source033,Source034,Source035,Source036,Source037,Source038,Source039,Source040,Source041,Source042,Source043,Source044,Source045,Source046,Source047,Source048,Source049,Source050
0.00260705034327411,0.658634126067153,0.241365873932847,0.00443597113943118,0.00532098944651414,0.00386596996807845,0.00333301050393237,0.00249993031318333,0.00128263586387222,0.00390823449118463,0.00334753995921697,0.00138909512336395,0.00232719033018099,0.000231998921277757,0.00312694714305042,9.97112664598102e-05,0.000837777418893313,0.000640764434332797,0.00115532861093388,0.000670580506024054,0.000580612087059588,0.000500949245027999,0.00138490556602034,0.00241460329591611,0.00019478135399569,0.00134117213220805,0.00217564657109583,0.0019348005829856,0.00306952787859757,0.00214666314608772,0.0046049572321435,0.000447925114524069,0.00184983868994296,3.15497316742523e-05,0.000152040678769433,0.0015245792960252,0.00333208016811478,4.47951927655669e-05,0.00299487937336967,4.4967992154281e-05,0.00236883970029063,0.00275505400538039,0.00234174373704465,0.000362074400428197,0.00168482544115682,0.000168617770186324,0.00428520618107838,0.0057357848736049,0.00124013787881141,0.00376415671411523,0.00344155818622043
