Unknown,Source001,Source002,Source003,Source004,Source005,Source006,Source007,Source008,Source009,Source010,Source011,Source012,Source013,Source014,Source015,Source016,Source017,Source018,Source019,Source020,Source021,Source022,Source023,Source024,Source025,Source026,Source027,Source028,Source029,Source030,Source031,Source032,Source033,Source034,Source035,Source036,Source037,Source038,Source039,Source040,Source041,Source042,Source043,Source044,Source045,Source046,Source047,Source048,Source049,Source050
0.0010708672421685,0.301179230055032,0.598820769944968,0.000636612143894185,0.00247522911159969,0.00445071576013461,0.00247913839932521,0.0010562732877363,0.0012956885860748,0.000691934415198085,0.00128935719170678,0.00119505608169105,0.00109061622808477,0.00504640915499129,0.000855539294836805,0.00741683113779759,0.000282782960186528,0.00611966242743856,0.00128184262799619,0.001097614523189,0.000850198503852232,0.000728292172139523,0.00422157121979704,0.00120784568887697,0.0016196253400717,0.000472081074297304,0.00114814347120972,0.000399337239075975,0.00186150117833913,0.000890486502716475,0.00106423702052169,0.00186299198202551,0.00139948845768849,0.00352545429928051,0.00562411985755475,0.000110490948973809,0.000831326815576516,0.000778337735990925,0.00455821069100329,0.00365468810768367,0.00327062733995266,0.000364537746408284,0.00248296925462884,0.00324548594715915,0.00382325626577872,0.00133738590876215,0.00384004357835652,0.00185134138716136,0.000929208017576512,0.000979956303173643,0.00123458937031697
