Unknown,Source001,Source002,Source003,Source004,Source005,Source006,Source007,Source008,Source009,Source010,Source011,Source012,Source013,Source014,Source015,Source016,Source017,Source018,Source019,Source020,Source021,Source022,Source023,Source024,Source025,Source026,Source027,Source028,Source029,Source030,Source031,Source032,Source033,Source034,Source035,Source036,Source037,Source038,Source039,Source040,Source041,Source042,Source043,Source044,Source045,Source046,Source047,Source048,Source049,Source050
0.000318833333867197,0.443844746825049,0.456155253174951,0.00729161282211623,7.2011860159753e-05,0.00461787842856272,0.0027811852613304,0.000346291292347797,0.00105465873397839,0.00160210548439557,0.00194601788223461,0.00129447045820708,0.00290972121622654,0.00971070861025549,7.0690054933679e-05,0.000207669649563382,0.000968456224914934,0.000373414031723604,0.0019574787919853,0.00148033656225614,6.00928577825257e-05,0.00465834961345186,0.000712619673675876,0.00130305188620904,0.00112875596744257,0.000773944525791635,0.000155461809631558,0.000312684152725017,0.00109056894839633,0.00307491001988474,0.000942596528711736,0.00425364401902891,0.0124565472522609,0.000631076285511517,0.00108092786943809,0.000472894682261076,0.00621901056282991,0.00378132314343888,0.00040002116915438,0.000673575549063539,0.000471037474560711,0.00017743229918131,0.0057262713927685,0.00160828125440387,0.000443952543156215,0.00151427952319892,0.00200233101151468,0.00228054134607557,0.00123363854703222,0.000353433454067984,0.00100320393829107
