Unknown,Source001,Source002,Source003,Source004,Source005,Source006,Source007,Source008,Source009,Source010,Source011,Source012,Source013,Source014,Source015,Source016,Source017,Source018,Source019,Source020,Source021,Source022,Source023,Source024,Source025,Source026,Source027,Source028,Source029,Source030,Source031,Source032,Source033,Source034,Source035,Source036,Source037,Source038,Source039,Source040,Source041,Source042,Source043,Source044,Source045,Source046,Source047,Source048,Source049,Source050
0.00343440907426997,0.391366887484272,0.508633112515728,0.00218723774706641,0.000748639441492676,0.00155025874103242,0.00334947836967594,0.00026379055103523,0.00468356727313731,0.00090716354545382,0.0059709471610531,0.000913035061715255,0.000354248941219265,0.000126139955616724,0.00156859200784714,0.00397244063669153,0.00100933834450504,0.00227556065392927,0.00349575418825122,0.00131081471408873,0.00212673063598769,0.0026413012396154,0.00223912680826814,0.00115537278666497,0.0015424988021066,4.38597667383431e-05,0.00248633285088251,0.00194911972947271,0.00176385402187238,0.000882836977734483,0.000612603993157405,0.00241213340407565,0.0044526919145678,0.00317850144399666,0.00173279895650321,0.000688043868850798,0.000718957940411209,0.000537029302251755,0.00616224278982567,0.00234039193099643,0.00371999873309303,0.00190503539678028,0.00236484963027842,0.00287875671615817,0.00273360869320158,0.00220329080437826,0.00139623003868838,0.00122328079965459,0.00202830861396353,0.000187041763527481,0.00157175323821537
