Unknown,Source001,Source002,Source003,Source004,Source005,Source006,Source007,Source008,Source009,Source010,Source011,Source012,Source013,Source014,Source015,Source016,Source017,Source018,Source019,Source020,Source021,Source022,Source023,Source024,Source025,Source026,Source027,Source028,Source029,Source030,Source031,Source032,Source033,Source034,Source035,Source036,Source037,Source038,Source039,Source040,Source041,Source042,Source043,Source044,Source045,Source046,Source047,Source048,Source049,Source050
0.00189856428212763,0.274681960341486,0.625318039658514,0.00415820517787488,0.000133110695249855,0.00393503362714592,0.00385143598443855,0.000332332093222207,0.00365048922178304,0.00136712925074105,0.0015427104945304,3.48169273470825e-05,0.000519400543656615,0.00266796730111003,0.00197234789680429,0.00115160524230289,0.000677250017699751,0.00128189744434901,0.00382919366030719,0.00095372593546079,0.00922231024839119,0.00460264919012381,0.00130119063196731,0.000474001404193593,0.000864926736155295,0.000683713569842147,0.000420391913059277,0.000428146617954903,0.00469865217827279,0.00715955351135166,0.00180701956635878,0.0016662631622125,0.00093889200064678,0.000380005914568532,0.00213013860009763,0.00196683868899808,0.000285582979394761,0.00187576870896304,0.00353949738963082,0.00183478031438627,0.000846439434831635,0.000437483351656576,0.0028733127453284,0.00359120645812349,0.00163192853072651,0.00104388056454798,0.0023528948299999,0.00101714741443426,0.000629124828593331,0.00232630212684999,0.00301274059218759
