Unknown,Source001,Source002,Source003,Source004,Source005,Source006,Source007,Source008,Source009,Source010,Source011,Source012,Source013,Source014,Source015,Source016,Source017,Source018,Source019,Source020,Source021,Source022,Source023,Source024,Source025,Source026,Source027,Source028,Source029,Source030,Source031,Source032,Source033,Source034,Source035,Source036,Source037,Source038,Source039,Source040,Source041,Source042,Source043,Source044,Source045,Source046,Source047,Source048,Source049,Source050
0.000111491890576393,0.533687535650977,0.366312464349023,0.00080441219310572,0.000538856769740004,0.00138771969958553,0.00437906604557,5.46499754186598e-05,0.00208221496611882,0.000342866631377578,0.000230073604160026,0.00759221862967571,0.00163382457575415,9.591166950545e-05,0.000834910039264436,0.0026488929893412,0.00361949838820439,0.000493040367550853,0.00590333705211845,0.000324081993078029,0.00429877181456431,0.000609226743135031,0.0018490469156644,2.67664115909338e-05,2.70629790441607e-06,0.00123757675698089,0.00153068706968444,0.00240845013574567,0.00154954849587119,0.00575913000883783,0.00113195147496789,0.00392689782514234,0.00116601136541736,0.00115231245657014,0.000139695513364222,0.00223781057118826,0.0039767085291041,0.00207332474361425,0.00166032074482237,0.00160065938153843,0.00381950226528192,0.00649187224939007,0.000536372561680696,0.00241494521446801,0.000461956792309528,0.00175793263048538,0.000580025283174928,0.000451190914646167,0.00581502176224769,0.00314367206817093,0.00311283752229078
