Unknown,Source001,Source002,Source003,Source004,Source005,Source006,Source007,Source008,Source009,Source010,Source011,Source012,Source013,Source014,Source015,Source016,Source017,Source018,Source019,Source020,Source021,Source022,Source023,Source024,Source025,Source026,Source027,Source028,Source029,Source030,Source031,Source032,Source033,Source034,Source035,Source036,Source037,Source038,Source039,Source040,Source041,Source042,Source043,Source044,Source045,Source046,Source047,Source048,Source049,Source050
0.00484034871053326,0.647934318026614,0.252065681973386,0.000105858052816177,0.00428318124787542,0.000287186977946648,0.00504232886977707,0.00310413450525004,0.00190560008944787,0.000225203634368984,0.00114910993553048,7.4500380923424e-05,0.000168845512698136,0.00119045570716581,0.00107688538321768,0.000432879987042521,0.000908063922642817,0.000150974927109012,0.00110651585233854,0.00562992124961492,0.00186927478332911,0.000842865529990751,0.00394538104044286,0.000431741699941631,0.00117378653862376,0.000627451916270898,0.00195196037615501,0.00111626013919844,0.00120824763933683,0.00430010972033754,0.000541680944685911,0.00548961431988196,0.000703043009175374,0.00380072236467054,0.00811264241070328,0.00350278176691564,0.00289908329286621,0.00187495179261593,0.00148435586353104,0.00214705358928287,0.00155139885762531,0.000834942537923379,0.00014882271950921,0.00114548715001551,0.000539636343108982,0.0016469970646578,0.000425295718966798,0.00117634194154517,0.0100548072071204,0.00229275988138436,0.000478506893888635
