Unknown,Source001,Source002,Source003,Source004,Source005,Source006,Source007,Source008,Source009,Source010,Source011,Source012,Source013,Source014,Source015,Source016,Source017,Source018,Source019,Source020,Source021,Source022,Source023,Source024,Source025,Source026,Source027,Source028,Source029,Source030,Source031,Source032,Source033,Source034,Source035,Source036,Source037,Source038,Source039,Source040,Source041,Source042,Source043,Source044,Source045,Source046,Source047,Source048,Source049,Source050
0.000143522688822514,0.760623654001227,0.139376345998773,0.00240379023985281,0.00294845082057501,0.000607722228483883,0.0025721930666561,0.00120588473138291,0.000604464120421348,0.0019467774241733,0.0005962485705897,0.00146975878123833,0.00224747976688253,0.00250206941648051,0.00232801244850361,0.000403746259826888,0.0021939298138866,0.000454263891949183,0.00290513953460753,7.49288497346267e-05,0.00108351907383697,0.000749879638700352,0.00719054105697296,0.00361989398093644,0.00240641631215029,0.000303810007413461,0.000858635220910343,0.000159519141519,2.99991926009081e-05,0.00570437709911666,0.000224847028624846,0.00176857692646329,0.000510499024080608,0.000449461116561745,0.00376334975744907,0.000754497029830151,0.000439514366519305,0.00186450559138273,0.000240750788129118,0.0021802880218507,0.000358844281369166,0.00284578252233886,0.00399040752291203,0.00640908255906023,0.00144357896576618,0.00584264087150883,0.00797621803043706,0.00524070222969392,0.000374130080725972,0.00216324056679976,0.00144410934027166
