Unknown,Source001,Source002,Source003,Source004,Source005,Source006,Source007,Source008,Source009,Source010,Source011,Source012,Source013,Source014,Source015,Source016,Source017,Source018,Source019,Source020,Source021,Source022,Source023,Source024,Source025,Source026,Source027,Source028,Source029,Source030,Source031,Source032,Source033,Source034,Source035,Source036,Source037,Source038,Source039,Source040,Source041,Source042,Source043,Source044,Source045,Source046,Source047,Source048,Source049,Source050
0.000629160941539603,0.340378904578886,0.559621095421114,0.00136703101363912,0.0009762947450994,0.0056557001920274,0.00556435425899531,0.00310245990557744,0.00181360876864156,0.00270488513767055,0.000491859529179756,0.0017167241334402,0.000450591496640242,0.0014511479403857,0.00481134512571931,7.54089798165796e-05,0.00408288638430049,0.00434762316142774,0.0012327932482722,0.0106807153258775,0.00461083373024964,0.00017314242253998,0.00130095029396511,6.3972591119531e-05,0.00468370558888858,0.00158859050387143,4.8254024956513e-05,0.00181347759184117,0.00746336099498193,0.00130528761907952,0.00127321145702558,0.000588258852869897,0.00245736288365291,0.00140168892661499,8.80844168993826e-05,0.000330324452553128,0.000706492223803388,0.000303599828788953,0.000160819484955961,0.000243104381714288,0.0016194899816904,0.00290791000658843,0.000476024994015755,0.00166308947319773,0.000962925679674041,0.000445350855761771,0.00107405618717747,0.00174330821073128,0.00399961734102815,0.0018549337013389,0.00149418101017406
