Unknown,Source001,Source002,Source003,Source004,Source005,Source006,Source007,Source008,Source009,Source010,Source011,Source012,Source013,Source014,Source015,Source016,Source017,Source018,Source019,Source020,Source021,Source022,Source023,Source024,Source025,Source026,Source027,Source028,Source029,Source030,Source031,Source032,Source033,Source034,Source035,Source036,Source037,Source038,Source039,Source040,Source041,Source042,Source043,Source044,Source045,Source046,Source047,Source048,Source049,Source050
0.000413479151263477,0.195877600533734,0.704122399466266,0.000635539004991692,0.000390166685143155,0.000155575902097338,0.00683914251218166,0.000245245481535741,0.000974021937223766,0.000492868560832192,0.00292697746960337,0.00515411800595652,0.00315040287337095,6.65154570140113e-05,0.00301985833561191,0.00125652236277354,0.000843573921349803,0.000650355952673649,0.00119297630207703,0.00233045799919609,0.0010971027815107,0.0026777091713203,0.000650628373126447,0.000727479754255542,0.0138673927946538,0.000320679713558177,0.00418083518819934,0.00174151039204228,0.000580204667610582,0.00494481362654474,0.00533469804744665,0.00148495594411649,0.00272221758434992,0.000168579842491261,0.00183056423195699,0.000493950505507227,0.00759223191464704,0.000154327795428413,0.00285466485889849,0.000248667435526266,0.00109250885236573,0.000802547210945426,0.000826928785463763,0.000926808220705458,0.00247746809528964,0.00273927470640844,0.00021867398320379,0.000118723879660988,0.00033682422121882,0.00348492651530009,0.00256430299135125
