Unknown,Source001,Source002,Source003,Source004,Source005,Source006,Source007,Source008,Source009,Source010,Source011,Source012,Source013,Source014,Source015,Source016,Source017,Source018,Source019,Source020,Source021,Source022,Source023,Source024,Source025,Source026,Source027,Source028,Source029,Source030,Source031,Source032,Source033,Source034,Source035,Source036,Source037,Source038,Source039,Source040,Source041,Source042,Source043,Source044,Source045,Source046,Source047,Source048,Source049,Source050
0.000349562015795772,0.518519491847557,0.381480508152443,0.00207777432242839,0.00472969430544287,0.000458353137890974,0.00283861427093913,0.00129368654435579,0.000294002099689392,0.00149910396425947,0.00090550453796277,0.000802892293555589,0.000942419624339765,0.00151079769693143,0.0015334423647481,0.00273204824505262,0.000121701524261455,4.02728965538577e-05,0.0073222679605012,0.00236830564783367,0.000626712152483259,0.00326401775758875,0.00377046626972532,0.00302547155927414,0.00182277421736958,0.00237363554567833,0.00181404762713379,0.0024927296159117,0.000559012405382245,0.00015840303480137,0.002941972244532,0.000315340360016828,0.000274046590947754,0.00236147593478001,8.68550345551095e-05,0.00275288259468279,0.00991015872779448,0.00103069404818325,0.00132968126482057,0.0062527765804747,0.0053554233305386,0.00133969316031725,0.00268631534399841,0.000620072332919682,0.00213196889773728,0.000787044084222685,0.00247041037508685,0.000586380086655463,0.00146717097442363,0.00251350352854078,0.00105842086688111
