Unknown,Source001,Source002,Source003,Source004,Source005,Source006,Source007,Source008,Source009,Source010,Source011,Source012,Source013,Source014,Source015,Source016,Source017,Source018,Source019,Source020,Source021,Source022,Source023,Source024,Source025,Source026,Source027,Source028,Source029,Source030,Source031,Source032,Source033,Source034,Source035,Source036,Source037,Source038,Source039,Source040,Source041,Source042,Source043,Source044,Source045,Source046,Source047,Source048,Source049,Source050
0.00138640244920567,0.352857172941507,0.547142827058493,0.000508368497901389,0.000385714494158088,0.00133327655846573,0.0040266938706953,0.00199965627222137,0.00416946763777926,0.00294371841807745,0.002102131671763,0.00159538096719127,0.000947625130041484,0.00298553055058515,0.000920525256898467,0.000130614273146019,0.00399210391413136,0.00248578793957812,0.00109464711773488,0.00169528450110872,0.0065264759849388,0.0018557512139028,0.000292984018618956,0.00122320598051453,0.00291976058060405,0.00139420100269133,0.00337903719359703,0.000354707949769025,0.000377211317649221,0.000708890420637762,0.00510009883856091,0.00241029029374588,0.00498486592293537,4.0093333110998e-05,0.00466239482469672,6.56737049188035e-05,0.00171275218108784,0.000657021576261566,0.000185354183453659,0.000873514807591759,0.000364438956409669,0.00107116588087198,0.00278769772952418,0.000827967685148935,0.00102429743548498,0.0113116661419363,0.00136366500661558,0.00123816981577833,0.00417786308282995,6.07451217612503e-06,0.0013997789032542
