Unknown,Source001,Source002,Source003,Source004,Source005,Source006,Source007,Source008,Source009,Source010,Source011,Source012,Source013,Source014,Source015,Source016,Source017,Source018,Source019,Source020,Source021,Source022,Source023,Source024,Source025,Source026,Source027,Source028,Source029,Source030,Source031,Source032,Source033,Source034,Source035,Source036,Source037,Source038,Source039,Source040,Source041,Source042,Source043,Source044,Source045,Source046,Source047,Source048,Source049,Source050
0.00141627116573633,0.156160100952956,0.743839899047044,0.000767148806141984,0.00056692901743035,0.00219421763044361,0.000550568639881303,0.00131909422629523,0.00430475953635214,0.00472539740561368,0.00131671081794615,0.000527329715948231,0.00187774711650865,0.00158476619927157,0.00507743287520065,0.000310219799880397,0.000127612424920369,0.00130599802334418,0.00658888110820025,0.000624268909072764,0.00328194846083885,0.00287079489844725,0.00516778216759776,0.00345882799323794,0.00151106273404507,0.000229274643883685,0.00371822947306689,0.00107201862118269,0.00451381287098706,0.00170084850417051,0.00394383318269887,0.00420063608858551,0.000692586486631632,0.00451232954336265,0.000120077193329154,0.000913675273590715,0.00184587034805971,0.000851896827785005,0.0014670949544462,0.000292380034168906,0.000222586762631703,0.00146823117200351,0.00281749665390873,0.00299004714483408,0.00363843564389912,0.000175373005251071,0.000242519569365354,0.000561140426332822,0.00294078072522148,0.00326239588497802,0.000130659293270159
