Unknown,Source001,Source002,Source003,Source004,Source005,Source006,Source007,Source008,Source009,Source010,Source011,Source012,Source013,Source014,Source015,Source016,Source017,Source018,Source019,Source020,Source021,Source022,Source023,Source024,Source025,Source026,Source027,Source028,Source029,Source030,Source031,Source032,Source033,Source034,Source035,Source036,Source037,Source038,Source039,Source040,Source041,Source042,Source043,Source044,Source045,Source046,Source047,Source048,Source049,Source050
0.000482063211682426,0.670056536620443,0.229943463379557,0.000137112301064362,0.00075519265481615,0.000955529565291467,0.00343165785687576,0.000214089525501193,0.00387384347854387,0.000419044452898488,0.000393161212324206,0.00175044339882386,0.00586780042502575,0.000592284645279319,0.000148018032257467,0.00465959009601677,0.00254813124480115,0.00272834458851363,0.000500053150962505,0.000284983509827836,0.00108382722188182,0.000612855642844171,0.000218467495337661,0.00102418658382868,0.000387536837653555,0.00120758869750871,0.000434133485180935,0.00211533065996548,0.00181268887446951,0.000662520511663905,0.00201792113436428,0.00449622300780018,0.000167828574665947,0.00137892070423782,0.00193116836689745,0.0114944400705233,0.00184185414876594,0.0087312760238396,0.000468815169777673,0.000885234539108892,0.00134619961761437,0.00277337088714125,0.0046565707589274,0.00182904561939266,0.00256702914021264,0.00909255996634161,0.00140160098002572,0.000157091428792918,0.00124730088990125,0.0021854083448439,2.96612659845481e-05
