Unknown,Source001,Source002,Source003,Source004,Source005,Source006,Source007,Source008,Source009,Source010,Source011,Source012,Source013,Source014,Source015,Source016,Source017,Source018,Source019,Source020,Source021,Source022,Source023,Source024,Source025,Source026,Source027,Source028,Source029,Source030,Source031,Source032,Source033,Source034,Source035,Source036,Source037,Source038,Source039,Source040,Source041,Source042,Source043,Source044,Source045,Source046,Source047,Source048,Source049,Source050
0.00129151107440521,0.688844317389095,0.211155682610905,0.00110623324003878,0.00010596844110835,0.000265529141241231,0.00230851122269652,0.00215463068669408,0.00156321404972221,0.0050446797883482,0.00080358910404376,0.0029850097000322,0.00263010254224826,0.00122362111932283,0.00252586239220299,0.00371638311789868,0.000596394590669388,0.00109782339469706,0.00242599228113296,0.000217063205435756,0.000885585029760351,0.00161854608374905,0.00328214357241558,0.00167753100016989,0.00200474150821858,0.00280876627979857,0.00423413842635501,0.0019412758420783,0.00157221786293145,0.00591902374999192,0.00642862510834865,2.22426509398132e-05,0.00134488507210802,0.00353964874896665,0.0049710067752682,0.00060812321640606,0.0001746568530562,0.000669685399557361,0.00255863573557498,0.00249058951826005,0.000104354449508924,0.000773230702267226,0.00388035596794197,0.0023228936171301,0.000310043130448346,0.00482216550663111,0.00345838520360335,0.000484417195002464,0.000966024115255003,0.00135924775245615,0.000704694833862196
