Unknown,Source001,Source002,Source003,Source004,Source005,Source006,Source007,Source008,Source009,Source010,Source011,Source012,Source013,Source014,Source015,Source016,Source017,Source018,Source019,Source020,Source021,Source022,Source023,Source024,Source025,Source026,Source027,Source028,Source029,Source030,Source031,Source032,Source033,Source034,Source035,Source036,Source037,Source038,Source039,Source040,Source041,Source042,Source043,Source044,Source045,Source046,Source047,Source048,Source049,Source050
0.000644240162726862,0.759377481245842,0.140622518754158,0.000723503345183191,0.00512107232396627,0.00793740976936493,0.000543287052392605,0.00710620645899062,0.00161621887568951,0.00338204725495107,0.00125097163318682,0.00247668680352717,0.000732115230328315,0.00392647395419354,7.76682134088682e-05,6.65378251295059e-05,0.0018814878662653,0.00923723624216366,0.000410736115632492,0.000517360562012934,0.000207184914768046,0.000350971192835625,0.00195351529196173,0.00077346340470193,0.00197643135858795,0.00115981981098668,0.00334568960045693,0.00106653781978691,0.00217897747176094,0.000234391560441082,0.002743745225569,0.00126970791626381,0.00104688952555984,0.00348215520242114,5.11052345683834e-05,0.000936754037473372,0.000580739948676832,0.00461131329804361,0.00109488054570451,0.000587691593869709,0.00248170097836953,0.000582093345075609,0.00508157746500111,0.0036698566711587,0.00350772008425924,0.000585481808330236,0.00213756009408859,0.000559106941419542,0.00170358673990992,0.00155230653582836,0.000835784693007432
