Unknown,Source001,Source002,Source003,Source004,Source005,Source006,Source007,Source008,Source009,Source010,Source011,Source012,Source013,Source014,Source015,Source016,Source017,Source018,Source019,Source020,Source021,Source022,Source023,Source024,Source025,Source026,Source027,Source028,Source029,Source030,Source031,Source032,Source033,Source034,Source035,Source036,Source037,Source038,Source039,Source040,Source041,Source042,Source043,Source044,Source045,Source046,Source047,Source048,Source049,Source050
0.000824950416269804,0.771372319324872,0.128627680675128,0.00353913656787645,0.000578804651890983,0.00204682425635713,0.000997103244011466,0.000895656153944754,0.00886177988571277,0.00860889643310952,0.000572516100848137,0.00103522340462191,0.000335166195739292,0.000268597060964242,0.000996864760410955,0.00193378882053652,0.00566492206642365,0.00126470192486197,0.00353929185786359,0.00249166774518953,0.000505880017489874,8.27042497643583e-05,0.000880179409747947,0.00485692804831933,0.00199956523624736,0.00139447815476673,0.000206896400703845,0.0019394194978345,0.00178826203030594,0.000551724790718766,0.00319302319816996,0.00146960753580017,0.000874946113239134,0.00810212417487681,0.00203226236603135,0.00178592867264787,0.000612991420348949,0.00105157800624831,0.00224275246111983,0.0001422452907879,0.00419600150722442,0.00100518725427052,0.001928569118823,0.003790004388495,0.000702605124483536,0.000431541091587144,0.000149496195579661,0.000226680041203802,0.00216918082719062,0.000190662892060673,0.00504068293728002
