Unknown,Source001,Source002,Source003,Source004,Source005,Source006,Source007,Source008,Source009,Source010,Source011,Source012,Source013,Source014,Source015,Source016,Source017,Source018,Source019,Source020,Source021,Source022,Source023,Source024,Source025,Source026,Source027,Source028,Source029,Source030,Source031,Source032,Source033,Source034,Source035,Source036,Source037,Source038,Source039,Source040,Source041,Source042,Source043,Source044,Source045,Source046,Source047,Source048,Source049,Source050
0.000368619958597371,0.568713586141738,0.331286413858262,0.00249562148691661,0.001261396795837,0.00151405725547189,0.00306792982130321,0.000902916075806101,0.00489311353075637,0.00120151125231284,0.00126754458386674,0.0050086450078529,0.00526521789415721,0.000223713940414858,0.00329240508289,0.00216667797456638,0.00176400098871197,0.00123777744098623,0.00147732287401156,0.0022445462531708,0.00353770137508755,0.0018986007096372,0.00116780097952814,0.00163096312442232,0.00014893082752329,0.00365695846389925,0.0015766425285749,0.00078580734505573,0.000632757567347735,0.00410871834954115,0.00189198436948733,0.00718140602381006,0.00160512772719124,0.000276961898090894,0.00221686984733019,0.000205150118607097,0.000887439230642683,0.00495948943552281,0.00111973524571495,5.20609784470444e-05,0.00267714979727687,0.00312580259425388,0.00158050187206941,0.000581858635270971,0.00105723331072843,0.000421449263547423,0.00128425842494991,0.00137541458073468,0.00109522598228111,0.00239801688789607,0.00520896428789962
