Unknown,Source001,Source002,Source003,Source004,Source005,Source006,Source007,Source008,Source009,Source010,Source011,Source012,Source013,Source014,Source015,Source016,Source017,Source018,Source019,Source020,Source021,Source022,Source023,Source024,Source025,Source026,Source027,Source028,Source029,Source030,Source031,Source032,Source033,Source034,Source035,Source036,Source037,Source038,Source039,Source040,Source041,Source042,Source043,Source044,Source045,Source046,Source047,Source048,Source049,Source050
0.00115486684513955,0.306282585577734,0.593717414422266,0.00432725204407802,0.0025275238625449,0.0167888576982355,0.000126517125646683,0.00102735768719209,0.000797735650228404,0.00589288425979038,0.00111216430941913,0.0017299707375623,0.000206090524965427,0.00130257835951953,0.00204117200740104,0.00102587743021752,0.00296312770118647,0.000469205282642581,0.00223804708649901,0.000527698941770599,0.00342493121652563,0.00262832959866746,0.00306044919996924,0.000231799953249909,0.0012818313973811,0.00314777079222224,0.00129090293662226,0.00245294659349273,0.000475362869462475,0.00284223782077743,0.00415033235474732,0.00179136348208662,0.000231836417214976,0.00500117967520245,0.00191782164053409,0.0041229391631476,0.000625566363148158,0.000177316730328046,0.000317416876459659,0.000155305604738687,0.00270077236448626,8.30111111780741e-05,0.00133889820279039,0.000747981530808749,0.000990850751353729,0.00212185090877392,0.00105374587406579,0.0024700087667337,0.00192649284896826,0.000854246389938516,0.000125573010885442
