Unknown,Source001,Source002,Source003,Source004,Source005,Source006,Source007,Source008,Source009,Source010,Source011,Source012,Source013,Source014,Source015,Source016,Source017,Source018,Source019,Source020,Source021,Source022,Source023,Source024,Source025,Source026,Source027,Source028,Source029,Source030,Source031,Source032,Source033,Source034,Source035,Source036,Source037,Source038,Source039,Source040,Source041,Source042,Source043,Source044,Source045,Source046,Source047,Source048,Source049,Source050
0.00264622980595981,0.57985244813067,0.32014755186933,0.000758629083521122,0.00208658080277257,0.00155238080765664,0.000409812523262092,0.00398166418967328,0.000238078954408159,0.000164949163297557,0.00340860511649839,0.000720783738531678,0.000667892815674187,0.000263007052496565,0.00186190740522185,0.00140063052496971,0.000311201192832525,0.000851070389374239,0.00491361797573241,0.00530248728864876,0.00506663258160818,0.000436603355932825,0.000532334894249508,0.00446233378325049,0.00361841200015282,0.0006284381701898,0.000733742870793595,0.000220791634702811,0.00763142571371256,2.9856542302967e-05,0.00274334881265816,0.00559436005290395,0.00205998999908706,0.00218084380908461,0.000872800685627205,0.000668630014967614,0.00369270070622831,0.00167399532036562,0.00168857059151164,0.00210504993986794,0.000677231628926234,0.00202957461773919,0.00538785330672739,0.00144446561322953,0.00100931176468373,0.00117431534683125,0.000164919761798392,0.00147944309726675,0.00235913282771829,0.0046486945798419,0.00144466714550814
