Unknown,Source001,Source002,Source003,Source004,Source005,Source006,Source007,Source008,Source009,Source010,Source011,Source012,Source013,Source014,Source015,Source016,Source017,Source018,Source019,Source020,Source021,Source022,Source023,Source024,Source025,Source026,Source027,Source028,Source029,Source030,Source031,Source032,Source033,Source034,Source035,Source036,Source037,Source038,Source039,Source040,Source041,Source042,Source043,Source044,Source045,Source046,Source047,Source048,Source049,Source050
0.000214813058765934,0.558182587069202,0.341817412930798,0.0011013579466228,0.00111549825284584,0.00212065940889898,0.00093433737185218,2.61723650334836e-05,0.000474638867882218,0.00463292320399853,0.00267368896242495,0.00580402480267411,0.00512564828971709,0.0032486433778315,0.00669272952482276,2.2636837700805e-05,0.000945153419977785,0.000980617001666741,0.000262006442627265,0.00195377772996927,0.00218713844146477,0.000935129005192089,0.00288823391102383,0.000644516378861392,0.00141309347886217,0.00212663391599182,0.00114689985966284,0.00747601649583414,0.00231897046229097,0.000289399637849733,0.00122095273000093,0.00203052219792688,0.00583774726556416,0.000470457406271014,0.00198719512070283,0.0006974395966362,0.000937523510487356,0.000167738993078294,8.12384574726541e-05,0.0026526787522727,0.00232996453049018,0.00470303628817707,0.00066119601025957,0.000959557593003118,0.000217779209993356,0.00189924597804066,0.00484410920283088,0.00166895188766514,0.000683074898473203,0.00221398019771858,0.00398025172058919
