Unknown,Source001,Source002,Source003,Source004,Source005,Source006,Source007,Source008,Source009,Source010,Source011,Source012,Source013,Source014,Source015,Source016,Source017,Source018,Source019,Source020,Source021,Source022,Source023,Source024,Source025,Source026,Source027,Source028,Source029,Source030,Source031,Source032,Source033,Source034,Source035,Source036,Source037,Source038,Source039,Source040,Source041,Source042,Source043,Source044,Source045,Source046,Source047,Source048,Source049,Source050
0.00106869501417019,0.228201609098937,0.671798390901063,0.00261065648382824,0.000991709175537818,0.000943280512010277,3.87259422570315e-06,0.00123676398653969,0.0043926449609834,0.00489961936769452,0.00107125843069878,0.00209062386618954,0.00033598926548852,0.000589161068273966,0.00496255037350753,0.00121065678243229,0.00115028749512016,0.00220961155445571,0.00387780593155678,0.00154166984123331,0.000342027329594766,0.00109650572550358,0.00392829436826608,0.00818175427245995,0.00174502069277969,0.000333709235780431,0.00563224116505959,0.00227950196703151,8.25648378764646e-05,0.00092874403757204,0.0043951244484593,0.00314649786654684,0.00251919520773627,0.00106425247817138,0.000512359185046409,0.000852060389892903,0.000807420997070914,0.0025069599076852,0.00103500422654057,0.000748765883192285,0.00359177243158515,0.00144303260587699,0.00429495935101169,0.00122317599668182,5.35756117165044e-05,0.0030893344281079,8.16926661945663e-05,3.15267516818293e-05,0.000369245683854147,0.00387506832002308,0.00462175522705368
