Unknown,Source001,Source002,Source003,Source004,Source005,Source006,Source007,Source008,Source009,Source010,Source011,Source012,Source013,Source014,Source015,Source016,Source017,Source018,Source019,Source020,Source021,Source022,Source023,Source024,Source025,Source026,Source027,Source028,Source029,Source030,Source031,Source032,Source033,Source034,Source035,Source036,Source037,Source038,Source039,Source040,Source041,Source042,Source043,Source044,Source045,Source046,Source047,Source048,Source049,Source050
0.00164014834519836,0.313093132697335,0.586906867302665,0.00485299621309972,0.000895540109048338,0.00464911674979055,0.00368715885420568,0.00437684342677151,5.15457431595584e-05,0.000625398561846182,0.000151538790748457,0.000617917432788444,0.0047720241395597,0.00570336921546224,0.000497661922263084,0.00430391710234146,0.000385845385991563,0.00076630745802899,0.00188825764460713,0.00327169358663096,0.000387978785743356,0.00201073155607235,0.00457797167718163,0.00398443307870329,0.0027235048117445,0.000465263647935496,0.000917415103054535,0.00179322772538344,0.00315322009013671,0.00197640870337157,0.00181982393097677,0.00372902685984765,0.000403457317986754,0.00105579442399654,0.000548779106479814,0.00129256810109473,0.000958013620666486,0.000158157246620399,0.00127933032067036,0.00342863954051755,0.000452419785345691,0.00120217873901544,0.00593848098588462,0.000512711058209375,0.000649040820865844,0.000182807684400091,0.00342969406264294,0.00241183254890136,0.00045329884811022,0.00328656770168746,0.00167994143521107
