Unknown,Source001,Source002,Source003,Source004,Source005,Source006,Source007,Source008,Source009,Source010,Source011,Source012,Source013,Source014,Source015,Source016,Source017,Source018,Source019,Source020,Source021,Source022,Source023,Source024,Source025,Source026,Source027,Source028,Source029,Source030,Source031,Source032,Source033,Source034,Source035,Source036,Source037,Source038,Source039,Source040,Source041,Source042,Source043,Source044,Source045,Source046,Source047,Source048,Source049,Source050
0.00415108829171362,0.175715398504574,0.724284601495426,0.00402544752812042,0.004379280531909,0.000203976819783752,0.00220158078460294,0.00187332031467583,0.000816049791958008,0.000719085704337199,0.00173449852626935,0.00273663404279939,0.00239015009707123,0.00039422502509499,0.000542022832539867,0.0013745041347992,0.00149222606069028,0.00578074540759844,0.00339712353739408,0.00130623965731844,0.00112467425467771,0.000559440915208738,0.00177219416920445,0.00764950491368049,0.000203164582562964,0.00024908871935497,0.0055828736365659,0.000813382714281487,0.0006771758600786,0.00389350040001534,0.00223755598135155,0.00602270601032474,0.00316428282767644,0.00128374352072438,0.00260992509624795,0.00278687361247219,0.00108306400856395,0.002105983462807,0.000368195834232753,0.00182668034900871,0.000421229835856997,0.00037965414036936,0.00221116123855828,0.000444984410882635,0.00140064108508421,0.00178249086520156,0.00023217843482756,0.00328376746955475,0.000158595674088363,0.000767048888939895,0.00338603799892005
