Unknown,Source001,Source002,Source003,Source004,Source005,Source006,Source007,Source008,Source009,Source010,Source011,Source012,Source013,Source014,Source015,Source016,Source017,Source018,Source019,Source020,Source021,Source022,Source023,Source024,Source025,Source026,Source027,Source028,Source029,Source030,Source031,Source032,Source033,Source034,Source035,Source036,Source037,Source038,Source039,Source040,Source041,Source042,Source043,Source044,Source045,Source046,Source047,Source048,Source049,Source050
0.000680016038214792,0.336644215223339,0.563355784776661,0.00350915939509075,0.00274013015827126,0.00303411482555092,0.000345381527849432,0.00671519265914409,0.00330294391690469,0.000212545287254543,0.000152872051663189,0.00103750716666959,0.00191357180237124,0.00253502032090006,0.00122934605658385,0.00102953456926662,0.0021737536346675,0.00115758542234851,0.00654987941086502,0.000667311792825242,7.57785507478813e-05,0.00546667028613919,0.0010495245949487,0.000417018190212959,0.000409208302270488,0.000274360868659099,0.00342429613060467,0.00293072895024355,0.0031876618695597,0.000207222377570904,0.00103808760031637,0.00574204660943518,0.00210752257609717,0.00187565249085087,0.00367486339430528,0.000156237567374349,0.000874432282686529,0.00100695704712816,0.00801037865845507,0.000523815446906637,0.00250974721945172,0.00210943961815207,0.00020790200307826,0.00125556898537553,0.00111534353865464,0.000904983342981491,0.000639202696304651,0.000279086672841913,0.00292387620497539,0.00025646264339276,0.00636005724383751
