Unknown,Source001,Source002,Source003,Source004,Source005,Source006,Source007,Source008,Source009,Source010,Source011,Source012,Source013,Source014,Source015,Source016,Source017,Source018,Source019,Source020,Source021,Source022,Source023,Source024,Source025,Source026,Source027,Source028,Source029,Source030,Source031,Source032,Source033,Source034,Source035,Source036,Source037,Source038,Source039,Source040,Source041,Source042,Source043,Source044,Source045,Source046,Source047,Source048,Source049,Source050
0.00169057358897699,0.360583610727904,0.539416389272096,0.000679194473975686,0.000502565221656804,0.00430945422879527,0.000661953800681411,0.00109977742733952,0.00132661442197111,0.000366014017451587,0.00122195763366826,0.000364919488002779,0.00836662857922858,0.000227458103070129,0.00029368433520102,0.00249139137227834,0.0053414387717466,8.59272919095949e-05,0.00196280191352184,0.000364471455717344,0.00250291207768567,0.00100895230684708,0.000338103604939964,0.00249005175897048,0.00652494385008372,0.0129909843794667,0.00153876641263972,0.00244849802052874,0.00305832798336666,0.00260841450603983,0.000250238629820566,0.00651236436668103,0.00177946476695194,0.00168914973318069,0.000181563658411525,0.000830066360863871,0.00169876299345455,0.00169745774374676,5.81845600192803e-05,0.00112185876177637,0.000989941075986518,0.000200518943553406,0.0053016641331277,0.000600680369123683,0.0012978117510406,0.0027797744148425,0.00207887826536855,0.00182557119210148,0.000541680530661295,0.000237756203566624,0.00145983051995962
