Unknown,Source001,Source002,Source003,Source004,Source005,Source006,Source007,Source008,Source009,Source010,Source011,Source012,Source013,Source014,Source015,Source016,Source017,Source018,Source019,Source020,Source021,Source022,Source023,Source024,Source025,Source026,Source027,Source028,Source029,Source030,Source031,Source032,Source033,Source034,Source035,Source036,Source037,Source038,Source039,Source040,Source041,Source042,Source043,Source044,Source045,Source046,Source047,Source048,Source049,Source050
0.00082547216718948,0.711869284250448,0.188130715749552,0.000559629988430473,0.00226886267810583,3.4755395136651e-05,0.0041766982204769,0.000319466556177989,0.00206397484171351,0.00673583865695223,0.000733641913849215,0.00167435289976787,0.000428667498302004,0.0122835399701873,0.000197376301861597,0.00118496262845966,0.00193072252580195,0.00277213569409688,0.00203287889640195,0.00193484597129193,0.00174849783809434,0.00227275859861947,0.00133257118528099,0.00165977379969303,0.00931517620284911,0.000106462158547444,0.00551745504064719,7.21074175677789e-05,0.00134700892763041,0.00149739324719355,0.00543433511098854,0.00203310285041791,0.000366380505145499,0.000657441649284139,0.00209738707102131,0.00163147219874537,0.00283367315217324,0.000825018284238843,0.000310044770445006,0.000779762249580559,0.00207068686005568,0.000108039663072824,0.000162182989578545,0.00128339824397783,0.00250114881865865,0.000370299990176495,0.00125884997654372,0.000470902751551519,0.000346103285798326,0.000928373761872981,0.00650436859634625
