Unknown,Source001,Source002,Source003,Source004,Source005,Source006,Source007,Source008,Source009,Source010,Source011,Source012,Source013,Source014,Source015,Source016,Source017,Source018,Source019,Source020,Source021,Source022,Source023,Source024,Source025,Source026,Source027,Source028,Source029,Source030,Source031,Source032,Source033,Source034,Source035,Source036,Source037,Source038,Source039,Source040,Source041,Source042,Source043,Source044,Source045,Source046,Source047,Source048,Source049,Source050
0.00552354919186649,0.25455249260411,0.64544750739589,0.0032509177305497,2.12759374434021e-05,0.00655085758671738,0.00133031519750699,0.00770001579223397,0.00242445632815211,0.00198008369954069,0.00018757310855872,0.0031624336788009,0.000276366143473647,0.00185852992524171,0.00268266823872066,0.00316248112025036,0.000438513904476375,0.000301152163049861,0.00122025983945757,0.00148192296760679,0.0012115509024049,0.000536795592472778,0.00313794949654051,0.00190724345400798,0.000440133484833213,0.00369139321294008,0.00102355608095827,0.00279422466550655,0.000357560666325371,0.00430199721341027,0.000795653521911416,0.00319657916321867,2.23741857078569e-05,0.00015746332625082,0.00145623596968997,0.00127347716382159,0.00274950391420749,0.000961034372049653,0.00325109960773786,0.000961868173732299,0.00485183521246677,0.00219497720207002,0.000936845677123409,0.00401732735723031,0.00163668569896873,6.8459299741182e-05,0.000740920512919747,0.00133045569097113,0.00164826166451854,0.000910704677891494,0.00388246028472378
