Unknown,Source001,Source002,Source003,Source004,Source005,Source006,Source007,Source008,Source009,Source010,Source011,Source012,Source013,Source014,Source015,Source016,Source017,Source018,Source019,Source020,Source021,Source022,Source023,Source024,Source025,Source026,Source027,Source028,Source029,Source030,Source031,Source032,Source033,Source034,Source035,Source036,Source037,Source038,Source039,Source040,Source041,Source042,Source043,Source044,Source045,Source046,Source047,Source048,Source049,Source050
0.00374722827296562,0.727425843297686,0.172574156702314,0.0042470156452177,0.00275898451887322,0.00241424176653169,0.00170050796080993,0.000606090718098638,4.81157775471856e-05,5.203139178386e-05,0.00247853693879701,0.00242486933695983,0.0028265672975335,0.000345655408516085,0.00725671702397623,0.00492826442744323,0.00137135483129837,0.00569317470510755,0.00123425983081821,0.00216589833963801,0.00290641056825154,0.00239355883638996,0.00250502909342535,4.70940573879576e-05,0.00122879394717971,0.000904363911613502,0.00140931984716538,0.000569972049700661,7.58036021859012e-05,0.000586057700732094,0.00138447452553714,0.00207681968791946,0.00697366169558105,0.000341860280611487,0.00233180714741667,0.000102464845044747,0.000618786478984012,0.00558450095208192,0.000900409544960307,0.000582853592206552,0.00121106238133954,0.000984090443052034,0.00334642715830484,0.000691590708319694,0.00500515400210265,0.00153729347707642,0.00204027200635872,0.00156659032924304,0.00264102636668502,7.96638541573329e-05,0.0010732727170694
