Unknown,Source001,Source002,Source003,Source004,Source005,Source006,Source007,Source008,Source009,Source010,Source011,Source012,Source013,Source014,Source015,Source016,Source017,Source018,Source019,Source020,Source021,Source022,Source023,Source024,Source025,Source026,Source027,Source028,Source029,Source030,Source031,Source032,Source033,Source034,Source035,Source036,Source037,Source038,Source039,Source040,Source041,Source042,Source043,Source044,Source045,Source046,Source047,Source048,Source049,Source050
0.00282471528161333,0.346138543930724,0.553861456069276,0.00806906530249903,2.91517075143391e-05,0.00340845167655085,0.00504657307743641,0.00310472672066034,0.00189722201912615,0.00211453691381825,0.0143691074784105,0.00157951518488671,0.00224728789626248,0.00167010830435866,0.000322792242625242,0.00157394293496767,0.00061247142007748,0.00405196912038888,0.000535055543652839,0.00665384780709846,0.000166652707149243,4.99803160415988e-05,0.00108990033266221,0.00232336570632062,0.000986502594736899,0.00114330174775103,0.000438483616492522,0.000800689847076058,0.000344569343359136,0.00341596845854173,0.00166433644922986,0.000584873850989279,0.00166066057013233,0.00144498162777289,0.000796162611603795,0.0023493274882327,0.00224664162850122,0.00168998783213394,0.00027806901750358,0.00139539648852155,0.00527062637836096,0.000436340368700767,0.000264193529100657,9.44514620647721e-05,0.00464570227998811,0.000844097803153731,0.000570405810211756,0.000624751278873265,0.00143787415626791,0.00076204355361881,6.91205129594199e-05
