Unknown,Source001,Source002,Source003,Source004,Source005,Source006,Source007,Source008,Source009,Source010,Source011,Source012,Source013,Source014,Source015,Source016,Source017,Source018,Source019,Source020,Source021,Source022,Source023,Source024,Source025,Source026,Source027,Source028,Source029,Source030,Source031,Source032,Source033,Source034,Source035,Source036,Source037,Source038,Source039,Source040,Source041,Source042,Source043,Source044,Source045,Source046,Source047,Source048,Source049,Source050
0.000750113046631861,0.400085959539059,0.499914040460941,0.000212947075021791,0.00641911644083624,0.00294584120180947,0.00365892331957271,0.000152297574745873,0.00171261716178106,0.000349485733068485,0.000896254367212877,0.00140570439277279,0.00484159546176763,0.00215316913443119,0.00177329898762967,0.000999282130114629,0.00217341964954642,2.24998351325109e-05,0.000798093845586765,0.000128993568179451,0.00313388292357932,0.00300187101697064,4.86607851445243e-05,0.000605693554118791,0.00403510178886912,0.00324760784936689,0.00765711689025647,0.00234508109899102,0.00118975971975576,0.00156588809887704,0.000721843863465795,0.000636779987923427,0.00373831594756649,0.00094290815625086,0.000970892047367143,0.00449624349314357,0.000897072052772242,0.00146343556599287,0.00469264914084521,0.000554601391691905,8.61527089999144e-05,1.66116034358433e-05,0.00255355715917678,0.00274910739223768,0.00463472123528981,0.000589426873209188,0.000457875332750094,0.00551976110527112,0.00225063093041861,0.00121483957682294,0.00258825778359749
