Unknown,Source001,Source002,Source003,Source004,Source005,Source006,Source007,Source008,Source009,Source010,Source011,Source012,Source013,Source014,Source015,Source016,Source017,Source018,Source019,Source020,Source021,Source022,Source023,Source024,Source025,Source026,Source027,Source028,Source029,Source030,Source031,Source032,Source033,Source034,Source035,Source036,Source037,Source038,Source039,Source040,Source041,Source042,Source043,Source044,Source045,Source046,Source047,Source048,Source049,Source050
0.000780768183804384,0.417900509937304,0.482099490062696,0.000617988701629953,0.000358316600207892,0.00200297035142269,0.00131372794898686,0.00169712652611213,0.00329689752570553,0.00445286937974218,0.00144304233826532,0.000744915128382436,0.000362397704898007,0.000386052831700682,0.00124022277500985,0.000414024714399469,0.00445330649334208,0.00753870325198702,0.000671940000132206,0.000801981419944106,0.000124704205783109,0.00263846947831627,6.75356256244872e-05,0.00114468636279841,0.00364698109221869,0.000770462087762018,0.00134978559585513,0.00313681236452741,0.00148546734985288,6.91023563324746e-05,0.00192940628665624,0.0138943376842907,0.00105935971128497,0.000394482617733341,0.00728297105702421,0.00224536821837982,0.000320052076420457,0.00292605268159053,0.00120578626649713,0.001970776408857,0.0026271599561914,0.000722719193104211,0.00260451389036019,0.00208708489215045,0.000674920253641096,0.00113854171258413,0.00217428299171225,0.00192162225276373,0.000845356974860228,0.00258754853939929,0.00237639793975493
