Unknown,Source001,Source002,Source003,Source004,Source005,Source006,Source007,Source008,Source009,Source010,Source011,Source012,Source013,Source014,Source015,Source016,Source017,Source018,Source019,Source020,Source021,Source022,Source023,Source024,Source025,Source026,Source027,Source028,Source029,Source030,Source031,Source032,Source033,Source034,Source035,Source036,Source037,Source038,Source039,Source040,Source041,Source042,Source043,Source044,Source045,Source046,Source047,Source048,Source049,Source050
0.00235730594378989,0.18005677872051,0.71994322127949,0.0112681344247026,0.0024802859242548,0.0041359495432512,0.000203628721766309,0.000453208116438124,0.000294286623855386,0.000991887923337556,0.00110829739869729,4.50881667367457e-05,0.00467997254101528,0.00129041687189536,0.00107186999432,0.00114081143462929,0.00173659901755886,0.000902494382787446,0.00913339795913536,0.000321991195285394,0.000360890441937938,0.0059694197291373,0.00113288716736852,0.00168727636913073,0.000804730846082205,0.00117128592995497,0.00229313968791166,0.0012590698656565,0.00152836391761637,0.00162470428849738,0.000136916513446687,0.00203723745129165,0.000205883171981145,0.000113459222223932,0.00090968283379839,0.00443180086447597,0.000561327266599591,0.00203944744546231,0.00113868749296922,0.000985901721950699,0.0012856728467043,0.000567426048890167,0.00144172910990357,0.00656299404227257,0.00376476594819002,0.00250485349931316,0.000287393915487451,0.00139853795565646,0.00369197695645419,0.00110725389343071,0.00337965737274728
