Unknown,Source001,Source002,Source003,Source004,Source005,Source006,Source007,Source008,Source009,Source010,Source011,Source012,Source013,Source014,Source015,Source016,Source017,Source018,Source019,Source020,Source021,Source022,Source023,Source024,Source025,Source026,Source027,Source028,Source029,Source030,Source031,Source032,Source033,Source034,Source035,Source036,Source037,Source038,Source039,Source040,Source041,Source042,Source043,Source044,Source045,Source046,Source047,Source048,Source049,Source050
0.00180248157416533,0.260899292438144,0.639100707561856,0.000480766358541428,0.00274047803407573,0.000494797256352321,0.0126677457916206,0.000961092172937365,0.0023326254400532,0.001143611409305,0.000268669741013806,0.000616982398493086,0.000525308733480637,0.00375412659627441,0.00052567017359612,0.00102433473772912,0.00396121126166161,0.00325757219329127,0.00129576131122158,0.00152392317552875,0.00203862533099778,0.00220423410396048,9.23419829311028e-05,0.00324692991553765,0.00469500301370992,0.00271183157319402,0.00112585593164048,0.00351108399344337,0.00277939592154656,0.00363728649100122,0.000981137176412509,0.000865538078381203,0.00313369069200878,0.000141216572899154,0.00188410472218544,0.00248750408089614,0.000333043583548845,0.00277580453452565,0.00501868864381128,0.00114974183486404,0.00131098549391766,5.00124346093864e-05,0.00189125197987345,0.00411879747854117,0.0015917282758116,0.000113493447603574,0.0015206775869025,0.00167480252167207,0.000977530976140306,0.00239551192248871,0.000164991345602549
