Unknown,Source001,Source002,Source003,Source004,Source005,Source006,Source007,Source008,Source009,Source010,Source011,Source012,Source013,Source014,Source015,Source016,Source017,Source018,Source019,Source020,Source021,Source022,Source023,Source024,Source025,Source026,Source027,Source028,Source029,Source030,Source031,Source032,Source033,Source034,Source035,Source036,Source037,Source038,Source039,Source040,Source041,Source042,Source043,Source044,Source045,Source046,Source047,Source048,Source049,Source050
0.000510224237801659,0.283046304040994,0.616953695959006,0.00793257037234933,0.000740665727137108,0.00250807476106849,0.00450265398036142,0.00201973138240578,0.000297015568864098,0.00135772260560475,0.00479618194059152,0.000174468744693196,0.00106669075293181,0.000359938806605324,0.000582942571056277,0.0030529473173997,5.70239428408432e-05,0.00277035259529921,0.00376987772196388,0.0021234198446634,0.00234943300314978,0.000345935330953011,0.000396674645487734,0.00209724772599129,0.00501510626225041,0.000509792798805409,0.000568239120836757,0.00286494972321265,0.00177848252526066,0.00713745321369289,0.00135801599562218,0.0016809800838935,0.00201668223465592,0.00310389947439445,0.00285258650445615,0.00182280918787965,0.00606828335067973,6.08530128941595e-05,0.00059506290522825,0.000919526548985551,0.00589387637958747,0.00163535164148196,0.000547834396919415,0.000472613096360708,4.81652178512497e-05,0.00104127731666628,0.00268661545844304,0.00103832573462832,3.86784124317252e-05,0.00200747799092524,0.00242526783273663
