Unknown,Source001,Source002,Source003,Source004,Source005,Source006,Source007,Source008,Source009,Source010,Source011,Source012,Source013,Source014,Source015,Source016,Source017,Source018,Source019,Source020,Source021,Source022,Source023,Source024,Source025,Source026,Source027,Source028,Source029,Source030,Source031,Source032,Source033,Source034,Source035,Source036,Source037,Source038,Source039,Source040,Source041,Source042,Source043,Source044,Source045,Source046,Source047,Source048,Source049,Source050
0.0024795811601635,0.498109490159645,0.401890509840355,0.000283723873123938,0.0022466646042129,0.000523015580402561,0.00115492046130629,1.4993573086935e-05,0.000874233626864771,0.000259125602479347,0.0101441016602232,0.0020440849186014,7.23196103841238e-05,0.0020109356773255,0.000124892391190626,0.0011530931402329,0.000317479044507484,8.55999106580267e-05,0.00101239874284907,0.00459862892259916,0.00152979217627758,0.0012836612410312,0.000979569994857898,0.00532054997047759,0.00609115159670274,0.000528893411909932,0.00112341860835165,0.00770722948289981,0.000478870332923057,0.000285845617388941,0.00185224708780302,0.00300940644610264,0.000712059727550157,0.00018478519802814,0.00111959691365445,0.00728963950759267,0.000409657804611918,0.00205129471223759,0.000993848174118493,0.000630400294936265,0.00192369793766029,0.00247772580855007,0.00414583103016728,0.000183742256332822,0.000896849451636174,0.000263381041214236,0.00351398807562288,0.00979795768096054,0.00171365630895969,0.00117180150774218,0.000929658101486324
