Unknown,Source001,Source002,Source003,Source004,Source005,Source006,Source007,Source008,Source009,Source010,Source011,Source012,Source013,Source014,Source015,Source016,Source017,Source018,Source019,Source020,Source021,Source022,Source023,Source024,Source025,Source026,Source027,Source028,Source029,Source030,Source031,Source032,Source033,Source034,Source035,Source036,Source037,Source038,Source039,Source040,Source041,Source042,Source043,Source044,Source045,Source046,Source047,Source048,Source049,Source050
0.00492421521535009,0.345093896350935,0.554906103649065,0.000295486565124022,0.000802402196507308,0.000510413813465679,0.00285463928488441,0.00234788020356535,0.000585416214015198,0.000169836079557639,0.00200318940763031,0.000431313733849289,0.000244516730150727,0.00105335953228715,0.00221573848561834,0.00571341275316533,0.000257148633606934,0.0021114552397008,0.000668095222377865,0.00706985931223493,0.00567901154164351,0.000138461807595547,0.000413010704967763,0.00210535677695982,0.000740282980882899,0.000184847085736837,0.00026272781640572,0.0100143617104807,0.000322710846706138,0.00294990773659862,0.00215177333593214,0.00321406836105415,0.00098888941736796,0.004811052147381,3.56617956641502e-05,0.000402497097431433,0.00374324239906636,0.00178274750128913,0.000462689460235521,0.000496987282813836,0.00312844144690051,0.000778667667633135,0.00114751981294198,0.00158072035774396,0.00678281812154564,0.000605076877945167,2.19099896555217e-05,0.00216134187616784,0.00306360571236668,0.00447337495575827,0.00109785675203667
