Unknown,Source001,Source002,Source003,Source004,Source005,Source006,Source007,Source008,Source009,Source010,Source011,Source012,Source013,Source014,Source015,Source016,Source017,Source018,Source019,Source020,Source021,Source022,Source023,Source024,Source025,Source026,Source027,Source028,Source029,Source030,Source031,Source032,Source033,Source034,Source035,Source036,Source037,Source038,Source039,Source040,Source041,Source042,Source043,Source044,Source045,Source046,Source047,Source048,Source049,Source050
0.000316709524710367,0.48553832455724,0.41446167544276,4.15420113420685e-05,0.000139183876905493,0.0030534548325662,0.00190692753906182,0.00012281541275374,0.000433760537667917,0.00160948853204404,0.00192716115692221,0.00297111750914027,0.00119355291588215,0.00632897235055534,0.00589970960976652,0.00896382435679267,0.00221502744804616,0.000856074559672632,5.16854380823966e-05,0.000783979912142739,0.00295514661450787,0.000733368614276759,0.00189117713760206,0.000753598269915071,0.00103781366616547,0.000782222288139136,0.0014058674142478,0.000600026361119511,0.00132698383001835,0.000147592811747865,0.00398105082687321,0.000959135448091602,0.00164613100000849,0.00122227181463173,0.00301319231373651,9.8172428223695e-05,0.00108698758850694,0.00206315678364152,0.00228100792699959,0.000297697711076702,0.00263679524692091,0.00095119183200699,0.00357506899359779,0.00101611517920704,0.00760570642734524,0.00267368292759521,0.00340210628347737,0.0023069429922712,0.00164932502428087,0.0037687718992651,0.00331670482044763
