Unknown,Source001,Source002,Source003,Source004,Source005,Source006,Source007,Source008,Source009,Source010,Source011,Source012,Source013,Source014,Source015,Source016,Source017,Source018,Source019,Source020,Source021,Source022,Source023,Source024,Source025,Source026,Source027,Source028,Source029,Source030,Source031,Source032,Source033,Source034,Source035,Source036,Source037,Source038,Source039,Source040,Source041,Source042,Source043,Source044,Source045,Source046,Source047,Source048,Source049,Source050
0.00250091957758331,0.502542611349664,0.397457388650336,0.000193230600898569,0.000227838997340113,0.00167833135617221,0.00162204651433884,0.00362388247744253,0.00196346618258334,0.000429682813326504,0.00109592764154123,0.000124477385335767,0.00165260030107722,0.0037726952485318,0.000562776068887948,0.000257011257386503,0.000982335320447402,0.000257879797164921,0.00287538916113956,0.00742449969121559,0.000841873502217533,0.00525035190647157,0.000521372429506813,0.00119954945843057,0.000618610916828062,0.00375556134650404,0.000210977770358622,0.000228662530057487,0.00352014910650293,0.00305558743064629,0.00163194218146114,0.000437128341130107,0.00101498792698513,0.00270111229811308,0.000229566499441237,0.00223235513674097,0.00343985188613186,0.00147187563573541,0.00129605661259404,0.00856681171978704,0.00407344309871679,0.00232963104540782,0.00323067185479174,0.000380891278310716,0.00464754874578169,0.000304721068761822,0.00193116764546652,0.00463372615593933,0.000174724365115441,0.00245921898733579,0.00236488072631504
