Unknown,Source001,Source002,Source003,Source004,Source005,Source006,Source007,Source008,Source009,Source010,Source011,Source012,Source013,Source014,Source015,Source016,Source017,Source018,Source019,Source020,Source021,Source022,Source023,Source024,Source025,Source026,Source027,Source028,Source029,Source030,Source031,Source032,Source033,Source034,Source035,Source036,Source037,Source038,Source039,Source040,Source041,Source042,Source043,Source044,Source045,Source046,Source047,Source048,Source049,Source050
0.00231735905832507,0.533767775227759,0.366232224772241,0.0013473037600886,0.000768867851969332,0.00418775496980148,0.00196596186235302,0.00083966866825764,0.000283682741081416,0.00619576977472565,0.00255843421215579,0.000228081269846376,0.00383087280584594,0.000267538946993794,0.00010172641729916,0.000236368927639439,0.0011642471588301,0.000381532025987435,0.00601706521014135,0.00213053637995275,0.00303457423176662,0.00335787192393432,6.60749337136432e-05,0.000298369929172141,0.00153381275755543,0.00064149400193463,0.000975346280430818,0.00111205355509621,0.00151719494730052,0.00121813450692703,0.00542014609595099,0.00169231701181887,0.000133792186168478,0.00504882354832806,0.00195061870369402,0.00639854542504836,0.00120817572007111,0.00150197863850275,0.00231938827166991,0.000673225077516626,0.00118373945567043,0.00635580650449117,0.00335024922207491,0.00141328621936081,0.000147954973222894,0.00158191299220689,0.00149728616868203,0.000934840595031997,0.00724913581276772,0.000951797192729368,0.000409281075866854
