Unknown,Source001,Source002,Source003,Source004,Source005,Source006,Source007,Source008,Source009,Source010,Source011,Source012,Source013,Source014,Source015,Source016,Source017,Source018,Source019,Source020,Source021,Source022,Source023,Source024,Source025,Source026,Source027,Source028,Source029,Source030,Source031,Source032,Source033,Source034,Source035,Source036,Source037,Source038,Source039,Source040,Source041,Source042,Source043,Source044,Source045,Source046,Source047,Source048,Source049,Source050
0.00301025930515683,0.431430138743487,0.468569861256513,0.00260985905358009,0.000868369252375717,0.00160025620408942,5.82849504924044e-06,0.000592862744153657,0.0022561837731186,0.00540430464756475,0.000777911378985786,0.00228708884337446,0.000675243580625595,0.00193538929306533,0.000345387564246433,0.000676018712814857,0.00106965487904065,0.000857547236237221,0.00236931836915445,0.00310874212698411,0.00309655299585494,0.000571879617616332,0.00177866396388233,0.00047712772618964,0.00829485613889703,0.00107558717206142,0.0087300718310432,5.43108125196701e-05,0.00545577031362202,0.00184270528173845,0.000434117882885535,0.00993763559288828,0.000111697875986082,0.00382683684916962,0.00253236714836726,0.000665089114008418,0.000553163794582981,0.0012569490192735,0.000122095784248779,0.00176228416012154,0.00478545562461197,0.0014774205936472,0.00205934565059633,0.00253562567020581,0.00192265774703632,0.00237625444197161,0.000814092486566884,0.000205658848828199,0.000246564726320651,0.000155615889111762,0.000391319786529025
