Unknown,Source001,Source002,Source003,Source004,Source005,Source006,Source007,Source008,Source009,Source010,Source011,Source012,Source013,Source014,Source015,Source016,Source017,Source018,Source019,Source020,Source021,Source022,Source023,Source024,Source025,Source026,Source027,Source028,Source029,Source030,Source031,Source032,Source033,Source034,Source035,Source036,Source037,Source038,Source039,Source040,Source041,Source042,Source043,Source044,Source045,Source046,Source047,Source048,Source049,Source050
0.000763637227398352,0.718880310159067,0.181119689840933,0.000896955849141714,0.000721551035748312,0.00154283018349149,0.000290571678940775,0.000670259336958218,0.000703669048028472,0.00141083544967443,0.000103324448835379,0.00373087465969467,0.00138333963886935,7.85932449736647e-05,0.00350343217131951,0.00295579937747651,0.0041764259317124,0.00296210245199867,0.00455549528725201,0.00168579815994245,0.00354493890220942,0.00657465342496579,0.000457725856227897,0.0022326406672901,6.68560757577454e-05,0.000526168614700559,0.00120119788438664,0.00496212031048189,0.000500150154570071,0.00100047574996085,0.00217977252812649,0.000692578025405705,0.000135835923216664,0.000340471409397733,0.0164446200782772,0.00122878780677585,0.003175620805952,0.000690528009059393,0.00338638020889309,0.00266498872574585,0.00514102148956098,0.00144325207186125,3.14927686341535e-05,0.00043163945736473,0.000836990662225157,0.00122887190573708,0.000619988057831315,0.00270312441401874,0.00179893647142238,0.00126031116610745,0.000362365192379354
