Unknown,Source001,Source002,Source003,Source004,Source005,Source006,Source007,Source008,Source009,Source010,Source011,Source012,Source013,Source014,Source015,Source016,Source017,Source018,Source019,Source020,Source021,Source022,Source023,Source024,Source025,Source026,Source027,Source028,Source029,Source030,Source031,Source032,Source033,Source034,Source035,Source036,Source037,Source038,Source039,Source040,Source041,Source042,Source043,Source044,Source045,Source046,Source047,Source048,Source049,Source050
0.00168098957136897,0.624429158798511,0.275570841201489,0.00343598702974206,0.000216147770486333,0.000995697801642032,0.000633864067296409,0.0012206345874791,0.00245100930149286,0.00185278618848777,0.00275185057435826,0.000230878714625037,0.000125945873709596,0.00148689710553122,0.000338612735535676,0.0030398127556052,0.000854362167543747,0.000165156775134442,0.00188978180051329,0.00046408555903948,0.000151002252633985,0.000170242575150557,0.00272845026257258,0.00690850054366552,0.00131759895445978,0.00218202831577165,0.00322916991774743,0.00856133272177556,0.00254325868831087,0.00278944196718603,0.00252225052119829,0.00022782275748216,0.00053021765318881,0.000403201293606886,0.00433159255962012,0.00149570785664413,0.00348882022801276,0.00609017809784394,0.00262829673866801,0.000995694961052744,0.000308115480955989,0.00100563091422188,0.00222793095338693,0.00423841630170767,0.000499865209151768,0.00479704056830839,0.00145375516552668,0.00599565950191786,0.000410779035510581,0.000346273643904258,0.0015872239792247
