Unknown,Source001,Source002,Source003,Source004,Source005,Source006,Source007,Source008,Source009,Source010,Source011,Source012,Source013,Source014,Source015,Source016,Source017,Source018,Source019,Source020,Source021,Source022,Source023,Source024,Source025,Source026,Source027,Source028,Source029,Source030,Source031,Source032,Source033,Source034,Source035,Source036,Source037,Source038,Source039,Source040,Source041,Source042,Source043,Source044,Source045,Source046,Source047,Source048,Source049,Source050
0.0008829659390204,0.66012540695923,0.239874593040769,0.00245449705556387,0.000140541777237829,0.00299618779299245,0.0041832342155601,7.82213592334295e-05,0.00256915978618352,0.00483380185703821,0.000169967757275465,0.00335165396759602,0.000239176250785043,0.00145845259644538,0.0029785164336836,0.00533049146348372,0.000297354591450616,0.00155769088087045,0.0013576798995005,0.00446971613009501,0.00210430870993737,0.00116768360548845,0.00280280557742619,0.000192114557620193,6.94301057367818e-06,0.00127786084388911,0.00318392116322846,0.00101916132793893,0.000319621608397205,0.00125333141350537,0.00068947694820601,0.00129328551725329,0.00162806207218702,0.00074269463205371,0.00503267596968121,0.00172149843521894,0.00100650939290051,0.00702894501924394,0.00233534398889504,0.00033374627253664,0.00166990413801267,0.00517802661725223,0.0015144621673651,0.000887340585723907,0.00715867278263547,0.000836534850847545,0.00204097615491121,0.001243428152932,0.00138145276525661,0.00155667622083142,0.00204322574403493
