Unknown,Source001,Source002,Source003,Source004,Source005,Source006,Source007,Source008,Source009,Source010,Source011,Source012,Source013,Source014,Source015,Source016,Source017,Source018,Source019,Source020,Source021,Source022,Source023,Source024,Source025,Source026,Source027,Source028,Source029,Source030,Source031,Source032,Source033,Source034,Source035,Source036,Source037,Source038,Source039,Source040,Source041,Source042,Source043,Source044,Source045,Source046,Source047,Source048,Source049,Source050
0.000451040653148617,0.469832664919561,0.430167335080439,0.0059134020817269,0.000672527022595151,0.000829794443857749,0.00106941882717946,0.000321447918333569,0.000222519781473321,0.00460221600582428,0.000277546596826225,0.0002399424497485,0.000832776676666213,0.000300775660564118,0.00282065055100643,0.000554500181011698,0.00781857410272842,0.000953671967740355,0.00249504160860388,0.000454905421746941,7.16763670681109e-05,0.00162399659931249,0.00020781215198401,0.000859909884335373,0.00362335034100388,0.00375703891773138,0.000193590567206617,0.0019482838895572,0.000162785503737804,0.00130521362186476,0.00576534255399472,0.000911380989557444,0.00205799070983108,0.000476399546250469,0.000689830494278158,0.00109866064428552,5.36847417024762e-05,0.00156885209773044,0.00696769723590103,0.00191248864870941,0.00298073173638486,0.0011240185920404,0.00500270364877196,0.000449624123610132,0.000890217986866032,0.000328622464937821,0.00151271951197865,0.00126575321348067,0.000745357637409128,0.0126212818100422,0.00699223181765394
