Unknown,Source001,Source002,Source003,Source004,Source005,Source006,Source007,Source008,Source009,Source010,Source011,Source012,Source013,Source014,Source015,Source016,Source017,Source018,Source019,Source020,Source021,Source022,Source023,Source024,Source025,Source026,Source027,Source028,Source029,Source030,Source031,Source032,Source033,Source034,Source035,Source036,Source037,Source038,Source039,Source040,Source041,Source042,Source043,Source044,Source045,Source046,Source047,Source048,Source049,Source050
0.000838499942866553,0.713185462815074,0.186814537184926,0.00380970176369482,0.00198072757436585,0.00114789584017018,0.00112372119498086,0.00210733409792625,0.00042644814980248,0.00139592080018159,0.00109693625745615,0.00211469628932164,0.00170759461258207,0.000501585841869068,0.00279666777173602,0.000102586824072524,0.00106195846706832,0.00232340217929771,0.00105633645389448,0.00127112605235264,0.00593288277117709,0.000959056738775602,4.26073633109162e-05,0.00580536643725593,0.00153714660390061,0.000883136063511582,0.00080728197242631,0.00553501416640501,0.00162613804376486,0.00222237458311393,0.00102149275619906,0.00044733656062153,0.00144092496970997,0.000801892194983664,0.000100298314088805,0.00054944620286892,0.000177714639013674,0.00744887211573925,0.000149536831438433,0.00568322717431346,0.000470205227440258,0.000194940645182794,0.0043422594187878,0.000288884280639319,0.00439626570514286,0.00352183027775747,0.00119103730812531,0.00863188928275732,0.00347470071752176,0.00161715895724508,0.00183594156314223
