Unknown,Source001,Source002,Source003,Source004,Source005,Source006,Source007,Source008,Source009,Source010,Source011,Source012,Source013,Source014,Source015,Source016,Source017,Source018,Source019,Source020,Source021,Source022,Source023,Source024,Source025,Source026,Source027,Source028,Source029,Source030,Source031,Source032,Source033,Source034,Source035,Source036,Source037,Source038,Source039,Source040,Source041,Source042,Source043,Source044,Source045,Source046,Source047,Source048,Source049,Source050
0.000237557278432268,0.560936460372842,0.339063539627158,0.00979240123574278,0.0124846813021487,0.00475762910853418,0.000452711795038579,0.00097191800351841,0.000154314816252631,0.00162831702532528,0.00185459194765559,0.000242424731420666,0.00184989098371816,0.000730171918354608,0.00265722081894386,0.000120208673136531,0.000541212436743832,4.28491018127923e-05,0.0051155091755189,0.000834294863309014,0.00269003632530481,0.00181875487264353,0.00117800224711842,0.000237773271858018,0.00031445195264806,0.00108515134437077,0.000630930994120025,0.00213984164928007,0.00182133561896177,0.00229859847052673,0.000786516852560787,0.00536258560492704,0.000309554776069362,0.000503172405999658,0.00159030838444126,0.00361859232014565,0.00605336833275711,0.00375303860557542,0.00414581642820121,0.00306466481889461,0.00029385657643775,0.000812022264393597,0.00248175197804631,0.00297057737472325,0.000360277489498303,0.000702533777477335,0.00031905980020882,0.000257187870596328,7.63362450575226e-05,0.000652638062286925,0.00320335806926278
