Unknown,Source001,Source002,Source003,Source004,Source005,Source006,Source007,Source008,Source009,Source010,Source011,Source012,Source013,Source014,Source015,Source016,Source017,Source018,Source019,Source020,Source021,Source022,Source023,Source024,Source025,Source026,Source027,Source028,Source029,Source030,Source031,Source032,Source033,Source034,Source035,Source036,Source037,Source038,Source039,Source040,Source041,Source042,Source043,Source044,Source045,Source046,Source047,Source048,Source049,Source050
0.00136758779148886,0.333743011518285,0.566256988481715,0.00297354186117764,0.00786671492631698,0.00138220360758001,0.000333201506195076,1.02882287421595e-05,0.00347078947414464,0.00114199857295368,0.0045830704629106,0.00198633212699142,9.97583094046917e-05,0.00171840741941757,0.0011231229240026,0.00389797588521089,0.000250491234262104,0.00320490950921472,0.000378334140333897,0.00155026784889135,0.00069551933621968,1.67187900473721e-05,0.000813380506180116,0.000125413840859042,0.00243590650299065,0.000828818953761904,0.0024397863596184,0.00120404905194152,0.00284990196492979,0.00869758243063505,0.00201484046079981,0.000331046275106615,0.00389010795488012,0.000947222271281903,4.27425679273296e-05,0.00103447467269145,0.0028101381892582,0.00912595970720391,6.34310741913151e-05,0.00131628920398861,0.00175105867540677,0.00323488132817479,0.000730629838541418,0.000377275863847976,0.000500353706593861,0.00236217136253234,0.00207148238472509,0.00178091667910413,0.00246374628601307,0.00556216970043961,0.000142988230869248
