Unknown,Source001,Source002,Source003,Source004,Source005,Source006,Source007,Source008,Source009,Source010,Source011,Source012,Source013,Source014,Source015,Source016,Source017,Source018,Source019,Source020,Source021,Source022,Source023,Source024,Source025,Source026,Source027,Source028,Source029,Source030,Source031,Source032,Source033,Source034,Source035,Source036,Source037,Source038,Source039,Source040,Source041,Source042,Source043,Source044,Source045,Source046,Source047,Source048,Source049,Source050
0.00227783176992738,0.175338457920745,0.724661542079255,0.0016833056656421,0.00140442280088636,9.1773598165797e-05,0.000163179225655767,0.00143645848543476,0.00242094590053906,0.00361543907432653,0.00352318847931071,0.00191244150492169,0.000927272570632322,0.00400587798954135,0.00139205163344383,0.000619097479992856,0.00166050181680624,0.00361768873304174,0.00450740227751341,0.000237397033201916,0.001270501028385,0.00241380528508323,0.00227835030277137,0.000859421952649338,0.00674102060257844,0.00344550472408114,0.00524811334515083,0.00135014287394307,0.00454565293755373,0.000590784321668574,0.000138389819062034,0.000555577779340963,0.00165937146635449,0.0024416079960796,0.00483976994541223,0.00056590050738813,0.0015616714977473,0.000197745125978101,0.00015235709561344,0.0018719603308089,0.000318895530709069,0.00139817533199953,0.00373231335327973,0.00423770657375931,0.00106307455486081,0.00107265383103756,0.000950713525431993,0.00429431528075818,0.00097471341179112,0.00195172129892691,0.00178179233081204
