Unknown,Source001,Source002,Source003,Source004,Source005,Source006,Source007,Source008,Source009,Source010,Source011,Source012,Source013,Source014,Source015,Source016,Source017,Source018,Source019,Source020,Source021,Source022,Source023,Source024,Source025,Source026,Source027,Source028,Source029,Source030,Source031,Source032,Source033,Source034,Source035,Source036,Source037,Source038,Source039,Source040,Source041,Source042,Source043,Source044,Source045,Source046,Source047,Source048,Source049,Source050
0.00039767432069119,0.550196776596156,0.349803223403844,0.0002230546539576,0.00139175909960629,0.00765148109113331,0.004815808447358,0.000691396879283966,0.000774386695639929,0.00191251886609402,0.00416513304252231,0.000389593008604253,0.00219057245835973,0.00557459295305178,0.006800993919603,0.00016726277443701,0.0030051226032581,0.000432264062477911,0.000404422870007776,0.00357048455647338,0.00126132275127257,0.000652885122700746,0.000195035653503507,0.000821633231560237,0.00127698594047879,0.00375954377149769,0.000943092422038085,2.6780794828897e-05,0.000448835676107902,0.00114368436840055,0.00109481725794353,0.00173449086166466,0.00292684472541822,0.00258889346190933,0.00133411924414977,0.000363896555229907,0.00302581406031602,0.000198130495632182,0.0079248691899258,0.00453719488162938,0.00569049900826966,0.00187832510667581,0.000367351614952276,5.03883732322368e-05,0.00217969560796184,0.00204736753408062,0.000494791526877744,0.000771572875740938,0.00239833462419603,0.00222333900591244,0.00108094195333306
