Unknown,Source001,Source002,Source003,Source004,Source005,Source006,Source007,Source008,Source009,Source010,Source011,Source012,Source013,Source014,Source015,Source016,Source017,Source018,Source019,Source020,Source021,Source022,Source023,Source024,Source025,Source026,Source027,Source028,Source029,Source030,Source031,Source032,Source033,Source034,Source035,Source036,Source037,Source038,Source039,Source040,Source041,Source042,Source043,Source044,Source045,Source046,Source047,Source048,Source049,Source050
0.00105473185169354,0.403154370341451,0.496845629658549,0.000987131462781325,0.000272340767598714,0.00629368056151206,0.00441773783571659,0.00210593343847225,0.00479400157788164,0.00287490747651839,0.0028882254588325,0.000227284176098855,0.00272099526005449,0.00290301930590535,0.00465031187815772,0.00136559046488271,0.000104491236833959,0.00584953533648755,0.00118693679319793,6.4695881130618e-05,0.00138813896427493,0.0014740722950843,0.00168693898479107,0.00171686134831029,0.000122406207485462,0.000353738891979939,0.000511831504852306,0.00439374510880939,0.00270237634343476,0.000303419265076316,0.000408712258929574,0.00172947679845986,0.00160277269252808,0.00230395318574226,0.00198781753286315,0.000147909710470765,0.00241949484416065,0.000671520870341408,0.0042034474488154,0.00108975252220969,0.000529535863514589,0.000432041453674438,0.000945476043113694,0.00320574493133561,0.00795734308336583,0.00134890346615493,0.00107372769129437,0.00253556764413967,0.000479139429600455,0.00251612953020409,0.00299645332122655
