Unknown,Source001,Source002,Source003,Source004,Source005,Source006,Source007,Source008,Source009,Source010,Source011,Source012,Source013,Source014,Source015,Source016,Source017,Source018,Source019,Source020,Source021,Source022,Source023,Source024,Source025,Source026,Source027,Source028,Source029,Source030,Source031,Source032,Source033,Source034,Source035,Source036,Source037,Source038,Source039,Source040,Source041,Source042,Source043,Source044,Source045,Source046,Source047,Source048,Source049,Source050
0.00346837162246827,0.313602676400317,0.586397323599683,0.000924402804536071,1.04231998302254e-05,0.00299356173650823,0.00301490340085663,4.95290674109753e-05,0.00031502154409461,0.000615517158753045,0.0015577814204312,0.00339014629261336,0.00121565447617625,0.000880468172015617,0.000860464376115407,0.000513057388015982,0.00173314212130842,0.00164372621101588,0.000869911631962615,0.000788803366549685,0.0016614386434076,0.000172779596437393,0.00085638693339979,0.00056208326465825,0.00912030284249474,0.000511191216421549,0.00201457484483523,0.000424966011368407,0.00630008727721976,0.000334694624160628,0.00162015377876418,0.00140046706364381,0.00952426413197428,0.00370876122300635,0.00359831953902848,0.00165567579145173,0.000544814006035665,0.000785030217353299,0.00138452739840867,0.00374559889618882,0.000533232144980014,0.00537785205253573,0.00133636003811745,4.46095339302125e-05,0.0042047637107976,0.000755990620162681,0.00184990172917587,0.000234396187570852,0.00641452479467745,0.00366421420192747,0.000813151695203536
