Unknown,Source001,Source002,Source003,Source004,Source005,Source006,Source007,Source008,Source009,Source010,Source011,Source012,Source013,Source014,Source015,Source016,Source017,Source018,Source019,Source020,Source021,Source022,Source023,Source024,Source025,Source026,Source027,Source028,Source029,Source030,Source031,Source032,Source033,Source034,Source035,Source036,Source037,Source038,Source039,Source040,Source041,Source042,Source043,Source044,Source045,Source046,Source047,Source048,Source049,Source050
0.00372969110875477,0.162183361689402,0.737816638310598,0.00650900203440915,0.00107278465694729,0.00720681207272597,0.00189278597214244,0.00120966721253176,0.00129734685301374,0.000621588371249713,0.00286521316728788,0.000907335504442008,0.00467448938491536,0.0021883217579098,0.00233313922779013,0.00526149268422312,0.00174706779104137,0.00072506063654639,0.000144007039849485,0.000603773471208504,0.000443095792001215,9.74908034160431e-05,0.00236484238570214,0.000279823715934342,0.00392215739342351,0.000534072430871865,0.00165734526133048,0.00257094741038294,0.000706814702014165,0.00159007567610387,0.000364048584393445,0.00402396075826099,0.000832683016268146,0.000882357932434494,0.00313015127454921,0.00566425006738618,0.00346798185656032,0.000804706650781816,0.00095940027319263,0.000285482553276703,0.00205994076997201,0.00392077828859328,0.000674709391673223,0.00311243850503796,4.40448617915918e-05,0.00207677003442782,0.000279137985618633,0.0038071451630258,0.000110156520490831,0.00299421736571972,0.00134939362837568
