Unknown,Source001,Source002,Source003,Source004,Source005,Source006,Source007,Source008,Source009,Source010,Source011,Source012,Source013,Source014,Source015,Source016,Source017,Source018,Source019,Source020,Source021,Source022,Source023,Source024,Source025,Source026,Source027,Source028,Source029,Source030,Source031,Source032,Source033,Source034,Source035,Source036,Source037,Source038,Source039,Source040,Source041,Source042,Source043,Source044,Source045,Source046,Source047,Source048,Source049,Source050
0.000293236141023003,0.249928721878181,0.650071278121819,0.00346450650339571,0.00304306888615271,0.00241282519535198,0.000181929602115522,0.00447968879102547,0.00280470300271446,0.000544556295935566,0.00126904374389549,0.00146684706234307,0.00010785774540236,0.001950066588873,0.000989545672755828,0.00392056612990459,0.00224590483418849,0.00187560651004942,5.80155441105787e-06,0.00256034416760876,0.000564526080734432,0.00377583066172981,0.00697863997342561,0.00088026804879368,0.000498907328491409,0.00140975738298102,0.00252048323213402,0.00257763812045581,0.000739449798934793,0.00370551861739483,0.000267569509169118,0.00222888873816612,0.00206017662377693,0.000408481467927091,7.58674018304378e-05,0.000304569150304702,0.000651263644574562,0.00118316871972854,0.00248879985440797,0.00264316289347906,0.000552877980365123,0.00493169948284245,0.0015499518714071,0.00255768980000616,0.00477196977942008,0.00101779231445114,0.00274419198441038,0.00325208559097494,0.00318706390029727,0.00252697316609303,0.00332863845414589
