Unknown,Source001,Source002,Source003,Source004,Source005,Source006,Source007,Source008,Source009,Source010,Source011,Source012,Source013,Source014,Source015,Source016,Source017,Source018,Source019,Source020,Source021,Source022,Source023,Source024,Source025,Source026,Source027,Source028,Source029,Source030,Source031,Source032,Source033,Source034,Source035,Source036,Source037,Source038,Source039,Source040,Source041,Source042,Source043,Source044,Source045,Source046,Source047,Source048,Source049,Source050
0.00296783634133322,0.359625043458661,0.540374956541339,0.00134397301765558,0.00423772975411693,0.00764344838241602,0.00388749165388724,0.000114352156673626,0.000692920107848355,0.00523185628139088,0.000555215762586297,0.00018809464986854,0.0010135420963469,0.000288088200090238,0.00844301859975212,0.00206099608588259,0.00252746658252674,1.11958378999544e-05,9.69540527322978e-05,0.00187080624289942,0.000350634317466826,0.00167008212970988,0.00638398375061008,0.00125450880697244,0.00142616245873428,0.00409953198372352,0.00111453946207048,0.0015103105634043,0.000399448391188513,0.000574612231043244,0.00149198815900448,0.00439956135996793,0.00196050030143153,0.000274561487511927,0.000592589095275817,0.000110122198272868,0.00302572856131679,0.00563841606950888,0.00145868493773206,0.00216809799255349,0.00205761716119673,0.000879806697785223,0.000525815731412956,0.00150859903528659,0.00070846702624743,0.0042611720722657,3.76661502167824e-05,0.00226867042552163,0.000574680802108579,0.00243404430914258,0.00166441052540946
