Unknown,Source001,Source002,Source003,Source004,Source005,Source006,Source007,Source008,Source009,Source010,Source011,Source012,Source013,Source014,Source015,Source016,Source017,Source018,Source019,Source020,Source021,Source022,Source023,Source024,Source025,Source026,Source027,Source028,Source029,Source030,Source031,Source032,Source033,Source034,Source035,Source036,Source037,Source038,Source039,Source040,Source041,Source042,Source043,Source044,Source045,Source046,Source047,Source048,Source049,Source050
0.00175823906339285,0.740931634753796,0.159068365246204,0.00540996239877193,0.00266204952994709,0.00105105613185504,0.00606578433465002,0.000131224429521464,0.00331471559086652,0.000781270923642997,0.000328972204613229,0.00524521719283478,0.000776120021464387,0.000435434600030565,0.00268022285541505,0.00103813249739146,0.00160182715006299,0.00246457086088553,0.00360839620148692,0.00173498379194884,0.00275835175933249,0.000323063730142377,0.00454786182153031,6.51976042493986e-06,0.00420906884812674,0.00322970220369043,0.00101362077243841,0.00263815240859496,0.00223999076752334,0.00198084356932431,0.00298235960214411,0.00178877466191035,0.000677005900098834,0.000604810730991748,0.00308946957763639,0.00307256671838873,0.00185884648283106,0.000633117758931205,0.00115386303728494,0.00716135289542768,0.000515174747765273,0.00302295128914591,0.0002664827229672,0.000419400702244097,0.000514281514981918,0.000104396319479882,0.00446512184337625,0.000191621109741768,0.00234301610758924,0.00077899849512322,0.000321032362030232
