Unknown,Source001,Source002,Source003,Source004,Source005,Source006,Source007,Source008,Source009,Source010,Source011,Source012,Source013,Source014,Source015,Source016,Source017,Source018,Source019,Source020,Source021,Source022,Source023,Source024,Source025,Source026,Source027,Source028,Source029,Source030,Source031,Source032,Source033,Source034,Source035,Source036,Source037,Source038,Source039,Source040,Source041,Source042,Source043,Source044,Source045,Source046,Source047,Source048,Source049,Source050
0.000429471051838592,0.457801077754879,0.442198922245121,0.00253210842602205,0.000387656712797986,0.00185762515978584,0.00342780628866678,0.00139157586081001,0.000670642451575494,1.24002964115343e-05,0.000319098871670862,0.0013378106286896,0.00441615596238004,0.00121503592187422,0.00142158623720255,0.00259950363668332,0.00164719039523455,0.000359536975994271,0.00638924402738233,0.000829669199681117,0.00207381988570841,0.00131963929378833,0.000408978052033988,0.00146490725691821,0.00352014199069279,0.00634839691639681,0.00187904660518589,0.000443634275575179,0.00130906059704158,0.00828096475469503,0.00133992460235813,0.00260957888252655,0.00229945339603423,0.00175852842012454,0.000956467421874119,0.000511438560823247,0.00893500007990664,0.00209341993630118,0.00130369700906002,0.000261605059382391,0.00393320682728305,0.00113170697209119,7.41880948261408e-05,0.00198138260881291,0.00150722750643828,7.65825372564944e-05,0.00044115825578175,0.00155974223134069,0.00625857915056332,0.000196464388402312,0.00247794032607545
