Unknown,Source001,Source002,Source003,Source004,Source005,Source006,Source007,Source008,Source009,Source010,Source011,Source012,Source013,Source014,Source015,Source016,Source017,Source018,Source019,Source020,Source021,Source022,Source023,Source024,Source025,Source026,Source027,Source028,Source029,Source030,Source031,Source032,Source033,Source034,Source035,Source036,Source037,Source038,Source039,Source040,Source041,Source042,Source043,Source044,Source045,Source046,Source047,Source048,Source049,Source050
0.000534984577764164,0.450576426070635,0.449423573929365,0.000593400762140749,0.00107915025505469,0.00346784622893962,0.000511466762910215,0.00020838302329349,0.00509513495191427,0.00162254442353638,0.0014470065520001,0.00810362045778596,0.00189593320501951,0.00117964874008362,0.00626533556308448,1.08099992413866e-05,0.000411653656715746,0.00307408643872974,0.000952929630409292,0.00121774398642175,0.00240229537976221,5.41805710908306e-05,0.00568795743364713,0.00142602869780676,0.00178995154938362,0.000557291487309415,0.00205368440345881,2.07539562224107e-05,0.00129878047284974,0.00278090963821226,0.000615732936343506,0.000379918220133545,0.00338001814646258,0.00379014940484701,0.000830361491917573,0.00140522248687001,0.0012081503228234,0.00172482945679784,0.00136056250683839,0.003787774714574,0.00112393979767936,0.00322242332204898,0.00535617146862136,0.00337341831672306,0.000310085066191257,0.00162283705679128,0.00206580285692986,0.000953094831609298,0.000812373224660169,0.00687196088930094,6.16606770482021e-05
