Unknown,Source001,Source002,Source003,Source004,Source005,Source006,Source007,Source008,Source009,Source010,Source011,Source012,Source013,Source014,Source015,Source016,Source017,Source018,Source019,Source020,Source021,Source022,Source023,Source024,Source025,Source026,Source027,Source028,Source029,Source030,Source031,Source032,Source033,Source034,Source035,Source036,Source037,Source038,Source039,Source040,Source041,Source042,Source043,Source044,Source045,Source046,Source047,Source048,Source049,Source050
0.00128587035672024,0.333163124245329,0.566836875754671,0.000540052432109263,0.00278098982499662,0.000524590315310138,0.00467321457451161,0.00171507641672587,0.00352360651582117,0.00136055448413685,0.000717245663780482,0.00242763672019777,0.000773638677856486,0.00190617463582024,0.000946984363416431,0.000337089648664805,0.00186687555163237,5.73416667248911e-05,0.000406883642642681,0.000779430714121573,0.00997789885494178,0.000123491525419528,0.000895560803513253,0.00109168689038189,0.00153399963531449,0.00146909674822906,0.000692880478816732,0.00103489295295671,0.00446542821968605,0.0016474913054238,0.00183561193145476,0.000280569244705836,0.0011013774308084,0.00220748851869211,0.000139758262487057,0.00102478762975747,0.00109528376560673,0.000748090352252794,0.00335649007665117,0.000895185519308465,0.00709069986300445,0.00592618866777201,0.000371274777032127,0.00200454216485957,0.000681281280382652,0.00636394098899442,0.00143802512543972,0.00211788079439987,0.00246084667105555,0.00604492291172158,0.00326007040374045
