Unknown,Source001,Source002,Source003,Source004,Source005,Source006,Source007,Source008,Source009,Source010,Source011,Source012,Source013,Source014,Source015,Source016,Source017,Source018,Source019,Source020,Source021,Source022,Source023,Source024,Source025,Source026,Source027,Source028,Source029,Source030,Source031,Source032,Source033,Source034,Source035,Source036,Source037,Source038,Source039,Source040,Source041,Source042,Source043,Source044,Source045,Source046,Source047,Source048,Source049,Source050
0.00032719505689475,0.462618402901866,0.437381597098135,0.000610037319723523,0.000784963176722355,0.00298946541959401,0.00118123505814938,0.00271914641344289,0.0110794996788903,0.000600943775395079,0.00423720313734001,0.000352653692330047,0.000188828553506671,0.00291492292010538,0.000617099619067499,0.00140677896335406,0.00485714218942838,0.000724870840097932,0.00306570305712892,0.0026816268323784,0.000791356816191618,0.000325711832531441,0.000506457760378534,0.000516328877316073,0.00582239400180148,0.000427233194948765,0.00200786957687136,0.000206828928234792,0.000458364918086217,0.00196904574070183,0.00251255456856378,0.000380129270938012,0.00521980276689658,0.00178151770241484,0.00501597462744421,0.000124462693619609,0.000828326840093544,0.00563235751502198,0.00146274759607023,0.00262516945802928,0.0012771269676469,0.00338653390598923,0.00123084993875943,0.000955753717176618,0.00261269691226463,0.00336094034374054,3.23438584258521e-05,0.00243684083730198,0.000364358423503548,0.00408762156013614,0.000300983145351349
