Unknown,Source001,Source002,Source003,Source004,Source005,Source006,Source007,Source008,Source009,Source010,Source011,Source012,Source013,Source014,Source015,Source016,Source017,Source018,Source019,Source020,Source021,Source022,Source023,Source024,Source025,Source026,Source027,Source028,Source029,Source030,Source031,Source032,Source033,Source034,Source035,Source036,Source037,Source038,Source039,Source040,Source041,Source042,Source043,Source044,Source045,Source046,Source047,Source048,Source049,Source050
0.00173553296039922,0.669268875454777,0.230731124545223,0.00343695909023388,0.00332113137160725,0.000703435460966272,0.00307642525783042,0.000178551954368411,0.00171107531189536,0.00108329286497306,0.000872784853376065,6.66181645496152e-05,0.00163739048292868,0.000473520763019867,0.00214987695471849,0.00232555485687853,0.00103520483933111,0.00536225638775331,0.000364628320025874,0.000328351644455312,0.000169301973694622,0.000649106315685974,0.000469586730403008,0.00197379379241137,0.00702290448569828,0.00130366871247488,0.00232317504399957,0.00145934839604737,0.000974414470576907,0.00282263479641858,0.000668729667122315,0.000838709686308502,0.00289269156540782,0.00121874828611137,0.00482515230325954,0.000790682740515613,0.0015863033076391,0.00156300574459085,0.000677827188801262,0.00604887301938742,0.00323405645707947,0.00227649064526513,5.01723217589004e-05,0.00379473239152289,0.00260999477714705,0.00325401634724596,0.000721465473910972,0.00404080243845056,0.00147616581730473,0.00270204245879455,0.00569881110565475
