Unknown,Source001,Source002,Source003,Source004,Source005,Source006,Source007,Source008,Source009,Source010,Source011,Source012,Source013,Source014,Source015,Source016,Source017,Source018,Source019,Source020,Source021,Source022,Source023,Source024,Source025,Source026,Source027,Source028,Source029,Source030,Source031,Source032,Source033,Source034,Source035,Source036,Source037,Source038,Source039,Source040,Source041,Source042,Source043,Source044,Source045,Source046,Source047,Source048,Source049,Source050
0.00721611003364691,0.352609532858239,0.547390467141761,0.00216800206910499,0.00120409953588587,0.00179228489449323,0.000310424811886589,0.00272248482721121,0.00397453141214972,0.000817155232522637,0.00140531662382699,0.00117499872344538,0.00208770180874275,0.00506960333666704,0.00380200582605492,0.00227369977470079,0.000183444673182212,0.00272869466414705,0.0048667827433401,0.000911637915592562,0.00106598150343484,0.0013322608021343,0.00161318765643454,0.00350677329465611,0.000678486945011726,0.00126713584248485,0.00142539079850129,0.000517293507516745,0.00539014780953107,2.78961785643613e-05,0.00483633566450959,0.00230948753978556,0.00061441409060444,0.000342597728774513,0.00337051967378896,0.000247017940412347,0.00202972326084559,0.000281993394155953,0.00172212390787735,0.0038065147387524,0.000269284678187016,4.02460400680337e-05,0.00388234202055755,0.00133089689497654,0.00384382227816123,0.00205313556043928,0.00373636915936686,0.00124961875924585,0.00167751316789714,0.000417612745221545,0.000404897511501424
