Unknown,Source001,Source002,Source003,Source004,Source005,Source006,Source007,Source008,Source009,Source010,Source011,Source012,Source013,Source014,Source015,Source016,Source017,Source018,Source019,Source020,Source021,Source022,Source023,Source024,Source025,Source026,Source027,Source028,Source029,Source030,Source031,Source032,Source033,Source034,Source035,Source036,Source037,Source038,Source039,Source040,Source041,Source042,Source043,Source044,Source045,Source046,Source047,Source048,Source049,Source050
0.000956345738962911,0.599035160561412,0.300964839438588,0.00136440866145885,0.00168370068737686,0.000436852969353731,0.00136934932378541,0.000849536796739496,0.00113737384646018,0.00221714649846246,0.00173355740756246,0.000914909243050317,0.000231659556115923,0.000974139025854968,0.00181915018178926,0.00372461540761076,0.00225962952458125,0.000774077792727671,0.00160197502117863,0.00172144898709311,0.00241033624387335,0.00212413159681208,0.000355982305352891,0.000742396917515583,0.000240674719294172,0.00355022071039886,0.00420018394890249,0.00258597558435362,0.000586649136465101,0.00204004418307459,0.00332849289405212,0.000259925063863631,0.0055511536377307,0.000103843004644695,0.00156336426603365,0.00325842123628635,0.0022965220836779,0.00292954382312557,0.00881628128522844,0.00755581726196639,0.00211224419371467,0.00200023527190194,0.00144448475210159,0.00138764391884443,7.45145963323624e-05,0.00276227249752846,0.00177535593710387,0.00198533559482379,0.00143849319613771,0.00355223942167615,0.00119734404701858
