Unknown,Source001,Source002,Source003,Source004,Source005,Source006,Source007,Source008,Source009,Source010,Source011,Source012,Source013,Source014,Source015,Source016,Source017,Source018,Source019,Source020,Source021,Source022,Source023,Source024,Source025,Source026,Source027,Source028,Source029,Source030,Source031,Source032,Source033,Source034,Source035,Source036,Source037,Source038,Source039,Source040,Source041,Source042,Source043,Source044,Source045,Source046,Source047,Source048,Source049,Source050
0.00164798523212917,0.350089591782075,0.549910408217925,0.00428615814580348,0.000233628936567138,0.00186180951353703,0.00503139364705548,0.00232824152428279,0.00555259356306847,0.0046039776510631,0.000834574479284176,0.0012274246415616,0.00142411455811601,0.00475662093976549,0.000161361476538795,0.00493419441595416,0.0012730843484217,0.00350490304781137,0.00539329164783713,0.000905206590375942,0.00164803055485962,0.00122086671338003,0.00342541414107413,0.000555688209073664,0.00341530971432094,0.00271651169191296,0.000477058417042729,0.000653597733241355,0.00244951933982503,1.98872468912068e-05,0.000205691603730603,0.00010697576875989,0.00446058176643901,0.00375048708537055,0.000345976418710271,0.000416524678421976,0.00101568419446297,0.004540860546265,0.00116219050250572,0.00120066329539863,0.00111835237094435,0.00109362444237987,0.000744691831091123,0.00154070086319681,0.000263255614245527,0.00211680719589797,0.0034214488881825,0.0039204648708968,0.00104356621864828,0.000615968164295987,0.000373035559361458
