Unknown,Source001,Source002,Source003,Source004,Source005,Source006,Source007,Source008,Source009,Source010,Source011,Source012,Source013,Source014,Source015,Source016,Source017,Source018,Source019,Source020,Source021,Source022,Source023,Source024,Source025,Source026,Source027,Source028,Source029,Source030,Source031,Source032,Source033,Source034,Source035,Source036,Source037,Source038,Source039,Source040,Source041,Source042,Source043,Source044,Source045,Source046,Source047,Source048,Source049,Source050
0.00237014504077135,0.330521274090739,0.569478725909261,0.000216898520779568,0.00316206266223969,0.000391381982721847,0.000493203236729124,0.00429183779722902,0.000517098430115376,0.00241234754090789,0.00137950809685476,0.00213524094260914,0.00256452419658735,0.00232778888649144,0.00275458288491137,0.00224487823624852,0.000723067078674082,0.00329133308134824,0.000179086619176553,0.00269104604844548,0.00281164767413054,0.000431062186388634,0.0057662230662393,0.000889729735454521,0.00352616160836484,0.0035541161940604,0.00500913458003769,0.00460369246627582,0.000214311723039984,0.000947937189428046,0.000740530209037572,0.000195105779306181,0.000844439932392517,0.00303502088280443,0.00255411678012374,0.000258601539679201,0.00836665572861277,0.00187071589352519,0.0017258418436361,0.00105979110341068,0.000726048899998576,0.00114418382946286,0.0011619654769253,0.00429978541101725,0.000314748780118196,0.00334159569729417,0.000396743240952672,0.00281054159858274,0.000229140553617395,0.00176288799154527,0.00126149112169653
