Unknown,Source001,Source002,Source003,Source004,Source005,Source006,Source007,Source008,Source009,Source010,Source011,Source012,Source013,Source014,Source015,Source016,Source017,Source018,Source019,Source020,Source021,Source022,Source023,Source024,Source025,Source026,Source027,Source028,Source029,Source030,Source031,Source032,Source033,Source034,Source035,Source036,Source037,Source038,Source039,Source040,Source041,Source042,Source043,Source044,Source045,Source046,Source047,Source048,Source049,Source050
0.00640707181385427,0.259659711309276,0.640340288690723,0.000834172950766646,0.00256922954464231,0.00291080863102432,0.000109945252125693,0.000599783307505697,0.000158569850801435,0.0004633723190604,0.000845457392575829,0.00264458792911688,5.5733928474569e-05,0.00163623071761896,0.00207322348351521,0.00387547638183288,0.00332604374938445,0.000617205851792124,0.000135525057314717,0.00285102589234034,0.00158171973629364,0.000476581312476694,0.00161539278091084,0.00198098628306627,0.00198240669661001,0.00191586587830441,0.00237363062586162,0.00030242714518783,0.000973280319231507,0.00718904899955051,0.00166606721518583,0.00141556892353542,0.000138405759779613,0.00376120030869115,0.00582635581789037,0.0025049740249932,0.0049286276504927,0.00320072717767052,8.43413120267101e-05,0.00385125444980842,0.00195695023386867,0.00107934555015073,0.000577246549116837,0.00354116126016262,0.000628712838735169,0.00190416597806138,0.00151894108882018,0.00604284092068699,0.00203903839039498,0.000442770221009912,0.000386500497678579
