Unknown,Source001,Source002,Source003,Source004,Source005,Source006,Source007,Source008,Source009,Source010,Source011,Source012,Source013,Source014,Source015,Source016,Source017,Source018,Source019,Source020,Source021,Source022,Source023,Source024,Source025,Source026,Source027,Source028,Source029,Source030,Source031,Source032,Source033,Source034,Source035,Source036,Source037,Source038,Source039,Source040,Source041,Source042,Source043,Source044,Source045,Source046,Source047,Source048,Source049,Source050
0.000727723626201939,0.273472746960551,0.626527253039449,0.000811732287747621,0.00234307268469406,0.00457244557196996,0.000709977653470616,0.00414529331553086,0.00339136796840861,0.00330308814078314,0.00171422807976682,0.00175782727774015,0.000825489697247168,0.0014601147554418,0.000414142425901706,0.000894763112065187,6.07097346260237e-05,0.000630856160126627,0.00154871156071174,0.00084944472392952,0.00290711917612097,0.000972367073108524,0.000263339542464363,0.00146326066722361,0.00413832559695668,0.00129987773675461,3.6940972717272e-05,0.0050721910075738,0.00680860532131787,0.0118131469839956,0.000335359068680902,0.00182755922552084,0.00443886650026696,0.00158668142003435,0.000280318273174541,0.0014989740381509,0.00117545807762074,0.000999209505839067,0.00116547546607133,4.00744500588457e-05,0.00170588073982838,0.000117589885657766,0.000443433363899045,0.00190281752271756,0.00228489522965306,0.0029334778504001,0.00187328403949213,0.00112346969533437,0.00121224704107132,0.0030628961626473,0.00505586958928366
