Unknown,Source001,Source002,Source003,Source004,Source005,Source006,Source007,Source008,Source009,Source010,Source011,Source012,Source013,Source014,Source015,Source016,Source017,Source018,Source019,Source020,Source021,Source022,Source023,Source024,Source025,Source026,Source027,Source028,Source029,Source030,Source031,Source032,Source033,Source034,Source035,Source036,Source037,Source038,Source039,Source040,Source041,Source042,Source043,Source044,Source045,Source046,Source047,Source048,Source049,Source050
0.000187529997003982,0.644441732390405,0.255558267609595,0.000325484911140956,0.00510249557656872,0.002416905167322,0.00450024254151861,5.86796753347883e-08,0.00266115157848523,0.000288743998193544,0.00202298806295773,0.000231120754884061,0.00875221321100063,0.00220261298744303,0.000760491819821661,0.00145006617872192,0.0015669923222194,0.00190693318056696,0.00085091463485661,0.00138568367151793,0.0136679776817132,0.00140788148752489,0.000175684685136421,0.00256831642132106,0.000370473853785502,0.00212804578228145,9.0328810372029e-05,0.00234842735386908,0.00119173550494032,0.00101805873143445,0.00133491454725033,0.000721864916358123,0.000840999022016556,0.00204380513340912,0.000141148112483786,0.00126032240782696,0.00389247398295108,0.0031030981427633,0.00273895106173381,0.000237008323941934,0.000139959575213052,0.00248777350276259,0.000474659498001013,0.000589149486787177,0.00506795472648653,0.00171562565664853,0.00248886657422489,0.00237912840351203,0.000791129457685149,0.00593605499320549,3.55528884617673e-05
