Unknown,Source001,Source002,Source003,Source004,Source005,Source006,Source007,Source008,Source009,Source010,Source011,Source012,Source013,Source014,Source015,Source016,Source017,Source018,Source019,Source020,Source021,Source022,Source023,Source024,Source025,Source026,Source027,Source028,Source029,Source030,Source031,Source032,Source033,Source034,Source035,Source036,Source037,Source038,Source039,Source040,Source041,Source042,Source043,Source044,Source045,Source046,Source047,Source048,Source049,Source050
0.00209366431449759,0.796789613203761,0.103210386796239,0.00256053654038265,0.00708607028183114,0.00246270011281393,0.000221438123923222,0.000412477763327766,0.00360484817380841,0.0070126720920535,0.00162226706640013,0.00141120422665567,0.010529544314045,0.00108582255179891,2.95241455857479e-05,0.00346477193759651,0.00386490620180048,0.000609926526319366,0.00338711513493311,0.000392752546905119,0.00402574404056872,0.00064431101937498,0.00115675586672853,0.00242692835566924,0.000331194991502232,0.00106219368546077,0.00185519397472814,0.000748864399306,0.00128397651398392,0.00348833165074257,0.00106752189609168,0.000111895028900647,0.00184763069419367,0.000159923455516931,0.00152892563074438,0.00530004261966045,0.000100183273877638,0.000542795162191977,0.000280613079461257,0.000343322022083492,0.00294077428446632,2.4828069986669e-05,0.00273728711119451,0.000454115334755468,0.00231146653484757,0.000370088061913129,0.00143491364082073,0.0026736699047177,0.00217154088209222,0.000677726900855456,0.0040449998588848
