Unknown,Source001,Source002,Source003,Source004,Source005,Source006,Source007,Source008,Source009,Source010,Source011,Source012,Source013,Source014,Source015,Source016,Source017,Source018,Source019,Source020,Source021,Source022,Source023,Source024,Source025,Source026,Source027,Source028,Source029,Source030,Source031,Source032,Source033,Source034,Source035,Source036,Source037,Source038,Source039,Source040,Source041,Source042,Source043,Source044,Source045,Source046,Source047,Source048,Source049,Source050
0.000390793237507005,0.660532437961541,0.239467562038458,0.000141109804569857,0.000479205629834843,0.00101412834506004,0.00672814678284643,0.000307843381092382,0.000419284097100394,0.000986581744573302,0.00173526728925587,7.9079992180261e-08,0.00042413187527731,5.01998167944384e-05,0.00185087859689977,7.23682135365489e-05,0.00377271162740326,0.00413922369541927,0.00138062799309612,0.00174384615993487,0.00596009657605913,0.000698203613796032,0.000576929036799866,0.0052107531757419,0.00147476351638165,9.68830509295781e-05,0.00231085714394906,0.0029437633697009,0.000455259883859512,0.00219753454666832,0.00480843644026166,0.000372896000168931,0.00202611076547483,0.00192458651340201,0.000869289839378983,0.000645275036458119,0.0105215196082853,0.00273098743737297,0.000664334002676549,0.00107997415311019,0.00315194137747074,0.00182735202185589,0.00133086765340866,0.00306915349367331,0.00709423297101189,0.00385888228039856,0.000256323732716778,3.24294487221065e-05,0.0032100009090484,0.000207091521816251,0.00275684350920803
