Unknown,Source001,Source002,Source003,Source004,Source005,Source006,Source007,Source008,Source009,Source010,Source011,Source012,Source013,Source014,Source015,Source016,Source017,Source018,Source019,Source020,Source021,Source022,Source023,Source024,Source025,Source026,Source027,Source028,Source029,Source030,Source031,Source032,Source033,Source034,Source035,Source036,Source037,Source038,Source039,Source040,Source041,Source042,Source043,Source044,Source045,Source046,Source047,Source048,Source049,Source050
0.00078627236804389,0.135688309002184,0.764311690997816,0.00288213944586741,0.000545533968259881,0.00144825055615992,0.000812893362076857,5.82223981520548e-05,0.00103069387266471,0.000428982185504214,0.0047076924741088,0.00152463262059159,0.000312919365740789,0.000976633782884726,0.00222179320522659,0.00141403199054446,0.00248219904454217,0.00251340195670622,0.00310956776339479,0.00550537878131587,0.00096944717611815,0.00146557600102856,0.000110456828292397,0.00270485830046192,0.00174615541121372,0.00154138180265957,0.00574028580693011,0.000388836183326315,0.0010120596950281,0.00509486750043847,0.0084602055499745,0.00106779908172338,0.0016040698713616,0.00151565496538555,3.7673139504369e-05,0.00279291486436034,3.44049747071073e-05,0.00462054336305537,0.000353174024810669,0.00101525524871122,0.00189038871135507,0.00173417328450742,0.000351706545234783,0.00121486776743206,0.000279319985840239,0.00461195975389432,0.00185405820942431,7.1030810470386e-06,0.00437217587948325,0.00123584458730173,0.0074115432636034
