Unknown,Source001,Source002,Source003,Source004,Source005,Source006,Source007,Source008,Source009,Source010,Source011,Source012,Source013,Source014,Source015,Source016,Source017,Source018,Source019,Source020,Source021,Source022,Source023,Source024,Source025,Source026,Source027,Source028,Source029,Source030,Source031,Source032,Source033,Source034,Source035,Source036,Source037,Source038,Source039,Source040,Source041,Source042,Source043,Source044,Source045,Source046,Source047,Source048,Source049,Source050
0.00055054683779621,0.398662782160499,0.501337217839501,0.00341477473054643,0.00100998770010063,0.00253609602791311,0.00223286762898502,0.00286545120517396,2.2788817854456e-05,0.00065200153797124,0.000546275147655835,0.000414523344304724,0.00667558954037975,0.000963652108763599,0.00662963379023965,0.00639366852191836,0.00602160478792315,0.00184859292190752,0.00049349703297473,0.000575191070788006,0.00311710591848395,0.000852431685633948,0.00190742014432892,0.000867351182154339,0.00208169434490521,0.0032409757069819,0.000271305587245334,0.000177225117876604,0.00280924103355192,0.00109045226790061,0.00245139044158689,0.00139837634599729,0.0017270777533285,0.000142539271344348,0.00565598350752971,0.0036979739061856,0.00217596165621631,0.00122332586333106,0.00178781823706785,0.00140855728620032,0.000213865123290472,0.000639195850955545,0.00460861091617396,0.000562225620180512,0.00234386476579811,0.000470862553853987,0.000358944965536754,0.00390824323676792,0.00122330855740035,0.00266364851355353,0.00107627988544183
