Unknown,Source001,Source002,Source003,Source004,Source005,Source006,Source007,Source008,Source009,Source010,Source011,Source012,Source013,Source014,Source015,Source016,Source017,Source018,Source019,Source020,Source021,Source022,Source023,Source024,Source025,Source026,Source027,Source028,Source029,Source030,Source031,Source032,Source033,Source034,Source035,Source036,Source037,Source038,Source039,Source040,Source041,Source042,Source043,Source044,Source045,Source046,Source047,Source048,Source049,Source050
0.00182257126067078,0.636428366827711,0.263571633172289,0.000929360977644897,0.000667153641906996,0.00197208982954996,0.000334379056203454,0.00418968092275441,0.00138737589068154,0.00321004832441945,0.00166110545572103,0.00218782886059871,0.00179180841668567,0.000499297526447996,0.00179184736701182,0.000364640463903924,0.000468215674374652,0.00427424114265199,0.000564970692954556,0.000530800208420694,0.000357353223839576,0.00304915901652036,0.00173126959859118,0.00498212486524186,0.00112521241300119,0.00103670897589934,0.000961564371543414,0.000570402445869328,0.00700387141910646,0.00174289780332497,0.00117024421773615,0.000376999292628012,0.00243280287043641,0.00218416706210535,0.00509624844902355,0.000942740985142706,0.00162017523274214,0.00547657742396911,0.00467979730187017,0.00177977052671834,0.00239178446283732,0.00123425045691871,0.00331010688443526,0.000106657716820953,0.0013718688415343,0.000472062020171369,1.31122094048289e-05,0.00099239230016755,0.00264175854843081,0.00519434837600572,0.00530415497536101
