Unknown,Source001,Source002,Source003,Source004,Source005,Source006,Source007,Source008,Source009,Source010,Source011,Source012,Source013,Source014,Source015,Source016,Source017,Source018,Source019,Source020,Source021,Source022,Source023,Source024,Source025,Source026,Source027,Source028,Source029,Source030,Source031,Source032,Source033,Source034,Source035,Source036,Source037,Source038,Source039,Source040,Source041,Source042,Source043,Source044,Source045,Source046,Source047,Source048,Source049,Source050
0.00100836033037527,0.604110642262664,0.295889357737337,0.000199385616967243,0.00125490321034203,0.0064420834394263,0.00798050798016973,0.000123063007333739,0.00408923573177334,0.000465495038239302,0.000400823778301732,0.00137460091412642,4.48716251501043e-05,0.00626310816577933,0.00032414005970415,5.65108733489676e-05,0.00194483186405898,8.53003786177382e-05,0.000793908620277591,0.00414737701383872,0.00119713310371818,8.17176455669215e-05,0.00170447539498783,0.00111175346429221,0.000877865245963403,4.50196123936338e-05,0.000574274750994253,0.00514321631959725,0.0053528791100984,0.00572170348139952,0.000520555036425463,0.000108760690525576,0.000283814171573522,0.000327643510925697,0.00012720936944863,0.00649007526212426,0.0041950664066125,0.00013688343595246,4.73746375328117e-05,0.000937663347472201,0.00329435890862016,0.00156354267891262,7.89762924897348e-05,0.000124105124987444,0.00113033613188202,0.00587141697146367,0.000424691715578538,0.00371065347971065,0.00302065369531389,0.00639124856112234,0.00240642479448353
