Unknown,Source001,Source002,Source003,Source004,Source005,Source006,Source007,Source008,Source009,Source010,Source011,Source012,Source013,Source014,Source015,Source016,Source017,Source018,Source019,Source020,Source021,Source022,Source023,Source024,Source025,Source026,Source027,Source028,Source029,Source030,Source031,Source032,Source033,Source034,Source035,Source036,Source037,Source038,Source039,Source040,Source041,Source042,Source043,Source044,Source045,Source046,Source047,Source048,Source049,Source050
0.00228066878726676,0.547066371283063,0.352933628716937,0.000855796195711605,0.00131269443678925,0.00232063927091852,0.00920110934438015,0.000224519317463358,0.0059311299443949,0.00147160736180423,0.00256845982269442,0.000739646402449597,0.00147657551289141,0.00408822052742183,0.000169775045574629,0.00137037127014001,0.000474294133787399,0.00165673039994885,0.0012530209609072,0.00223979304767584,0.000420801960182125,9.06901427475996e-05,0.000564101259312347,0.00261034807757131,0.00203290201416545,0.000236487035392092,0.00271209665112311,0.00223674394394945,0.00217395711086608,0.00789207131754755,0.00164233633091851,0.00305996947814391,0.000272948706278606,0.00157191216267945,0.00255055575908005,0.000277184827881589,0.00378204289405772,0.00235166484979106,0.000191315418124109,0.000280769236651217,0.00232743293630388,0.00201515740745294,0.000177516192479665,0.00127947053086418,0.00259924300968755,0.000464262496285432,0.000947518924667126,0.000687851195274514,0.00333067357711219,0.00167413962749457,0.00791078314369466
