Unknown,Source001,Source002,Source003,Source004,Source005,Source006,Source007,Source008,Source009,Source010,Source011,Source012,Source013,Source014,Source015,Source016,Source017,Source018,Source019,Source020,Source021,Source022,Source023,Source024,Source025,Source026,Source027,Source028,Source029,Source030,Source031,Source032,Source033,Source034,Source035,Source036,Source037,Source038,Source039,Source040,Source041,Source042,Source043,Source044,Source045,Source046,Source047,Source048,Source049,Source050
0.00406037078254059,0.665879584098201,0.234120415901799,0.00234008164315628,0.0018878095075432,2.93534453197525e-05,0.000373299857518432,0.00318093507870598,0.00122961305485735,0.00226059777045533,0.00279477580633376,0.000650106111995392,0.000950911083914977,0.00103468798812048,0.000870381007167194,0.000339289531639058,0.00871847706647314,0.00148990493322811,0.00125870968483211,0.000405247568617222,3.43565323187582e-05,0.00375277021654183,0.00245838317058064,0.00245984342546974,0.00449641048742073,0.00122325739274641,0.00166668984012023,0.00141435905409092,0.00203703093444403,0.00111765807475777,0.00068536262373314,0.000384511081529218,0.000984624958438291,3.86902649349175e-05,0.000311633268884156,0.000889394552977867,0.00260280903817769,0.000900399349520294,0.00459102460164479,0.00386053956280474,0.000288154127931385,0.00300040068067955,0.00145357275927117,6.60532779791584e-05,0.00321566122066731,0.00678764836070772,0.000246242421308357,0.00114391565402275,0.00172099956078808,0.00098182334765444,0.0113112282354355
