Unknown,Source001,Source002,Source003,Source004,Source005,Source006,Source007,Source008,Source009,Source010,Source011,Source012,Source013,Source014,Source015,Source016,Source017,Source018,Source019,Source020,Source021,Source022,Source023,Source024,Source025,Source026,Source027,Source028,Source029,Source030,Source031,Source032,Source033,Source034,Source035,Source036,Source037,Source038,Source039,Source040,Source041,Source042,Source043,Source044,Source045,Source046,Source047,Source048,Source049,Source050
0.00192742554608957,0.515273043094194,0.384726956905806,0.00321535250960282,0.00135480306768045,0.00106252030077545,0.00973461096188403,0.000661676828655363,1.11405437135891e-05,6.97171298724288e-05,0.0018545422146731,0.000802370930402139,0.000259623332412694,0.000584346007806978,0.000546875224506391,0.001476506199368,0.00142254929408458,0.00298681224715613,5.2389654724523e-05,0.00362998234304266,0.000835778490960998,0.000196086459582155,0.00501163594437658,0.00318511212890937,0.000407748983047037,0.000749244546084169,0.00130516903631763,0.000129732379893665,0.00179132955150861,0.00176718132441077,0.00193292054412186,0.00430036216955951,0.000630811163524331,0.000417165712125113,0.00291709875149105,0.00482567291998387,0.000686268171163999,0.00305910803275298,0.00258710186038774,0.00422000430714579,0.00186884038737374,0.00421758672831204,0.000773561655155071,0.00221459855365022,0.0018182275679563,0.000801555894696206,0.00130425468340365,0.00916148777186944,0.00101258976131118,0.000997126500195806,0.00322139368227823
