Unknown,Source001,Source002,Source003,Source004,Source005,Source006,Source007,Source008,Source009,Source010,Source011,Source012,Source013,Source014,Source015,Source016,Source017,Source018,Source019,Source020,Source021,Source022,Source023,Source024,Source025,Source026,Source027,Source028,Source029,Source030,Source031,Source032,Source033,Source034,Source035,Source036,Source037,Source038,Source039,Source040,Source041,Source042,Source043,Source044,Source045,Source046,Source047,Source048,Source049,Source050
0.000622945242014538,0.654612296647364,0.245387703352636,0.00210080532329642,0.00364161727562297,0.00155368793424289,0.00203197383830088,0.000218589305091943,0.00241040456866899,0.00121051021670932,0.000927573919748495,0.00681563157423244,0.000974755263011791,0.00477537450610019,0.000917918450819864,0.000991554920818179,0.000714045930249905,0.00543701297813889,0.00212861612772205,0.000514516503813665,0.000147159688154175,0.0021351083352868,0.00101944830457875,0.00100323172223415,0.00121253569866045,0.00245900656632354,0.00253281198190465,0.00103983209770305,0.00130448650618862,0.00356600026982644,0.0026528751046048,0.000299455619162211,0.00384733130229258,0.00398987092978789,0.000584545713750252,0.00639642862836253,0.00184317010216982,9.62145514640356e-05,0.00057215428783223,0.0013990492720904,0.00110336727263329,0.00330730165590363,0.000340408004637096,0.00025158520831487,0.000584760864100574,0.00420018141619176,0.00185715862732652,0.0013156474687905,0.00288941403942483,0.00431731240928337,0.00374461247241271
