Unknown,Source001,Source002,Source003,Source004,Source005,Source006,Source007,Source008,Source009,Source010,Source011,Source012,Source013,Source014,Source015,Source016,Source017,Source018,Source019,Source020,Source021,Source022,Source023,Source024,Source025,Source026,Source027,Source028,Source029,Source030,Source031,Source032,Source033,Source034,Source035,Source036,Source037,Source038,Source039,Source040,Source041,Source042,Source043,Source044,Source045,Source046,Source047,Source048,Source049,Source050
0.00143125367155957,0.378050523576199,0.521949476423801,0.00359879348771281,0.000951934863265965,0.000777877544121164,0.00347877230651832,0.00309382360230274,0.00623834694168398,0.00293576201664977,0.00613206164573286,0.000232402423140417,0.000906193532607824,0.00198536006432081,0.00141711284901981,0.00211595871190179,0.00113125992551023,0.000523618724951534,0.00142527607454771,0.000897372914631137,0.00186676306684238,0.00355497614565103,0.00257120828735903,0.00080417884211261,0.0019019132332968,0.000669182315600756,0.00330746509880607,0.00291071008824048,0.00138457806617439,0.000944180515997755,0.00598111639268554,1.99057068489551e-05,0.00292164077088711,0.000218740745325335,9.76847598087226e-05,0.00154806031012255,0.000437355069750027,0.000104043820779216,0.00313222838986443,0.00211659314137686,0.00281341651229662,0.00221641330686086,0.000544101307504699,0.00524758375287417,0.00197884831270519,0.00332660006047311,0.000391586901982999,0.00508561348198018,0.00170180666864062,0.000143153216017759,0.00078517041095527
