Unknown,Source001,Source002,Source003,Source004,Source005,Source006,Source007,Source008,Source009,Source010,Source011,Source012,Source013,Source014,Source015,Source016,Source017,Source018,Source019,Source020,Source021,Source022,Source023,Source024,Source025,Source026,Source027,Source028,Source029,Source030,Source031,Source032,Source033,Source034,Source035,Source036,Source037,Source038,Source039,Source040,Source041,Source042,Source043,Source044,Source045,Source046,Source047,Source048,Source049,Source050
0.00180993359927201,0.690209893500089,0.209790106499911,0.00252472273677144,0.00166617008167552,0.000820866876146729,0.000249005666612551,0.00333235830075669,0.00516060640590568,0.00106995296933444,0.00771745543803947,0.000247115882895518,0.000252991155046657,0.00152897043239388,0.00191759254902412,0.000819581778626768,0.000341175842311585,0.00168985063930467,0.000315942928798315,0.00501706279857269,0.00249822898477542,0.000198830231373644,0.00315753864557927,9.17615059940773e-05,0.00113750760649339,0.00134965767770529,0.0055021288994069,0.00656239395253723,0.00430337101243446,0.00109996754769677,0.000369534842710635,0.00265560732859839,0.0102602693300903,0.00257181149816132,0.000200688995270357,1.04006976680945e-05,0.000855429012917535,0.0017632313010954,0.00139776899650225,0.000208231896325007,0.000751561033555082,0.00140369278835,0.000129836963320713,0.000925293820568546,0.000966830491067173,0.00384404668718272,0.00287091946753552,0.000478103112364997,0.00179847043820344,0.00251085171212746,0.00164467744089981
