Unknown,Source001,Source002,Source003,Source004,Source005,Source006,Source007,Source008,Source009,Source010,Source011,Source012,Source013,Source014,Source015,Source016,Source017,Source018,Source019,Source020,Source021,Source022,Source023,Source024,Source025,Source026,Source027,Source028,Source029,Source030,Source031,Source032,Source033,Source034,Source035,Source036,Source037,Source038,Source039,Source040,Source041,Source042,Source043,Source044,Source045,Source046,Source047,Source048,Source049,Source050
0.00314806998473432,0.579816677474007,0.320183322525993,0.00213103623681288,0.000830265292347447,0.001883376195413,0.00492765962461779,0.00173677620664741,0.00216018158624186,0.000898407277878144,0.00434144998602569,0.000439377974048299,0.000546353737796521,0.00253298226643037,0.000143001838164244,0.00127243390898813,0.000117867162119003,0.000241140077714444,0.00588769131872308,0.000707007418761033,0.000380164445394425,0.00158739224688157,0.00065240961852165,0.000534945335977265,0.00070882060424436,0.000630585935386155,0.00588760185104597,0.00143489439414241,0.00161280421019896,0.00127104916121439,0.000382851017378587,5.19987428318638e-05,0.00196257351701397,0.000311651361783793,0.00244259218603168,0.000417145496083275,0.00195759851218311,0.00708547166189794,0.000981029190288369,0.000966359159429891,0.00145755494424779,0.00115887302594445,0.00154758449486735,0.00216266101191308,0.000141457258510462,3.98876651199263e-05,0.00623555018261508,0.00477554913407457,0.00453823593442736,0.00458211257476389,0.00815551703212271
