Unknown,Source001,Source002,Source003,Source004,Source005,Source006,Source007,Source008,Source009,Source010,Source011,Source012,Source013,Source014,Source015,Source016,Source017,Source018,Source019,Source020,Source021,Source022,Source023,Source024,Source025,Source026,Source027,Source028,Source029,Source030,Source031,Source032,Source033,Source034,Source035,Source036,Source037,Source038,Source039,Source040,Source041,Source042,Source043,Source044,Source045,Source046,Source047,Source048,Source049,Source050
0.000250584915908904,0.656924336442897,0.243075663557103,0.00320512158346642,0.00152258116371557,0.00133317112191388,0.000640803799893967,0.000136860626990774,0.00029244209381723,4.10070991360172e-05,0.00111837817932839,0.00446096181909744,0.000291326932388043,0.000202531808733666,0.00230172225488677,0.00378783661881946,0.00233585683930077,0.00131082863605058,0.00240814126466316,0.00228820520436861,0.00091877985432124,0.000211798637466053,0.000326403573418632,0.000754560600176213,0.00567686825310964,0.000460790829174589,0.00134573669262172,0.00426527073029389,0.00140789974314557,0.00069935933882879,0.00817538838591293,0.000900440806188839,0.00176340203262987,0.000158424304753972,0.000486116842738275,0.00600157534577898,0.000929595017134242,0.00496914979423012,0.00416133039927808,0.00198674297039383,0.000612980851666138,0.00225096711551735,0.00498814530781197,0.00153230680707297,0.00203490576328371,0.000438929382735725,0.00046560552971199,0.00250645372164748,0.000443907561578645,0.0109224146666143,0.000275387178284593
