Unknown,Source001,Source002,Source003,Source004,Source005,Source006,Source007,Source008,Source009,Source010,Source011,Source012,Source013,Source014,Source015,Source016,Source017,Source018,Source019,Source020,Source021,Source022,Source023,Source024,Source025,Source026,Source027,Source028,Source029,Source030,Source031,Source032,Source033,Source034,Source035,Source036,Source037,Source038,Source039,Source040,Source041,Source042,Source043,Source044,Source045,Source046,Source047,Source048,Source049,Source050
0.000550198895205696,0.14228489538122,0.75771510461878,0.000836171541224008,0.00597908161284474,0.00142036154892798,0.000249146137231346,0.000246478295240448,0.000493202096017736,0.00481263287971323,0.00135674388100569,0.00245531847579051,0.000853520537840135,0.000268017939361415,0.00532805403284022,0.00189761432904758,0.0023171074332511,0.00553979581292065,0.000203270702784692,0.00375482185837271,0.00620225627099577,0.00152950600134104,0.000813914200820695,0.00187488242882527,0.000152964706706231,0.00390335004947044,0.000417788010269036,0.00268423536927763,0.000896240162201498,0.0026143218309739,0.00422073513905829,0.0001198578808044,0.00147477857805911,0.00399788808855748,0.000191816218194372,0.000733005473012466,0.000635154996328397,0.0013174844830673,0.00609358445418727,0.00257725581060485,0.00279204237415607,0.00197073308691233,0.000570632459774878,0.00127373437945515,0.000562439695307556,0.000979973357039909,0.00457534781789711,0.000628785593242078,0.000106077655220324,0.00404353467095234,0.00148414074766692
