Unknown,Source001,Source002,Source003,Source004,Source005,Source006,Source007,Source008,Source009,Source010,Source011,Source012,Source013,Source014,Source015,Source016,Source017,Source018,Source019,Source020,Source021,Source022,Source023,Source024,Source025,Source026,Source027,Source028,Source029,Source030,Source031,Source032,Source033,Source034,Source035,Source036,Source037,Source038,Source039,Source040,Source041,Source042,Source043,Source044,Source045,Source046,Source047,Source048,Source049,Source050
9.88759695853855e-05,0.687155457479486,0.212844542520514,0.000893670146716384,0.000219914418124281,0.00225111306073333,0.00287213426614941,0.00032152521837424,0.00325498171778308,0.00217291228067907,0.000381538369058047,0.000481302794721892,0.000975330924340549,0.000276974557121352,0.00299392020485075,0.00330375057075892,0.00260238115536339,0.00159077595873183,0.00242356736944313,0.0069462147539893,0.000610775839584196,0.00853732810044319,0.00141687557542271,0.0010214319395879,0.00132485285121573,0.00501120254330819,0.00255178358386023,0.00358034625126375,0.00167044175432375,0.000803822735572269,4.96352685543358e-05,0.00200668780184762,0.0015154199516006,0.00277322173909777,0.00736370402875435,0.000151632292928539,0.00248662662288086,0.00067145811236396,0.00518130159926596,2.40444688767508e-05,0.00162368263753013,0.00346727421886022,0.000597463576259486,0.000446835474841645,0.00205320063170843,0.00161826064436112,0.000492974186890579,0.00112838950684275,0.00174602423881025,0.000765990980592595,0.00324642710602572
