Unknown,Source001,Source002,Source003,Source004,Source005,Source006,Source007,Source008,Source009,Source010,Source011,Source012,Source013,Source014,Source015,Source016,Source017,Source018,Source019,Source020,Source021,Source022,Source023,Source024,Source025,Source026,Source027,Source028,Source029,Source030,Source031,Source032,Source033,Source034,Source035,Source036,Source037,Source038,Source039,Source040,Source041,Source042,Source043,Source044,Source045,Source046,Source047,Source048,Source049,Source050
0.00064557688688047,0.78511789673636,0.11488210326364,0.00431979146513925,0.000206519020253669,1.95635422009389e-06,2.41602233906542e-05,0.0032697816436594,0.00854036946929771,0.00291916324443442,0.00316750351038886,0.00154494136787299,0.000837821786542184,0.000574887427990487,0.00164235911302075,0.00324328942875549,0.00295257201282923,0.000122354165701559,0.00313252630237288,0.00241588553826777,0.000583255439145555,0.000366555966584637,0.00177060445155407,0.000478219451910053,0.00245184176460047,0.000835935287248234,2.50015405346273e-05,0.00188690811788226,0.00145990962513669,0.00133355465884866,0.00773154287070243,0.000430517492756155,0.000783503122960107,0.000674396181997059,0.000590314223304733,0.0067442781849877,0.000254168118929218,0.00561660925117884,0.00102379931089637,0.000916132071270851,0.00202902667059511,0.0031742200367741,0.00410620208473786,0.00153024555599848,1.3911129928436e-05,0.000542615627316665,0.00452863442816305,0.000918368180861174,0.00486253011987247,0.00191793121412272,0.000857808858183348
