Unknown,Source001,Source002,Source003,Source004,Source005,Source006,Source007,Source008,Source009,Source010,Source011,Source012,Source013,Source014,Source015,Source016,Source017,Source018,Source019,Source020,Source021,Source022,Source023,Source024,Source025,Source026,Source027,Source028,Source029,Source030,Source031,Source032,Source033,Source034,Source035,Source036,Source037,Source038,Source039,Source040,Source041,Source042,Source043,Source044,Source045,Source046,Source047,Source048,Source049,Source050
0.00327908808626407,0.300677727964537,0.599322272035463,0.00166620452452684,0.00176371595867941,0.00178793630843816,0.00147901307189442,0.000540123031419123,0.000257473901713889,0.000266495966832152,0.00188828002244185,0.000825415306377458,0.00171896320526503,0.00101534434658952,0.000206461911456898,0.000241285011520629,0.00260170413841889,0.00565616496418331,0.000759122253765711,0.001184814961412,0.00102417489558363,0.00351210704616701,0.0011255903771696,0.00121778512513152,0.000239273330566103,0.000739395919901561,0.00443909887252839,0.00279138979589882,0.000879285293802627,0.000654608611067323,0.00321817505128269,0.00206147580179777,0.00110760607201745,0.00111106655780571,0.00203198584486612,0.00393283500921778,0.00754248547330081,0.00135109889683672,0.00558803279259414,0.00529609319873215,0.00492387492720503,0.00278502789712235,4.7138614007272e-05,0.000698265147410495,0.000837931657903517,0.00686787379106233,0.00388775886141626,0.000111383966286055,0.00130227397420907,0.000234931815186256,0.00130236841072406
