Unknown,Source001,Source002,Source003,Source004,Source005,Source006,Source007,Source008,Source009,Source010,Source011,Source012,Source013,Source014,Source015,Source016,Source017,Source018,Source019,Source020,Source021,Source022,Source023,Source024,Source025,Source026,Source027,Source028,Source029,Source030,Source031,Source032,Source033,Source034,Source035,Source036,Source037,Source038,Source039,Source040,Source041,Source042,Source043,Source044,Source045,Source046,Source047,Source048,Source049,Source050
0.00133451458607105,0.157634269187103,0.742365730812897,0.000872834013806826,0.00220959594585409,0.00402242374033526,0.00198782589228318,0.000127324978771318,0.000549041621471414,0.00341289310367569,0.00338770465974972,0.00123448094912376,0.00237498037212498,0.00128099146203115,0.00021823784575631,1.1582042505372e-05,0.000415947852080765,0.00376031149125998,0.000752054609777824,0.000416884414253367,0.000673337864950428,0.00666260233139794,0.00126039643037839,0.00478617348382566,0.00483018454353631,0.00243857621317968,0.00236298437112925,0.00677148318741169,0.00327001871020466,0.000350176591973984,0.00132256800879918,0.0053523264199455,0.00185217821189098,0.000670318007382484,0.00146375723899161,0.00129126659681144,0.000417723175213455,0.00109845627698464,0.00142524816099045,0.000146965721677564,0.00214309640237321,0.000835943073928942,0.00209129173912748,0.000520045165403521,0.0042444429928451,0.00280787310256379,0.00442638728893074,0.000163544412772841,0.00229251443005305,0.00226249133404557,0.00139599893034842
