Unknown,Source001,Source002,Source003,Source004,Source005,Source006,Source007,Source008,Source009,Source010,Source011,Source012,Source013,Source014,Source015,Source016,Source017,Source018,Source019,Source020,Source021,Source022,Source023,Source024,Source025,Source026,Source027,Source028,Source029,Source030,Source031,Source032,Source033,Source034,Source035,Source036,Source037,Source038,Source039,Source040,Source041,Source042,Source043,Source044,Source045,Source046,Source047,Source048,Source049,Source050
0.00119732667020919,0.668814316771455,0.231185683228545,0.00114541276806502,0.00207062782734186,4.76877136943158e-05,0.00131540263282448,0.00116074884834888,0.00188739865499171,0.00469444833402093,0.000750461223761623,0.00092928152498728,0.000659407484003015,0.000285012865345241,0.000220576060263806,2.08962380204917e-05,0.00266873218327626,0.00597324123959517,0.00047646542781903,0.00412063235633602,0.000370860744610054,0.00180537572129082,0.00156815621213677,0.00166102990749695,0.00124138236809491,0.00641678182829379,0.000187929612231792,0.00232278577836928,0.00311551662417814,0.00377570926027767,0.00315342276218606,0.00341333477668239,0.00444222419528255,0.00191382049023221,0.00112677051166034,0.00147818743534307,0.000380327201925019,0.00016556319088497,0.00919375225714646,0.00181587767656232,0.000338705737962394,0.00275690046404162,0.00135506698925088,0.00100178377648601,0.00216385728607532,0.000738827631218587,0.00196088200194454,0.00399216175305638,0.00111235717378539,0.0045640352990799,0.000842853279309114
