Unknown,Source001,Source002,Source003,Source004,Source005,Source006,Source007,Source008,Source009,Source010,Source011,Source012,Source013,Source014,Source015,Source016,Source017,Source018,Source019,Source020,Source021,Source022,Source023,Source024,Source025,Source026,Source027,Source028,Source029,Source030,Source031,Source032,Source033,Source034,Source035,Source036,Source037,Source038,Source039,Source040,Source041,Source042,Source043,Source044,Source045,Source046,Source047,Source048,Source049,Source050
0.00159353497195652,0.460366187723743,0.439633812276257,0.00156374051508735,0.000537156456403096,0.000127790786648179,0.0021431904619382,0.00429230155999339,0.00150078744721744,0.000825655647378224,0.00387936412619963,0.00128509414953452,0.00143062860151833,0.00239986046473299,0.00159302396204656,0.00192902246802641,0.00104697528926154,0.00116206721480304,0.00344625146449862,0.000662664617751967,0.00831665461829412,0.00214535129241131,0.00214334034560893,0.000627728785842959,0.00542641859869729,0.000457038403687973,0.00234179750652153,0.00237842366361284,0.000977566073988716,0.00181456043163337,0.0007409812808912,0.000599302710788939,0.000427176229735279,0.00961959856333176,0.00120714563481117,0.0069800429177185,0.00263251072984115,2.91390724199844e-05,4.21105562581862e-06,0.000818635959377661,0.00282672360468386,0.000455404262322887,0.00169541042622049,0.00104988679317678,0.000870729379460783,0.00588892206411389,0.00190302090770856,0.000236196828088521,0.00310640687622663,0.000324384630996256,0.000536180147164783
