Unknown,Source001,Source002,Source003,Source004,Source005,Source006,Source007,Source008,Source009,Source010,Source011,Source012,Source013,Source014,Source015,Source016,Source017,Source018,Source019,Source020,Source021,Source022,Source023,Source024,Source025,Source026,Source027,Source028,Source029,Source030,Source031,Source032,Source033,Source034,Source035,Source036,Source037,Source038,Source039,Source040,Source041,Source042,Source043,Source044,Source045,Source046,Source047,Source048,Source049,Source050
0.000662895102697374,0.268707329390743,0.631292670609257,0.000203050759688257,0.0058601619219965,0.0062903774581035,0.00203770970120613,0.000177105852183049,0.00116410869357543,0.0088926212716169,0.000950347067473392,2.68115388575595e-05,0.000965046078026468,0.000927343969994887,0.000530214447320596,0.00107297424638254,0.00639411859193,0.0009501812362562,0.00116083264060234,9.07872523821441e-05,0.00167703514035782,0.00222820600540426,0.000393683519129222,0.000490758272410307,0.000957260691072164,0.00238870569097115,3.24126262781899e-05,0.0016155365467858,0.00151483139496744,0.00445963898620525,0.00115330782546141,0.00084580407297164,0.000210840624393703,0.00177096513418335,0.00520347916714646,0.00253171957043604,0.00267151920731106,0.00185063120603408,0.000630549734608508,0.00165903706498222,0.00134310191537956,0.000465040496937769,0.00211992530613973,0.0025505641316546,0.0059127791011286,0.00234469022381487,0.00243469168784277,0.00344187162237407,0.005597456688996,0.000803223480073436,0.000344045034255271
