Unknown,Source001,Source002,Source003,Source004,Source005,Source006,Source007,Source008,Source009,Source010,Source011,Source012,Source013,Source014,Source015,Source016,Source017,Source018,Source019,Source020,Source021,Source022,Source023,Source024,Source025,Source026,Source027,Source028,Source029,Source030,Source031,Source032,Source033,Source034,Source035,Source036,Source037,Source038,Source039,Source040,Source041,Source042,Source043,Source044,Source045,Source046,Source047,Source048,Source049,Source050
0.00372869133218266,0.57157505455691,0.32842494544309,0.00537075254440608,0.000349471507099606,0.00315093707964868,0.00917356417986665,0.000555781170655607,0.0097995175396051,0.000665768231555194,0.00148390861385899,0.000203569504386631,0.0054704106193404,0.000106909452043035,0.000884911558910782,0.00185193949666471,0.00257783450430759,0.00200188557121494,0.000150796046105148,0.00129404037010381,0.000926218160310442,0.000884890216227329,7.5835382069764e-05,0.00390245065834332,0.00048998100741394,0.00648531466232621,0.000295945389180917,0.00176349967415316,0.000503106915612534,0.00183370850783228,0.00128618973204311,0.00146907385789866,0.000691615118301929,0.00183751394669708,2.54538756722673e-05,0.0022597280147386,0.00295767378574972,0.00132242569089738,0.000727923978257242,0.00207866649155492,0.00136666570304842,0.0002813099601477,0.0012132967024862,0.00191953640557474,0.00263755290677768,0.000463849861811202,0.00217066390938175,0.00080028262294624,0.00413732228282499,0.00149368357480996,0.00287793168295469
