Unknown,Source001,Source002,Source003,Source004,Source005,Source006,Source007,Source008,Source009,Source010,Source011,Source012,Source013,Source014,Source015,Source016,Source017,Source018,Source019,Source020,Source021,Source022,Source023,Source024,Source025,Source026,Source027,Source028,Source029,Source030,Source031,Source032,Source033,Source034,Source035,Source036,Source037,Source038,Source039,Source040,Source041,Source042,Source043,Source044,Source045,Source046,Source047,Source048,Source049,Source050
0.00120347874566192,0.72449711952743,0.17550288047257,0.000345079130560901,8.03614330775434e-05,0.00279402858046278,0.00288147506306535,0.00136681877334847,0.0020394346389212,0.0066014774294089,0.000767945425984967,0.000733557212613618,0.00399517233615859,0.000467586458233326,0.00125182048981425,0.000764038512436795,0.00156437452734091,0.00289714708580491,0.00032488290040591,0.000710711783110107,0.000267625207694521,0.000914954793754969,0.00211185316265538,0.00243087414254581,0.00213973028768098,6.77912886675039e-05,0.000944862132895776,0.00345102678528695,0.00328414258833667,0.00191983477612912,0.00158905690658575,0.000841755714484748,0.00124714764429823,0.00199925351910097,0.00226151808536209,0.000301514473316833,0.0050138754978092,0.00287696921741348,0.00113035102594515,0.00118289319111046,0.00256001469781376,0.000792342340589002,0.00172017062410473,0.000577076089949589,0.000715432408503647,0.00253356367330113,0.00428470280811035,0.0104433467181608,0.00147924536255396,0.00403680759089974,0.00409087671852822
