Unknown,Source001,Source002,Source003,Source004,Source005,Source006,Source007,Source008,Source009,Source010,Source011,Source012,Source013,Source014,Source015,Source016,Source017,Source018,Source019,Source020,Source021,Source022,Source023,Source024,Source025,Source026,Source027,Source028,Source029,Source030,Source031,Source032,Source033,Source034,Source035,Source036,Source037,Source038,Source039,Source040,Source041,Source042,Source043,Source044,Source045,Source046,Source047,Source048,Source049,Source050
0.000586565729836296,0.630263852735422,0.269736147264578,0.00133306293870405,0.00489967671243694,1.24554239425892e-05,0.000979509770919353,0.002684790566686,0.00266353460178938,0.000912063329260129,0.000978509834363267,0.00217609009940272,0.00557800775147021,0.00434765437848026,0.000243032848864712,0.000323828011885516,0.000103037071952245,0.00100501873528741,0.00147108176682038,0.00100465467288982,0.000784066727898116,0.0033270045290081,0.00350899783621091,0.00282518538900631,0.00147462783972431,0.0031158524724939,0.00159933581736158,0.001868334828953,0.0010123194852013,0.000231729359893432,0.000264149106953391,0.00261240286824489,0.00048639966185121,0.00207305217941251,0.00146149544480543,0.000506874198074898,0.000524610511569376,0.000137130324125993,0.000460342886413616,0.000715246750488975,0.000553164218060718,0.00206575226568694,0.00395646065673477,0.0107444550624253,0.000763040104976655,0.00545289137635814,0.00140074241351119,0.00480023048667783,0.000922020507432485,0.00680028429973689,0.00224922614571652
