Unknown,Source001,Source002,Source003,Source004,Source005,Source006,Source007,Source008,Source009,Source010,Source011,Source012,Source013,Source014,Source015,Source016,Source017,Source018,Source019,Source020,Source021,Source022,Source023,Source024,Source025,Source026,Source027,Source028,Source029,Source030,Source031,Source032,Source033,Source034,Source035,Source036,Source037,Source038,Source039,Source040,Source041,Source042,Source043,Source044,Source045,Source046,Source047,Source048,Source049,Source050
0.00631998743525934,0.765262174584061,0.134737825415939,0.000904098408317027,0.00376978714544296,0.000806149345075478,0.00342121327966582,0.00283178239067633,0.00290609318892697,0.000866157162593176,0.0029228076813537,0.00038780000390149,0.00472788725826986,0.000850006765305879,0.00668457623165454,0.00214450981921542,7.04346587645096e-05,0.00458575258256333,0.000290342986291277,0.00627174659150642,0.00019104374002355,0.00265607390455227,0.000843242470424227,0.00731623220985014,0.000102775763346231,0.00234970533709286,0.00213773274294509,0.000240009325149518,0.00161970149802939,8.30501525931668e-05,0.00456429193828048,0.00441905133877375,2.08174933237928e-05,0.00014660575905465,0.000195915176700126,0.00103231766285061,0.000530651858899081,0.00131045082259114,0.00107779544001439,0.00108408692377395,0.00408587278946264,0.000175401483045393,0.00194850120602226,0.00182157622048681,0.000357607531600975,0.00129763654457246,0.000939737710177184,0.00241845404938014,0.00076260140940001,1.50962136791894e-05,0.00349483034912097
