Unknown,Source001,Source002,Source003,Source004,Source005,Source006,Source007,Source008,Source009,Source010,Source011,Source012,Source013,Source014,Source015,Source016,Source017,Source018,Source019,Source020,Source021,Source022,Source023,Source024,Source025,Source026,Source027,Source028,Source029,Source030,Source031,Source032,Source033,Source034,Source035,Source036,Source037,Source038,Source039,Source040,Source041,Source042,Source043,Source044,Source045,Source046,Source047,Source048,Source049,Source050
0.00261274171610018,0.143438062523681,0.756561937476319,0.00198646092038923,0.000402614751749018,0.00146834975729503,0.000686639050810084,0.000536006329206025,0.0034115845682108,8.94111654173242e-05,0.000813710280573705,0.00237351510096126,0.000317216101527434,0.00286749028702368,0.000384445583811065,0.0017512110765592,0.000462380411648341,0.00088212815792673,0.00169016135733617,0.000947217430519649,0.00541114956089384,0.00342128048632768,0.000648003759483711,0.00139640755931206,3.91553781035185e-05,0.00163417101609299,0.000629246710148348,0.000950826248743113,0.0057901704235384,0.000465355963118966,0.00227608907220565,0.00144784369526215,0.00365113098243417,0.00144394545940246,0.00267060610247199,0.00353507742979328,0.00269230811712744,0.0035457970433327,0.00341944173483081,0.00383700386995488,0.000736164844444764,0.00824192224482814,0.00380176384687487,0.00414030310192234,0.000219954343405145,0.00297526051848437,5.15868621705881e-05,0.00256427691569517,0.00218293565883258,0.000422433899985771,0.00207510310371315
