Unknown,Source001,Source002,Source003,Source004,Source005,Source006,Source007,Source008,Source009,Source010,Source011,Source012,Source013,Source014,Source015,Source016,Source017,Source018,Source019,Source020,Source021,Source022,Source023,Source024,Source025,Source026,Source027,Source028,Source029,Source030,Source031,Source032,Source033,Source034,Source035,Source036,Source037,Source038,Source039,Source040,Source041,Source042,Source043,Source044,Source045,Source046,Source047,Source048,Source049,Source050
0.00124446954277532,0.412776236468459,0.487223763531541,0.00151073339756185,0.00427282923533526,0.000986577726168032,0.000434065794423598,0.00109228295326082,3.0302315232364e-05,0.000257521419165488,0.00659913624803226,0.000192424019641532,0.000433054187657073,0.0031363885061896,0.000862409529908493,0.00304154960269128,0.00393101979080729,0.00025726790931086,0.000574059122581159,0.000760405378330468,0.000277067252473619,0.000111217725709247,0.000971703118534264,0.00841197167749135,0.000884004555593355,0.000149792083870437,0.00040561897916295,0.00226793363663809,0.00306035291908969,0.000305072025132918,0.00555683567793879,0.000265396502792634,0.000768163082291795,0.000892321743584461,0.001384176837963,0.00157814761344673,0.00228468195412181,0.000128843653758768,0.0037168469262675,0.00362536097160458,0.000398091293243865,0.00594079008305624,0.00415359938592661,0.00289455270090058,0.00254858755750257,0.00558158830210404,0.000141220528618813,0.00592194182000527,0.000261919154504077,0.00014296985147211,0.00535273370612704
