Unknown,Source001,Source002,Source003,Source004,Source005,Source006,Source007,Source008,Source009,Source010,Source011,Source012,Source013,Source014,Source015,Source016,Source017,Source018,Source019,Source020,Source021,Source022,Source023,Source024,Source025,Source026,Source027,Source028,Source029,Source030,Source031,Source032,Source033,Source034,Source035,Source036,Source037,Source038,Source039,Source040,Source041,Source042,Source043,Source044,Source045,Source046,Source047,Source048,Source049,Source050
0.00390668855556997,0.17966186056578,0.72033813943422,0.000482891633045348,0.00090865754611265,5.32647308513694e-05,0.00357636476243058,0.00404590715984637,0.00372176430861101,6.71171221680832e-05,0.00236787852058994,0.00169380357912717,0.00306726870958215,0.00358206261541617,0.00212257115332316,0.00376942604189583,0.00344286869684148,0.000542897634240255,0.00159375805239726,0.000758400019022668,0.00430081444243082,0.00165045219419521,0.000986028293612783,0.00235955692734037,0.00539803531316051,0.000623794626912742,0.00100935311363369,0.00029645742763786,0.00499202495864714,0.00115164870538747,0.0015656649165226,0.00339030079973599,0.000749404155208103,0.000738905693893231,3.68657467502788e-05,0.000632688064325566,5.79355766940207e-05,0.00696039138468189,0.000434570179550749,0.00224305799913179,0.000757322907502979,0.00137975687037613,0.00250952122703148,0.00116192932781496,0.00224470418623279,0.000549251441946272,0.00537733024844905,0.0018458600465436,0.00211081975791243,0.00108878438204171,0.00169317824362425
