Unknown,Source001,Source002,Source003,Source004,Source005,Source006,Source007,Source008,Source009,Source010,Source011,Source012,Source013,Source014,Source015,Source016,Source017,Source018,Source019,Source020,Source021,Source022,Source023,Source024,Source025,Source026,Source027,Source028,Source029,Source030,Source031,Source032,Source033,Source034,Source035,Source036,Source037,Source038,Source039,Source040,Source041,Source042,Source043,Source044,Source045,Source046,Source047,Source048,Source049,Source050
0.00349305911175944,0.18411075833254,0.71588924166746,8.93255601872445e-06,0.000227527495991635,0.00242677910004894,0.00383761811448893,0.000169719158521424,0.000970539603669699,0.00439197475464126,0.000488837888519356,0.0010014307544784,0.000149423056233062,0.00123147716957049,0.000532215542198542,0.00321115106239677,0.00233528236694402,0.00266792146993681,0.00111281460482926,0.00141359033053821,0.00505318914547928,0.00428575556233117,0.0046460765363715,0.00027410024106029,0.000367744424525476,0.00288845492394999,0.000185708477780033,0.00187449606110442,0.0056107130143833,0.000647172608139488,0.00417293258837429,0.0025340896011003,0.000894646370762963,0.000131252474105799,0.000412119451429196,0.000498614855998338,0.00217071309046216,0.00147692142859756,0.000788876784333819,0.00150216530435551,0.00117618829636928,0.00757794136107737,0.00181114312605884,0.00146979920978769,0.00279813728445844,0.00703183953784508,0.0038549421869898,0.000806983838791551,0.0011308108422951,0.000181272985850912,0.00207490424504608
