Unknown,Source001,Source002,Source003,Source004,Source005,Source006,Source007,Source008,Source009,Source010,Source011,Source012,Source013,Source014,Source015,Source016,Source017,Source018,Source019,Source020,Source021,Source022,Source023,Source024,Source025,Source026,Source027,Source028,Source029,Source030,Source031,Source032,Source033,Source034,Source035,Source036,Source037,Source038,Source039,Source040,Source041,Source042,Source043,Source044,Source045,Source046,Source047,Source048,Source049,Source050
0.000803919361911245,0.445069131792208,0.454930868207792,0.00621463658376561,0.000861619614861222,0.00162014725133973,0.00502594912010143,0.000412909078574904,0.000265558727788294,0.00122949871793197,0.000106880618342825,0.0030849994919565,0.000794428757008114,0.00160114499420958,0.00436243564573383,0.000570590256430991,0.0022009870107717,0.00115886245236576,0.00547641068193329,0.000780578864704502,0.000289114786616632,0.0067901162882257,0.00343685815994902,0.00273069222674234,3.92139160650251e-05,0.000905091608292194,0.000828550420599747,0.00319815152379176,0.00264811383920997,0.00174612259598251,0.00708072395468405,0.00126152699634407,0.00430202546473383,2.27470928992179e-05,0.00040258472720744,0.000133776396729901,0.00198484942066422,0.00211106797996613,0.00127857069184115,0.000833592840899197,0.000250393555606604,0.00453846489381313,0.000390313010895708,1.98033267894355e-05,0.00071968529785538,0.00266054351158175,0.0059169815050122,0.000378803589992026,0.00423427274065283,0.00118099164088662,0.00111469876573868
