Unknown,Source001,Source002,Source003,Source004,Source005,Source006,Source007,Source008,Source009,Source010,Source011,Source012,Source013,Source014,Source015,Source016,Source017,Source018,Source019,Source020,Source021,Source022,Source023,Source024,Source025,Source026,Source027,Source028,Source029,Source030,Source031,Source032,Source033,Source034,Source035,Source036,Source037,Source038,Source039,Source040,Source041,Source042,Source043,Source044,Source045,Source046,Source047,Source048,Source049,Source050
0.00141687218716086,0.27656981048703,0.62343018951297,0.00233969626082385,0.00392025014416393,0.000197745340246604,0.000667174426345686,0.000758048655084098,0.000331661365257183,0.00530965516006347,0.000419854996529004,0.00209269645872717,0.0041172402417633,0.00290085923725258,0.00161209636228249,0.000900258802965076,0.00456860738916354,0.00144210931045641,0.00581116944074722,0.00193763196459811,0.000390133554623559,0.000383105811389978,0.00208515860939612,0.000284302187836747,0.00407522980709088,0.00193660748052133,0.000275025885568784,0.0019227889490517,0.00159228726363887,0.000387937757019158,0.00218956181368446,0.00135158277871272,0.00141933973932221,0.00264019116443256,0.00157670681320198,0.00138064328464443,0.00062763924468977,0.00294809387495335,0.00182995120232416,0.000487854601015639,0.00169052368630509,0.00642093162832629,0.00110004356997525,0.00445237447460915,0.00197506730976978,0.000681304075010329,0.00372318884166476,0.00485819708082135,0.000802814944509836,0.000150962188516827,0.00361682263374234
