Unknown,Source001,Source002,Source003,Source004,Source005,Source006,Source007,Source008,Source009,Source010,Source011,Source012,Source013,Source014,Source015,Source016,Source017,Source018,Source019,Source020,Source021,Source022,Source023,Source024,Source025,Source026,Source027,Source028,Source029,Source030,Source031,Source032,Source033,Source034,Source035,Source036,Source037,Source038,Source039,Source040,Source041,Source042,Source043,Source044,Source045,Source046,Source047,Source048,Source049,Source050
0.000531586950220441,0.644663720548362,0.255336279451638,0.000488503615785756,0.000870527357890304,0.00185341697587661,0.00387760621657287,0.000951341318060831,5.79149492303718e-05,0.00044091067513972,0.00115997053486438,0.000933911719660735,0.00389366040343138,0.00251373431129878,0.0025162425170691,0.00163048545538308,0.00015337529681284,0.00760335078400145,0.000618041798337827,0.00148942201793675,0.00150308547043152,0.00105764202848817,0.00154393881969664,0.00334062373008244,0.0023532008484117,0.00832355629820853,0.00308196520955838,0.000165378441377638,0.000435838899293081,0.00150642171839257,0.00247087309036387,2.60727239619403e-05,0.00036460787707073,0.000992065353868734,0.00158568357052524,0.00426563678866719,0.00104673977696782,0.00142912283434229,0.000405579802306639,0.00261609976036449,0.00669535903187731,0.000129418957276856,0.00233503266183334,0.00211725843393962,0.0021186368918812,0.000860294621689612,0.00209110293885883,0.00930323233729192,0.000661848770989341,0.00210119708583312,0.00148848232857601
