Unknown,Source001,Source002,Source003,Source004,Source005,Source006,Source007,Source008,Source009,Source010,Source011,Source012,Source013,Source014,Source015,Source016,Source017,Source018,Source019,Source020,Source021,Source022,Source023,Source024,Source025,Source026,Source027,Source028,Source029,Source030,Source031,Source032,Source033,Source034,Source035,Source036,Source037,Source038,Source039,Source040,Source041,Source042,Source043,Source044,Source045,Source046,Source047,Source048,Source049,Source050
0.000669876898984898,0.613680828698585,0.286319171301415,0.00257230847498206,0.00234488541714052,0.00343799362878917,0.000661372854870655,0.000137174634569695,0.0035167003318456,0.000351106476248647,0.00236620876299436,0.00237516541980033,0.00135644610815795,0.0016298731616638,0.00123099979131128,0.00486809254699853,2.99758887437674e-05,0.000339326087769801,0.000880303681918811,5.85123399115596e-05,0.000406133679627583,0.000613108406019164,0.00341046450074868,0.00779759955711181,0.00210483015565854,0.0022217406684797,0.00268593402252669,0.0051569651026466,0.000274380110973895,0.000243871642626947,0.00138846318663515,0.00192602718527621,0.00660532692226079,0.0029110501512278,0.00299005456539302,0.00369858909357824,2.99250685411664e-05,0.00160365853237169,0.00289204625933375,0.000556122166815997,6.90425288574214e-05,0.000476212920043461,0.000312638940599321,0.000193747329244786,0.00152819982645141,0.00260968857930028,0.00190092880890176,0.00139242985251416,0.00900859158441353,0.00358636837117316,0.000579537773945837
