Unknown,Source001,Source002,Source003,Source004,Source005,Source006,Source007,Source008,Source009,Source010,Source011,Source012,Source013,Source014,Source015,Source016,Source017,Source018,Source019,Source020,Source021,Source022,Source023,Source024,Source025,Source026,Source027,Source028,Source029,Source030,Source031,Source032,Source033,Source034,Source035,Source036,Source037,Source038,Source039,Source040,Source041,Source042,Source043,Source044,Source045,Source046,Source047,Source048,Source049,Source050
0.00206732161429087,0.614574600173714,0.285425399826287,0.00138274912581548,0.00693268421396118,0.00350018946590243,0.000253002213420095,0.00286956391562163,0.000410738522793185,0.00673546225031826,0.00208103909092834,0.0054303379917161,0.00185805657747802,0.00849184501830065,0.00103101814075567,0.000486733548337064,0.000538871687352362,0.00199882885747146,0.000351557900894875,0.00240699453100923,4.45392633018691e-05,0.00966292225686119,0.00098215933591782,4.4840615707493e-05,0.000670062342948908,0.00125455641389334,0.00224127835506015,3.86752113119582e-05,0.000685847397025928,0.00150842395364348,0.00398336454974327,0.0024477844591935,0.000579994366783622,0.00100470949021112,0.000322015359682388,0.000143451219741107,0.00267026538771248,0.00233585686586509,0.000467805676900107,0.00020628826764484,0.000414137014695853,0.000199735796266991,0.00467020152050825,2.51014016127274e-05,0.00364894621444796,0.00395126410431596,0.00223779823574456,0.000241912200973419,0.0018652947523538,0.00153358287943878,0.00109019042412517
