Unknown,Source001,Source002,Source003,Source004,Source005,Source006,Source007,Source008,Source009,Source010,Source011,Source012,Source013,Source014,Source015,Source016,Source017,Source018,Source019,Source020,Source021,Source022,Source023,Source024,Source025,Source026,Source027,Source028,Source029,Source030,Source031,Source032,Source033,Source034,Source035,Source036,Source037,Source038,Source039,Source040,Source041,Source042,Source043,Source044,Source045,Source046,Source047,Source048,Source049,Source050
0.00232668245272253,0.133024537610838,0.766975462389162,0.002557781927347,0.00206107788968667,0.00188823804108764,0.0107100162772332,0.000491260933498514,0.00138022098825304,0.00202820415503889,0.000173344958426884,0.00283037262644162,0.000884897303606452,0.00259747055067465,0.000383854281408294,0.00170178843416184,0.0017277996437573,0.00111765693168304,0.000177048665888349,0.00287957395343074,0.00540227243737373,0.00154066718079006,0.00073954419977289,0.00066659137986995,0.000723101066999187,0.00530549278834224,0.00253329879677227,0.00570175025746611,0.00210291792147659,0.00264958057051822,0.00114253722390541,5.39124814777804e-05,0.00258837108926049,0.00129462391143413,0.00253149420619002,0.000287898419690646,0.00171412065085986,0.000188052799874562,0.00297701650591351,0.00107911839590509,0.000194948346105551,0.000468121976098592,0.00736554370122821,0.00156982433215495,0.00143253958937772,0.00133920408657614,0.000862280925541315,0.00397693320817566,0.00144512667205184,0.00100957475355338,0.00119625011089715
