Unknown,Source001,Source002,Source003,Source004,Source005,Source006,Source007,Source008,Source009,Source010,Source011,Source012,Source013,Source014,Source015,Source016,Source017,Source018,Source019,Source020,Source021,Source022,Source023,Source024,Source025,Source026,Source027,Source028,Source029,Source030,Source031,Source032,Source033,Source034,Source035,Source036,Source037,Source038,Source039,Source040,Source041,Source042,Source043,Source044,Source045,Source046,Source047,Source048,Source049,Source050
0.00181879570878838,0.162134850619626,0.737865149380374,0.00130218706603392,0.00032183299582631,0.00163989952582827,0.00018194563872677,0.000429491501142007,0.00258599392089069,0.00079047378897608,0.00599596799027148,0.00224846995697212,0.000361685390138349,0.00215365865037726,0.00155059330831458,0.000139671107714444,0.00062358931885119,0.00119926714806443,0.00479606410660665,0.00827315744353502,0.00292091202303522,0.00183106103653993,0.00679787919674256,0.00182511073989159,0.00218027570084762,0.0046980482762182,0.00133087002247783,0.0112197094190901,9.71400665365626e-05,0.00225193070490968,0.00191420065587951,0.00257001970952616,0.00327807477330623,0.00107758434972499,0.00237096724373668,0.00560127780719072,0.0015717135482409,0.00096612719604858,9.47259799048623e-06,0.00231918439393242,0.000126292293088177,0.000175171161255389,0.00303029169339559,0.000267034387711107,0.000939075926128217,0.000313372351329179,3.88823935243378e-05,0.000237152201812821,6.5989252120973e-05,0.000777442882078138,0.000784991428632073
