Unknown,Source001,Source002,Source003,Source004,Source005,Source006,Source007,Source008,Source009,Source010,Source011,Source012,Source013,Source014,Source015,Source016,Source017,Source018,Source019,Source020,Source021,Source022,Source023,Source024,Source025,Source026,Source027,Source028,Source029,Source030,Source031,Source032,Source033,Source034,Source035,Source036,Source037,Source038,Source039,Source040,Source041,Source042,Source043,Source044,Source045,Source046,Source047,Source048,Source049,Source050
0.000156785976061123,0.615857705577234,0.284142294422766,0.00185842501138426,0.00206658033832996,0.00513506828579001,0.00162814945414197,0.00175183543416314,0.00458333193574516,0.00158429223365286,0.00143585848873469,0.000231626596685537,9.60317394204079e-05,1.497578607688e-05,0.00303186161815902,0.00218641134949454,0.0022983739260661,0.000298965931735626,0.00100529727698308,0.000565004163105667,0.00156944771549295,0.00283803497933178,0.00422807678514173,4.4123932379529e-06,0.00210660495717147,0.00206049137687828,0.00323599491276394,0.00329738657769658,0.00107084057321461,0.00533802197006209,0.00583612928357234,0.000678237203371345,0.000815674066133783,0.00149302281453811,0.00192631837236821,0.00215258709654142,0.00333977734885069,3.40038201487386e-06,0.000203565852548859,0.00305340377391899,0.00587670388353299,0.000236623911879647,0.00191949909992433,0.00135083296591892,0.00333180985443499,0.00117238770535099,0.00413635749181036,0.00071613398220329,0.000500119913526175,0.00429059646660191,0.00128863074423635
