Unknown,Source001,Source002,Source003,Source004,Source005,Source006,Source007,Source008,Source009,Source010,Source011,Source012,Source013,Source014,Source015,Source016,Source017,Source018,Source019,Source020,Source021,Source022,Source023,Source024,Source025,Source026,Source027,Source028,Source029,Source030,Source031,Source032,Source033,Source034,Source035,Source036,Source037,Source038,Source039,Source040,Source041,Source042,Source043,Source044,Source045,Source046,Source047,Source048,Source049,Source050
0.000497441149018305,0.309786309093563,0.590213690906437,0.00124420278482969,0.00437888880845671,0.00265893146728699,0.000467154947759226,0.000658791424030652,0.00198811623976473,0.000594614444996353,0.00131157328040135,0.0018598555829519,0.00292194082082086,0.00202707204021349,0.000464162159660761,0.00712011873201266,0.00114597545448275,0.000195531125062181,0.000526979945825649,0.00441799324300422,0.000966366867869889,0.000353346189014095,0.000837527660824877,8.26448527579891e-05,0.00117016414727554,0.00440037716855206,0.000805802187125169,0.000791071624371749,0.00123018092038782,0.0185931204552126,0.000318665511095743,0.000455301407403264,0.00100631776122552,0.00469840718764647,0.00183453026929716,0.000387356261793157,0.00792655673823533,0.000467758537224656,0.00527030344311486,0.00260530920196096,0.000507356102113115,0.00124615652398553,0.00292226739694251,8.03568954449363e-05,0.000183666349785382,0.00407253343736581,0.000274919773037175,0.000600243901652448,0.00109191335104784,0.000251939228144684,8.81949975131449e-05
