Unknown,Source001,Source002,Source003,Source004,Source005,Source006,Source007,Source008,Source009,Source010,Source011,Source012,Source013,Source014,Source015,Source016,Source017,Source018,Source019,Source020,Source021,Source022,Source023,Source024,Source025,Source026,Source027,Source028,Source029,Source030,Source031,Source032,Source033,Source034,Source035,Source036,Source037,Source038,Source039,Source040,Source041,Source042,Source043,Source044,Source045,Source046,Source047,Source048,Source049,Source050
0.00151372277244712,0.198772349597189,0.701227650402811,0.00151269345823792,0.00232507172891854,0.0003229586080247,0.00158973278318081,0.00544649164938874,0.0012221699462281,0.00403866092894838,0.000116459340812255,0.00268594689051079,0.000333568633211447,0.00186761624347187,0.00491231653043551,0.000334467836690436,0.00263651616463508,0.000231934463958869,0.00514981692626864,0.00391623524299438,0.00152339157608817,0.00095118780887913,0.00525907643863917,0.00137293686630893,0.00281546530074697,0.000312478459951772,0.00108330807614467,0.00291367148869093,0.000599097610270366,0.00191989264348079,0.00228796241747138,0.000438512869294967,0.00191353327685356,0.000709658126706033,0.000527839808353295,0.00137189763517749,0.00188371812871621,0.00111254098604757,0.00402067708762128,0.00146765748498974,0.00573795220681216,0.00223120030217505,0.00101383689045556,0.000210341781692187,0.00273391168047157,0.00553778388614807,0.0026316736598071,0.0016615118572733,0.00321081685416995,0.000172842748571995,0.000217243893627059
