Unknown,Source001,Source002,Source003,Source004,Source005,Source006,Source007,Source008,Source009,Source010,Source011,Source012,Source013,Source014,Source015,Source016,Source017,Source018,Source019,Source020,Source021,Source022,Source023,Source024,Source025,Source026,Source027,Source028,Source029,Source030,Source031,Source032,Source033,Source034,Source035,Source036,Source037,Source038,Source039,Source040,Source041,Source042,Source043,Source044,Source045,Source046,Source047,Source048,Source049,Source050
0.00387586676543403,0.659182547821883,0.240817452178117,0.00358054033249248,0.000108302804779183,0.000501523272971796,0.000382578781068371,0.00419111761871602,0.00457837393045467,7.94154185646126e-05,0.00281392119253277,0.00105935300494889,0.0116385429536651,0.0011516652299979,0.000614917857062884,0.000890862415744528,0.000246999332759734,0.000964809338319501,6.86514307920549e-05,0.000869877443592817,0.000812855787976974,0.00388514791192465,0.0014480119951585,0.00210078676298797,0.00265028876487251,0.0016072373870983,0.00140868570268496,0.00185558533363132,0.000730460039170649,0.00267599963510928,0.00147926941265877,0.00107355841259873,6.88311010169818e-05,0.000269879205974401,0.00822421640479132,0.000843115502499373,0.00607523392669658,0.00182787447841654,0.00187651043737464,0.00260043206963065,0.00224934759069088,0.00581316235736202,0.00145435380121245,0.00120175655390848,0.000972862681731732,0.00050389086658804,0.00157516673200239,0.000341981093516743,0.000396236142419178,0.00181763603539494,0.00254230674900263
