Unknown,Source001,Source002,Source003,Source004,Source005,Source006,Source007,Source008,Source009,Source010,Source011,Source012,Source013,Source014,Source015,Source016,Source017,Source018,Source019,Source020,Source021,Source022,Source023,Source024,Source025,Source026,Source027,Source028,Source029,Source030,Source031,Source032,Source033,Source034,Source035,Source036,Source037,Source038,Source039,Source040,Source041,Source042,Source043,Source044,Source045,Source046,Source047,Source048,Source049,Source050
0.0038355640370056,0.457333170657064,0.442666829342936,0.00249584553522836,0.000310134373229848,0.00171341760519332,0.000320893461159118,0.00150055414047239,0.00075026100695614,0.00279663539682966,0.000543184496057798,0.00277449013991714,0.00566231018789549,0.000243211384567032,2.00166813198952e-05,0.00122470878000829,0.000725082890869886,0.00262516625155938,0.000929940817606866,0.0017615565422481,0.0053078170679983,0.000148327223969149,0.000321234324525676,0.000381003480067514,0.000835341839476055,0.000938809691157456,0.000391752092282983,0.000685094780202086,0.00431586016576043,0.00169402493520652,0.000576260765128899,0.00530497110288072,0.00169082495738013,0.000195121783241229,8.71982101296796e-05,0.000579260020000544,0.000928858631071121,0.00206955839783262,0.00243590733059684,0.0122328889380141,0.000123773213152358,0.000647073609374772,0.000741622890861217,0.00219825615042187,0.00226008208357837,0.00164005916069422,0.00153396178333784,0.00350148297680136,0.00258548374723182,0.00951270431807807,0.00390241060142173
