Unknown,Source001,Source002,Source003,Source004,Source005,Source006,Source007,Source008,Source009,Source010,Source011,Source012,Source013,Source014,Source015,Source016,Source017,Source018,Source019,Source020,Source021,Source022,Source023,Source024,Source025,Source026,Source027,Source028,Source029,Source030,Source031,Source032,Source033,Source034,Source035,Source036,Source037,Source038,Source039,Source040,Source041,Source042,Source043,Source044,Source045,Source046,Source047,Source048,Source049,Source050
8.98710008325713e-05,0.265184604364608,0.634815395635392,0.000536960662510556,0.0046292434795559,0.000981261514991285,0.00302158335651416,0.00036684955352775,0.00168806502153571,0.000564580621679306,0.00129843731113045,0.00871711455046391,0.000819059467148799,0.00186378003269316,0.00211658329559891,0.00421267325997333,0.000654197544707386,0.00171245742379715,0.00012473817177277,0.0018678817149004,0.00325857675090109,0.00061215751190966,0.00436910766326397,0.00297617624235991,0.0020011360980648,0.00378325848976816,0.00111736923977747,0.000854892918625126,0.00267355024033297,0.002930610249514,0.00240482220770281,0.000682702589186016,0.00145017667395914,0.00122937330212181,0.00194312883318161,0.000112602325216513,0.000336519956656239,0.000744068032473377,0.000568621344927233,0.00643071210172167,0.00192324373658407,0.00545055482517433,0.000734168421167613,0.00160457607464012,0.00416377252943594,0.00108075858404582,0.0023302332233299,0.00352357771184275,0.00013096245108186,7.4145837031992e-05,0.00323910585066853
