Unknown,Source001,Source002,Source003,Source004,Source005,Source006,Source007,Source008,Source009,Source010,Source011,Source012,Source013,Source014,Source015,Source016,Source017,Source018,Source019,Source020,Source021,Source022,Source023,Source024,Source025,Source026,Source027,Source028,Source029,Source030,Source031,Source032,Source033,Source034,Source035,Source036,Source037,Source038,Source039,Source040,Source041,Source042,Source043,Source044,Source045,Source046,Source047,Source048,Source049,Source050
0.000197009022432867,0.52051939124785,0.37948060875215,0.00460247017162817,0.0107995431723781,0.00333624824362595,0.000785055853947339,0.000845423176526936,0.00122089694173402,0.000299033721834396,0.000400036690323659,0.000237858568447725,4.35109598323631e-05,0.00380244774448047,0.000356814120821835,0.003430829237965,0.00349348250587379,0.000154671904515865,0.00132607635484427,0.00074639595518354,0.00106107038556088,0.0010595465455327,0.000510779415875978,0.000703288416663089,0.00589142492335052,0.00237879543295407,0.0017556034291355,0.002996004094056,0.00186005227042093,0.00165733827969027,0.00102892638649468,9.71727904393151e-05,0.000612040664483664,0.00252698471139966,0.000251274004213301,0.00721585227605957,0.00149835750271123,0.00603408953669313,0.000318481528335865,0.00222524547321927,0.000926429465665208,7.45149061102846e-05,0.00096306465704553,0.000278139861937667,0.00100246139908211,0.000962159511214389,0.0082452443621807,0.00193213873115424,0.00332308201041605,0.00407860025962841,0.000454032421879409
