Unknown,Source001,Source002,Source003,Source004,Source005,Source006,Source007,Source008,Source009,Source010,Source011,Source012,Source013,Source014,Source015,Source016,Source017,Source018,Source019,Source020,Source021,Source022,Source023,Source024,Source025,Source026,Source027,Source028,Source029,Source030,Source031,Source032,Source033,Source034,Source035,Source036,Source037,Source038,Source039,Source040,Source041,Source042,Source043,Source044,Source045,Source046,Source047,Source048,Source049,Source050
0.00249314408062341,0.67639269403624,0.22360730596376,2.99814212596838e-05,0.00536257188039196,0.00100021718096243,0.00110642465202793,0.00193119537848137,0.000286298056996307,0.00040838947932451,0.00447311132159488,7.34141228836712e-05,0.010361265492413,0.000451744095656762,0.000670259034071548,0.000834797715668822,0.00112056634644894,0.0126971287667817,0.00187276408884851,0.00333256637783724,0.000333215863690438,0.000440777779051211,0.000423592798460896,0.00226694752297537,0.00090675568550705,1.20025792593718e-06,0.00266109599779971,8.71382256489871e-05,0.00318462484534555,0.00136883998275082,0.00112167553262985,0.000259098331548732,0.000445101969840444,0.000754858466758642,0.00147821904418417,0.00101139851326872,0.00378161526212681,0.0017694151812442,0.000998535871987314,0.00357599606332641,0.00186999355897435,0.000755530226147335,0.00152665734117953,0.00192859924831644,0.00232340683933504,0.00173140321938506,0.00112513211078069,7.1474457580361e-05,0.00833276685209269,0.0025945474785387,0.00236454597932594
