Unknown,Source001,Source002,Source003,Source004,Source005,Source006,Source007,Source008,Source009,Source010,Source011,Source012,Source013,Source014,Source015,Source016,Source017,Source018,Source019,Source020,Source021,Source022,Source023,Source024,Source025,Source026,Source027,Source028,Source029,Source030,Source031,Source032,Source033,Source034,Source035,Source036,Source037,Source038,Source039,Source040,Source041,Source042,Source043,Source044,Source045,Source046,Source047,Source048,Source049,Source050
0.0014438221060681,0.634066992950831,0.265933007049169,0.00155870173995674,0.00204452723410614,0.00425894454486174,0.000302647236058253,0.00098967448542838,0.00296715928728154,0.000917536776719827,0.00295911140664224,0.00115511766563105,0.00318387754284218,0.000250827577018117,0.00390191514814204,0.00317016311668551,0.00755225810822767,0.00328524279794207,0.000756528803864176,0.00473128486687939,0.00213273704574616,0.00137348910772561,0.00134497627940857,0.00198967836136736,0.00416020246659214,0.00177830061220419,0.000502682650162436,0.00302450989479015,0.00251956808306553,0.00260264196251794,0.00158393880393242,0.000425479679590678,0.00134205875805651,0.0040968992077705,0.00286540735539087,0.00124195976332165,0.001838804555663,4.59791640107279e-06,0.00145047879320828,0.00448527547159316,0.00343767418530968,0.000112363126497326,0.000394244700029666,0.000623355260267084,0.00404802269893682,0.00122936763251054,0.000195203248476465,0.000334046014967463,0.00193094308849858,0.000935793057977529,0.000565959773665461
