Unknown,Source001,Source002,Source003,Source004,Source005,Source006,Source007,Source008,Source009,Source010,Source011,Source012,Source013,Source014,Source015,Source016,Source017,Source018,Source019,Source020,Source021,Source022,Source023,Source024,Source025,Source026,Source027,Source028,Source029,Source030,Source031,Source032,Source033,Source034,Source035,Source036,Source037,Source038,Source039,Source040,Source041,Source042,Source043,Source044,Source045,Source046,Source047,Source048,Source049,Source050
0.00552843823101197,0.728146156156164,0.171853843843837,0.00267728259002179,0.00100128986528887,0.00130624617040408,0.000232021737261182,0.00234678541824593,0.000829947034313782,0.00167306464363607,0.00408637574181112,0.00920521682058905,0.00153471582974687,0.00302415134115207,0.00158307960723571,0.00565204427673291,5.56531693573563e-05,0.00210166506294986,0.000104846835771127,0.000592401883667112,0.000385809435240972,0.000128948327373143,0.000120870222183319,0.00238326130673319,0.00304914418835113,0.00422150925304489,0.00193775510866585,0.000196740734349579,0.00242395721912791,0.000423605369058591,0.00586413095000347,3.7311524837753e-05,0.00256402544638772,0.00147482044175987,0.000825038416452136,0.00860277049109219,0.00205809976062869,0.00148001911061097,0.00121425579406859,0.00114023241565519,0.000223827034353596,0.00165579843761286,0.00253977351682731,0.00135742209059745,3.39138974908691e-05,0.00145697342824146,0.00340607168857733,0.00072244761486576,0.00147561406081382,0.00043411188199787,0.00262651457379965
