Unknown,Source001,Source002,Source003,Source004,Source005,Source006,Source007,Source008,Source009,Source010,Source011,Source012,Source013,Source014,Source015,Source016,Source017,Source018,Source019,Source020,Source021,Source022,Source023,Source024,Source025,Source026,Source027,Source028,Source029,Source030,Source031,Source032,Source033,Source034,Source035,Source036,Source037,Source038,Source039,Source040,Source041,Source042,Source043,Source044,Source045,Source046,Source047,Source048,Source049,Source050
0.00109215661371793,0.205520669298738,0.694479330701262,0.0013125303550219,0.00633106435847733,0.00180012202403445,0.000859335198328656,0.00117791334688101,0.000705596126344994,0.00496737078448737,0.00794606329463068,0.000645313408133336,0.00285013343620139,0.00356080687595313,0.000199010689324861,0.000732721613226042,0.000834857767917146,0.000360111577433359,0.00024552471617481,0.00130807830594702,0.00437208567440345,7.35091145485482e-05,0.0125855739339671,0.00185398280183509,0.00174646703932687,0.00114647665803581,0.00250237317690058,0.00503399682923093,0.0012594011363295,0.000547758514220057,0.000753726028114167,0.00142631318932989,0.0030738309450011,0.00160587701786974,0.00174003397020222,0.000986486893258112,0.000631644427986305,0.000975427363202954,0.00166531547634424,0.000518424252654139,0.00269360075486449,0.00138635198261754,0.000216291631192973,0.00343204624356119,0.00184186048881385,0.00214732639242897,0.00233962976945363,0.00361861584886354,0.000196404503369189,0.000353012338064357,0.000347445111774062
