Unknown,Source001,Source002,Source003,Source004,Source005,Source006,Source007,Source008,Source009,Source010,Source011,Source012,Source013,Source014,Source015,Source016,Source017,Source018,Source019,Source020,Source021,Source022,Source023,Source024,Source025,Source026,Source027,Source028,Source029,Source030,Source031,Source032,Source033,Source034,Source035,Source036,Source037,Source038,Source039,Source040,Source041,Source042,Source043,Source044,Source045,Source046,Source047,Source048,Source049,Source050
0.000179314256178136,0.328600770997527,0.571399229002473,0.000751448032715027,0.00115549157112982,0.00312554884571471,0.000532990559835831,0.00225195035702366,0.00150587712127746,0.000308297174379888,0.00412519504340249,0.000775219389104558,0.00186585434607412,0.00110389446923543,0.00171029887750609,0.000177118554132412,0.00319373483871753,0.0116287120143041,0.000720326870396702,0.00234185528942182,0.0008373201936594,0.00820950272922779,0.00139344040470422,0.00415157510701036,0.00192847494919648,0.000359638347643528,0.000372832354409979,0.0022641464605264,0.00624121898755414,0.00220255669764454,0.00379679076844591,0.00153635046927191,0.000423624108831155,0.000881980393605939,0.00252446842727218,0.00148940963731777,0.00072736820090639,0.00398468628689908,0.000756231716170769,0.00117543472757861,0.00384827334487724,0.0018451342818071,0.00310261267223696,0.000647834431056893,0.000605770076252713,0.00168681376009695,0.00162292761973567,0.00122835748504191,0.000843401733691931,0.000556400454761765,0.00130229556201455
