Unknown,Source001,Source002,Source003,Source004,Source005,Source006,Source007,Source008,Source009,Source010,Source011,Source012,Source013,Source014,Source015,Source016,Source017,Source018,Source019,Source020,Source021,Source022,Source023,Source024,Source025,Source026,Source027,Source028,Source029,Source030,Source031,Source032,Source033,Source034,Source035,Source036,Source037,Source038,Source039,Source040,Source041,Source042,Source043,Source044,Source045,Source046,Source047,Source048,Source049,Source050
0.000321076537053297,0.196168464598228,0.703831535401772,0.00680299280065644,0.00128776767291038,0.00239515297277962,0.00578268215953309,0.000617789033655647,0.00192735203225344,0.000903907304368303,0.00247139362306492,0.00212806612300103,0.00267285077239954,0.00173496761170062,0.00305853945495814,4.30740227550185e-06,0.00158158613522135,0.00407348011984813,0.00155019098330632,0.000529393246221471,0.00277075845893308,8.24666701822921e-05,0.00196120390204022,3.17722477423664e-05,0.000964059772406903,0.000644342145236432,0.000714565463118377,0.000136798392745344,0.00087323426526291,0.000979440669291711,0.0055857549074754,0.00294708521849854,0.00049676655023951,0.00271455870579712,0.00634097189663174,0.00035959206365165,0.00292382353438545,0.00148517093929797,0.00195838472656597,0.00188551404224222,0.00454765534427008,0.00484100699253816,0.00112862147277514,0.00149845824491455,0.00160308651972257,0.00102092502577963,0.00398691324089543,0.00364475358512265,0.000513390558667936,0.000739233234101025,0.000776195224260397
