Unknown,Source001,Source002,Source003,Source004,Source005,Source006,Source007,Source008,Source009,Source010,Source011,Source012,Source013,Source014,Source015,Source016,Source017,Source018,Source019,Source020,Source021,Source022,Source023,Source024,Source025,Source026,Source027,Source028,Source029,Source030,Source031,Source032,Source033,Source034,Source035,Source036,Source037,Source038,Source039,Source040,Source041,Source042,Source043,Source044,Source045,Source046,Source047,Source048,Source049,Source050
0.00480425519087201,0.521549612524414,0.378450387475586,0.00142132583743457,0.00526843302189386,0.000782641298605246,0.000133087654110927,0.00300635430834296,0.000213854932612698,0.000770685077409397,0.00735465036447992,3.74443901706687e-05,0.000216476043798916,0.0027163832429404,0.000114280227311602,0.00104867648970046,0.00227279099877409,0.000347292461905209,0.000888045638143691,0.00042849096249184,0.00085123309627428,0.000350319961288552,0.00444424098342519,0.00493822768288506,0.00432709048752076,0.000685753511864425,0.0020469617167505,0.00113160139022697,0.00187465817691611,0.000448776300206755,0.00145104621974244,0.000360041662882705,0.000534765508960615,0.00595728654032666,0.00180650814704556,0.00031773651754607,0.00902560323331635,0.00359219986043934,0.00566081722100953,0.000633226450032828,0.000792729799924963,0.000411979578604983,0.00460988586084558,6.60197257771645e-05,0.00277597354809811,0.00154435331233401,0.00157859296905677,0.00123364699485351,0.000779481757373754,0.00352183528524745,0.000422238358224502
