Unknown,Source001,Source002,Source003,Source004,Source005,Source006,Source007,Source008,Source009,Source010,Source011,Source012,Source013,Source014,Source015,Source016,Source017,Source018,Source019,Source020,Source021,Source022,Source023,Source024,Source025,Source026,Source027,Source028,Source029,Source030,Source031,Source032,Source033,Source034,Source035,Source036,Source037,Source038,Source039,Source040,Source041,Source042,Source043,Source044,Source045,Source046,Source047,Source048,Source049,Source050
0.000345505847886903,0.230838116932933,0.669161883067067,0.00494029510585001,0.00121229789921262,0.000919670496086198,0.000405967123610618,0.00150716862409092,0.00148843504269313,0.00266510481794621,0.00165168721967438,0.00139279411813386,0.000770656940644604,0.000503470485556169,0.00292850592267934,0.000468015377089234,0.000490202301591645,0.00281637777819512,0.00151810737542927,0.00143437377428096,0.00123499973861625,0.00186963271839833,0.000383791352931773,0.00118188313961078,0.00190129489783914,0.00485638151542434,0.000443759862351151,0.00141261683468756,0.000926318981537944,0.00178391020393364,0.00749033672661072,0.00195636497922483,0.00787386511371079,1.35666749889797e-05,0.00127147287253835,0.00148841807822538,0.000317486814531422,0.0102392602070671,0.00021488263072179,0.000977856999814617,0.000779505673049786,0.000865584327082649,0.0018307129958786,0.000182278289926567,0.000554981224582732,0.00718301333819917,0.0031702423300163,0.000355081005016378,0.00153218178312839,0.000696380586210068,0.00755330185349318
