Unknown,Source001,Source002,Source003,Source004,Source005,Source006,Source007,Source008,Source009,Source010,Source011,Source012,Source013,Source014,Source015,Source016,Source017,Source018,Source019,Source020,Source021,Source022,Source023,Source024,Source025,Source026,Source027,Source028,Source029,Source030,Source031,Source032,Source033,Source034,Source035,Source036,Source037,Source038,Source039,Source040,Source041,Source042,Source043,Source044,Source045,Source046,Source047,Source048,Source049,Source050
0.0114905473334719,0.629362577133182,0.270637422866818,0.000832835871056475,0.00591702744273777,0.00503003668961554,0.00176153584285704,0.00111361883876283,0.000735556655871873,0.00253091813914909,0.000301772148919179,8.65994960798695e-05,0.00339899984325544,0.00147253256525183,0.000371666061720387,0.000601339291679794,0.00127784218365288,0.000212383688844085,0.000153448126829922,0.00254001270894221,0.00786825732919399,0.000921776180572037,0.000733983031125925,0.00177624653592645,0.000683727845170643,0.00185169662245144,0.000393231609551825,0.00214458822650795,0.000409195988442383,0.000264380476396826,0.00250706793219779,0.00091555511537185,0.000275527938574498,0.00221068510626602,0.00216679352634068,0.00074574747302473,0.00623455463279495,0.000146086430285796,0.00709806135526925,0.00402548445540937,3.65863198158488e-05,0.000738967146783031,0.00767535538937634,0.00145274162678189,0.00162371279717599,0.000225172271711526,9.68805622865563e-05,0.00296738146440811,0.00104986720399241,0.000129070089324787,0.000802944388770968
