Unknown,Source001,Source002,Source003,Source004,Source005,Source006,Source007,Source008,Source009,Source010,Source011,Source012,Source013,Source014,Source015,Source016,Source017,Source018,Source019,Source020,Source021,Source022,Source023,Source024,Source025,Source026,Source027,Source028,Source029,Source030,Source031,Source032,Source033,Source034,Source035,Source036,Source037,Source038,Source039,Source040,Source041,Source042,Source043,Source044,Source045,Source046,Source047,Source048,Source049,Source050
0.0025257143156756,0.680538024818492,0.219461975181508,0.00182740655215545,0.00315027952612666,0.00202590932763275,0.00131331293153531,0.00355251397456483,0.000781099982415665,0.00738307224956699,0.00137288596668829,0.00547142974800472,0.000485355120268568,0.00347415590949685,0.00133991289622464,0.00219547096498216,0.000215649542006434,0.00161896481026044,0.00190545374048168,0.000141291653599518,0.0021365785740787,0.000800899651702242,0.00201888200501328,0.000330310379809272,0.0097720411062171,0.000141605373620527,0.000157303702933987,0.0048408542655632,0.000340218778071052,0.000254835104305994,0.000158210874929223,0.00186093986762162,0.00115878772577254,0.000973498909823623,0.00313137479070619,0.00632714913622861,0.00137694598076667,0.00109011742323809,0.00204108508107609,0.00239495052052094,0.00242751349001655,0.00124795774807726,0.000208354614215032,0.00154719492714458,0.00481351707722443,0.000313246661359647,0.00151151329970358,8.07141597254734e-05,0.000228914507133215,0.00162786635495493,0.00390673869675974
