Unknown,Source001,Source002,Source003,Source004,Source005,Source006,Source007,Source008,Source009,Source010,Source011,Source012,Source013,Source014,Source015,Source016,Source017,Source018,Source019,Source020,Source021,Source022,Source023,Source024,Source025,Source026,Source027,Source028,Source029,Source030,Source031,Source032,Source033,Source034,Source035,Source036,Source037,Source038,Source039,Source040,Source041,Source042,Source043,Source044,Source045,Source046,Source047,Source048,Source049,Source050
0.00112769642297683,0.455648825081755,0.444351174918245,0.00194289575905585,0.000813483529869398,0.000187059643654279,0.000608192252144537,0.00339380489353682,0.000482890011016053,0.00205159625070725,0.00305047313420767,0.00157848152614219,0.000572736132789415,0.000229267446443399,0.000311997986179113,0.000638709681430704,8.58714183269072e-05,0.0011354166475417,0.00651230834874889,0.00249264111613089,0.000418611184454463,0.000766602999359359,0.000381996314824287,0.000136401604634415,0.00520511700396795,0.00107235470281811,0.000801971416276165,0.00756730193427354,0.000211595278512468,0.000294119427736395,0.00048219820794726,0.0024884911961917,0.000934235411835606,0.000909357420364952,0.00886816613633195,0.000632190142882926,0.001629570973594,0.00087677324346339,0.000845133959162392,0.00167347103455185,0.00779242769635822,0.00544422250599249,0.00573338244444674,0.00235602132085516,0.00139719451479315,0.00390732214374278,4.91206764409105e-05,0.00364538984941672,0.000708136428871779,0.000851991752091884,0.00470360887290514
