Unknown,Source001,Source002,Source003,Source004,Source005,Source006,Source007,Source008,Source009,Source010,Source011,Source012,Source013,Source014,Source015,Source016,Source017,Source018,Source019,Source020,Source021,Source022,Source023,Source024,Source025,Source026,Source027,Source028,Source029,Source030,Source031,Source032,Source033,Source034,Source035,Source036,Source037,Source038,Source039,Source040,Source041,Source042,Source043,Source044,Source045,Source046,Source047,Source048,Source049,Source050
0.00248206279484126,0.524598150167739,0.375401849832261,0.000496386135800518,0.00532846362642285,0.000288847845428248,0.00029832032782542,0.00119388824896688,0.000389001915508786,0.0010228971953999,0.00242424590879439,0.00126613209505918,0.007100762575415,1.18285804862455e-05,8.64282476665868e-05,0.0058263946983069,0.000708811880547847,0.00469845811954674,0.000649207138994937,0.00601191859002927,0.000583238745366582,0.00122741488502341,0.00208646332617713,0.00120553174986559,0.000489396840725406,0.000192829287800679,0.00195902178900589,0.00229048443522964,0.00246296769355047,0.00142727904218468,0.000909551290366595,0.00142324369824924,0.000137920565565763,0.000541676738197461,0.00420183113033499,0.0022506705136467,0.000910920602331587,0.00072026198161791,0.00231423632381366,0.00818484252828418,0.00411707416295266,0.00364981970803591,0.00130103510563062,0.000607294548111111,0.000941437061577688,3.61550990292874e-05,0.000907396800919974,0.00756090643641875,0.00299306099860294,0.00182703178881859,0.000254949197523874
