Unknown,Source001,Source002,Source003,Source004,Source005,Source006,Source007,Source008,Source009,Source010,Source011,Source012,Source013,Source014,Source015,Source016,Source017,Source018,Source019,Source020,Source021,Source022,Source023,Source024,Source025,Source026,Source027,Source028,Source029,Source030,Source031,Source032,Source033,Source034,Source035,Source036,Source037,Source038,Source039,Source040,Source041,Source042,Source043,Source044,Source045,Source046,Source047,Source048,Source049,Source050
0.0020378731999917,0.696647034421699,0.203352965578301,0.000161139270126362,0.00437898356528718,0.00321361457365416,0.000670795435074962,0.00440397297432482,0.000120333329975322,0.000293820255900785,0.00157353644638184,0.000406558202132216,0.00258296127572631,0.000686048958060974,0.00251756729902862,0.00296900327521232,0.000127813510307404,0.00273637328831617,0.0045383470153949,0.00130670018361547,0.00200605219206277,0.00242410511011129,0.00407730716394379,0.000382886856765668,0.00363985077769275,0.00396056545830716,0.00105568810713043,0.00397611793898751,0.00296297547213927,0.00824847602477293,0.000809412433503416,0.000620494734892493,0.00186760752033425,0.000724163573370799,0.00183219216247673,0.00116289920892483,0.0012986794881125,0.00378803044316719,0.00166113723950517,0.00045476270469786,0.00227882956282369,0.000750508114646487,0.000801188823186691,0.000833997993020584,0.00211514910096269,0.00404685894694203,0.00325279262851291,0.00142052827431644,0.00243526630735029,0.000140450127032494,0.000245583451795402
