Unknown,Source001,Source002,Source003,Source004,Source005,Source006,Source007,Source008,Source009,Source010,Source011,Source012,Source013,Source014,Source015,Source016,Source017,Source018,Source019,Source020,Source021,Source022,Source023,Source024,Source025,Source026,Source027,Source028,Source029,Source030,Source031,Source032,Source033,Source034,Source035,Source036,Source037,Source038,Source039,Source040,Source041,Source042,Source043,Source044,Source045,Source046,Source047,Source048,Source049,Source050
0.0043038648184444,0.204657161936623,0.695342838063377,0.00368841542877572,0.000189887431178682,0.00726142326085886,0.000272112739295625,0.00336724137645457,0.00142797848048441,0.000104733314109599,0.00141742383409169,0.00104851819938343,0.0031816492978783,0.000397329743231642,0.00558919438526819,0.00364742880555451,0.0022918389205216,0.00100685842028229,0.00381513320200738,0.000582888257831206,0.000336752235775876,0.00115984837983386,0.00402978544718518,0.00189847220491195,0.0003167737007059,0.000635848342557351,0.000767952115080592,0.000146055810467738,0.00175864981552393,0.00325843366190096,0.00203688850486128,0.00211451398919294,0.00524453414821835,0.00320443837656751,0.000427356422066696,0.00115166072628697,0.00369288409136431,0.00247971731136181,0.000383830233836282,0.000119466206514407,0.0039096782848753,0.000901884886019504,0.000676936418162148,0.00143023242303366,0.00141965034815697,0.00163171731025853,0.00094901413161356,0.000390653695747857,9.02389073828949e-05,0.00173892638376968,0.00810328557111386
