Unknown,Source001,Source002,Source003,Source004,Source005,Source006,Source007,Source008,Source009,Source010,Source011,Source012,Source013,Source014,Source015,Source016,Source017,Source018,Source019,Source020,Source021,Source022,Source023,Source024,Source025,Source026,Source027,Source028,Source029,Source030,Source031,Source032,Source033,Source034,Source035,Source036,Source037,Source038,Source039,Source040,Source041,Source042,Source043,Source044,Source045,Source046,Source047,Source048,Source049,Source050
0.00132707447248581,0.359314862506431,0.540685137493569,0.00132225334760513,0.00042740360336608,0.00262257362860653,0.00135679978094502,0.00240109050381354,0.00568825783083889,0.00149135322866496,0.00281263675214899,0.000615718001994609,0.00279744515977146,0.00114479119285041,0.00258482651584456,0.000846841552828321,0.00299801842451422,0.00131496442193481,0.00105692932960558,0.00309287142591978,0.00252636439830777,0.000475178918319614,0.000272260485387472,0.00117517896721065,0.00128166348894833,0.00311198293774798,0.00375867807569927,0.00253559728252623,0.00141267490364264,0.00144333339404928,0.00669360900924883,0.00364399937401256,0.00178528211817611,0.00651718963092354,0.00278068892043851,0.000210429779942063,0.00219788728503266,0.000210994360283246,0.00141228963689004,0.00171796275689272,0.00271133799026396,0.00162231162452286,0.00178656088965655,0.00123528995352611,0.00287870867425445,0.000373280086310558,0.00136003348582871,0.000311573011288152,0.000556888100961659,0.00600127628302821,9.76450029405299e-05
