Unknown,Source001,Source002,Source003,Source004,Source005,Source006,Source007,Source008,Source009,Source010,Source011,Source012,Source013,Source014,Source015,Source016,Source017,Source018,Source019,Source020,Source021,Source022,Source023,Source024,Source025,Source026,Source027,Source028,Source029,Source030,Source031,Source032,Source033,Source034,Source035,Source036,Source037,Source038,Source039,Source040,Source041,Source042,Source043,Source044,Source045,Source046,Source047,Source048,Source049,Source050
0.000868991964645609,0.168349017749526,0.731650982250474,0.00391166077410164,0.00504362682305443,0.00382273174784545,0.000950149906409929,0.000422810795556215,0.000972354554556647,5.33857264243493e-05,0.000974723522884088,0.000143579312405858,0.000480727262951984,0.00126514803089658,0.00228037556507254,0.00826514778466838,0.00477088837769329,0.000754440677727009,0.00132953279429198,0.00208495425807082,0.000527697182484103,0.00029040991316145,0.000286536684014717,0.000257925482107026,0.00348023518767088,0.00425446584680145,0.010231841890494,0.00286668608860739,0.00143944807751116,0.000609982615812132,1.36939232381313e-05,0.00116479025508852,0.000386292756426536,0.00106752961920973,0.00161812884919557,0.00265960707541762,0.000973103227395287,0.000237759771492217,0.0022100533574432,0.000620893989073238,0.00281220126709527,0.00658577177444173,0.00343124449898571,0.000323091717574195,0.00335375906730456,0.00212753241262435,0.00260267518243668,0.000795020342026569,0.00134126426406837,0.00258492618962685,0.000450201611914478
