Unknown,Source001,Source002,Source003,Source004,Source005,Source006,Source007,Source008,Source009,Source010,Source011,Source012,Source013,Source014,Source015,Source016,Source017,Source018,Source019,Source020,Source021,Source022,Source023,Source024,Source025,Source026,Source027,Source028,Source029,Source030,Source031,Source032,Source033,Source034,Source035,Source036,Source037,Source038,Source039,Source040,Source041,Source042,Source043,Source044,Source045,Source046,Source047,Source048,Source049,Source050
0.00128956599483166,0.628074704803206,0.271925295196794,0.00339424188183978,0.000319214840614069,0.00255973188640197,0.000876267976922957,0.000933488090594914,0.000867200956542789,0.00048398870467358,0.000205503713462724,0.00313789006080616,0.000825725377962374,0.00440330960656394,0.00145756371781166,0.00788442880234123,0.000956465067669615,0.000983151899342849,0.00112224090169042,0.000948563245678923,0.000173522737538552,0.00263098600221076,0.000665596687034442,0.00287999663986511,0.00332025252672516,0.00167060590933826,0.0115918171807481,0.00188707323213395,0.00106188122092886,0.000294796613135918,0.000386932660652425,0.000692610135018642,0.00180760891186099,0.00592446760971817,0.00150628075060722,0.00323092236473421,0.000453782129082945,0.00288718017407575,0.00136933252544422,0.00140839488973107,0.00249617842914311,0.0013363677863333,0.000224035122125607,0.0026256413631605,0.00669748203787651,0.000988263572351334,0.00131989470066495,0.00101342234964218,0.000269278018419544,0.00247935128241629,0.00205750171153024
