Unknown,Source001,Source002,Source003,Source004,Source005,Source006,Source007,Source008,Source009,Source010,Source011,Source012,Source013,Source014,Source015,Source016,Source017,Source018,Source019,Source020,Source021,Source022,Source023,Source024,Source025,Source026,Source027,Source028,Source029,Source030,Source031,Source032,Source033,Source034,Source035,Source036,Source037,Source038,Source039,Source040,Source041,Source042,Source043,Source044,Source045,Source046,Source047,Source048,Source049,Source050
3.35681348813231e-05,0.683864264753742,0.216135735246258,0.00037837142003832,0.00278434082156277,0.000195227339091025,0.00197317931214695,0.000124508066339682,0.00345089306364772,0.000128391286292834,0.00077053053252288,0.0023669495556438,0.00142130683712535,0.000529123917597621,0.00210970014920424,0.00334682712566193,0.00454203494705563,0.00153071233382158,0.00102688355628007,0.00268499529988313,0.000757260766071875,0.000795223454661447,0.00232763627380145,0.00405688266743056,0.0089621994221563,0.00578434502460474,1.59638306299342e-05,0.000229743579019581,0.00158470431680835,0.00101645303580468,0.00531245408155725,0.00331847619845884,0.00274179668836266,0.00342834656381654,0.00135473155899595,0.00176500564268069,0.000898234696343821,0.00143144246113501,0.000629493176183438,6.86858587651417e-06,0.00143836179421377,0.00221520617943821,2.72396094670425e-05,0.00352678278798878,0.00706448931055702,0.00269258738359429,0.000130758900220365,0.000316325123851082,0.00499250085785844,0.000592771093779653,0.00118817123583484
