Unknown,Source001,Source002,Source003,Source004,Source005,Source006,Source007,Source008,Source009,Source010,Source011,Source012,Source013,Source014,Source015,Source016,Source017,Source018,Source019,Source020,Source021,Source022,Source023,Source024,Source025,Source026,Source027,Source028,Source029,Source030,Source031,Source032,Source033,Source034,Source035,Source036,Source037,Source038,Source039,Source040,Source041,Source042,Source043,Source044,Source045,Source046,Source047,Source048,Source049,Source050
0.00157013714592542,0.226759461958949,0.673240538041051,0.000708411082855607,0.0031509941197404,0.000918044270163956,0.000162954953919849,0.00128966281791439,0.000883618078811927,0.00155774973461087,0.000133515482023403,0.0020077950209405,0.00249582808383426,0.0035323742549803,0.00467030321620408,0.00114605426776147,0.00113844116934314,0.00225533158339389,0.000700561181825335,0.00120848686117327,0.00185674140584107,0.00286306851080672,0.000510050544340696,0.000491161209784227,0.000327311031656113,0.00160401865635073,0.00187742794084883,0.000224644206407679,0.0061517215236286,0.00110238878931787,0.00421770523088016,0.0031989797300057,0.00129783113655576,0.000584362686954996,0.000983576862127435,0.00344124757420675,0.000416628169521236,0.00742757048040562,0.000620619227983287,0.000222253067112831,0.0067078831689165,0.00133035541485121,0.00265891769244465,0.00320523314328733,0.00208591156622212,0.00346810686312402,0.0010785418585356,0.00224784203203371,0.00117548310116391,0.00482646887323956,0.002265684976023
