Unknown,Source001,Source002,Source003,Source004,Source005,Source006,Source007,Source008,Source009,Source010,Source011,Source012,Source013,Source014,Source015,Source016,Source017,Source018,Source019,Source020,Source021,Source022,Source023,Source024,Source025,Source026,Source027,Source028,Source029,Source030,Source031,Source032,Source033,Source034,Source035,Source036,Source037,Source038,Source039,Source040,Source041,Source042,Source043,Source044,Source045,Source046,Source047,Source048,Source049,Source050
0.00181874799394366,0.363664114347115,0.536335885652885,0.00137644063781595,0.00178670846313897,0.00519821008707632,0.00318581405823306,0.000604613505833195,0.00197814208530288,0.000584877316622648,0.000481216880625747,0.00404389646535591,0.00184852176228942,0.00140635054877252,0.00345971936452303,0.000776231735097439,0.000390148443918158,0.00555096449161239,0.00366462275301494,0.00310732858527982,0.00110592385843296,0.00519708807292873,0.00353097609410718,0.00231277632038041,0.00102195272715424,0.000602251817434873,0.000866391725217882,0.000686435017538869,0.0010905499621239,0.00257493996148768,0.00299907112796478,0.000643828911891228,0.00664006803742183,0.00142219350242998,0.000583302295215602,0.00118284586003691,0.00144087683085699,0.00239242413629144,0.00404497344485295,0.000560390959595128,0.00012697373040497,0.000369464960004677,0.00436084644183357,9.47479406634366e-05,0.000628530863885145,0.000845206895034086,0.00183886147077147,0.00399359446392326,0.000825186513958508,0.00269149322730541,0.00206327765039586
