Unknown,Source001,Source002,Source003,Source004,Source005,Source006,Source007,Source008,Source009,Source010,Source011,Source012,Source013,Source014,Source015,Source016,Source017,Source018,Source019,Source020,Source021,Source022,Source023,Source024,Source025,Source026,Source027,Source028,Source029,Source030,Source031,Source032,Source033,Source034,Source035,Source036,Source037,Source038,Source039,Source040,Source041,Source042,Source043,Source044,Source045,Source046,Source047,Source048,Source049,Source050
0.00113128801242308,0.396281379558499,0.503718620441502,0.00894654260672877,0.000751584135306203,0.0014628023724601,0.00403311264450075,0.00394273109257777,2.89456048489374e-05,0.00182268550348396,0.000671711324128934,0.000138884607577526,0.000196796483165297,0.00130620165607504,0.001934692881259,0.000210191181261663,0.000126244991008133,0.00345585234552764,0.00177684705782658,0.000945216518929215,0.000346647414007148,0.000426370441659643,0.00131130974588544,0.00264275755424734,0.00265728106857399,0.0040641623173848,0.000343729249184178,0.000259220768562612,0.00369759459480377,0.00182642157366845,8.69645911243773e-05,0.00188301299328256,0.00220470017069046,0.00398017827587706,0.00363592710735069,6.52954916535493e-05,0.00227704901672005,0.000780240359205489,0.000422651151444136,0.00284422423369519,0.000747461867315193,0.00271067917428805,0.00204117814093123,0.000603323414153257,0.00232595689171017,0.000311983193780386,0.00364228390295302,0.000547997015685426,0.00408982703127846,0.0107389542947659,0.00360228593502937
