Unknown,Source001,Source002,Source003,Source004,Source005,Source006,Source007,Source008,Source009,Source010,Source011,Source012,Source013,Source014,Source015,Source016,Source017,Source018,Source019,Source020,Source021,Source022,Source023,Source024,Source025,Source026,Source027,Source028,Source029,Source030,Source031,Source032,Source033,Source034,Source035,Source036,Source037,Source038,Source039,Source040,Source041,Source042,Source043,Source044,Source045,Source046,Source047,Source048,Source049,Source050
0.00155005224842829,0.54582862415063,0.35417137584937,0.00021958596666763,0.000873604217755268,0.00184402974722991,0.000123051469848765,0.0015838469436083,0.00456174426976301,0.0015655354412564,0.000963348244832186,0.00677160885857606,0.000336963425896088,0.00394762163254335,0.00206337197328151,0.000956969394972484,0.00306281948094907,0.00384401161634664,0.000283063590961913,0.000134779009818157,0.000307762471485558,9.52556458587297e-05,0.000664944956427393,0.000442065462830114,0.000888094852029046,0.00296082720685581,0.00598940506910822,0.00168852611071468,0.00496338055805261,0.00574796188148882,0.00164085398552572,0.00018254229582407,0.00022895068796222,0.00270013400665114,0.00467332395321349,0.000453060337566579,0.00383706879820083,0.00132226950832182,0.0010682349645124,0.00472460048611087,0.00275426154704468,0.00121018213830691,0.00274432906034119,7.61840577551949e-05,0.00478347103787629,0.00208350611691722,0.00184525022279752,0.000751894421343037,0.00178334670389548,0.00181891776456422,0.000883386157683089
