Unknown,Source001,Source002,Source003,Source004,Source005,Source006,Source007,Source008,Source009,Source010,Source011,Source012,Source013,Source014,Source015,Source016,Source017,Source018,Source019,Source020,Source021,Source022,Source023,Source024,Source025,Source026,Source027,Source028,Source029,Source030,Source031,Source032,Source033,Source034,Source035,Source036,Source037,Source038,Source039,Source040,Source041,Source042,Source043,Source044,Source045,Source046,Source047,Source048,Source049,Source050
0.00609951961828553,0.11263160348393,0.78736839651607,3.52538596801552e-05,0.000236227260502102,0.000219429128783308,0.000195577648938791,0.0011602730055438,0.000207522484378125,0.00371066464940966,0.00481015351725725,0.00190663934476295,0.00203422515863185,0.000137487545328639,0.00172065609633497,0.00124903455475711,0.000692119598241575,0.00304203720458416,0.00486389318091755,0.00332729744410393,0.00348627008677185,0.0011189675463301,0.000327938228839474,0.00258748012552164,0.000156684525706846,0.000878498167946669,0.000641504836153126,0.000588598212954755,0.000624008365238595,0.000210281081002832,0.00308769959768218,0.00176012057706213,0.00757926989453256,0.00238405170591966,0.00328653055684179,0.00276279431287417,0.000792976652306837,0.00361985062277971,0.00108356371258459,0.000987398886645571,0.000268673841032758,0.00281261397974508,0.0034087005986312,0.00598640525124145,0.00115763871264103,9.96405292558509e-05,0.00194704765821086,0.00288488993317651,0.00201423969307671,0.00571187843389791,9.57723729540747e-05
