Unknown,Source001,Source002,Source003,Source004,Source005,Source006,Source007,Source008,Source009,Source010,Source011,Source012,Source013,Source014,Source015,Source016,Source017,Source018,Source019,Source020,Source021,Source022,Source023,Source024,Source025,Source026,Source027,Source028,Source029,Source030,Source031,Source032,Source033,Source034,Source035,Source036,Source037,Source038,Source039,Source040,Source041,Source042,Source043,Source044,Source045,Source046,Source047,Source048,Source049,Source050
0.000656068466198812,0.555950379911512,0.344049620088489,0.00619446734654622,0.00104637166197442,0.00390800786033948,9.10595851849915e-05,0.000608059969641016,0.000320346691082606,0.000227625128768517,0.000498441844901299,0.000319035736617429,0.00111956404797086,0.00245898698520855,0.00137407068076329,0.00501420220525474,0.00218544087142949,0.00164595615479444,8.44211369358697e-05,0.000284228440344602,0.00207620343437792,0.000465419515245381,0.000849174817684484,0.00314633148520493,0.000740790694505634,0.000904418870574208,0.000987002728263924,0.000772851327536174,0.00129411737308499,0.00946135695469801,0.000900214275910368,0.000379386501226803,0.00132091337856782,0.00226835173602722,0.00141637924972838,0.000907489947024191,0.00255848932613008,0.00011767747406305,0.000814792366194325,0.00559917269979827,0.00265386553856989,0.00165432387539618,0.00437573458844822,0.000210110476363383,0.0121007525208232,0.00141624105803349,0.00125846767199858,0.00414811318878013,0.00387498599583649,0.0025582566114461,0.00073225950450157
