Unknown,Source001,Source002,Source003,Source004,Source005,Source006,Source007,Source008,Source009,Source010,Source011,Source012,Source013,Source014,Source015,Source016,Source017,Source018,Source019,Source020,Source021,Source022,Source023,Source024,Source025,Source026,Source027,Source028,Source029,Source030,Source031,Source032,Source033,Source034,Source035,Source036,Source037,Source038,Source039,Source040,Source041,Source042,Source043,Source044,Source045,Source046,Source047,Source048,Source049,Source050
0.000295502963571506,0.691949998808512,0.208050001191488,0.00268299732690601,0.00492679694677458,0.00178704525795425,0.00124748875292992,0.000154341274464948,0.000510919210293864,0.000580968497801482,0.00162844256808069,0.000409934318560567,0.00153690824151627,0.00485279851534788,0.00197655762407039,0.00279908012959102,0.00152521723886426,0.00293208609792532,0.00618723863285797,0.00213329187374354,0.00141106760104672,0.000737584545555137,0.00261787315204588,0.00173049026413026,0.00154887558557427,0.00220358447416916,0.00362801856688609,0.000407780355599956,0.00347934047088021,0.00320164483420752,0.0010095024285559,0.000508017358610617,0.00227311466780889,0.00499800009135579,0.00208388152734324,0.00413603425831355,0.00220762104970247,0.00396455541687144,0.00110360056968094,0.00103108436538235,0.00188433596567492,0.00231124253609382,0.000447066125015399,0.00360397515050004,0.000582737749156931,0.00211567232540362,2.16521070058573e-05,0.00100839668152931,0.0044621022440455,0.00012202417245919,0.00099150788814055
