Unknown,Source001,Source002,Source003,Source004,Source005,Source006,Source007,Source008,Source009,Source010,Source011,Source012,Source013,Source014,Source015,Source016,Source017,Source018,Source019,Source020,Source021,Source022,Source023,Source024,Source025,Source026,Source027,Source028,Source029,Source030,Source031,Source032,Source033,Source034,Source035,Source036,Source037,Source038,Source039,Source040,Source041,Source042,Source043,Source044,Source045,Source046,Source047,Source048,Source049,Source050
0.000124638849841944,0.659323791756008,0.240676208243992,0.00184819991274216,0.000794691402844604,0.00422656425057127,0.00260862272344473,0.00193079683962885,0.00266436860763643,0.00891630069678124,0.00200526739554722,0.00140936691093166,5.03997672071198e-06,0.00220038967517484,0.00029405135821281,0.000163135640809586,0.00283920452239294,0.00579756788039426,0.00667999346121532,0.00345778299486516,0.00059549951184325,0.000835578433486259,0.00224820393335881,0.000693961874730133,0.00142258042363992,0.00208055745491929,0.000663539956746958,0.000611554817111782,6.73482347570445e-05,0.00161806352763367,0.000195509373041131,0.00058012579639363,0.00241393734196607,0.00515901721432789,0.00699484949168906,0.00102194947952332,0.000972969905856491,0.00030918876890392,0.00293673141548239,0.000167604202471615,0.00167203025053489,0.000770812819229731,0.000522626498701905,0.00285911805359963,0.00378205939731047,0.00259461880798361,0.00205983982704987,0.00254056420098992,0.000603943967224744,0.00200927524083373,0.00103035667890315
