Unknown,Source001,Source002,Source003,Source004,Source005,Source006,Source007,Source008,Source009,Source010,Source011,Source012,Source013,Source014,Source015,Source016,Source017,Source018,Source019,Source020,Source021,Source022,Source023,Source024,Source025,Source026,Source027,Source028,Source029,Source030,Source031,Source032,Source033,Source034,Source035,Source036,Source037,Source038,Source039,Source040,Source041,Source042,Source043,Source044,Source045,Source046,Source047,Source048,Source049,Source050
0.00201593081376906,0.655272879524363,0.244727120475637,0.00304565206998328,0.0020199502596968,0.00108915000210704,0.000650490548377519,5.24210513983469e-05,0.000237668069931854,0.000470526135201678,0.00392021949473994,7.87314729002738e-05,0.00277052311919483,0.000158756326372639,0.00315624582169076,0.000612665087400571,0.00232112226898597,0.001014927232895,0.00524812219398447,0.00480528352132686,0.00393128023605188,0.00196560447893994,0.00153303498215919,0.00103913370812284,0.000233659076389744,0.00297946987539838,0.00196988045503922,0.000921715862401431,0.00155676303215027,0.00472790463845815,0.00298504329064969,0.000264307602059608,0.00241102724845494,0.000771830725010999,0.0022286707002041,0.00197466840071877,0.00244884483702223,0.00152433220562019,0.000879146614781882,0.00683872161879882,0.000413518974651365,0.00178638523725198,0.000368306623705812,0.00102470633941788,0.000125555750274703,0.00262185431471028,0.00341015800244398,0.00454948070534629,0.00200795461266749,0.003381536563526,0.00345711779761503
