Unknown,Source001,Source002,Source003,Source004,Source005,Source006,Source007,Source008,Source009,Source010,Source011,Source012,Source013,Source014,Source015,Source016,Source017,Source018,Source019,Source020,Source021,Source022,Source023,Source024,Source025,Source026,Source027,Source028,Source029,Source030,Source031,Source032,Source033,Source034,Source035,Source036,Source037,Source038,Source039,Source040,Source041,Source042,Source043,Source044,Source045,Source046,Source047,Source048,Source049,Source050
0.00771934513791282,0.719725487053468,0.180274512946532,1.53499821452728e-05,0.00347710366124199,0.000943477889734467,0.000327977886469972,0.00281226789615725,0.00133365123661635,0.00320988321823362,0.000233440982479539,0.00148166071535511,0.00138348394404596,0.00366109824163694,0.000178961819474902,0.000280765085953244,0.00110581688922405,0.00256246660993648,0.00460924757802495,0.00459278785840579,0.00231102192834394,0.000611226468489551,0.0024547821684573,0.00106773334327196,0.00111680216204694,0.00360775366730208,0.00297441977822816,0.000552819910022402,0.00088760026414332,0.000167545960720109,0.00241983527186109,0.000287583392124322,0.000727518210069069,0.00849224360583382,0.00296501509221577,0.00716338414138317,0.00257619143904815,0.00374230271529179,0.000240912241767642,0.00168198849229225,0.00237493100087152,0.00215991226363738,0.00154898688669161,0.000688192541549981,0.00174670531022741,0.00212169909217859,0.00102661811127115,0.000447063090616643,0.000314225031648168,2.12807182267837e-05,0.0015729190671192
