Unknown,Source001,Source002,Source003,Source004,Source005,Source006,Source007,Source008,Source009,Source010,Source011,Source012,Source013,Source014,Source015,Source016,Source017,Source018,Source019,Source020,Source021,Source022,Source023,Source024,Source025,Source026,Source027,Source028,Source029,Source030,Source031,Source032,Source033,Source034,Source035,Source036,Source037,Source038,Source039,Source040,Source041,Source042,Source043,Source044,Source045,Source046,Source047,Source048,Source049,Source050
0.000414404460958893,0.541468675116302,0.358531324883698,0.000652799535905384,0.00216405454920837,0.000796186575158124,0.000129269558704478,0.00169169532001905,0.00544327307185803,0.00152761396389164,0.000951032336299079,0.00157543987143261,0.00636414216367617,0.00666069600610218,0.0014470242805597,0.0018489346505248,0.00598147284684539,0.000721214555059696,0.00134564850909626,0.00555996706965078,8.72399343539168e-05,3.52838644143914e-05,0.0015239237974263,0.00318342121425439,3.41675424167814e-05,0.0041885293459391,0.000438594917573261,0.00380737229805829,0.00682849500151397,0.00188255055905763,0.00195235614711755,0.00118439495010043,0.000172602325038336,0.000475136420529378,0.000524096573893166,0.000624980760843956,0.00185135691529459,0.000324990486203717,0.00261597542915814,0.0038943151992896,0.00106021145752296,0.000762361832348492,0.00376614204930959,0.00111208286457247,0.000312033102392089,0.000288240428486995,0.00322317273770988,0.00339430493209452,0.00380956558288465,0.00112853956193785,0.000238692443312934
