Unknown,Source001,Source002,Source003,Source004,Source005,Source006,Source007,Source008,Source009,Source010,Source011,Source012,Source013,Source014,Source015,Source016,Source017,Source018,Source019,Source020,Source021,Source022,Source023,Source024,Source025,Source026,Source027,Source028,Source029,Source030,Source031,Source032,Source033,Source034,Source035,Source036,Source037,Source038,Source039,Source040,Source041,Source042,Source043,Source044,Source045,Source046,Source047,Source048,Source049,Source050
0.000258326994700474,0.617932808843687,0.282067191156313,0.00270882715219516,0.00256919749342601,0.00264726969832777,0.00335788618399991,0.000495506994305432,0.000128875720924115,5.7144626762363e-05,0.00576737054669479,0.00361705150661214,0.00178241326016587,0.00321572735894168,0.00362349968440507,0.00261633064583774,0.00777125305285719,0.00221780176115685,0.000247247075792128,0.000530663980235141,0.00257784754603535,0.00250849867752799,0.00106334183149934,0.00226635742245247,9.38516968804368e-05,0.00194395761057226,0.00185250165467846,0.00145497254962186,0.000779666100424775,0.00306451447621316,0.000185426480843401,0.00436403830944109,0.00323966702923013,0.00230357270151912,0.00155095582947183,0.00150991561130656,0.00130534776341211,0.00222262237372093,0.00137984010519688,0.00496683214710778,0.000529305218722105,0.000556512289023804,0.00168067362406675,0.000387399879024582,0.000646006499630282,0.000711158875439608,0.000739742600664946,0.00509691171594039,0.000256750197999381,0.00300766881243838,0.00214174863255399
