Unknown,Source001,Source002,Source003,Source004,Source005,Source006,Source007,Source008,Source009,Source010,Source011,Source012,Source013,Source014,Source015,Source016,Source017,Source018,Source019,Source020,Source021,Source022,Source023,Source024,Source025,Source026,Source027,Source028,Source029,Source030,Source031,Source032,Source033,Source034,Source035,Source036,Source037,Source038,Source039,Source040,Source041,Source042,Source043,Source044,Source045,Source046,Source047,Source048,Source049,Source050
0.00148165693203079,0.182550181260905,0.717449818739095,0.000590372781094428,0.000708739240025167,0.000242449822459742,0.00131070687362378,0.00111491194766346,0.00129534240749896,0.000698858392972804,0.00104320159303222,0.000723426236993084,0.00459535904124172,0.00506757509661525,0.00127197947631023,0.000869417864233579,0.00222195578377919,0.00308482691239246,0.00194559204887094,0.000225731100150295,0.00396338505312607,0.00402605694882385,0.00304178583243203,0.0100206636781951,0.000945060602384238,0.00725426934774033,0.00237241508506567,0.00165791644521349,0.000796292946076781,0.000513296938867025,0.000792768436919879,0.0041979669594518,0.000306117170523528,0.000994264683533058,0.00330428390944912,0.000316579166130735,0.000201734849093225,0.000286833669411131,0.00650617096461535,0.00298227183548643,0.00102935837107685,0.00120451180511304,0.00053222690099098,0.00640550433836088,0.00194350205976475,0.00166885778489445,7.39394528711812e-05,0.000545117748854987,0.00252316362726707,6.91342783572608e-06,0.00109466640944318
