Unknown,Source001,Source002,Source003,Source004,Source005,Source006,Source007,Source008,Source009,Source010,Source011,Source012,Source013,Source014,Source015,Source016,Source017,Source018,Source019,Source020,Source021,Source022,Source023,Source024,Source025,Source026,Source027,Source028,Source029,Source030,Source031,Source032,Source033,Source034,Source035,Source036,Source037,Source038,Source039,Source040,Source041,Source042,Source043,Source044,Source045,Source046,Source047,Source048,Source049,Source050
0.00331155529827229,0.718536849234633,0.181463150765367,0.00086617698635848,1.78086609361519e-05,0.0015815413193181,0.000412344254957924,0.000501621749969118,0.00426544450148679,0.00110089420656544,0.00133049172889647,0.00864383097843466,0.000234241378001199,0.0035881829656311,0.00297851701201831,0.00265413353880092,0.00236384940325482,0.0004390299999207,0.00241923696207182,0.00303340860842405,0.000298507424580662,0.00572783881161481,0.00262844044670166,0.00581439734376598,0.00036864067548708,0.000197965264305951,0.000125969723037446,0.00285968041396429,0.000917872898689189,6.64802546137515e-05,0.0011531931006202,0.000106178107214427,0.000153566166317478,0.000734024995849628,0.00419000107150363,0.000478555186069655,0.0029983692364379,0.0060994289722793,0.00402892967408121,0.00267376971948739,0.00143073078517284,0.000584049343785379,0.0001835576882271,0.000993724754177495,0.0030802870029648,3.48469985261008e-05,0.00157621202767297,0.000596692864248885,4.60326426601788e-06,0.00834499457686204,0.00180618165415635
