Unknown,Source001,Source002,Source003,Source004,Source005,Source006,Source007,Source008,Source009,Source010,Source011,Source012,Source013,Source014,Source015,Source016,Source017,Source018,Source019,Source020,Source021,Source022,Source023,Source024,Source025,Source026,Source027,Source028,Source029,Source030,Source031,Source032,Source033,Source034,Source035,Source036,Source037,Source038,Source039,Source040,Source041,Source042,Source043,Source044,Source045,Source046,Source047,Source048,Source049,Source050
0.00662430409591749,0.30453461973288,0.59546538026712,0.00295174991448838,0.000970203817303079,0.00129312544835166,0.00225318805938757,0.00115624833486536,0.00634077143055742,0.00054585851449756,0.00407764749989364,0.000225835718443672,0.00116759477632645,0.00137743177751558,0.00557662125172003,0.000131934153656022,0.000585449906982771,0.000619909656266641,0.0030222798900463,0.000174395507137422,0.00477683065609623,0.00191097876884855,8.26153768513477e-05,0.000623303883274607,0.00034003224176982,0.00344741080325126,0.00108563431553349,0.00158839608944168,0.000567163530777534,0.00205540179205468,0.00290313005106472,8.09840028580512e-05,0.00479788677410089,0.00261913330817567,0.00153752564462161,0.000285339829028552,0.000317609401973835,0.000957573349876373,0.00476102465624018,0.00142557633380267,0.00327388617007584,0.00115243470564011,0.00833193213230388,0.000902579319007223,0.000711060371343436,0.0024908503595469,0.00181089956323864,0.00147147075318009,0.00149815315779537,0.0017323564986049,0.00136627640626476
