Unknown,Source001,Source002,Source003,Source004,Source005,Source006,Source007,Source008,Source009,Source010,Source011,Source012,Source013,Source014,Source015,Source016,Source017,Source018,Source019,Source020,Source021,Source022,Source023,Source024,Source025,Source026,Source027,Source028,Source029,Source030,Source031,Source032,Source033,Source034,Source035,Source036,Source037,Source038,Source039,Source040,Source041,Source042,Source043,Source044,Source045,Source046,Source047,Source048,Source049,Source050
0.00243080628113397,0.552032168912444,0.347967831087556,0.0021062075842231,0.00143827336109625,0.000810753903263447,0.00228629006600034,0.000322627003819216,0.00180713526527448,0.00369425692767619,0.0016915645481665,0.000593903840598287,9.61917205027068e-05,0.000855252894933744,0.000613208881549002,0.000756186268756589,0.000189181331336466,0.00029599716031253,0.00481999308184565,0.00370731073481549,0.00136246932884134,0.0019277176887044,0.00355767247761577,0.00204883988194839,0.00557105811809415,0.00116266347773744,0.00523182414345198,0.00579216928502914,0.00331192552154574,0.000446481836971328,0.00756977942327918,0.00173120569380369,0.00161312534283168,0.000355577428458286,3.08665405503338e-05,0.00501920950109594,0.00234190338376137,0.00228790249775329,0.000127002797340906,0.00503923849640359,0.000109795220765374,0.000976034215065835,0.000317008300536883,0.00116697745439156,0.00142808860353414,0.000264147565760214,0.00293740712896501,0.000271008044985314,0.00234108026528202,0.00312084717976917,0.00202383230042254
